crawl_timestamp,uniq_id,page_url,article_title,sub_title,author_name,post_date,article_content,image_url
"Aug 22, 2026 @ 19:38:51.277",8fb853608a31243d2cc563fb1f314879,https://www.glossy.co/fashion/fashion-brands-are-capitalizing-on-the-growing-demand-for-cute-stadium-compliant-clear-bags/,Fashion brands are capitalizing on the growing demand for stadium-compliant clear handbags,Fashion brands are starting to release fashion-forward transparent handbags to match the effort fans are putting into their stadium fits.,Danny Parisi,2026-06-30T04:00:00+00:00,,https://www.glossy.co/wp-content/uploads/sites/4/2026/06/260508_DagneDover_StadiumBags_Concrete_Bennie_0332.jpg?w=3798
"Aug 22, 2026 @ 19:38:51.303",3f041078f1227121782de62e9ff3dec6,https://www.glossy.co/fashion/page/4/,Fashion Archives,"How fashion brands are trading storefronts for temporary pop-ups, no-inventory showrooms, modern markets and exclusive customers experiences.",,,,
"Aug 22, 2026 @ 19:38:51.307",dc8deb63b6fcde3280e90c80af834ada,https://www.glossy.co/fashion/luxury/luxury-briefing-canali-is-betting-on-leisurewear-to-lure-younger-customers/,Luxury Briefing: Canali is betting on leisurewear to lure younger customers,"Canali's incoming creative director, Alessio Lillocci, discusses his plan for the brand, drawing on lessons from his time at Brunello Cucinelli and Prada.",Zofia Zwieglinska,2026-06-26T04:00:00+00:00,,https://www.glossy.co/wp-content/uploads/sites/4/2026/06/02.Canali_SS27_Presentation-e1782420244798.jpg
"Aug 22, 2026 @ 19:38:51.314",2ef8925dea845ca9d34461d76e6557a1,https://www.glossy.co/fashion/nike-says-it-expects-986-million-in-ieepa-tariff-refunds/,Nike says it expects $986 million in IEEPA tariff refunds,Nike says it's in a better financial position as it awaits nearly $1 billion in refunds related to IEEPA tariffs.,Julia Waldow,2026-07-01T04:00:00+00:00,,https://www.glossy.co/wp-content/uploads/sites/4/2024/01/nike-doernbecher-freestyle-xviii-group-v1.jpg?w=9727
"Aug 22, 2026 @ 19:38:51.479",daff727b3aeccaf5739788000b2a591a,https://www.glossy.co/fashion/fashion-briefing-new-ai-tools-and-deeper-creator-collaborations-drive-the-fashion-conversation-at-cannes-lions/,Fashion Briefing: New AI tools and deeper creator collaborations drive the fashion conversation at Cannes Lions,"At Cannes Lions, new AI tools, a focus on cultural collaborations and strategies for further engaging with the creator economy are at the center of the conversation.",Danny Parisi,2026-06-25T04:00:00+00:00,,https://www.glossy.co/wp-content/uploads/sites/4/2026/06/R5JT0305_bUYhHfRw_20260624022402.jpg?w=5000
"Aug 22, 2026 @ 19:38:51.481",632c5562474238f5406a2507b4a9f912,https://www.glossy.co/fashion/how-fast-retailings-decades-long-relationship-with-suppliers-is-enabling-record-breaking-revenue/,How Fast Retailing's decades-long relationship with suppliers is enabling record-breaking revenue,"Kazumi Yanai, an executive at Fast Retailing, attributed the company's successes to its long, stable relationships with its suppliers.",Danny Parisi,2026-06-29T04:00:00+00:00,,https://www.glossy.co/wp-content/uploads/sites/4/2026/04/IMG_3384.jpeg?w=8256
"Aug 22, 2026 @ 19:38:51.488",33f7cf32bf31065f9644c3965bf632fd,https://www.glossy.co/series/fashion-podcast/,The Glossy Fashion Podcast Archives,Each Glossy Fashion Podcast episode features candid conversations about how today’s trends are shaping the future of the fashion industry.,,,,
"Aug 22, 2026 @ 19:38:51.497",b8adbe4beb4b53c659f1022be585ff94,https://www.glossy.co/podcasts/glossy-podcast-what-defines-american-fashion-today-with-articles-of-interest-host-avery-trufelman/,What defines 'American fashion' today? – with Articles of Interest host Avery Trufelman,"Avery Trufelman, journalist and host of the Articles of Interest podcast, joins the Glossy Podcast to discuss ""American fashion"" in 2026.",Danny Parisi,2026-06-26T04:00:00+00:00,,https://www.glossy.co/wp-content/uploads/sites/4/2026/06/Portrait-glossy-brand-1140x520-0625.jpg
"Aug 22, 2026 @ 19:38:51.640",1276814dd207f7cfb0987ca96c200a63,https://www.glossy.co/fashion/true-religion-is-using-high-volume-profitable-physical-retail-to-reach-its-1-billion-revenue-goal/,"True Religion is using high-volume, profitable physical retail to reach its $1 billion revenue goal","True Religion announced on Monday it's opening four stores this year, in Indiana, New Jersey and California.",Danny Parisi,2026-06-23T04:00:00+00:00,,https://www.glossy.co/wp-content/uploads/sites/4/2026/06/Storefront.jpg?w=2700
"Aug 22, 2026 @ 19:38:51.656",23735c73d9db892af692f3156fe0bf48,https://www.glossy.co/fashion/exclusive-claires-turns-its-stores-into-a-creator-commerce-platform-for-gen-alpha-with-lanas-life-launch/,Exclusive: Claire’s turns its stores into a creator-commerce platform for Gen Alpha with Lana's Life launch,"Claire’s is using its Lana Rae partnership to connect Gen Alpha fandom, Roblox and nearly 900 if its physical store",Zofia Zwieglinska,2026-06-25T04:00:00+00:00,,https://www.glossy.co/wp-content/uploads/sites/4/2026/06/Lanas-Life_Banner.png?w=5760
"Aug 22, 2026 @ 19:38:51.667",62ac88dd6b9ab7913f82ed78d7cc5421,https://www.glossy.co/fashion/poshmark-opens-its-120-million-product-listings-to-the-shazam-of-fashion/,Poshmark opens its 120 million product listings to the Shazam of fashion,Poshmark is expanding its resale inventory beyond its own app through a partnership with visual-shopping platform Silvr.,Zofia Zwieglinska,2026-06-25T04:00:00+00:00,,https://www.glossy.co/wp-content/uploads/sites/4/2026/06/Screenshot-2026-06-24-at-23.08.12.png
"Aug 22, 2026 @ 19:38:51.706",e85853d51126d901864cedd84eb5827a,https://www.glossy.co/fashion/knix-embarks-on-its-biggest-wholesale-expansion-opening-in-350-target-stores/,"Knix embarks on its biggest wholesale expansion, opening in 350 Target stores","The company is pushing further into wholesale as it launches KT by Knix, its youth-oriented sub-brand, in over 350 Target stores.",Danny Parisi,2026-06-22T04:00:00+00:00,,https://www.glossy.co/wp-content/uploads/sites/4/2026/06/KT_Target-1.png?w=3840
"Aug 22, 2026 @ 19:38:51.837",25d643b96b6ed3af2a570c812bf12329,https://www.glossy.co/fashion/is-saks-safe-for-brands-again/,Is Saks safe for brands again?,"Saks Global received court approval for its post-bankruptcy restructuring, which would reduce its debt and leave it a more compact company.",Danny Parisi,2026-06-19T04:00:00+00:00,,https://www.glossy.co/wp-content/uploads/sites/4/2026/06/Portrait-glossy-brand-1140x520-0617.jpg
"Aug 22, 2026 @ 19:38:51.838",e6f1e790d2fff2cc2a367b6db615c43c,https://www.glossy.co/series/pop-newsletter/,Glossy Pop Newsletter Archives,,,,,
"Aug 22, 2026 @ 19:38:51.848",bbcf9f5905c6e78dbdbb41469e94175c,https://www.glossy.co/fashion/the-playoffs-are-over-the-knicks-fashion-opportunity-is-just-beginning/,Glossy Pop Newsletter: The playoffs are over — the Knicks fashion opportunity is just beginning,"The Knicks mounted another comeback, in the closing minutes of Game 5. The streets of NYC erupted — and so did the retail opportunity.",Sara Spruch-Feiner,2026-06-19T04:00:00+00:00,,https://www.glossy.co/wp-content/uploads/sites/4/2026/06/Screenshot-2026-06-18-at-9.36.42-PM.png
"Aug 22, 2026 @ 19:38:51.904",76211da8b07818ed2b64a0fd4b9c24fc,https://www.glossy.co/fashion/luxury/luxury-briefing-inside-luisaviaromas-nyc-store-closure-and-investor-backed-next-chapter/,Luxury Briefing: Inside LuisaViaRoma’s NYC store closure and investor-backed next chapter,"In this Luxury Briefing, Glossy looks into the latest chapter of the department store saga: the closing of LuisaViaRoma's New York store.",Zofia Zwieglinska,2026-06-19T04:00:00+00:00,,https://www.glossy.co/wp-content/uploads/sites/4/2026/06/Screenshot-2026-06-18-at-21.07.23.png
"Aug 22, 2026 @ 19:38:52.029",72d018b32a46ef43a1067064f7fdac46,https://www.glossy.co/fashion/fashion-briefing-american-brands-like-original-penguin-and-ralph-lauren-see-european-opportunity-at-pitti-uomo/,Fashion Briefing: American brands like Original Penguin and Ralph Lauren see European opportunity at Pitti Uomo,"Pitti Uomo is meant to show off the best of Florentine and Italian tailoring. But this year, Americans have a large presence.",Danny Parisi,2026-06-18T04:00:00+00:00,,https://www.glossy.co/wp-content/uploads/sites/4/2026/06/senza-titolo-7673.jpg?w=5958
"Aug 22, 2026 @ 19:38:52.055",1c7ed43687227fe69a6ce243995cbb32,https://www.glossy.co/podcasts/copenhagen-fashion-week-20-years-future-ganni/,Copenhagen Fashion Week built the Scandi boom. Can it still grow another Ganni?,"As Copenhagen Fashion Week celebrates 20 years of shaping global fashion, Natalie Salmon joins the glossy Podcast to discuss what comes next.",Zofia Zwieglinska,2026-08-07T04:00:00+00:00,,https://www.glossy.co/wp-content/uploads/sites/4/2026/08/Portrait-glossy-brand-1140x520-0805.jpg
"Aug 22, 2026 @ 19:38:52.058",96da3ffffcc8860119789c631e9be6a9,https://www.glossy.co/fashion/fashion-is-now-the-largest-category-on-whatnot-as-brands-flock-to-the-platform/,Fashion is now the largest category on Whatnot as brands flock to the platform,"After a $225 million funding round, Whatnot is valued at over $11 billion, with 20 million buyers joining the platform in the last year.",Danny Parisi,2026-06-17T04:00:00+00:00,,https://www.glossy.co/wp-content/uploads/sites/4/2026/06/shoeWithShadow.bde3930e.png
"Aug 22, 2026 @ 19:38:52.097",d4fc17162d94dce0c90db1dbdfd75eec,https://www.glossy.co/podcasts/glossy-podcast-whats-motivating-and-whos-buying-ai-companies-streetwear-merch/,Glossy Podcast: What's motivating — and who's buying — AI companies' streetwear merch?,"Over the last year, big tech and AI companies have started to get into the fashion game by releasing streetwear-inspired drops.",Danny Parisi,2026-08-14T04:00:00+00:00,,https://www.glossy.co/wp-content/uploads/sites/4/2026/08/Portrait-glossy-brand-1140x520-0813.jpg
"Aug 22, 2026 @ 19:38:52.216",e18f83f5fa18cd6ac4303d3065fa426a,https://www.glossy.co/podcasts/method-dressing-red-carpet-micaela-erlanger/,"As Zendaya spins another ‘Spider-Man’ fashion story, Micaela Erlanger explains method dressing’s next era",Lupita Nyong’o and Meryl Streep stylist Micaela Erlanger discusses the rise of method dressing and limits of literal red-carpet references.,Zofia Zwieglinska,2026-07-31T04:00:00+00:00,,https://www.glossy.co/wp-content/uploads/sites/4/2026/07/Portrait-glossy-brand-l-0730.jpg
"Aug 22, 2026 @ 19:38:52.241",35ef03d088a545471899406723d8fc7b,https://www.glossy.co/fashion/page/5/,Fashion Archives,"How fashion brands are trading storefronts for temporary pop-ups, no-inventory showrooms, modern markets and exclusive customers experiences.",,,,
"Aug 22, 2026 @ 19:38:52.265",a023dca63a313989977e93205b2a5fa4,https://www.glossy.co/fashion/we-believe-in-america-nike-global-vp-of-soccer-camilo-andrade-on-the-brands-all-out-world-cup-strategy/,'We believe in America': Nike global vp of soccer Camilo Andrade on the brand's all-out World Cup strategy,Glossy spoke with Nike global vp of football (soccer) Camilo Andrade about the unique opportunity this year's tournament provides.,Danny Parisi,2026-06-15T04:00:00+00:00,,https://www.glossy.co/wp-content/uploads/sites/4/2026/06/rip-the-script-hero-copy.png
"Aug 22, 2026 @ 19:38:52.395",62e6597c8ccbcaf3545baf9868832f5f,https://www.glossy.co/events/glossy-pop-nyc-sep-2026/,Glossy Pop NYC,Glossy Pop NYC is the ultimate event for beauty lovers looking to get up close and personal with the industry’s most exciting brands and content creators.,,,,https://www.glossy.co/wp-content/uploads/sites/4/2025/03/glossy_pop_nyc_8-1.gif?w=1500
"Aug 22, 2026 @ 19:38:52.434",ef3eb8ffcf616968db3d19c96d96d980,https://www.glossy.co/fashion/fashion-briefing-the-womens-world-cup-is-drawing-fashion-brands-to-soccer/,Fashion Briefing: The Women's World Cup is drawing fashion brands to soccer,"The Women’s World Cup, taking place from July 20 to August 20 in New Zealand and Australia, has wrapped its first week. The tournament is one of the biggest women’s sporting events in the world, and soccer is by far the most popular sport globally. Fashion brands, always eager to engage with the popular elements of culture, are capitalizing on the increased popularity of soccer in the U.S. thanks to events like the Women’s World Cup.",Danny Parisi,2023-07-28T14:00:00+00:00,,https://www.glossy.co/wp-content/uploads/sites/4/2023/07/Copy-of-_DSC0082.jpg
"Aug 22, 2026 @ 19:38:52.436",2653c333e0cff919b900a3f21ac7cee0,https://www.glossy.co/fashion/fashion-briefing-how-a-u-s-microbrand-became-the-first-official-purveyor-of-licensed-world-cup-watches/,Fashion Briefing: How a U.S. microbrand became the first official purveyor of licensed World Cup watches,"Hublot and Tag Heuer have been official timekeepers or sponsors, but until now, no brand has ever made officially licensed World Cup watches.",Danny Parisi,2026-06-11T04:00:00+00:00,,https://www.glossy.co/wp-content/uploads/sites/4/2026/06/Host-Carousel-USA-2.jpg
"Aug 22, 2026 @ 19:38:52.436",33f7cf32bf31065f9644c3965bf632fd,https://www.glossy.co/series/fashion-podcast/,The Glossy Fashion Podcast Archives,Each Glossy Fashion Podcast episode features candid conversations about how today’s trends are shaping the future of the fashion industry.,,,,
"Aug 22, 2026 @ 19:38:52.566",492b78aa87b3c74a0c9a60478e76b046,https://www.glossy.co/events/brand-leaders-dinner-nyc-sep-2026/,Brand Leaders Dinner NYC,"The Glossy x Modern Retail Brand Leaders Dinner is an exclusive, invitation-only dinner bringing together influential brand executives to discuss their biggest challenges and industry opportunities.",Jennifer McCreary,,,https://www.modernretail.co/wp-content/uploads/sites/5/2026/07/globalpaymentsdinner_sep2026.png
"Aug 22, 2026 @ 19:38:52.576",d6d65bb4bb38d5edc16c81a089391f44,https://www.glossy.co/podcasts/glossy-podcast-quince-head-of-brand-strategy-dakota-kate-isaacs-on-how-the-brand-is-capitalizing-on-its-10b-valuation/,Glossy Podcast: Quince head of brand strategy Dakota Kate Isaacs on how the brand is capitalizing on its $10B valuation,"Fresh off a $10 billion valuation, the direct-from-manufacturer retailer Quince is testing physical retail and entering new categories.",Danny Parisi,2026-06-12T04:00:00+00:00,,https://www.glossy.co/wp-content/uploads/sites/4/2026/06/Portrait-glossy-brand-1140x520-0610.jpg
"Aug 22, 2026 @ 19:38:52.593",8fc2cd690a4441a817bed7c3da18994b,https://www.glossy.co/fashion/brands-are-turning-to-football-nostalgia-ahead-of-the-world-cup/,Brands are turning to football nostalgia ahead of the World Cup,"As the 2026 World Cup kicks off, brands are using old kits, archive sneakers, national colors and fan dressing to tap into football nostalgia.",Zofia Zwieglinska,2026-06-10T04:00:00+00:00,,https://www.glossy.co/wp-content/uploads/sites/4/2026/06/Modern-Retail-World-Cup-Banner-4-1.jpg
"Aug 22, 2026 @ 19:38:52.603",7998553f2d882cdcb4d1a54e39d4f8a4,https://www.glossy.co/fashion/luxury-briefing-mytheresa-is-using-ai-to-find-future-vips/,Luxury Briefing: Mytheresa is using AI to find future VIPs,"Glossy spoke with LuxExperience CEO Michael Kliger about how the company is using AI across Mytheresa, Net-a-Porter, Mr Porter and Yoox.",Zofia Zwieglinska,2026-06-12T04:00:00+00:00,,https://www.glossy.co/wp-content/uploads/sites/4/2026/06/Untitled-design-66.png?w=1920
"Aug 22, 2026 @ 19:38:52.738",e7b4b3382e195b78d02ba1057b66ba9e,https://www.glossy.co/fashion/where-to-invest-sell-and-set-boundaries-the-6-truths-guiding-brands-next-steps/,"Where to invest, sell and set boundaries: The 6 truths guiding brands' next steps","Glossy compiled the state of fashion and beauty and brands’ next steps, accordingly, based on conversations at our recent E-Commerce Summit.",Jill Manoff,2026-06-12T04:00:00+00:00,,https://www.glossy.co/wp-content/uploads/sites/4/2026/06/IMG_4441.jpg
"Aug 22, 2026 @ 19:38:52.791",c8585748b0b4ca73fea20d194a5cba96,https://www.glossy.co/fashion/oner-active-expects-its-creator-workforce-to-generate-52-million-in-sales-this-year/,Oner Active expects its creator workforce to generate $52 million in sales this year,"Having started as a creator herself, Oner Active founder Krissy Cela started with a deep understanding of just how valuable creators can be.",Sara Spruch-Feiner,2026-06-10T04:00:00+00:00,,https://www.glossy.co/wp-content/uploads/sites/4/2026/06/IMG_4443.jpg
"Aug 22, 2026 @ 19:38:52.801",17c1a73e813929d9b912e77c56dafdc5,https://www.glossy.co/fashion/the-world-cup-is-a-big-chance-for-retail-media-to-prove-itself-to-advertisers/,The World Cup is a big chance for retail media to prove itself to advertisers,The entire retail media industry is showing up in full force to promote brands during the World Cup and prove the effectiveness of the sector.,Modern Retail and Glossy Reporters,2026-06-10T04:00:00+00:00,,https://www.glossy.co/wp-content/uploads/sites/4/2026/06/Modern-Retail-World-Cup-Banner-5-1-1.jpg
"Aug 22, 2026 @ 19:38:52.881",989808a5e947ffd2c84876707011aa59,https://www.glossy.co/events/ai-marketing-strategies-sep-2026/,AI Marketing Strategies,Join us for AI Marketing Strategies as we map out the state of play of an industry being reshaped by AI.,,,,
"Aug 22, 2026 @ 19:38:52.916",0e7c7b9b870d8f9cc045212c4d3ac1d7,https://www.glossy.co/beauty/how-much-does-it-cost-to-advertise-around-the-world-cup/,What brands are paying to advertise around the World Cup,"One in three Americans is set to watch the World Cup this summer, leading many brands to look into last-minute partnerships, proximity marketing initiatives and social campaigns tied to the tournament.",Lexy Lebsack,2026-06-09T04:02:00+00:00,,https://www.glossy.co/wp-content/uploads/sites/4/2026/06/Modern-Retail-World-Cup-Banner-2-1.jpg
"Aug 22, 2026 @ 19:38:52.961",d962dd084c08e3836b94855bcfdbb1bb,https://www.glossy.co/fashion/luxury/luxury-briefing-vetir-aims-to-bring-luxury-brands-into-the-ai-era/,Luxury Briefing: Vêtir aims to bring luxury brands into the AI era,Glossy takes a look at recent AI-focused moves by Macy's and ways luxury brands are edging into AI styling to sell head-to-toe looks.,Zofia Zwieglinska,2026-06-05T04:01:00+00:00,,https://www.glossy.co/wp-content/uploads/sites/4/2026/06/macy-s-herald-square.jpg
"Aug 22, 2026 @ 19:38:52.961",d4fc17162d94dce0c90db1dbdfd75eec,https://www.glossy.co/podcasts/glossy-podcast-whats-motivating-and-whos-buying-ai-companies-streetwear-merch/,Glossy Podcast: What's motivating — and who's buying — AI companies' streetwear merch?,"Over the last year, big tech and AI companies have started to get into the fashion game by releasing streetwear-inspired drops.",Danny Parisi,2026-08-14T04:00:00+00:00,,https://www.glossy.co/wp-content/uploads/sites/4/2026/08/Portrait-glossy-brand-1140x520-0813.jpg
"Aug 22, 2026 @ 19:38:52.961",1c7ed43687227fe69a6ce243995cbb32,https://www.glossy.co/podcasts/copenhagen-fashion-week-20-years-future-ganni/,Copenhagen Fashion Week built the Scandi boom. Can it still grow another Ganni?,"As Copenhagen Fashion Week celebrates 20 years of shaping global fashion, Natalie Salmon joins the glossy Podcast to discuss what comes next.",Zofia Zwieglinska,2026-08-07T04:00:00+00:00,,https://www.glossy.co/wp-content/uploads/sites/4/2026/08/Portrait-glossy-brand-1140x520-0805.jpg
"Aug 22, 2026 @ 19:38:52.976",e18f83f5fa18cd6ac4303d3065fa426a,https://www.glossy.co/podcasts/method-dressing-red-carpet-micaela-erlanger/,"As Zendaya spins another ‘Spider-Man’ fashion story, Micaela Erlanger explains method dressing’s next era",Lupita Nyong’o and Meryl Streep stylist Micaela Erlanger discusses the rise of method dressing and limits of literal red-carpet references.,Zofia Zwieglinska,2026-07-31T04:00:00+00:00,,https://www.glossy.co/wp-content/uploads/sites/4/2026/07/Portrait-glossy-brand-l-0730.jpg
"Aug 22, 2026 @ 19:38:52.982",62e6597c8ccbcaf3545baf9868832f5f,https://www.glossy.co/events/glossy-pop-nyc-sep-2026/,Glossy Pop NYC,Glossy Pop NYC is the ultimate event for beauty lovers looking to get up close and personal with the industry’s most exciting brands and content creators.,,,,https://www.glossy.co/wp-content/uploads/sites/4/2025/03/glossy_pop_nyc_8-1.gif?w=1500
"Aug 22, 2026 @ 19:38:52.982",989808a5e947ffd2c84876707011aa59,https://www.glossy.co/events/ai-marketing-strategies-sep-2026/,AI Marketing Strategies,Join us for AI Marketing Strategies as we map out the state of play of an industry being reshaped by AI.,,,,
"Aug 22, 2026 @ 19:38:52.998",565dd81a25e08b5f9b90f8917892203c,https://www.glossy.co/fashion/malls-break-down-their-world-cup-strategies/,Malls break down their World Cup strategies,Shopping center owners hope the World Cup will provide a much-needed win for American malls.,Julia Waldow,2026-06-09T04:00:00+00:00,,https://www.glossy.co/wp-content/uploads/sites/4/2026/06/Modern-Retail-World-Cup-Banner-1-4-1.jpg
"Aug 22, 2026 @ 19:38:52.998",33f7cf32bf31065f9644c3965bf632fd,https://www.glossy.co/series/fashion-podcast/,The Glossy Fashion Podcast Archives,Each Glossy Fashion Podcast episode features candid conversations about how today’s trends are shaping the future of the fashion industry.,,,,
"Aug 22, 2026 @ 19:38:52.998",1c7ed43687227fe69a6ce243995cbb32,https://www.glossy.co/podcasts/copenhagen-fashion-week-20-years-future-ganni/,Copenhagen Fashion Week built the Scandi boom. Can it still grow another Ganni?,"As Copenhagen Fashion Week celebrates 20 years of shaping global fashion, Natalie Salmon joins the glossy Podcast to discuss what comes next.",Zofia Zwieglinska,2026-08-07T04:00:00+00:00,,https://www.glossy.co/wp-content/uploads/sites/4/2026/08/Portrait-glossy-brand-1140x520-0805.jpg
"Aug 22, 2026 @ 19:38:53.041",faea3e701eaa00d88ab2e75b22661d64,https://www.glossy.co/podcasts/glossy-podcast-who-will-win-the-world-cup-battle-between-nike-and-adidas/,Who will win the World Cup battle between Nike and Adidas?,"On the Glossy Podcast, Zofia Zwieglinska spoke with Daniel-Yaw Miller about Nike's and Adidas' strategies for the World Cup.",Danny Parisi,2026-06-05T04:00:00+00:00,,https://www.glossy.co/wp-content/uploads/sites/4/2026/06/Portrait-glossy-brand-1140x520-0601-1.jpg
"Aug 22, 2026 @ 19:38:53.104",aec3c3c4b147d8ce83ae10be190a3aab,https://www.glossy.co/fashion/bombas-ceo-jason-larose-on-opening-stores-and-partnering-with-target-to-fuel-growth/,Bombas CEO Jason LaRose on opening stores and partnering with Target to fuel growth,"Bombas CEO Jason LaRose has been pushing the brand in new directions, opening stores and striking deals with Target and DSW.",Danny Parisi,2026-06-08T04:00:00+00:00,,https://www.glossy.co/wp-content/uploads/sites/4/2026/06/IMG_4426.jpg
"Aug 22, 2026 @ 19:38:53.104",492b78aa87b3c74a0c9a60478e76b046,https://www.glossy.co/events/brand-leaders-dinner-nyc-sep-2026/,Brand Leaders Dinner NYC,"The Glossy x Modern Retail Brand Leaders Dinner is an exclusive, invitation-only dinner bringing together influential brand executives to discuss their biggest challenges and industry opportunities.",Jennifer McCreary,,,https://www.modernretail.co/wp-content/uploads/sites/5/2026/07/globalpaymentsdinner_sep2026.png
"Aug 22, 2026 @ 19:38:53.151",8b831377b399c0e4478458516ef0f41a,https://www.glossy.co/fashion/stitch-fix-ceo-matt-baer-on-why-ai-can-supplement-but-not-replace-human-stylists/,"Stitch Fix CEO Matt Baer on why AI can supplement, but not replace, human stylists",Stitch Fix has always been known for its personal stylists who curate boxes of clothes for their specific clients. But the company has spent the last year building up its AI infrastructure to help supplement the human element.,Danny Parisi,2026-06-02T04:01:00+00:00,,https://www.glossy.co/wp-content/uploads/sites/4/2026/06/IMG_0856.jpeg
"Aug 22, 2026 @ 19:38:53.151",1f102690849c1dab292cc13c960519ce,https://www.glossy.co/fashion/page/2/,Fashion Archives,"How fashion brands are trading storefronts for temporary pop-ups, no-inventory showrooms, modern markets and exclusive customers experiences.",,,,
"Aug 22, 2026 @ 19:38:53.151",e18f83f5fa18cd6ac4303d3065fa426a,https://www.glossy.co/podcasts/method-dressing-red-carpet-micaela-erlanger/,"As Zendaya spins another ‘Spider-Man’ fashion story, Micaela Erlanger explains method dressing’s next era",Lupita Nyong’o and Meryl Streep stylist Micaela Erlanger discusses the rise of method dressing and limits of literal red-carpet references.,Zofia Zwieglinska,2026-07-31T04:00:00+00:00,,https://www.glossy.co/wp-content/uploads/sites/4/2026/07/Portrait-glossy-brand-l-0730.jpg
"Aug 22, 2026 @ 19:38:53.240",72d772e8bf0e3ec714e860ccbddab684,https://www.glossy.co/fashion/fashion-briefing-how-fashion-schools-are-adopting-ai-and-addressing-the-critical-thinking-gap-among-new-graduates/,Fashion Briefing: How fashion schools are adopting AI and addressing the 'critical thinking gap' among new graduates,"Glossy spoke with several fashion educators from fashion design schools about how the rise of AI is playing out in fashion, how AI is being used in the classroom and what the fashion talent pipeline looks like, considering the graduates of today will be the leaders shaping the industry tomorrow.",Danny Parisi,2026-06-04T04:00:00+00:00,,https://www.glossy.co/wp-content/uploads/sites/4/2026/06/meet-your-people-spring-2026.jpg
"Aug 22, 2026 @ 19:38:53.305",df3f7356dbc1006f03241cf13a5ef3aa,https://www.glossy.co/fashion/brunello-cucinelli-software-ralph-lauren-capri-luxury/,Luxury Briefing: Could luxury’s next 'it' product be software? Brunello Cucinelli’s is already a 7-figure business,Glossy speaks with Francesco Bottigliero about Brunello Cucinelli's AI software platform and its new Salesforce partnership.,Zofia Zwieglinska,2026-08-07T04:00:00+00:00,,https://www.glossy.co/wp-content/uploads/sites/4/2026/08/IMG_5900.jpeg
"Aug 22, 2026 @ 19:38:53.330",66780b1a250aad417973c24c39606fdf,https://www.glossy.co/fashion/fashion-briefing-as-private-equity-firms-pull-away-from-fashion-licensed-brand-management-companies-are-stepping-up-acquisitions/,"Fashion Briefing: As P.E. firms pull away from fashion, licensed brand management companies step up acquisitions","Today, you're less likely to see P.E. get into the fashion game, while licensed brand management companies have stepped up acquisitions.",Danny Parisi,2026-08-06T04:00:00+00:00,,https://www.glossy.co/wp-content/uploads/sites/4/2026/08/Screenshot-2026-08-05-at-5.52.45-PM.png?w=2686
"Aug 22, 2026 @ 19:38:53.375",994f866504e78bd603183bf93153ada2,https://www.glossy.co/research/glossy-research-the-2026-guide-to-holiday-marketing-strategies-including-a-frame-brands-mastercard-and-ritual/,"Glossy+ Research: The 2026 guide to holiday marketing strategies, including A-Frame Brands, Mastercard and Ritual","Glossy+ Research examined which commerce channels are dominating marketers’ holiday strategies, discounts and revenue expectations.","Li Lu, Catherine Wolf",2026-08-04T04:00:00+00:00,,https://www.glossy.co/wp-content/uploads/sites/4/2025/10/IMG_9178-1.jpg?w=5419
"Aug 22, 2026 @ 19:38:53.416",0b7ca988f358abf634e01488f8836f44,https://www.glossy.co/fashion/luggage-brands-repeat-purchases-beyond-suitcases/,Luggage brands are gunning for a bigger share of the travel gear wardrobe,"Premium luggage brands including Antler, July and Béis are using bags, accessories and store formats to drive repeat purchases.",Zofia Zwieglinska,2026-08-03T04:00:00+00:00,,https://www.glossy.co/wp-content/uploads/sites/4/2026/07/NW_03816-2048x1256-1.jpg
"Aug 22, 2026 @ 19:38:53.473",bee740c4a4b9a4beb0bd98d3ad5a45f4,https://www.glossy.co/beauty/glossy-modern-retail-leaders-dinner-ai-retail-strategy/,"Retail’s new operating model centers on leaner teams, smarter data and physical community","At the Glossy & Modern Retail Leaders Dinner, in partnership with Global Payments, executives discussed AI, creator marketing and community.",Zofia Zwieglinska,2026-08-03T04:00:00+00:00,,https://www.glossy.co/wp-content/uploads/sites/4/2026/07/4693.jpg?w=3464
"Aug 22, 2026 @ 19:38:53.504",dd50448a264755cba9b938aa739c9bf7,https://www.glossy.co/fashion/fashion-briefing-inside-the-growing-sometimes-sketchy-world-of-inventory-sourcing-for-resale/,"Fashion Briefing: Inside the growing, sometimes sketchy, world of inventory sourcing for resale","As the revenue opportunity for resale marketplaces increase, new players are looking to formalize the sourcing of inventory for independent sellers.",Danny Parisi,2026-07-30T04:00:00+00:00,,https://www.glossy.co/wp-content/uploads/sites/4/2026/07/tianya1223-store-5619201.jpg?w=6000
"Aug 22, 2026 @ 19:38:53.581",565a44f01b69b09d530270f2f8d11e04,https://www.glossy.co/fashion/luxury/luxury-value-for-money-lvmh-kering-hermes/,Luxury Briefing: Luxury’s recovery has a value-for-money problem,"LVMH, Kering and Hermès reported improving earnings, but jewelry, resale and Gucci’s pricing reset reveal luxury’s growing value-for-money problem.",Zofia Zwieglinska,2026-07-31T04:00:00+00:00,,https://www.glossy.co/wp-content/uploads/sites/4/2026/07/LOUIS-VUITTON-130TH-ANNIVERSARY-MONOGRAM-CAMPAIGN-FILM-STARRING-ZENDAYA.jpg
"Aug 22, 2026 @ 19:38:53.584",d4fc17162d94dce0c90db1dbdfd75eec,https://www.glossy.co/podcasts/glossy-podcast-whats-motivating-and-whos-buying-ai-companies-streetwear-merch/,Glossy Podcast: What's motivating — and who's buying — AI companies' streetwear merch?,"Over the last year, big tech and AI companies have started to get into the fashion game by releasing streetwear-inspired drops.",Danny Parisi,2026-08-14T04:00:00+00:00,,https://www.glossy.co/wp-content/uploads/sites/4/2026/08/Portrait-glossy-brand-1140x520-0813.jpg
"Aug 22, 2026 @ 19:38:53.603",c78b3b93bc26f7dc0362b3187ff4eaa4,https://www.glossy.co/fashion/watch-resellers-say-rolexs-certified-pre-owned-channel-is-increasing-the-overall-market-for-secondhand-watches/,Watch resellers say Rolex's certified pre-owned channel is increasing the overall market for secondhand watches,The entry and rapid rise of Rolex into the lucrative secondhand watch market has taken market share from secondhand dealers and marketplaces.,Danny Parisi,2026-07-27T04:00:00+00:00,,https://www.glossy.co/wp-content/uploads/sites/4/2026/07/new-watches-2026-the-oyster-perpetual-36-m126000-0016-hub-copy.jpg
"Aug 22, 2026 @ 19:38:53.606",62e6597c8ccbcaf3545baf9868832f5f,https://www.glossy.co/events/glossy-pop-nyc-sep-2026/,Glossy Pop NYC,Glossy Pop NYC is the ultimate event for beauty lovers looking to get up close and personal with the industry’s most exciting brands and content creators.,,,,https://www.glossy.co/wp-content/uploads/sites/4/2025/03/glossy_pop_nyc_8-1.gif?w=1500
"Aug 22, 2026 @ 19:38:53.606",492b78aa87b3c74a0c9a60478e76b046,https://www.glossy.co/events/brand-leaders-dinner-nyc-sep-2026/,Brand Leaders Dinner NYC,"The Glossy x Modern Retail Brand Leaders Dinner is an exclusive, invitation-only dinner bringing together influential brand executives to discuss their biggest challenges and industry opportunities.",Jennifer McCreary,,,https://www.modernretail.co/wp-content/uploads/sites/5/2026/07/globalpaymentsdinner_sep2026.png
"Aug 22, 2026 @ 19:38:53.614",33f7cf32bf31065f9644c3965bf632fd,https://www.glossy.co/series/fashion-podcast/,The Glossy Fashion Podcast Archives,Each Glossy Fashion Podcast episode features candid conversations about how today’s trends are shaping the future of the fashion industry.,,,,
"Aug 22, 2026 @ 19:38:53.647",9c4b7286751f17ca0f2518aa8b28ceda,https://www.glossy.co/fashion/hollister-neutrogena-lay-out-lollapalooza-plans-centered-on-gen-z-awareness-merch-sales/,"Hollister, Neutrogena lay out Lollapalooza plans centered on Gen-Z awareness, merch sales","With multi-faceted activations, fashion and beauty brands are set to have a big presence at Lollapalooza this weekend.",Danny Parisi,2026-07-28T04:00:00+00:00,,https://www.glossy.co/wp-content/uploads/sites/4/2026/07/lolla-hco.jpg
"Aug 22, 2026 @ 19:38:53.701",aaddeca95b930f773946d4397121fb95,https://www.glossy.co/fashion/the-back-to-school-denim-wars-are-starting-earlier-and-lasting-longer/,The back-to-school denim wars are starting earlier and lasting longer,"From Pacsun to Kohl's to Gap, denim is front and center in an increasingly elongated back-to-school season.",Julia Waldow,2026-07-27T04:00:00+00:00,,https://www.glossy.co/wp-content/uploads/sites/4/2026/07/Screenshot-2026-07-26-at-3.32.46-PM.png
"Aug 22, 2026 @ 19:38:53.791",d09072c7d0218d19388a369ea72a20d1,https://www.glossy.co/fashion/luxury/moncler-zegna-luxury-recovery/,Luxury Briefing: Why Zegna is outperforming Moncler in luxury’s uneven recovery,"Moncler and Zegna’s second-quarter results show how luxury growth is shifting toward DTC, high-spending clients and stronger U.S. demand.",Zofia Zwieglinska,2026-07-24T04:00:00+00:00,,https://www.glossy.co/wp-content/uploads/sites/4/2026/07/Screenshot-2026-07-23-at-18.52.30.png?w=1758
"Aug 22, 2026 @ 19:38:53.796",989808a5e947ffd2c84876707011aa59,https://www.glossy.co/events/ai-marketing-strategies-sep-2026/,AI Marketing Strategies,Join us for AI Marketing Strategies as we map out the state of play of an industry being reshaped by AI.,,,,
"Aug 22, 2026 @ 19:38:53.796",a121de333c0e677888b0aa2734f2055d,https://www.glossy.co/podcasts/how-the-shifting-shopping-calendar-has-become-a-customer-acquisition-opportunity/,How the shifting shopping calendar has become a customer acquisition opportunity,"As brands and retailers compete for an edge during holiday shopping periods, the traditional shopping calendar is becoming spread-out.",Danny Parisi,2026-07-24T04:00:00+00:00,,https://www.glossy.co/wp-content/uploads/sites/4/2026/07/Evergreen-illustration-5_MR-2.webp
"Aug 22, 2026 @ 19:38:53.805",e6f1e790d2fff2cc2a367b6db615c43c,https://www.glossy.co/series/pop-newsletter/,Glossy Pop Newsletter Archives,,,,,
"Aug 22, 2026 @ 19:38:53.847",fb7d6a3dcc609f87d54a5e2d85efaae9,https://www.glossy.co/fashion/fashion-briefing-canadian-brands-are-investing-in-us-fulfillment-centers-in-wake-of-new-tariffs/,Fashion Briefing: Canadian brands are investing in US fulfillment centers in wake of new tariffs,"For Canadian brands, the new wave of tariffs expedites plans for moves like establishing local distribution.",Danny Parisi,2026-07-23T04:00:00+00:00,,https://www.glossy.co/wp-content/uploads/sites/4/2026/07/365A7330_extra-min-7030991.webp
"Aug 22, 2026 @ 19:38:53.895",fa7cd88a4c23456e2acb36fc1a110034,https://www.glossy.co/fashion/how-american-eagle-defined-culture-in-2025/,How American Eagle 'defined culture' this year,"American Eagle dominated the fashion conversation this year — from the Sydney Sweeney jeans campaign that ignited a weeks-long debate (though references are still rippling through American popular culture today) to the collaboration with Travis Kelce, announced just after his engagement to Taylor Swift. “I’m most proud that we didn’t just participate in culture in 2025, we defined it,"" said CMO Craig Brommers.",Danny Parisi,2025-12-26T05:02:00+00:00,,https://www.glossy.co/wp-content/uploads/sites/4/2025/07/AExSYDNEYSWEENEY_5.jpg?w=5028
"Aug 22, 2026 @ 19:38:54.035",f5af1ae615915c446aef49ff4361df9b,https://www.glossy.co/fashion/luxury/ralph-lauren-us-open-retail-marketing-strategy/,Luxury Briefing: How Ralph Lauren is taking a seasonal approach to its US Open activation,"Ralph Lauren is turning the U.S. Open into a six-week retail season encompassing Nordstrom, personalization, vintage and luxury hospitality.",Zofia Zwieglinska,2026-08-21T04:00:00+00:00,,https://www.glossy.co/wp-content/uploads/sites/4/2026/08/Screenshot-2026-08-20-at-22.18.33.png?w=2934
"Aug 22, 2026 @ 19:38:54.039",62638398b768b6a27a64c4e4a643dbb1,https://www.glossy.co/fashion/why-controversies-still-havent-killed-the-brand-trip/,Glossy Pop Newsletter: Why controversies still haven’t killed the brand trip,"As audiences have grown weary of seeing mega-creators living in the lap of luxury, brands are rethinking brand trips as a marketing strategy.",Emily Jensen,2026-08-21T04:00:00+00:00,,https://www.glossy.co/wp-content/uploads/sites/4/2026/08/Copy-of-SHOT-43-GLOW-3915-0_R1.jpeg
"Aug 22, 2026 @ 19:38:54.076",a2fc9dbd906c270d988ab4002945ad53,https://www.glossy.co/fashion/how-zac-posen-is-changing-consumers-perception-of-gap-style/,How Zac Posen is changing consumers' perception of Gap style,"All-American, sure. Happy, yes. Even iconically cool. But fashion with a capital “F” has rarely been used to describe 56-year-old Gap — until Zac Posen joined the company in February 2024. Since then, the brand’s new GapStudio line — best described as a fashion playground for Posen — has been seen on a slew of red carpets and A-list celebrities, driving buzz and demand while challenging consumers’ perceptions of Gap style.",Jill Manoff,2026-01-02T05:00:00+00:00,,https://www.glossy.co/wp-content/uploads/sites/4/2026/01/unnamed-34.jpg
"Aug 22, 2026 @ 19:38:54.144",5e702fbbd6ff60d9940adc1a1d308c9e,https://www.glossy.co/podcasts/why-mike-ashleys-growing-luxury-empire-has-the-fashion-industry-on-edge/,Why Mike Ashley’s growing luxury empire has the fashion industry on edge,"On this week’s Glossy Podcast, hosts discuss who Mike Ashley is, why the Harvey Nichols deal matters and how Frasers is gaining influence.",Zofia Zwieglinska,2026-08-21T04:00:00+00:00,,https://www.glossy.co/wp-content/uploads/sites/4/2026/08/IMG_1939.jpg
"Aug 22, 2026 @ 19:38:54.219",ec8dc8fef6901d43efd7e232b2e8f576,https://www.glossy.co/fashion/fashion-brands-college-fandom-baublebar-collegiate/,How BaubleBar is turning college fandom into a year-round growth engine,"BaubleBar’s collegiate revenue is up more than 50% year to date, as brands use university fandom to drive sales and customer acquisition.",Zofia Zwieglinska,2026-08-20T04:00:00+00:00,,https://www.glossy.co/wp-content/uploads/sites/4/2026/08/Untitled-Presentation.png?w=1920
"Aug 22, 2026 @ 19:38:54.225",1cf90013e3b2e7401756425fd6557164,https://www.glossy.co/fashion/the-revenge-of-the-90s-mall-brand/,The revenge of the '90s mall brand,"Brands known for their heyday in the ‘90s, like Gap and Victoria's Secret, have used 2025 to mount turnaround plans. But staging a successful comeback after years of a battered reputation takes more than a few quarters of growth.",Emily Jensen,2025-12-30T05:03:00+00:00,,https://www.glossy.co/wp-content/uploads/sites/4/2025/12/90s-mall-gap.jpg?w=8000
"Aug 22, 2026 @ 19:38:54.228",d4fc17162d94dce0c90db1dbdfd75eec,https://www.glossy.co/podcasts/glossy-podcast-whats-motivating-and-whos-buying-ai-companies-streetwear-merch/,Glossy Podcast: What's motivating — and who's buying — AI companies' streetwear merch?,"Over the last year, big tech and AI companies have started to get into the fashion game by releasing streetwear-inspired drops.",Danny Parisi,2026-08-14T04:00:00+00:00,,https://www.glossy.co/wp-content/uploads/sites/4/2026/08/Portrait-glossy-brand-1140x520-0813.jpg
"Aug 22, 2026 @ 19:38:54.292",c765eb57dcefbbc7b117e247a4d56d25,https://www.glossy.co/fashion/fashion-briefing-whats-behind-the-wave-of-fashion-brands-opening-los-angeles-stores-this-summer/,Fashion Briefing: What's behind the wave of fashion brands opening Los Angeles stores this summer,"It's a good time for brands to expand in the Los Angeles area, and Leset, Sezane and Proenza Schouler are among those taking advantage.",Danny Parisi,2026-08-20T04:00:00+00:00,,https://www.glossy.co/wp-content/uploads/sites/4/2026/08/LESET-Palisades-Interiors-8.17-Simran-Malik-Normal-RES-16.jpg?w=8736
"Aug 22, 2026 @ 19:38:54.353",4b1935e0b894810088e37d0b1741dab6,https://www.glossy.co/fashion/maisonette-is-launching-a-new-tween-vertical-and-foregoing-all-social-ads-targeted-at-kids/,"Maisonette is launching a tween vertical, foregoing social ads targeting kids","Launching this week, Maisonette's new vertical, ""Neon Rebels,"" combines apparel and decor from over 100 brands for kids ages 7-14.",Danny Parisi,2026-08-19T09:45:00+00:00,,https://www.glossy.co/wp-content/uploads/sites/4/2026/08/2026_04_29-NEON-REBELS-F4-855-v2.jpg?w=6720
"Aug 22, 2026 @ 19:38:54.420",bb4034e790a2e9fb4f48e8040329a243,https://www.glossy.co/fashion/nuuly-aims-to-break-through-the-social-media-noise-with-a-new-branded-rom-com-microdrama/,Nuuly aims to break through the social media noise with a new branded rom-com microdrama,Clothing rental company Nuuly is testing out a new marketing strategy: producing social-native microdramas.,Danny Parisi,2026-08-17T04:00:00+00:00,,https://www.glossy.co/wp-content/uploads/sites/4/2026/08/Screenshot-2026-08-14-at-4.47.17-PM.png?w=2310
"Aug 22, 2026 @ 19:38:54.428",a00f3796d07713552d535da8a78198ac,https://www.glossy.co/fashion/how-hm-chobani-urbanstems-and-teleties-are-refining-their-partnership-strategies/,"How H&M, Chobani, UrbanStems and Teleties are refining their partnership strategies","UrbanStems, H&M and Chobani are refining their partnership strategies to match audiences, drive cultural relevance and unlock growth.",Gabriela Barkho,2026-08-18T04:00:00+00:00,,https://www.glossy.co/wp-content/uploads/sites/4/2026/08/Sydney-Announcement-2-campaign-images-12459.jpg
"Aug 22, 2026 @ 19:38:54.431",1c7ed43687227fe69a6ce243995cbb32,https://www.glossy.co/podcasts/copenhagen-fashion-week-20-years-future-ganni/,Copenhagen Fashion Week built the Scandi boom. Can it still grow another Ganni?,"As Copenhagen Fashion Week celebrates 20 years of shaping global fashion, Natalie Salmon joins the glossy Podcast to discuss what comes next.",Zofia Zwieglinska,2026-08-07T04:00:00+00:00,,https://www.glossy.co/wp-content/uploads/sites/4/2026/08/Portrait-glossy-brand-1140x520-0805.jpg
"Aug 22, 2026 @ 19:38:54.434",e18f83f5fa18cd6ac4303d3065fa426a,https://www.glossy.co/podcasts/method-dressing-red-carpet-micaela-erlanger/,"As Zendaya spins another ‘Spider-Man’ fashion story, Micaela Erlanger explains method dressing’s next era",Lupita Nyong’o and Meryl Streep stylist Micaela Erlanger discusses the rise of method dressing and limits of literal red-carpet references.,Zofia Zwieglinska,2026-07-31T04:00:00+00:00,,https://www.glossy.co/wp-content/uploads/sites/4/2026/07/Portrait-glossy-brand-l-0730.jpg
"Aug 22, 2026 @ 19:38:54.438",492b78aa87b3c74a0c9a60478e76b046,https://www.glossy.co/events/brand-leaders-dinner-nyc-sep-2026/,Brand Leaders Dinner NYC,"The Glossy x Modern Retail Brand Leaders Dinner is an exclusive, invitation-only dinner bringing together influential brand executives to discuss their biggest challenges and industry opportunities.",Jennifer McCreary,,,https://www.modernretail.co/wp-content/uploads/sites/5/2026/07/globalpaymentsdinner_sep2026.png
"Aug 22, 2026 @ 19:38:54.445",62e6597c8ccbcaf3545baf9868832f5f,https://www.glossy.co/events/glossy-pop-nyc-sep-2026/,Glossy Pop NYC,Glossy Pop NYC is the ultimate event for beauty lovers looking to get up close and personal with the industry’s most exciting brands and content creators.,,,,https://www.glossy.co/wp-content/uploads/sites/4/2025/03/glossy_pop_nyc_8-1.gif?w=1500
"Aug 22, 2026 @ 19:38:54.474",183667bb90928a23dc30dd9a4026b0f5,https://www.glossy.co/fashion/as-tariffs-and-freight-risks-rise-emerging-brands-look-to-la-to-untangle-supply-chainsemerging-fashion-brands-la-manufacturing-supply-chain/,"As global sourcing gets harder, LA’s apparel infrastructure gets more valuable","Emerging fashion brands are using L.A. manufacturing to manage freight volatility, tariffs and inventory risk.",Zofia Zwieglinska,2026-08-14T04:00:00+00:00,,https://www.glossy.co/wp-content/uploads/sites/4/2026/08/Screenshot-2026-07-14-at-5.26.11-PM.png
"Aug 22, 2026 @ 19:38:54.567",65945f2230727aa1a3cd617c37a0da6d,https://www.glossy.co/pop/glossy-pop-newsletter-depops-musical-ambitions-grow-with-spotify-partnership-live-performances-and-new-artist-closets/,"Glossy Pop Newsletter: Depop's musical ambitions grow with Spotify partnership, live performances and new artist closets","Depop, the online fashion resale marketplace, has released its first major marketing campaign under its new parent company, eBay.",Danny Parisi,2026-08-14T04:00:00+00:00,,https://www.glossy.co/wp-content/uploads/sites/4/2026/08/PlaylistCover.png
"Aug 22, 2026 @ 19:38:54.619",843c8c88c2e6a19e8b80d6a5892d54e7,https://www.glossy.co/fashion/luxury/luxury-briefing-frasers-harvey-nichols-acquisition-turnaround/,Luxury Briefing: Frasers acquired Harvey Nichols for $54 million. Fixing it could cost $270 million,"Frasers acquired Harvey Nichols for around $54 million, but rebuilding the luxury department store could require an investment of up to $270 million.",Zofia Zwieglinska,2026-08-14T04:00:00+00:00,,https://www.glossy.co/wp-content/uploads/sites/4/2026/08/IMG_1814.jpg?w=5712
"Aug 22, 2026 @ 19:38:54.637",112125f3acda464ea69f2fb1a449e427,https://www.glossy.co/fashion/fashion-briefing-as-international-travel-increases-brands-are-showing-up-in-hotel-room-closets-room-service-menus-and-airport-newsstands/,"Fashion Briefing: As international travel increases, brands are showing up in hotel room closets, room service menus and airport newsstands","As traditional retail channels get glutted with competition, fashion brands are looking for interesting ways to show up in customers' lives.",Danny Parisi,2026-08-13T04:00:00+00:00,,https://www.glossy.co/wp-content/uploads/sites/4/2026/08/TMU_260722_Marram_139.jpg?w=6455
"Aug 22, 2026 @ 19:38:54.641",989808a5e947ffd2c84876707011aa59,https://www.glossy.co/events/ai-marketing-strategies-sep-2026/,AI Marketing Strategies,Join us for AI Marketing Strategies as we map out the state of play of an industry being reshaped by AI.,,,,
"Aug 22, 2026 @ 19:38:54.674",a0db0a3bca62ae7f3fc16f099acbb7bb,https://www.glossy.co/fashion/what-it-takes-to-succeed-as-a-dtc-brand-today/,What it takes to succeed as a DTC brand today,"At the most recent Modern Retail+ and Glossy+ Town Hall, editorial staff and subscribers gathered to discuss the future of DTC.",Anna Hensel,2026-08-13T04:00:00+00:00,,https://www.glossy.co/wp-content/uploads/sites/4/2022/05/everlane-everyone-jean.jpeg
"Aug 22, 2026 @ 19:38:54.821",9417040d6067b62c1b6f8872b976637e,https://www.glossy.co/fashion/page/3/,Fashion Archives,"How fashion brands are trading storefronts for temporary pop-ups, no-inventory showrooms, modern markets and exclusive customers experiences.",,,,
"Aug 22, 2026 @ 19:38:54.831",83d0f9d707b69f06bf9150f03dbd32cb,https://www.glossy.co/fashion/urban-outfitters-first-back-to-campus-commercial/,Exclusive: Urban Outfitters launches its first back-to-campus commercial,"Urban Outfitters is launching its first back-to-campus commercial, combining connected TV, student creators and campus events.",Zofia Zwieglinska,2026-08-12T04:00:00+00:00,,https://www.glossy.co/wp-content/uploads/sites/4/2026/08/BTS-ALLTOGETHERNOW-DAY-3-STADIUM-3.jpg?w=3583
"Aug 22, 2026 @ 19:38:54.844",e654d24e2ddca55ed4ecdb055264c711,https://www.glossy.co/fashion/an-evolution-of-the-brand-lifestyle-categories-are-now-driving-the-majority-of-beyond-yogas-revenue/,'An evolution of the brand': Lifestyle categories are now driving the majority of Beyond Yoga's revenue,"Beyond Yoga's newer categories, outside of its core product of yoga pants, leggings and sports bras, are driving 60% of its total revenue.",Danny Parisi,2026-07-21T04:00:00+00:00,,https://www.glossy.co/wp-content/uploads/sites/4/2026/07/glowzone_3.jpg?w=3500
"Aug 22, 2026 @ 19:38:54.878",c6e2a64acd0f5a2af815f1d857d0df50,https://www.glossy.co/fashion/exclusive-target-aims-to-strengthen-its-tween-business-with-new-multi-year-pacsun-partnership/,Exclusive: Target aims to strengthen its tween business with new multi-year Pacsun partnership,"The debut collaborative collection encompasses T-shirts, tank tops, denim and dresses, all targeted at tweens.",Danny Parisi,2026-07-22T04:00:00+00:00,,https://www.glossy.co/wp-content/uploads/sites/4/2025/12/Target-Sustainability-Governance-Report.png
"Aug 22, 2026 @ 19:38:54.997",7a0b5cf4c9a18a62efc7711b08d9bcf6,https://www.glossy.co/fashion/luxury/toccin-private-shopping-events-global-growth/,Luxury Briefing: Private shopping is powering Toccin’s international expansion,"How private shopping events, trunk shows and early Harrods momentum are driving Toccin's international expansion.",Zofia Zwieglinska,2026-07-17T04:00:00+00:00,,https://www.glossy.co/wp-content/uploads/sites/4/2026/07/Screenshot-2026-07-16-at-21.52.49.png?w=1594
"Aug 22, 2026 @ 19:38:55.020",ffe6a4e5bc6297b7cb894e3baba460c9,https://www.glossy.co/fashion/how-fast-growing-pink-palm-puff-aims-to-expand-beyond-its-core-teen-demographic/,How fast-growing Pink Palm Puff aims to expand beyond its core teen demographic,"Pink Palm Puff, the Gen Z-favorite beachy apparel line, is ready to grow its customer base beyond high schoolers.",Danny Parisi,2026-07-13T04:00:00+00:00,,https://www.glossy.co/wp-content/uploads/sites/4/2026/07/IMG_3821.webp
"Aug 22, 2026 @ 19:38:55.033",836977809148a2e9f728fa0faabc1888,https://www.glossy.co/fashion/salomon-continues-its-us-growth-streak-by-launching-at-foot-locker/,Salomon continues its US growth streak by launching at Foot Locker,"Only two weeks after the cult French sneaker brand Salomon opened its largest store in New York City, it's launching at Foot Locker.",Danny Parisi,2026-07-15T10:00:00+00:00,,https://www.glossy.co/wp-content/uploads/sites/4/2026/07/FL_Salomon_GroupShot_5.jpg?w=7967
"Aug 22, 2026 @ 19:38:55.035",870b2f58a50f2826be8c7c678f671a3a,https://www.glossy.co/fashion/fashion-briefing-sneaker-brands-are-slowing-their-drops-to-combat-sneaker-fatigue/,Fashion Briefing: Sneaker brands are slowing their drops to combat sneaker fatigue,"In 2026, sneaker brands taking time between their releases to increase the impact of each as consumer interest in sneakers declines.",Danny Parisi,2026-07-16T09:52:16+00:00,,https://www.glossy.co/wp-content/uploads/sites/4/2026/07/U950384_SingleHero_0178.jpg?w=5172
"Aug 22, 2026 @ 19:38:55.039",e6f1e790d2fff2cc2a367b6db615c43c,https://www.glossy.co/series/pop-newsletter/,Glossy Pop Newsletter Archives,,,,,
"Aug 22, 2026 @ 19:38:55.192",fc5e30f957d56dec2ddade3482fdbe05,https://www.glossy.co/fashion/luxury/haute-couture-younger-luxury-customers-pandora-levis-tory-burch/,"Luxury Briefing: As luxury shoppers become more selective, couture is becoming a stronger VIC tool","Glossy digs into Haute Couture Week in Paris with luxury sourcer Gab Waller, designer Rahul Mishra and Bain senior partner Federica Levato.",Zofia Zwieglinska,2026-07-10T04:00:00+00:00,,https://www.glossy.co/wp-content/uploads/sites/4/2026/07/4K5A9939.jpg?w=6720
"Aug 22, 2026 @ 19:38:55.211",89be13e0a28c7290558ddcdd6250675a,https://www.glossy.co/fashion/fashion-briefing-as-gen-z-goes-back-to-the-mall-garage-is-opening-20-profitable-stores-a-year/,"Fashion Briefing: As Gen Z goes back to the mall, Garage is opening 20 profitable stores a year","The cult Canadian fashion brand Garage is on a retail tear, opening new stores in London, Manchester and several states — each is profitable.",Danny Parisi,2026-07-09T04:00:00+00:00,,https://www.glossy.co/wp-content/uploads/sites/4/2026/07/June18_HP_SummerFaves_Desktop.webp
"Aug 22, 2026 @ 19:38:55.235",59c037a15b8b545c562752e0f483b60d,https://www.glossy.co/fashion/how-bandit-running-is-expanding-internationally-while-staying-hyperlocal/,How Bandit Running is expanding internationally while staying hyperlocal,Bandit's focus on core running communities has helped it grow enough to start expanding outward.,Danny Parisi,2026-07-07T04:00:00+00:00,,https://www.glossy.co/wp-content/uploads/sites/4/2026/05/9_0b11c36f-c87b-4bd0-9c99-8ef26c6b5773-copy-1.jpg
"Aug 22, 2026 @ 19:38:55.237",33f7cf32bf31065f9644c3965bf632fd,https://www.glossy.co/series/fashion-podcast/,The Glossy Fashion Podcast Archives,Each Glossy Fashion Podcast episode features candid conversations about how today’s trends are shaping the future of the fashion industry.,,,,
"Aug 22, 2026 @ 19:38:55.241",d4fc17162d94dce0c90db1dbdfd75eec,https://www.glossy.co/podcasts/glossy-podcast-whats-motivating-and-whos-buying-ai-companies-streetwear-merch/,Glossy Podcast: What's motivating — and who's buying — AI companies' streetwear merch?,"Over the last year, big tech and AI companies have started to get into the fashion game by releasing streetwear-inspired drops.",Danny Parisi,2026-08-14T04:00:00+00:00,,https://www.glossy.co/wp-content/uploads/sites/4/2026/08/Portrait-glossy-brand-1140x520-0813.jpg
"Aug 22, 2026 @ 19:38:55.244",312d7e5c8ea43ae43748dfbe2fde1ea7,https://www.glossy.co/fashion/on-lightspray-robots-sneaker-nearshoring/,On is betting on robots and nearshoring to gain an advantage,On may open LightSpray robot factories in Europe and the U.S. to make nearshoring commercially viable.,Zofia Zwieglinska,2026-07-09T04:00:00+00:00,,https://www.glossy.co/wp-content/uploads/sites/4/2026/07/on_innovation-engine-zurich-25_june_2026-15.jpg
"Aug 22, 2026 @ 19:38:55.246",1c7ed43687227fe69a6ce243995cbb32,https://www.glossy.co/podcasts/copenhagen-fashion-week-20-years-future-ganni/,Copenhagen Fashion Week built the Scandi boom. Can it still grow another Ganni?,"As Copenhagen Fashion Week celebrates 20 years of shaping global fashion, Natalie Salmon joins the glossy Podcast to discuss what comes next.",Zofia Zwieglinska,2026-08-07T04:00:00+00:00,,https://www.glossy.co/wp-content/uploads/sites/4/2026/08/Portrait-glossy-brand-1140x520-0805.jpg
"Aug 22, 2026 @ 19:38:55.249",e18f83f5fa18cd6ac4303d3065fa426a,https://www.glossy.co/podcasts/method-dressing-red-carpet-micaela-erlanger/,"As Zendaya spins another ‘Spider-Man’ fashion story, Micaela Erlanger explains method dressing’s next era",Lupita Nyong’o and Meryl Streep stylist Micaela Erlanger discusses the rise of method dressing and limits of literal red-carpet references.,Zofia Zwieglinska,2026-07-31T04:00:00+00:00,,https://www.glossy.co/wp-content/uploads/sites/4/2026/07/Portrait-glossy-brand-l-0730.jpg
"Aug 22, 2026 @ 19:38:55.252",492b78aa87b3c74a0c9a60478e76b046,https://www.glossy.co/events/brand-leaders-dinner-nyc-sep-2026/,Brand Leaders Dinner NYC,"The Glossy x Modern Retail Brand Leaders Dinner is an exclusive, invitation-only dinner bringing together influential brand executives to discuss their biggest challenges and industry opportunities.",Jennifer McCreary,,,https://www.modernretail.co/wp-content/uploads/sites/5/2026/07/globalpaymentsdinner_sep2026.png
"Aug 22, 2026 @ 19:38:55.257",62e6597c8ccbcaf3545baf9868832f5f,https://www.glossy.co/events/glossy-pop-nyc-sep-2026/,Glossy Pop NYC,Glossy Pop NYC is the ultimate event for beauty lovers looking to get up close and personal with the industry’s most exciting brands and content creators.,,,,https://www.glossy.co/wp-content/uploads/sites/4/2025/03/glossy_pop_nyc_8-1.gif?w=1500
"Aug 22, 2026 @ 19:38:55.422",6fee3d2275cc0f26464455dac0c4e57f,https://www.glossy.co/fashion/glossy-pop-newsletter-how-meta-leveraged-kylie-jenner-peggy-gou-and-substackers-in-its-first-fashion-campaign/,"Glossy Pop Newsletter: How Meta leveraged Kylie Jenner, Peggy Gou and Substackers in its first fashion campaign","Last week, with its introduction of Meta Glasses, Meta launched a fashion house — with collaborators from stylists to Kylie Jenner.",Jill Manoff,2026-07-03T17:17:30+00:00,,https://www.glossy.co/wp-content/uploads/sites/4/2026/07/MetaStoryImage.png
"Aug 22, 2026 @ 19:38:55.432",af6bd460293ad80b95f6e4bdd652dce3,https://www.glossy.co/fashion/on-innovation-engine-apparel-growth/,"Inside On’s innovation engine and apparel ambitions, as its founders return to lead the next phase",On gave Glossy rare access to its Zurich labs as apparel sales grew 57.5% and its founders returned to lead the sportswear brand’s next phase.,Zofia Zwieglinska,2026-07-06T04:00:00+00:00,,https://www.glossy.co/wp-content/uploads/sites/4/2026/07/on_innovation-engine-zurich-25_june_2026-02.jpg?w=7632
"Aug 22, 2026 @ 19:38:55.439",989808a5e947ffd2c84876707011aa59,https://www.glossy.co/events/ai-marketing-strategies-sep-2026/,AI Marketing Strategies,Join us for AI Marketing Strategies as we map out the state of play of an industry being reshaped by AI.,,,,
"Aug 22, 2026 @ 19:38:55.458",f3c92a7bad077d06fc1cb849da5d1a36,https://www.glossy.co/podcasts/glossy-podcast-oner-actives-krissy-cela-on-leveraging-ambassadors-to-surpass-the-200-million-mark/,Glossy Podcast: Oner Active's Krissy Cela on leveraging ambassadors to surpass the $200 million mark,Krissy Cela joined Glossy editor-in-chief Jill Manoff on the Glossy Podcast to discuss how she's been able to scale up her brand so quickly.,Danny Parisi,2026-07-03T04:00:00+00:00,,https://www.glossy.co/wp-content/uploads/sites/4/2026/07/Portrait-glossy-brand-1140x520-0625-2.jpg
"Aug 22, 2026 @ 19:38:55.462",4ac0069ec52dec32204278d3e2d62233,https://www.glossy.co/fashion/for-america-250-customers-want-positive-actions-more-than-patriotic-branding/,"For America 250, customers want positive actions more than patriotic branding","Data shows that American product branding still resonates with around half the country, with only 16% of people having a negative association.",Danny Parisi,2026-07-03T04:00:00+00:00,,https://www.glossy.co/wp-content/uploads/sites/4/2026/07/pdp-62434M-feature-1-copy.jpg
"Aug 22, 2026 @ 19:38:55.636",c23560873b5d8b5439cdbd1d6a527ecd,https://www.glossy.co/fashion/page/6/,Fashion Archives,"How fashion brands are trading storefronts for temporary pop-ups, no-inventory showrooms, modern markets and exclusive customers experiences.",,,,
"Aug 22, 2026 @ 19:38:55.675",c26f42b757826c94ebb9040872e18166,https://www.glossy.co/fashion/julia-collier-j-crew-glossy-50-2025/,"Julia Collier, J.Crew | Glossy 50 2025","Few fashion marketers this year managed to create a cultural moment with a single product, let alone a sweater that’s been in circulation for four decades with its own trademark. But that’s exactly what Julia Collier, J.Crew’s CMO, pulled off with The Next Rollneck Generation, the campaign that turned the brand’s rollneck sweater into one of 2025’s most talked-about items.",Zofia Zwieglinska,2025-11-24T22:45:54+00:00,,https://www.glossy.co/wp-content/uploads/sites/4/2025/12/The-Scene-Stealers_article.jpg
"Aug 22, 2026 @ 19:38:55.678",c7dd20d35bcfca01099cf89a71fc55f2,https://www.glossy.co/fashion/luxury/luxury-briefing-how-wimbledon-players-became-fine-jewelry-brands-ultimate-ambassadors/,Luxury Briefing: How Wimbledon players became fine jewelry brands' ultimate ambassadors,Mirra Andreeva’s broken bracelet highlights the risk of tennis jewelry as Mejuri and Material Good use the court to reach luxury shoppers.,Zofia Zwieglinska,2026-07-03T04:00:00+00:00,,https://www.glossy.co/wp-content/uploads/sites/4/2026/07/image-9.png
"Aug 22, 2026 @ 19:38:55.682",33f7cf32bf31065f9644c3965bf632fd,https://www.glossy.co/series/fashion-podcast/,The Glossy Fashion Podcast Archives,Each Glossy Fashion Podcast episode features candid conversations about how today’s trends are shaping the future of the fashion industry.,,,,
"Aug 22, 2026 @ 19:38:55.686",685057660e0091653ae380989675dffd,https://www.glossy.co/fashion/witch-j-crews-new-timex-collab-watches-are-starting-to-follow-the-hype-sneaker-model/,"With J.Crew's new Timex collab, watches are starting to follow the hype sneaker model","The release of yet another highly coveted, affordably priced watch collaboration signals a shift in the watch market.",Danny Parisi,2026-06-01T04:01:00+00:00,,
"Aug 22, 2026 @ 19:38:55.839",af3cc88fa24de1cee1fb23987a7ceef7,https://www.glossy.co/fashion/fashion-briefing-j-crew-is-betting-on-global-activations-amid-rising-american-interest-in-europe/,Fashion Briefing: J.Crew is betting on global activations amid rising American interest in Europe,"In this week's Fashion Briefing, a look at J.Crew's focus on Europe, which aligns with consumers' interests. Also, early insights from Prime Day and back-to-school, executive moves at Parker Thatch and Vuori, and news to know.",Zofia Zwieglinska,2025-07-10T17:00:00+00:00,,https://www.glossy.co/wp-content/uploads/sites/4/2025/07/Screenshot-2025-07-10-at-3.27.18 PM.png?w=1832
"Aug 22, 2026 @ 19:38:55.882",e6262297334ca736e1891d9bc526d1ff,https://www.glossy.co/podcasts/albert-muzquiz-edgyalbert-explains-why-menswear-is-so-stuck-on-vintage-clothing/,"Albert Muzquiz, @edgyalbert, explains why menswear is so stuck on vintage clothing","Secondhand fashion is having an explosive moment, and menswear content creators are particularly in love with high-quality vintage goods.",Danny Parisi,2026-05-29T04:03:00+00:00,,https://www.glossy.co/wp-content/uploads/sites/4/2026/05/Portrait-glossy-brand-1140x520-0528.jpg
"Aug 22, 2026 @ 19:38:55.889",69731510adbdf733e55d147b5660e124,https://www.glossy.co/fashion/luxury/luxury-briefing-with-versace-sold-capri-is-betting-on-new-consumer-demand-for-accessible-luxury/,"Luxury Briefing: With Versace sold, Capri is betting on new consumer demand for accessible luxury",Glossy checks in with analysts on the state of Capri as it looks to grow Michael Kors and Jimmy Choo with new executive hires.,Zofia Zwieglinska,2026-05-29T04:04:00+00:00,,https://www.glossy.co/wp-content/uploads/sites/4/2026/05/michael-kors-tiendas-1200.jpg
"Aug 22, 2026 @ 19:38:55.892",f970d2ca8d3447d7b6ae8367c8d59313,https://www.glossy.co/fashion/printemps-us-growth-plan-is-all-about-differentiation-the-risk-is-on-us-not-the-brand/,"Printemps' US growth plan is all about differentiation: 'The risk is on us, not the brands'","Two months after celebrating Printemps New York’s one-year anniversary, CEO Thierry Prevost spoke with Glossy about the challenges the business is facing, the way he’s thinking about growth accordingly and the luxury brands that are still primed for success.",Jill Manoff,2026-06-01T04:00:00+00:00,,https://www.glossy.co/wp-content/uploads/sites/4/2026/05/9754.jpg
"Aug 22, 2026 @ 19:38:56.035",88cc610c6628914c7828d0e8c04b4319,https://www.glossy.co/fashion/j-crew-bets-on-scarcity-with-the-rollneck-remix-designer-collaboration-pop-up/,J.Crew bets on scarcity with The Rollneck Remix designer collaboration pop-up,"For a brand with more than 100 stores nationwide, choosing not to use them is an unexpected move. That was the case with J.Crew’s launch of The Rollneck Remix — a New York Fashion Week–timed collaboration with five emerging designers — exclusively through a four-day pop-up at 75 Spring Street and online, bypassing its broader retail fleet.",Zofia Zwieglinska,2026-02-16T05:05:00+00:00,,https://www.glossy.co/wp-content/uploads/sites/4/2026/02/Untitled-design-49.png?w=1920
"Aug 22, 2026 @ 19:38:56.110",2aeb2f243f7d75fac7ae5cadfddecffe,https://www.glossy.co/fashion/luxury/luxury-briefing-ralph-lauren-and-luxexperience-turn-to-ai-for-styling-search-and-high-value-shoppers/,"Luxury Briefing: Ralph Lauren and LuxExperience turn to AI for styling, search and high-value shoppers","Ralph Lauren and LuxExperience reported earnings this week, with each calling AI an increasingly important part of its customer service.",Zofia Zwieglinska,2026-05-22T04:03:00+00:00,,https://www.glossy.co/wp-content/uploads/sites/4/2026/05/ralph-lauren-spring-2026-ad-campaign-the-impression-005.jpg
"Aug 22, 2026 @ 19:38:56.113",c7f69df723e72877d48e48d81d86dc03,https://www.glossy.co/fashion/fashion-briefing-profitable-and-eye-catching-why-fashion-brands-are-flocking-to-eyewear/,"Fashion Briefing: A profitable brand builder, eyewear is fashion's new favorite category","At a time when consumers' wallets are tight, sunglasses and other eyewear offer more affordable entries into a brand's world.",Danny Parisi,2026-05-28T04:00:00+00:00,,https://www.glossy.co/wp-content/uploads/sites/4/2026/05/2026_03_18_RV_Monos_Sunglasses_1786-1.jpeg?w=8047
"Aug 22, 2026 @ 19:38:56.117",f7d182050e96f4bac2d0cd3d4a9977b6,https://www.glossy.co/podcasts/everlanes-reported-shein-sale-raises-a-new-question-what-is-transparency-worth-now/,Everlane’s reported Shein sale raises a new question: What is transparency worth now?,"Earlier this week, Glossy wrote about Everlane’s reported sale to Shein, a deal that will put one of the defining sustainability-adjacent DTC brands of the 2010s inside the world’s most scrutinized ultra-fast-fashion machine.",Zofia Zwieglinska,2026-05-22T04:02:00+00:00,,https://www.glossy.co/wp-content/uploads/sites/4/2026/05/Portrait-glossy-brand-1140x520-0520.jpg
"Aug 22, 2026 @ 19:38:56.250",e3fb35dcb7c89a0458c305f971c6d241,https://www.glossy.co/fashion/the-ai-paradox-marketers-trust-ai-to-buy-media-not-build-brands/,"The AI paradox: Marketers trust AI to buy media, not build brands",Some executives are wary of AI-generated creative ideas while using automated tools to brainstorm campaigns.,Kimeko McCoy,2026-05-27T04:00:00+00:00,,https://www.glossy.co/wp-content/uploads/sites/4/2026/05/image002.jpg
"Aug 22, 2026 @ 19:38:56.308",626b658c7e03810d5c9dc6aef5b2f39b,https://www.glossy.co/fashion/fashion-briefing-fashion-resale-is-finally-ready-for-primetime/,Fashion Briefing: Fashion resale is finally ready for primetime,"Secondhand fashion has gone from a niche way to save money to a legitimate, mainstream phenomenon.",Danny Parisi,2026-05-21T04:01:00+00:00,,https://www.glossy.co/wp-content/uploads/sites/4/2026/05/Shot_01_Fashionphile_CardiB_Stills_151.jpg?w=10000
"Aug 22, 2026 @ 19:38:56.311",d4fc17162d94dce0c90db1dbdfd75eec,https://www.glossy.co/podcasts/glossy-podcast-whats-motivating-and-whos-buying-ai-companies-streetwear-merch/,Glossy Podcast: What's motivating — and who's buying — AI companies' streetwear merch?,"Over the last year, big tech and AI companies have started to get into the fashion game by releasing streetwear-inspired drops.",Danny Parisi,2026-08-14T04:00:00+00:00,,https://www.glossy.co/wp-content/uploads/sites/4/2026/08/Portrait-glossy-brand-1140x520-0813.jpg
"Aug 22, 2026 @ 19:38:56.314",1c7ed43687227fe69a6ce243995cbb32,https://www.glossy.co/podcasts/copenhagen-fashion-week-20-years-future-ganni/,Copenhagen Fashion Week built the Scandi boom. Can it still grow another Ganni?,"As Copenhagen Fashion Week celebrates 20 years of shaping global fashion, Natalie Salmon joins the glossy Podcast to discuss what comes next.",Zofia Zwieglinska,2026-08-07T04:00:00+00:00,,https://www.glossy.co/wp-content/uploads/sites/4/2026/08/Portrait-glossy-brand-1140x520-0805.jpg
"Aug 22, 2026 @ 19:38:56.317",e18f83f5fa18cd6ac4303d3065fa426a,https://www.glossy.co/podcasts/method-dressing-red-carpet-micaela-erlanger/,"As Zendaya spins another ‘Spider-Man’ fashion story, Micaela Erlanger explains method dressing’s next era",Lupita Nyong’o and Meryl Streep stylist Micaela Erlanger discusses the rise of method dressing and limits of literal red-carpet references.,Zofia Zwieglinska,2026-07-31T04:00:00+00:00,,https://www.glossy.co/wp-content/uploads/sites/4/2026/07/Portrait-glossy-brand-l-0730.jpg
"Aug 22, 2026 @ 19:38:56.326",66209919bfa8c23608867247f7ce32c7,https://www.glossy.co/fashion/no-1-in-womens-swimwear-for-10-years-target-is-refining-its-approach-to-the-category/,"No. 1 in women's swimwear for 10 years, Target is refining its approach to the category","Target has held the No. 1 market share in swim for the past decade. But, it's refocusing on its merchandising authority in the category based on industry-wide initiatives.",Zofia Zwieglinska,2026-05-21T04:04:00+00:00,,https://www.glossy.co/wp-content/uploads/sites/4/2026/05/Untitled-design-64.png?w=1920
"Aug 22, 2026 @ 19:38:56.333",62e6597c8ccbcaf3545baf9868832f5f,https://www.glossy.co/events/glossy-pop-nyc-sep-2026/,Glossy Pop NYC,Glossy Pop NYC is the ultimate event for beauty lovers looking to get up close and personal with the industry’s most exciting brands and content creators.,,,,https://www.glossy.co/wp-content/uploads/sites/4/2025/03/glossy_pop_nyc_8-1.gif?w=1500
"Aug 22, 2026 @ 19:38:56.338",22cdeafd3c440678d509ee3517e3e021,https://www.glossy.co/fashion/luxury/simkhai-is-building-an-ai-storefront-for-shoppers-who-dont-know-what-to-search/,Simkhai is building an AI storefront for shoppers who don’t know what to search,"Simkhai is preparing to launch a separate AI-powered digital ""storefront"" designed to bring more of its in-store styling experience online.",Zofia Zwieglinska,2026-05-18T04:03:00+00:00,,https://www.glossy.co/wp-content/uploads/sites/4/2026/05/Screenshot-2026-05-15-at-4.20.49-PM.png
"Aug 22, 2026 @ 19:38:56.345",989808a5e947ffd2c84876707011aa59,https://www.glossy.co/events/ai-marketing-strategies-sep-2026/,AI Marketing Strategies,Join us for AI Marketing Strategies as we map out the state of play of an industry being reshaped by AI.,,,,
"Aug 22, 2026 @ 19:38:56.452",f7ee5f3008c4930c711acbebc74f4c13,https://www.glossy.co/fashion/everlanes-sale-to-shein-shows-the-limits-of-sustainability-led-fashion-brands/,Everlane’s sale to Shein shows the limits of sustainability-led fashion brands,Everlane’s reported sale to Shein shows how sustainability-led DTC brands are struggling to compete in today's retail environment.,Zofia Zwieglinska,2026-05-18T23:48:21+00:00,,https://www.glossy.co/wp-content/uploads/sites/4/2026/05/Screenshot-2026-05-18-at-21.57.14.png?w=2936
"Aug 22, 2026 @ 19:38:56.455",492b78aa87b3c74a0c9a60478e76b046,https://www.glossy.co/events/brand-leaders-dinner-nyc-sep-2026/,Brand Leaders Dinner NYC,"The Glossy x Modern Retail Brand Leaders Dinner is an exclusive, invitation-only dinner bringing together influential brand executives to discuss their biggest challenges and industry opportunities.",Jennifer McCreary,,,https://www.modernretail.co/wp-content/uploads/sites/5/2026/07/globalpaymentsdinner_sep2026.png
"Aug 22, 2026 @ 19:38:56.487",4c97a28c87c90c61018d110d66d61a9b,https://www.glossy.co/beauty/brand-leaders-share-winning-retail-strategies-at-glossys-new-rules-of-retail-town-hall/,The new rules of retail include buying into retail media networks,"The American retail landscape has changed thanks to the closure of thousands of drugstores, the consolidation of luxury department stores, and the dramatic growth of the off-price channel. Juxtaposed with Gen Z’s growing preference toward in-store discovery, it has left many brand leaders unsure of the right retail strategy. The latest quarterly digital Town Hall meeting dove into these topics and more.",Lexy Lebsack,2026-05-18T04:01:00+00:00,,https://www.glossy.co/wp-content/uploads/sites/4/2026/05/pexels-cottonbro-6068950.jpg
"Aug 22, 2026 @ 19:38:56.563",a334817f63f515d73519781bbb115929,https://www.glossy.co/fashion/page/7/,Fashion Archives,"How fashion brands are trading storefronts for temporary pop-ups, no-inventory showrooms, modern markets and exclusive customers experiences.",,,,
"Aug 22, 2026 @ 19:38:56.592",96d18a8b2828d5472cf8df62dca7f700,https://www.glossy.co/research/glossy-research-marketers-ai-use-rises-but-tech-skills-stall/,"Glossy+ Research: Marketers’ AI use rises, but tech skills stall","As AI technology evolves and becomes more complex, many marketers say training employees on how to best use AI tools lags behind overall adoption.","Catherine Wolf, Li Lu",2026-05-18T04:00:00+00:00,,https://www.glossy.co/wp-content/uploads/sites/4/2023/05/Revolve.jpeg
"Aug 22, 2026 @ 19:38:56.677",8480ad60869522bf9baf486009271886,https://www.glossy.co/fashion/luxury/burberry-adopts-a-coach-style-playbook-built-on-scarf-bars-swimwear-and-activewear/,"Burberry adopts a Coach-style playbook built on scarf bars, swimwear and activewear","Burberry’s turnaround efforts are reading more like a Coach-style playbook: make the brand’s most recognizable codes easier to shop, easier to understand and more culturally visible.",Zofia Zwieglinska,2026-05-15T04:02:00+00:00,,https://www.glossy.co/wp-content/uploads/sites/4/2026/05/Burberry-Summer-2026-The-Impression-008-1-scaled-1.jpg
"Aug 22, 2026 @ 19:38:56.723",4c9dd62843c22174c46b7106462ebff6,https://www.glossy.co/fashion/fashion-briefing-canadian-fashion-brands-are-caught-between-geopolitical-tensions-and-the-lucrative-us-market/,Fashion Briefing: Canadian fashion brands are caught between geopolitical tensions and the lucrative US market,Glossy spoke with several Canada-based brands that are in the midst of expansions into the U.S. market about the challenges they've faced.,Danny Parisi,2026-05-14T04:00:00+00:00,,https://www.glossy.co/wp-content/uploads/sites/4/2026/05/blazejosh-canada-day-5370632.jpg
"Aug 22, 2026 @ 19:38:56.797",b027ab828cd05fa5da14805ae52db919,https://www.glossy.co/fashion/with-tariffs-looming-fashion-and-beauty-brands-weigh-passing-on-costs-to-customers/,"With tariffs looming, fashion and beauty brands weigh passing on costs to customers","It’s an unprecedented and chaotic time for consumers, already pressured by stagnating wages and now dealing with rapid price increases, and brands, which are deciding how to deal with their own increased costs.",Danny Parisi,2025-02-10T05:05:00+00:00,,https://www.glossy.co/wp-content/uploads/sites/4/2025/02/Collection_Banner-_DESKTOP2_7aacf1a6-73c0-4d4d-a4d5-1f27dfc5d844.jpg
"Aug 22, 2026 @ 19:38:56.821",07077214ad7fe936966cd288ff9eb0d2,https://www.glossy.co/fashion/luxury/how-canadian-outerwear-brands-are-navigating-new-tariffs/,Luxury Briefing: How Canadian outerwear brands are navigating new tariffs,"With luxury prices soaring, outerwear brands like Moose Knuckles and Soia & Kyo are seizing a clear market gap. BWith luxury prices soaring, outerwear brands like Moose Knuckles and Soia & Kyo are seizing a clear market gap. But rising tariffs are making North America a tougher bet, forcing Canadian brands to look abroad for profitable growth.ut rising tariffs are making North America a tougher bet, forcing Canadian brands to look abroad for profitable growth.",Zofia Zwieglinska,2025-09-03T04:02:00+00:00,,https://www.glossy.co/wp-content/uploads/sites/4/2025/09/HEAVYWEIGHT_GROUP_Shot34_16x9_03.jpg?w=12652
"Aug 22, 2026 @ 19:38:56.903",b536129c2e41748976e9402592e457d7,https://www.glossy.co/fashion/how-a-canadian-fashion-retailer-is-looking-to-popularize-local-brands/,How a Canadian fashion retailer is looking to popularize local brands,"Outside of Canada Goose, Canada does not have many fashion brands that are household names -- especially high fashion names.",Danny Parisi,2019-01-07T05:00:10+00:00,,https://www.glossy.co/wp-content/uploads/sites/4/2019/01/Screen-Shot-2019-01-04-at-3.57.43-PM.png
"Aug 22, 2026 @ 19:38:56.908",33f7cf32bf31065f9644c3965bf632fd,https://www.glossy.co/series/fashion-podcast/,The Glossy Fashion Podcast Archives,Each Glossy Fashion Podcast episode features candid conversations about how today’s trends are shaping the future of the fashion industry.,,,,
"Aug 22, 2026 @ 19:38:56.959",bb9282555ca1591a53fd1c652668e162,https://www.glossy.co/fashion/how-larroudes-ceo-built-an-ai-system-to-run-the-business-faster/,How Larroudé’s CEO built an AI system to improve and expedite business operations,"Larroudé CEO Ricardo Larroudé is building an internal AI system to connect sales, inventory, manufacturing and marketing across the footwear company.",Zofia Zwieglinska,2026-05-13T04:04:00+00:00,,https://www.glossy.co/wp-content/uploads/sites/4/2026/05/Screenshot-2026-05-12-at-4.48.24-PM.png?w=2196
"Aug 22, 2026 @ 19:38:56.963",e6f1e790d2fff2cc2a367b6db615c43c,https://www.glossy.co/series/pop-newsletter/,Glossy Pop Newsletter Archives,,,,,
"Aug 22, 2026 @ 19:38:57.046",29c595f48c7b971669a3b224be4ff6e1,https://www.glossy.co/fashion/why-swatchs-collaboration-with-audemars-piguet-is-creating-the-most-hype-ever-for-a-new-watch/,Why Swatch's collaboration with Audemars Piguet is creating 'the most hype ever' for a new watch,"The watch-collecting community was set ablaze this past weekend, thanks to Swatch Group teasing an unexpected collaboration with Audemars Piguet.",Danny Parisi,2026-05-11T22:17:21+00:00,,https://www.glossy.co/wp-content/uploads/sites/4/2026/05/Screenshot-2026-05-11-at-5.17.25-PM.png?w=1988
"Aug 22, 2026 @ 19:38:57.049",ca4eac406d1824c59ad0d9046f6647b9,https://www.glossy.co/fashion/on-crosses-1-billion-in-quarterly-sales-as-new-ceos-push-into-full-look-dressing/,On crosses $1 billion in quarterly sales as new CEOs push into full-look dressing,"On’s Q1 results showed record sales, rising margins and surging apparel growth. Now, co-CEO David Allemann says Zendaya, stores and younger consumers are helping the brand move from footwear into full-identity dressing.",Zofia Zwieglinska,2026-05-12T13:23:26+00:00,,https://www.glossy.co/wp-content/uploads/sites/4/2026/05/ss26-zendaya_brand_build-pad-head_to_toe_still-16x9-z-srgb-02.jpg?w=6208
"Aug 22, 2026 @ 19:38:57.118",66d604ad7cce08eb2391318ddc303882,https://www.glossy.co/fashion/abercrombie-sperry-collaboration-footwear-strategy/,"1 month in, Abercrombie's test with Sperry proves the potential of A&F footwear","One month after Abercrombie & Fitch launched its Sperry collaboration, the retailer is confident that footwear can become a bigger part of its growth strategy.",Zofia Zwieglinska,2026-05-11T04:02:00+00:00,,https://www.glossy.co/wp-content/uploads/sites/4/2026/05/Untitled-design-63.png?w=1920
"Aug 22, 2026 @ 19:38:57.184",ad90a449378857fcc8293dd7970dd638,https://www.glossy.co/fashion/chaos-and-confusion-in-the-strait-of-hormuz-could-drive-apparel-production-costs-up-15/,Chaos and confusion in the Strait of Hormuz could drive apparel production costs up 15%,"Much concern about the Strait of Hormuz has focused on the lack of oil being shipped through it, but clothing brands are also at a standstill.",Danny Parisi,2026-05-08T21:27:47+00:00,,https://www.glossy.co/wp-content/uploads/sites/4/2020/12/AdobeStock_384737144.jpeg
"Aug 22, 2026 @ 19:38:57.253",20c49cec271e36cc8b2d0a8e7425afe0,https://www.glossy.co/podcasts/fashion-businesses-want-immediate-contributions-an-fit-professors-take-on-the-challenging-fashion-labor-market/,'Fashion businesses want immediate contributions': An FIT professor on the 'challenging' fashion labor market,"On this week's Glossy Podcast, senior fashion reporter Danny Parisi spoke with Keith Fraley, a professor of fashion business management, about the challenges facing new graduates and others seeking entry-level roles in the fashion industry.",Danny Parisi,2026-05-08T04:05:00+00:00,,https://www.glossy.co/wp-content/uploads/sites/4/2026/05/Portrait-glossy-1140x520-10.jpg
"Aug 22, 2026 @ 19:38:57.265",c634291645f6c06e0569bb3ab33dd093,https://www.glossy.co/fashion/the-other-bachelorette-trip-brand-how-the-pheloung-sisters-fueled-excitement-for-their-phe-phe-collection/,The other bachelorette trip brand: How the Pheloung sisters fueled excitement for their Phe Phe collection,"Long before they set foot on ""Acquired Air,"" the temporary name Brigette Pheloung gave the jet transferring her 16 guests to her April 23 bachelorette party in St. Barth's, she and her twin sister were planning the launch of the next collection by their clothing brand, Phe Phe.",Sara Spruch-Feiner,2026-05-08T04:03:00+00:00,,https://www.glossy.co/wp-content/uploads/sites/4/2026/05/phe-phe.png?w=1600
"Aug 22, 2026 @ 19:38:57.340",214e12014981fcd0dae85285d5d45c0f,https://www.glossy.co/fashion/5-takeaways-from-glossys-leaders-dinner-retails-growth-playbook-is-getting-more-human/,5 takeaways from Glossy’s Leaders Dinner: Retail’s growth playbook is getting more human,"During the most recent Glossy and Modern Retail Leaders Dinner, brand and retail leaders discussed the current dynamics impacting their growth.",Zofia Zwieglinska,2026-05-08T04:02:00+00:00,,https://www.glossy.co/wp-content/uploads/sites/4/2026/05/9425-1.jpg
"Aug 22, 2026 @ 19:38:57.345",d4fc17162d94dce0c90db1dbdfd75eec,https://www.glossy.co/podcasts/glossy-podcast-whats-motivating-and-whos-buying-ai-companies-streetwear-merch/,Glossy Podcast: What's motivating — and who's buying — AI companies' streetwear merch?,"Over the last year, big tech and AI companies have started to get into the fashion game by releasing streetwear-inspired drops.",Danny Parisi,2026-08-14T04:00:00+00:00,,https://www.glossy.co/wp-content/uploads/sites/4/2026/08/Portrait-glossy-brand-1140x520-0813.jpg
"Aug 22, 2026 @ 19:38:57.406",291e4ec0291867407046aba0fcfd4cec,https://www.glossy.co/fashion/luxury/luxury-briefing-pinterests-luxury-pitch-is-ai-discovery-not-ai-answers/,"Luxury Briefing: Pinterest’s luxury pitch is AI discovery, not AI answers","For the Luxury Briefing, Heather Clark, head of fashion and luxury at Pinterest U.K., discusses the company’s luxury strategy following the company's earnings on Monday.",Zofia Zwieglinska,2026-05-08T04:00:00+00:00,,https://www.glossy.co/wp-content/uploads/sites/4/2026/05/Screenshot-2026-05-07-at-19.40.25.png?w=2928
"Aug 22, 2026 @ 19:38:57.411",1c7ed43687227fe69a6ce243995cbb32,https://www.glossy.co/podcasts/copenhagen-fashion-week-20-years-future-ganni/,Copenhagen Fashion Week built the Scandi boom. Can it still grow another Ganni?,"As Copenhagen Fashion Week celebrates 20 years of shaping global fashion, Natalie Salmon joins the glossy Podcast to discuss what comes next.",Zofia Zwieglinska,2026-08-07T04:00:00+00:00,,https://www.glossy.co/wp-content/uploads/sites/4/2026/08/Portrait-glossy-brand-1140x520-0805.jpg
"Aug 22, 2026 @ 19:38:57.415",e18f83f5fa18cd6ac4303d3065fa426a,https://www.glossy.co/podcasts/method-dressing-red-carpet-micaela-erlanger/,"As Zendaya spins another ‘Spider-Man’ fashion story, Micaela Erlanger explains method dressing’s next era",Lupita Nyong’o and Meryl Streep stylist Micaela Erlanger discusses the rise of method dressing and limits of literal red-carpet references.,Zofia Zwieglinska,2026-07-31T04:00:00+00:00,,https://www.glossy.co/wp-content/uploads/sites/4/2026/07/Portrait-glossy-brand-l-0730.jpg
"Aug 22, 2026 @ 19:38:57.422",62e6597c8ccbcaf3545baf9868832f5f,https://www.glossy.co/events/glossy-pop-nyc-sep-2026/,Glossy Pop NYC,Glossy Pop NYC is the ultimate event for beauty lovers looking to get up close and personal with the industry’s most exciting brands and content creators.,,,,https://www.glossy.co/wp-content/uploads/sites/4/2025/03/glossy_pop_nyc_8-1.gif?w=1500
"Aug 22, 2026 @ 19:38:57.475",702ede57150beca42bfbb8f69823cbf6,https://www.glossy.co/fashion/fashion-briefing-how-steve-madden-is-using-resale-to-hedge-against-tariffs/,Fashion Briefing: How Steve Madden is using resale to 'hedge against tariffs',Steve Madden has been weathering the retail storm better than expected. All of its core brands have grown over the last year.,Danny Parisi,2026-05-07T04:02:00+00:00,,https://www.glossy.co/wp-content/uploads/sites/4/2026/05/5.jpg_HOMEPAGE_NO_CTA_DESKTOP_HERO.jpg
"Aug 22, 2026 @ 19:38:57.483",a4a5436e6db03b37a0b9078fa89269e6,https://www.glossy.co/fashion/chanel-domination-and-anti-bezos-backlash-5-takeaways-from-the-met-gala-red-carpet/,Chanel domination and anti-Bezos backlash: 5 takeaways from the Met Gala red carpet,"The Met Gala is often called the biggest night in fashion, but there were some notable absences this year. Gala mainstays like Zendaya and Bella Hadid, as well as figures who have attended in the past, like the mayor of New York City, all abstained from the event.",Danny Parisi,2026-05-05T04:04:00+00:00,,https://www.glossy.co/wp-content/uploads/sites/4/2026/05/GapStudio_Getty_2_f0ac2e.jpg
"Aug 22, 2026 @ 19:38:57.486",492b78aa87b3c74a0c9a60478e76b046,https://www.glossy.co/events/brand-leaders-dinner-nyc-sep-2026/,Brand Leaders Dinner NYC,"The Glossy x Modern Retail Brand Leaders Dinner is an exclusive, invitation-only dinner bringing together influential brand executives to discuss their biggest challenges and industry opportunities.",Jennifer McCreary,,,https://www.modernretail.co/wp-content/uploads/sites/5/2026/07/globalpaymentsdinner_sep2026.png
"Aug 22, 2026 @ 19:38:57.490",989808a5e947ffd2c84876707011aa59,https://www.glossy.co/events/ai-marketing-strategies-sep-2026/,AI Marketing Strategies,Join us for AI Marketing Strategies as we map out the state of play of an industry being reshaped by AI.,,,,
"Aug 22, 2026 @ 19:38:57.548",4d45d9fc8081f3ba53e432beccfe33e0,https://www.glossy.co/podcasts/the-devil-wears-prada-2-reflects-a-vastly-changed-fashion-landscape/,'The Devil Wears Prada 2' reflects a vastly changed fashion landscape,"In this spoiler-filled Glossy Podcast episode, we talk about how the industry has changed in the 20 years since the original ""Devil Wears Prada"" was released and examine what the movie says about the current state of fashion.",Danny Parisi,2026-05-01T21:00:00+00:00,,https://www.glossy.co/wp-content/uploads/sites/4/2026/05/Portrait-glossy-brand-1140x520-2.jpg
"Aug 22, 2026 @ 19:38:57.643",162f26b25b18670e06f03d6640913b58,https://www.glossy.co/fashion/luxury/a-story-of-2-luxury-sandals-pradas-and-chanels-footwear-buzz-reflects-the-brands-businesses-for-worse-and-for-better/,"A tale of 2 sandals: Prada's and Chanel's footwear buzz reflects the brands' businesses, for worse and for better","Chanel’s barely-there sandal became an instant talking point, while Prada’s became a stress point as other houses pulled ahead.",Zofia Zwieglinska,2026-05-01T04:02:00+00:00,,https://www.glossy.co/wp-content/uploads/sites/4/2026/05/Screenshot-2026-05-05-at-12.06.17.png?w=2930
"Aug 22, 2026 @ 19:38:57.681",d518bc96899f72b13c7e40764e5266bb,https://www.glossy.co/fashion/page/8/,Fashion Archives,"How fashion brands are trading storefronts for temporary pop-ups, no-inventory showrooms, modern markets and exclusive customers experiences.",,,,
"Aug 22, 2026 @ 19:38:57.718",8e3ce35b531059055cbccc0d369002d0,https://www.glossy.co/fashion/fashion-briefing-prediction-markets-like-kalshi-and-polymarket-are-coming-for-the-fashion-industry/,Fashion Briefing: Prediction markets like Kalshi and Polymarket are coming for the fashion industry,"As betting markets continue to rise in popularity, industry experts say their prevalence in fashion will only grow. But betting markets have also faced significant criticism, which may discourage fashion companies from working too closely with them.",Danny Parisi,2026-04-30T04:00:00+00:00,,https://www.glossy.co/wp-content/uploads/sites/4/2026/04/stocksnap-continent-2592067.jpg?w=5472
"Aug 22, 2026 @ 19:38:57.721",33f7cf32bf31065f9644c3965bf632fd,https://www.glossy.co/series/fashion-podcast/,The Glossy Fashion Podcast Archives,Each Glossy Fashion Podcast episode features candid conversations about how today’s trends are shaping the future of the fashion industry.,,,,
"Aug 22, 2026 @ 19:38:57.734",365e64a64b95b1ef4930510f104ca3af,https://www.glossy.co/fashion/how-wrangler-used-spotify-and-out-of-home-advertising-to-show-up-at-stagecoach/,How Wrangler used Spotify and out-of-home advertising to show up at Stagecoach,"Wrangler's Stagecoach strategy included strategically placed out-of-home advertisements, including billboards along the highway leading to the Coachella Valley and signage at the baggage claim at the Palm Springs Airport.",Danny Parisi,2026-04-28T04:02:00+00:00,,https://www.glossy.co/wp-content/uploads/sites/4/2026/04/Screenshot-2026-04-27-at-8.26.07-PM.png?w=2666
"Aug 22, 2026 @ 19:38:57.856",91b42e6da5e6ee0a07e7153d2d298106,https://www.glossy.co/fashion/wranglers-womens-business-is-growing-thanks-to-the-cowboy-trend/,Wrangler's women's business is growing thanks to the cowboy trend,"Wrangler's current focus is capitalizing on the cowboy trend with a series of collaborations. The latest is a partnership with Diamond Cross Ranch, an iconic ranch and event space in Jackson Hole, Wyoming.",Danny Parisi,2024-04-22T04:05:00+00:00,,https://www.glossy.co/wp-content/uploads/sites/4/2024/04/DIAMONDCROSS_2_0131.jpg?w=1024
"Aug 22, 2026 @ 19:38:57.901",a615f2f3bacbbe17d451f8757391bd23,https://www.glossy.co/beauty/beauty-wellness-briefing-as-competition-at-festivals-heats-up-brands-find-new-ways-to-stand-out/,"Beauty & Wellness Briefing: As competition at festivals heats up, brands find new ways to stand out","This week, I checked in with beauty marketers to learn how the out-of-home and proximity marketing strategy for music festivals like Coachella and Stagecoach has evolved as festival popularity grows and execs target more diverse festival experiences.",Lexy Lebsack,2025-04-29T04:04:00+00:00,,https://www.glossy.co/wp-content/uploads/sites/4/2025/04/Beauty-briefing-banner-1.png
"Aug 22, 2026 @ 19:38:57.937",6eaac9aeee8c707a464ec052411a74df,https://www.glossy.co/fashion/why-its-thrift-stores-time-to-shine/,Welcome to the golden age of thrifting,"Whether occurring at Savers or on resale platforms, thrifting is evolving into a core consumer behavior, reshaping how shoppers discover, buy and value fashion.",Zofia Zwieglinska,2026-04-27T04:02:00+00:00,,https://www.glossy.co/wp-content/uploads/sites/4/2026/04/eBay_NYC_Edit_2.jpg
"Aug 22, 2026 @ 19:38:57.956",a24d26c11a431029ab44ffe318fce3c9,https://www.glossy.co/fashion/american-eagles-next-marketing-move-sponsoring-stagecoach/,American Eagle's next marketing move? Sponsoring Stagecoach,"On the heels of its February 11 announcement naming rising country musician Ella Langley as its newest brand face, American Eagle is unveiling another big music move: It will serve as the exclusive apparel and denim sponsor of Stagecoach, the world’s largest country music festival.",Sara Spruch-Feiner,2026-02-25T05:05:00+00:00,,https://www.glossy.co/wp-content/uploads/sites/4/2026/02/File.jpg
"Aug 22, 2026 @ 19:38:58.073",ad3c60f8602c5b1cb358869c17cb9c51,https://www.glossy.co/podcasts/can-kerings-comprehensive-plan-really-turn-things-around/,Can Kering's comprehensive plan really turn things around?,"On the Glossy Podcast, senior fashion reporter Danny Parisi and international reporter Zofia Zwieglinska discuss what was wrong with Kering's previous strategy, what new CEO Luca de Meo's new plan entails, and how likely it is to succeed.",Danny Parisi,2026-04-24T04:01:00+00:00,,https://www.glossy.co/wp-content/uploads/sites/4/2026/04/Portrait-glossy-brand-1140x520-0423.jpg
"Aug 22, 2026 @ 19:38:58.126",059005cce7fdc833ec4fd2590e4bf24c,https://www.glossy.co/fashion/luxury/luxury-briefing-demellier-is-growing-by-doing-less-and-focusing-on-craftsmanship/,Luxury Briefing: How DeMellier is increasing demand while doing less,"According to DeMellier founder Mireia Llusia-Lindh, the cult U.K. bag brand is leaning into craftsmanship and alternative materials to build loyalty in a tougher luxury market.",Zofia Zwieglinska,2026-04-24T04:00:00+00:00,,https://www.glossy.co/wp-content/uploads/sites/4/2026/04/Midi-Stockholm-Deep-Khaki-Perforated-Suede_SS26-Campaign.jpg?w=5028
"Aug 22, 2026 @ 19:38:58.158",508824891827e1fd6eda66c5f94a8b7e,https://www.glossy.co/fashion/nikes-marathon-billboard-backlash-inspires-new-asics-and-ecco-campaigns/,Nike’s marathon billboard backlash inspires new Asics and Ecco campaigns,"After Nike removed a controversial Boston Marathon sign late last week, Asics and Ecco responded with messaging focused on inclusivity and everyday movement.",Zofia Zwieglinska,2026-04-23T04:00:00+00:00,,https://www.glossy.co/wp-content/uploads/sites/4/2026/04/Untitled-design-62.png
"Aug 22, 2026 @ 19:38:58.185",4f7ac7bbd1ad7f6d39f6f62542e30831,https://www.glossy.co/fashion/fashion-briefing-why-rolex-discontinued-one-of-its-most-iconic-and-coveted-watch-models/,Fashion Briefing: Why Rolex discontinued one of its most iconic and coveted watch models,"The discontinuation of the Pepsi watch is a ""seismic moment"" in the watch industry that will be discussed for decades, experts say.",Danny Parisi,2026-04-23T04:03:00+00:00,,https://www.glossy.co/wp-content/uploads/sites/4/2026/04/watch-hand-clock-wrist-watch-automatic-strap-932705-pxhere.com_.jpg
"Aug 22, 2026 @ 19:38:58.306",8b562f9ed5cf1bcd29efa942498eb33b,https://www.glossy.co/fashion/uniqlo-bets-on-neighborhood-stores-to-scale-us-growth-starting-in-new-york/,"Uniqlo bets on neighborhood stores to scale US growth, starting in New York","Uniqlo is reworking its New York retail strategy, shifting from flagship-led growth to a network of neighborhood stores designed to capture daily foot traffic and repeat visits.",Zofia Zwieglinska,2026-04-21T04:05:00+00:00,,https://www.glossy.co/wp-content/uploads/sites/4/2026/04/IMG_3384.jpeg?w=8256
"Aug 22, 2026 @ 19:38:58.349",c749d66a341a60e83809cd59bc7947e3,https://www.glossy.co/research/glossy-research-3-out-of-4-brand-leaders-are-using-ai-for-data-analysis-but-roi-on-ai-spend-remains-modest/,"Glossy Research: 3 out of 4 brand leaders are using AI for data analysis, but ROI on AI spend remains modest","At our AI Marketing Strategies event, Glossy surveyed dozens of business leaders about how they use AI and the results they've seen so far.",Danny Parisi,2026-04-21T04:04:00+00:00,,https://www.glossy.co/wp-content/uploads/sites/4/2025/11/Grid.png
"Aug 22, 2026 @ 19:38:58.373",21fafa32c04bde123dff7a75c0c2cefb,https://www.glossy.co/fashion/cider-joins-revolve-and-shein-as-online-fashion-brands-open-permanent-retail-stores/,Cider joins Revolve and Shein as online fashion brands open permanent retail stores,"After years of testing, Cider has opened its first permanent store in its hometown of Los Angeles.",Danny Parisi,2026-04-21T04:00:00+00:00,,https://www.glossy.co/wp-content/uploads/sites/4/2026/04/1775818793000-ikqsex.jpg
"Aug 22, 2026 @ 19:38:58.377",d4fc17162d94dce0c90db1dbdfd75eec,https://www.glossy.co/podcasts/glossy-podcast-whats-motivating-and-whos-buying-ai-companies-streetwear-merch/,Glossy Podcast: What's motivating — and who's buying — AI companies' streetwear merch?,"Over the last year, big tech and AI companies have started to get into the fashion game by releasing streetwear-inspired drops.",Danny Parisi,2026-08-14T04:00:00+00:00,,https://www.glossy.co/wp-content/uploads/sites/4/2026/08/Portrait-glossy-brand-1140x520-0813.jpg
"Aug 22, 2026 @ 19:38:58.383",1c7ed43687227fe69a6ce243995cbb32,https://www.glossy.co/podcasts/copenhagen-fashion-week-20-years-future-ganni/,Copenhagen Fashion Week built the Scandi boom. Can it still grow another Ganni?,"As Copenhagen Fashion Week celebrates 20 years of shaping global fashion, Natalie Salmon joins the glossy Podcast to discuss what comes next.",Zofia Zwieglinska,2026-08-07T04:00:00+00:00,,https://www.glossy.co/wp-content/uploads/sites/4/2026/08/Portrait-glossy-brand-1140x520-0805.jpg
"Aug 22, 2026 @ 19:38:58.388",e18f83f5fa18cd6ac4303d3065fa426a,https://www.glossy.co/podcasts/method-dressing-red-carpet-micaela-erlanger/,"As Zendaya spins another ‘Spider-Man’ fashion story, Micaela Erlanger explains method dressing’s next era",Lupita Nyong’o and Meryl Streep stylist Micaela Erlanger discusses the rise of method dressing and limits of literal red-carpet references.,Zofia Zwieglinska,2026-07-31T04:00:00+00:00,,https://www.glossy.co/wp-content/uploads/sites/4/2026/07/Portrait-glossy-brand-l-0730.jpg
"Aug 22, 2026 @ 19:38:58.429",e32661e921cc1d31785f0d50772d81d7,https://www.glossy.co/research/glossy-research-expectations-around-ai-are-straining-brand-agency-relationships/,Glossy+ Research: Expectations around AI are straining brand-agency relationships,"Overall, agencies’ top concerns this year are client spending and the effects of AI.","Li Lu, Catherine Wolf",2026-04-20T04:00:00+00:00,,https://www.glossy.co/wp-content/uploads/sites/4/2026/04/pexels-karola-g2-6224.jpg
"Aug 22, 2026 @ 19:38:58.442",492b78aa87b3c74a0c9a60478e76b046,https://www.glossy.co/events/brand-leaders-dinner-nyc-sep-2026/,Brand Leaders Dinner NYC,"The Glossy x Modern Retail Brand Leaders Dinner is an exclusive, invitation-only dinner bringing together influential brand executives to discuss their biggest challenges and industry opportunities.",Jennifer McCreary,,,https://www.modernretail.co/wp-content/uploads/sites/5/2026/07/globalpaymentsdinner_sep2026.png
"Aug 22, 2026 @ 19:38:58.446",62e6597c8ccbcaf3545baf9868832f5f,https://www.glossy.co/events/glossy-pop-nyc-sep-2026/,Glossy Pop NYC,Glossy Pop NYC is the ultimate event for beauty lovers looking to get up close and personal with the industry’s most exciting brands and content creators.,,,,https://www.glossy.co/wp-content/uploads/sites/4/2025/03/glossy_pop_nyc_8-1.gif?w=1500
"Aug 22, 2026 @ 19:38:58.528",cb063db5265e9317169863c817be189b,https://www.glossy.co/fashion/at-coachella-gaps-hoodie-house-drove-over-1-million-views-a-5000-search-spike-and-packed-lines-during-weekend-1/,"At Coachella, Gap’s Hoodie House drove over 1 million views, a 5,000% search spike and packed lines during Weekend 1","Gap’s Hoodie House Coachella debut brought the kind of visibility most brands are chasing in their festival activations, especially as the event becomes more crowded.",Zofia Zwieglinska,2026-04-17T18:26:23+00:00,,https://www.glossy.co/wp-content/uploads/sites/4/2026/04/60A7035.jpg?w=3750
"Aug 22, 2026 @ 19:38:58.533",989808a5e947ffd2c84876707011aa59,https://www.glossy.co/events/ai-marketing-strategies-sep-2026/,AI Marketing Strategies,Join us for AI Marketing Strategies as we map out the state of play of an industry being reshaped by AI.,,,,
"Aug 22, 2026 @ 19:38:58.578",6803bf858548a414e7e98170bb2a8873,https://www.glossy.co/fashion/luxury/luxury-briefing-kerings-brand-by-brand-reset-from-gucci-to-mcqueen/,"Luxury Briefing: Kering’s brand-by-brand reset, from Gucci to McQueen","At Kering’s Capital Markets Day, CEO Luca de Meo laid out a detailed plan to reset each of the house's brands.",Zofia Zwieglinska,2026-04-17T04:02:00+00:00,,https://www.glossy.co/wp-content/uploads/sites/4/2026/04/Screenshot-2026-04-16-at-18.28.04.png
"Aug 22, 2026 @ 19:38:58.609",66518fa4dfb5c602bd8b06022fc017b5,https://www.glossy.co/podcasts/the-5-rules-for-launching-a-successful-wearable-tech-product/,The 5 fashion rules for wearable tech,Wearable tech has been hard to crack for tech and fashion brands.,Danny Parisi,2026-04-17T04:00:00+00:00,,https://www.glossy.co/wp-content/uploads/sites/4/2026/04/Portrait-glossy-brand-long-0416.jpg
"Aug 22, 2026 @ 19:38:58.661",4c323f661a9037a2ffb4773dc1d99193,https://www.glossy.co/fashion/page/11/,Fashion Archives,"How fashion brands are trading storefronts for temporary pop-ups, no-inventory showrooms, modern markets and exclusive customers experiences.",,,,
"Aug 22, 2026 @ 19:38:58.784",9ec38c7cc81fd927aa42b3a7ebebfa3e,https://www.glossy.co/fashion/fashion-briefing-gold-prices-are-skyrocketing-squeezing-the-jewelry-industrys-margins-in-uncomfortable-ways/,"Fashion Briefing: Gold prices are skyrocketing, squeezing the jewelry industry's margins in uncomfortable ways","The last year has seen the price of gold skyrocket, thanks to steady inflation and tensions in the Middle East.",Danny Parisi,2026-04-16T04:00:00+00:00,,https://www.glossy.co/wp-content/uploads/sites/4/2026/04/MID-ROLL_DESKTOP_2.webp
"Aug 22, 2026 @ 19:38:58.803",ea388a075c2c006275645bdb689984a4,https://www.glossy.co/fashion/hermes-sales-hit-a-slowdown-thanks-to-geopolitcal-developments-in-the-middle-east/,Hermès' sales hit a slowdown thanks to 'geopolitical developments' in the Middle East,"In Hermès' earnings, its performance missed estimates. Sales growth was 5.6% year over year, but analysts had been expecting growth of over 7%. And total revenues were $4.8 billion, compared to an estimated $4.9 billion.",Danny Parisi,2026-04-15T19:27:37+00:00,,https://www.glossy.co/wp-content/uploads/sites/4/2025/04/store-ZGAIXB9N-1.webp
"Aug 22, 2026 @ 19:38:58.833",04fd0869a79d17531b6fed2ec6882c68,https://www.glossy.co/fashion/amid-its-search-for-a-ceo-lululemon-responds-to-a-us-slowdown-with-a-product-reset/,"Amid search for a CEO, Lululemon responds to a US slowdown with a product reset","Lululemon is navigating a slowdown in its North America business, leaning on international growth to offset it and continuing the search for a permanent CEO — all while trying to reestablish its footing as a premium, product-led brand.",Zofia Zwieglinska,2026-03-18T04:01:00+00:00,,
"Aug 22, 2026 @ 19:38:58.901",616c7b82699ea06dedc57544448f7f78,https://www.glossy.co/fashion/lululemon-leadership-has-a-positive-outlook-for-2024-revenue/,Research Briefing: Lululemon leadership has a positive outlook for 2024 revenue,"In this edition of the Glossy+ Research Briefing, we analyze Lululemon’s first-quarter financial results, which the company reported yesterday. Investors are relieved to see sunnier predictions for the rest of the year.",Dania Gutierrez,2024-06-06T09:47:40+00:00,,https://www.glossy.co/wp-content/uploads/sites/4/2024/06/Screenshot-2024-06-06-at-4.46.23-AM.png
"Aug 22, 2026 @ 19:38:59.036",75a724b33d1e113625601e3a9a579e33,https://www.glossy.co/fashion/lululemon-expands-its-membership-program-introduces-third-party-brands/,"Lululemon expands its membership program, introduces third-party brands","In a move to create more robust wellness offerings at Lululemon, the brand has expanded its membership program to include outside fitness and wellness brands.",Tatiana Pile,2024-09-02T04:07:00+00:00,,https://www.glossy.co/wp-content/uploads/sites/4/2024/08/Screen-Shot-2024-08-30-at-4.09.51-PM.png
"Aug 22, 2026 @ 19:38:59.040",06c541aa374ced5687c5b4606ca1271b,https://www.glossy.co/fashion/reduced-discounting-core-products-cant-stop-lululemons-price-hikes/,Reduced discounting and a focus on core products can't stop Lululemon's price hikes,"In Lululemon’s fourth-quarter earnings call on Tuesday, CEO Calvin McDonald briefly touched on price hikes coming to the athleisure powerhouse.",Danny Parisi,2022-03-31T04:05:05+00:00,,https://www.glossy.co/wp-content/uploads/sites/4/2017/03/lulu-big.jpg
"Aug 22, 2026 @ 19:38:59.090",0a78acb384718e81375a8905480cb423,https://www.glossy.co/fashion/davids-bridal-at-saks-ceo-kelly-cook-on-partnering-with-boutiques-and-department-stores-to-hit-profit-goals/,David’s Bridal at Saks?: CEO Kelly Cook on partnering with boutiques and department stores to hit profit goals,"On Monday, David’s Bridal announced the launch of a wholesale business. Ahead of the news, Glossy met with David’s Bridal CEO Kelly Cook to learn more about the company’s growth and evolution plans, which also include opening shop-in-shops in department stores.",Jill Manoff,2026-03-17T11:11:46+00:00,,https://www.glossy.co/wp-content/uploads/sites/4/2026/03/VCW1001_IVYSTONE_VW_WS26_056.jpg
"Aug 22, 2026 @ 19:38:59.096",33f7cf32bf31065f9644c3965bf632fd,https://www.glossy.co/series/fashion-podcast/,The Glossy Fashion Podcast Archives,Each Glossy Fashion Podcast episode features candid conversations about how today’s trends are shaping the future of the fashion industry.,,,,
"Aug 22, 2026 @ 19:38:59.160",3b883f533a4ecb2add2284c67f114f46,https://www.glossy.co/fashion/some-creators-dont-see-immediate-value-in-instagrams-controversial-shop-the-look-ai-test/,Some creators don't see immediate value in Instagram’s controversial 'Shop the Look' AI test,"Instagram's controversial Shop the Look rollout didn't ask for creators' consent, nor did it tag products they've endorsed. What did they learn from it?",Alyssa Mercante,2026-03-18T04:00:00+00:00,,https://www.glossy.co/wp-content/uploads/sites/4/2020/04/influencer-marketing-.jpeg
"Aug 22, 2026 @ 19:38:59.258",58b674f08638aae6fa1b8edeee68833c,https://www.glossy.co/fashion/lulus-becomes-victorias-secrets-latest-brand-partner/,Lulus becomes Victoria's Secret's latest brand partner,"For Lulus, the appeal of selling on Victoria's Secret is the same as working with any of its other wholesale partners: customer acquisition.",Danny Parisi,2026-03-17T09:45:00+00:00,,https://www.glossy.co/wp-content/uploads/sites/4/2026/03/AboutUs_Workwithus_image1_desktop.webp
"Aug 22, 2026 @ 19:38:59.275",9489460509cc14f8f87fdabb273182eb,https://www.glossy.co/fashion/can-activewear-brands-launching-jeans-really-compete-in-the-denim-category/,Can activewear brands really compete in the denim category?,Experts say the move toward denim is likely driven by waning demand for activewear among American consumers.,Danny Parisi,2026-03-16T04:01:00+00:00,,https://www.glossy.co/wp-content/uploads/sites/4/2026/03/fabletics-denim-2-1.jpg?w=4800
"Aug 22, 2026 @ 19:38:59.327",3cebee4afa861b4ec5021a2764e5e7d9,https://www.glossy.co/fashion/why-nuuds-is-betting-on-the-forgotten-middle-with-its-first-nordstrom-launch/,Nuuds is betting on the ‘forgotten middle’ with its first Nordstrom launch,Nuuds will launch in four Nordstrom stores across middle-America markets including Houston and Denver. The move reflects a growing retail focus on customers outside coastal fashion hubs.,Zofia Zwieglinska,2026-03-16T04:00:00+00:00,,https://www.glossy.co/wp-content/uploads/sites/4/2026/03/Nuuds_21020260480_v2-1.jpg
"Aug 22, 2026 @ 19:38:59.369",ff7a519e1c703999ed97eee28498b4ba,https://www.glossy.co/fashion/luxury/luxury-briefing-clients-have-paused-on-purchases-as-middle-east-conflict-slows-mall-traffic/,"Luxury Briefing: ‘Clients have paused on purchases,' as Middle East conflict slows mall traffic","This week, I speak to experts and luxury fashion sources about the impact of the war on luxury shopping in the Middle East.",Zofia Zwieglinska,2026-03-13T04:03:00+00:00,,https://www.glossy.co/wp-content/uploads/sites/4/2026/03/919ac7d3-a3c6-4b46-bdd2-5eafd1456d66.jpg
"Aug 22, 2026 @ 19:38:59.461",275bf314a2b585448e6798903bd1b90e,https://www.glossy.co/podcasts/glossy-podcast-moda-operandis-marc-rofsky-on-the-brands-and-trends-that-stood-out-at-paris-fashion-week/,Glossy Podcast: Moda Operandi's Marc Rofsky on the brands and trends that stood out at Paris Fashion Week,"Moda has already begun rolling out this season's Paris Fashion Week collections for customers to shop and pre-order on its site, so Rofsky has a good view of what trends and brands are popping this season.",Danny Parisi,2026-03-13T04:00:00+00:00,,https://www.glossy.co/wp-content/uploads/sites/4/2026/03/glossy-podcast-0313.png
"Aug 22, 2026 @ 19:38:59.479",fe78750e6c816ebf7155e68aba3fe5b0,https://www.glossy.co/fashion/fashion-briefing-it-will-be-felt-everywhere-inside-the-impacts-of-rising-oil-prices-on-the-fashion-industry/,Fashion Briefing: 'It will be felt everywhere': How rising oil prices will impact the fashion industry,"The ways rising oil prices will affect fashion businesses and consumers are manifold. Experts told Glossy that brands will likely see increased operational costs on international shipping and the production of plastic or plastic-derived products and components. In addition, there's set to be a damper on consumer spending as shoppers devote more of their paychecks to energy costs.",Danny Parisi,2026-03-12T04:05:00+00:00,,https://www.glossy.co/wp-content/uploads/sites/4/2026/03/mostafa_meraji-sea-6811799_1920.jpg
"Aug 22, 2026 @ 19:38:59.483",d4fc17162d94dce0c90db1dbdfd75eec,https://www.glossy.co/podcasts/glossy-podcast-whats-motivating-and-whos-buying-ai-companies-streetwear-merch/,Glossy Podcast: What's motivating — and who's buying — AI companies' streetwear merch?,"Over the last year, big tech and AI companies have started to get into the fashion game by releasing streetwear-inspired drops.",Danny Parisi,2026-08-14T04:00:00+00:00,,https://www.glossy.co/wp-content/uploads/sites/4/2026/08/Portrait-glossy-brand-1140x520-0813.jpg
"Aug 22, 2026 @ 19:38:59.488",1c7ed43687227fe69a6ce243995cbb32,https://www.glossy.co/podcasts/copenhagen-fashion-week-20-years-future-ganni/,Copenhagen Fashion Week built the Scandi boom. Can it still grow another Ganni?,"As Copenhagen Fashion Week celebrates 20 years of shaping global fashion, Natalie Salmon joins the glossy Podcast to discuss what comes next.",Zofia Zwieglinska,2026-08-07T04:00:00+00:00,,https://www.glossy.co/wp-content/uploads/sites/4/2026/08/Portrait-glossy-brand-1140x520-0805.jpg
"Aug 22, 2026 @ 19:38:59.524",62921a4667a15dddfb408e5cd96f2c7d,https://www.glossy.co/fashion/as-saks-global-closes-more-stores-fashion-brands-weigh-alternative-sales-channels/,"As Saks Global closes more stores, fashion brands weigh alternative sales channels","For many years, the value proposition of a large department store like Saks Fifth Avenue is that the brands would benefit from the company's scale and exposure to its audience across the country. But with Saks scaling back its business and cutting regions outside of already-saturated markets like New York City, that value proposition is losing its sheen.",Danny Parisi,2026-03-10T04:00:00+00:00,,https://www.glossy.co/wp-content/uploads/sites/4/2026/03/Careers-Image-800x650px.jpg
"Aug 22, 2026 @ 19:38:59.530",e18f83f5fa18cd6ac4303d3065fa426a,https://www.glossy.co/podcasts/method-dressing-red-carpet-micaela-erlanger/,"As Zendaya spins another ‘Spider-Man’ fashion story, Micaela Erlanger explains method dressing’s next era",Lupita Nyong’o and Meryl Streep stylist Micaela Erlanger discusses the rise of method dressing and limits of literal red-carpet references.,Zofia Zwieglinska,2026-07-31T04:00:00+00:00,,https://www.glossy.co/wp-content/uploads/sites/4/2026/07/Portrait-glossy-brand-l-0730.jpg
"Aug 22, 2026 @ 19:38:59.535",62e6597c8ccbcaf3545baf9868832f5f,https://www.glossy.co/events/glossy-pop-nyc-sep-2026/,Glossy Pop NYC,Glossy Pop NYC is the ultimate event for beauty lovers looking to get up close and personal with the industry’s most exciting brands and content creators.,,,,https://www.glossy.co/wp-content/uploads/sites/4/2025/03/glossy_pop_nyc_8-1.gif?w=1500
"Aug 22, 2026 @ 19:38:59.541",492b78aa87b3c74a0c9a60478e76b046,https://www.glossy.co/events/brand-leaders-dinner-nyc-sep-2026/,Brand Leaders Dinner NYC,"The Glossy x Modern Retail Brand Leaders Dinner is an exclusive, invitation-only dinner bringing together influential brand executives to discuss their biggest challenges and industry opportunities.",Jennifer McCreary,,,https://www.modernretail.co/wp-content/uploads/sites/5/2026/07/globalpaymentsdinner_sep2026.png
"Aug 22, 2026 @ 19:38:59.595",49a082d8407593564f1d9e29f5894f4b,https://www.glossy.co/fashion/why-vintage-sellers-are-taking-resale-live/,Why vintage sellers are taking resale live,Vintage resellers are turning livestream auctions into booming businesses as platforms like Whatnot and eBay expand live shopping across fashion and resale.,Zofia Zwieglinska,2026-03-12T04:00:00+00:00,,https://www.glossy.co/wp-content/uploads/sites/4/2026/03/Untitled-design-55.png
"Aug 22, 2026 @ 19:38:59.665",678436f4a3ea701dae1d9a7cce935c0a,https://www.glossy.co/fashion/victorias-secrets-turnaround-plan-is-working/,Victoria's Secret's turnaround plan is working,"In March 2025, Victoria's Secret CEO Hillary Super introduced the “Path to Potential” plan, centered on right-tracking the company through four focus areas. One year later, the efforts are paying off.",Jill Manoff,2026-03-09T04:01:00+00:00,,https://www.glossy.co/wp-content/uploads/sites/4/2025/10/Victorias-Secret-2025-Fashion-Show-10-9-Angel-Reese-1.jpg
"Aug 22, 2026 @ 19:38:59.674",989808a5e947ffd2c84876707011aa59,https://www.glossy.co/events/ai-marketing-strategies-sep-2026/,AI Marketing Strategies,Join us for AI Marketing Strategies as we map out the state of play of an industry being reshaped by AI.,,,,
"Aug 22, 2026 @ 19:38:59.678",295049f7c87e364ddaece423bcf99c22,https://www.glossy.co/podcasts/a-buyers-take-on-milan-fashion-week-with-bloomingdales-marissa-galante-frank/,"A buyer’s take on Milan Fashion Week, with Bloomingdale’s Marissa Galante Frank","On this week’s Milan Fashion Week edition of the Glossy Podcast, senior fashion reporter Zofia Zwieglinska is joined by Marissa Galante Frank, fashion director at Bloomingdale's, for a buyer’s perspective on the Fall 2026 collections.",Zofia Zwieglinska,2026-03-06T05:01:00+00:00,,https://www.glossy.co/wp-content/uploads/sites/4/2026/03/Portrait-glossy-brand-1140x520-1.jpg
"Aug 22, 2026 @ 19:38:59.741",6a5813e3b32a808dbe017380cf1506b9,https://www.glossy.co/fashion/fashion-briefing-as-war-engulfs-the-middle-east-fashion-brands-are-already-feeling-impacts-on-stores-and-foot-traffic/,"Fashion Briefing: As war engulfs the Middle East, fashion brands are already feeling impacts on stores and foot traffic","While the political and humanitarian impacts of large-scale war in the Middle East are still playing out, the region's fashion and luxury market is already affected. Over the last few years, countries like Qatar and the UAE have positioned themselves as glamorous luxury destinations, courting heritage European brands and wealthy consumers from around the world. Now, many of those brands are closing stores and relocating employees away from danger.",Danny Parisi,2026-03-05T05:02:00+00:00,,https://www.glossy.co/wp-content/uploads/sites/4/2026/03/mohammadshahhosseini-tehran-5061531_1280.jpg
"Aug 22, 2026 @ 19:38:59.800",e38aad1d63abc2cb8198a4a5ffb6ad0f,https://www.glossy.co/fashion/page/10/,Fashion Archives,"How fashion brands are trading storefronts for temporary pop-ups, no-inventory showrooms, modern markets and exclusive customers experiences.",,,,
"Aug 22, 2026 @ 19:38:59.881",33457c96e1d82efd28f8945c843fffdc,https://www.glossy.co/podcasts/week-in-review-expresss-bankruptcy-amazons-layoffs-and-pvhs-earnings/,"Week in Review: Express's bankruptcy, Amazon's layoffs and PVH's earnings","This week, Express is reportedly on the verge of declaring bankruptcy. Meanwhile, PVH Corp and its subsidiary brands Calvin Klein and Tommy Hilfiger had a tough earnings report, and Amazon laid off dozens from its physical retail technology division.",Danny Parisi,2024-04-05T04:00:00+00:00,,https://www.glossy.co/wp-content/uploads/sites/4/2024/01/Glossy-in-review-banner.jpg
"Aug 22, 2026 @ 19:38:59.906",a0d005898c017fd40fc12422d3740b00,https://www.glossy.co/fashion/luxury/luxury-briefing-as-cashmere-spreads-downmarket-luxury-brands-update-their-approach/,"Luxury Briefing: As cashmere spreads downmarket, luxury brands update their approach","For this week’s Luxury Briefing, I spoke to the CEO and creative director of Agnona Stefano Aimone about the brand’s new flagship store and material innovations. Also, insights on the relaunch of Robert Marc, a buyer's take on Dior and news to know.",Zofia Zwieglinska,2026-03-06T05:00:00+00:00,,https://www.glossy.co/wp-content/uploads/sites/4/2026/03/Untitled-design-54.png?w=1920
"Aug 22, 2026 @ 19:38:59.950",134ad080cd719a33b9baffe14f1464ac,https://www.glossy.co/fashion/how-calvin-klein-and-tommy-hilfiger-are-beating-promotional-cycles/,How Calvin Klein and Tommy Hilfiger are beating promotional cycles,"Both brands’ turnarounds can be attributed to an emphasis on digital distribution, differentiated strategies like Calvin Klein’s partnership with Amazon and Tommy Hilfiger’s in-season capsule collections, and a faster knee-jerk reaction to fulfilling inventory needs and bringing production orders closer to the manufacturing process.",Glossy Team,2018-03-29T16:58:22+00:00,,
"Aug 22, 2026 @ 19:39:00.027",376757d0cc17385f7f5aa64870b83130,https://www.glossy.co/fashion/the-love-story-effect-calvin-kleins-90s-reset-drives-demand-for-pvh/,The 'Love Story' effect: Calvin Klein’s '90s reset drives demand for PVH,"The ""Love Story"" effect is fueling Calvin Klein’s '90s resurgence, while Tommy Hilfiger taps football and F1 partnerships to drive engagement and sales.",Zofia Zwieglinska,2026-04-01T16:14:50+00:00,,https://www.glossy.co/wp-content/uploads/sites/4/2026/04/Screenshot-2026-04-02-at-15.59.37.png
"Aug 22, 2026 @ 19:39:00.111",3e005cd324adc6ea01f29572f1011b1c,https://www.glossy.co/fashion/calvin-klein-is-spending-another-20-million-to-market-its-amazon-partnership/,Calvin Klein is spending another $20 million to market its Amazon partnership,Calvin Klein is building on the momentum of its Amazon partnership and spending $20 million more on marketing efforts for the fourth quarter of 2017 to drive quick sales during the holiday season.,Glossy Team,2017-11-30T20:59:22+00:00,,
"Aug 22, 2026 @ 19:39:00.122",5aecd5a0b0bdca6a448954b5f6e16242,https://www.glossy.co/fashion/mejuri-builds-on-its-fastest-selling-collection-with-most-shoppers-buying-3-products/,"Mejuri builds on its fastest-selling collection, with most shoppers buying 3 products",Mejuri has expanded the Puzzle collection into sterling silver and introduced modular slider charms for necklaces.,Zofia Zwieglinska,2026-03-31T20:58:58+00:00,,https://www.glossy.co/wp-content/uploads/sites/4/2026/03/FY2026_Puzzle_OffFigure_Shot7_0091_FocusStack.jpg?w=9458
"Aug 22, 2026 @ 19:39:00.126",33f7cf32bf31065f9644c3965bf632fd,https://www.glossy.co/series/fashion-podcast/,The Glossy Fashion Podcast Archives,Each Glossy Fashion Podcast episode features candid conversations about how today’s trends are shaping the future of the fashion industry.,,,,
"Aug 22, 2026 @ 19:39:00.140",40baf242eef4b393ff5679d9f784315b,https://www.glossy.co/series/shoptalk/,Shoptalk Archives,,,,,
"Aug 22, 2026 @ 19:39:00.235",83a871ee389b83885f411be7803a276d,https://www.glossy.co/fashion/luxury/https-www-glossy-co-uncategorized-an-exception-to-luxurys-slowed-growth-perigold-eyes-vacant-department-store-locations-amid-expansion/,"An exception to luxury’s slowed growth, Perigold eyes vacant department store locations amid expansion","Launched by Wayfair to be its luxury counterpart, 9-year-old Perigold is in growth mode — against all odds. In 2025, the home furnishings retailer opened its first two stores, in Houston and West Palm Beach. And just last month, it invested in its first major collaboration.",Jill Manoff,2026-03-30T04:00:00+00:00,,https://www.glossy.co/wp-content/uploads/sites/4/2026/03/Screenshot-2026-03-30-at-5.00.51-AM.png?w=2674
"Aug 22, 2026 @ 19:39:00.316",4a4bfc37bdc4caaf209db23f0a60fcd6,https://www.glossy.co/fashion/luxury/in-a-volatile-middle-east-the-250000-bag-charm-is-becoming-luxurys-newest-canvas/,"Luxury Briefing: In a volatile Middle East, bags charms reaching $250,000 are catching on","For this week's Luxury Briefing, I spoke with designer and founder of Bag Bijoux Ashna Mehta about why high jewelry is moving onto handbags.",Zofia Zwieglinska,2026-03-27T04:03:00+00:00,,https://www.glossy.co/wp-content/uploads/sites/4/2026/03/DSC0227.jpg?w=6048
"Aug 22, 2026 @ 19:39:00.326",8e4f429c48801d193ccb039402a3a739,https://www.glossy.co/fashion/stitch-fix-targets-people-mid-transition-from-glp-1-users-to-divorced-men/,"Stitch Fix is targeting people mid-transition, from GLP-1 users to newly divorced men","Stitch Fix is targeting customers in moments of change, including using a GLP-1 or divorcing, as new data and earnings show rising engagement and spending.",Zofia Zwieglinska,2026-03-31T04:02:00+00:00,,https://www.glossy.co/wp-content/uploads/sites/4/2026/03/Screenshot-2026-03-30-at-5.16.34-PM.png?w=2078
"Aug 22, 2026 @ 19:39:00.336",7f1a4d5afab5e1051eae886c8c0c0f19,https://www.glossy.co/podcasts/as-middle-east-conflict-escalates-luxury-faces-mounting-pressure/,"The Glossy Podcast: As Middle East conflict escalates, luxury faces mounting pressure","On this week’s episode of the Glossy Podcast, senior fashion reporter Danny Parisi and international reporter Zofia Zwieglinska are joined by Achim Berg, founder of the fashion and luxury think tank FashionSights and former senior partner at McKinsey, to unpack how escalating conflict in the Middle East is impacting the global fashion and luxury industry.",Zofia Zwieglinska,2026-03-27T04:00:00+00:00,,https://www.glossy.co/wp-content/uploads/sites/4/2026/03/Portrait-glossy-brand-1140x520-1-1.jpg
"Aug 22, 2026 @ 19:39:00.336",e6f1e790d2fff2cc2a367b6db615c43c,https://www.glossy.co/series/pop-newsletter/,Glossy Pop Newsletter Archives,,,,,
"Aug 22, 2026 @ 19:39:00.444",9c78a1cf71bb2a3d4999b227279d47d4,https://www.glossy.co/fashion/pamela-anderson-fronts-aeries-anti-ai-push-as-it-bans-generated-bodies/,Pamela Anderson fronts Aerie’s anti-AI push as it bans generated bodies,"Aerie is expanding its “Aerie Real” platform with a pledge to never use AI-generated bodies, launching a campaign starring Pamela Anderson and reinforcing its focus on trust and transparency.",Zofia Zwieglinska,2026-03-26T13:00:00+00:00,,https://www.glossy.co/wp-content/uploads/sites/4/2026/03/100-Aerie-Real_PamelaAndersonforAerieReal-e1774465186461.jpg
"Aug 22, 2026 @ 19:39:00.496",3d3afeb4e4824a32cec294e43bee5efc,https://www.glossy.co/fashion/anthropologie-says-it-marries-data-and-intuition-in-merchandising-as-it-looks-for-calculated-risks/,Anthropologie says it marries data and intuition in merchandising as it looks for 'calculated risks',"Anu Narayanan, president of women's and home at Anthropologie, spoke at Shoptalk Spring about how the brand takes calculated risks in merchandising.",Anna Hensel,2026-03-26T04:00:00+00:00,,https://www.glossy.co/wp-content/uploads/sites/4/2026/03/Screenshot-2026-03-25-at-8.53.47-PM.png?w=2196
"Aug 22, 2026 @ 19:39:00.525",2cb8186de1142b1c10001f97ea69385b,https://www.glossy.co/fashion/hollister-leans-into-nostalgia-with-new-graduation-campaign-and-music-video-featuring-gen-z-singer-gigi-perez/,Hollister leans into nostalgia with new graduation campaign — and music video — featuring Gen-Z singer Gigi Perez,"Graduation and the nostalgia around senior year are the themes of Hollister's latest campaign, which stars 26-year-old singer-songwriter Gigi Perez. The anchor of the campaign is a music video, in which Perez performs Green Day's 1997 hit ""Good Riddance (Time of Your Life)."" The brand called the video ""the first time [Green Day has] allowed a partner and another artist to approach the song at this level.""",Sara Spruch-Feiner,2026-03-26T04:03:00+00:00,,https://www.glossy.co/wp-content/uploads/sites/4/2026/03/Glossy-banner-2.png
"Aug 22, 2026 @ 19:39:00.536",eed675ef13a49afa5444c21f7547beda,https://www.glossy.co/fashion/fashion-briefing-how-watch-heavyweights-swatch-and-swisswatchexpo-are-responding-to-war-in-the-middle-east/,Fashion Briefing: How watch heavyweights Swatch and SwissWatchExpo are responding to war in the Middle East,"The United Arab Emirates has become the eighth-largest market in the world for Swiss watchmakers, with exports totaling nearly $1.7 billion last year. But travel to Dubai is plummeting, and Bernstein Research estimates that luxury sales in the Middle East will be down 50% this month.",Danny Parisi,2026-03-26T04:02:00+00:00,,https://www.glossy.co/wp-content/uploads/sites/4/2026/03/ernie-mechanics-463011.jpg
"Aug 22, 2026 @ 19:39:00.536",d4fc17162d94dce0c90db1dbdfd75eec,https://www.glossy.co/podcasts/glossy-podcast-whats-motivating-and-whos-buying-ai-companies-streetwear-merch/,Glossy Podcast: What's motivating — and who's buying — AI companies' streetwear merch?,"Over the last year, big tech and AI companies have started to get into the fashion game by releasing streetwear-inspired drops.",Danny Parisi,2026-08-14T04:00:00+00:00,,https://www.glossy.co/wp-content/uploads/sites/4/2026/08/Portrait-glossy-brand-1140x520-0813.jpg
"Aug 22, 2026 @ 19:39:00.545",1c7ed43687227fe69a6ce243995cbb32,https://www.glossy.co/podcasts/copenhagen-fashion-week-20-years-future-ganni/,Copenhagen Fashion Week built the Scandi boom. Can it still grow another Ganni?,"As Copenhagen Fashion Week celebrates 20 years of shaping global fashion, Natalie Salmon joins the glossy Podcast to discuss what comes next.",Zofia Zwieglinska,2026-08-07T04:00:00+00:00,,https://www.glossy.co/wp-content/uploads/sites/4/2026/08/Portrait-glossy-brand-1140x520-0805.jpg
"Aug 22, 2026 @ 19:39:00.548",e18f83f5fa18cd6ac4303d3065fa426a,https://www.glossy.co/podcasts/method-dressing-red-carpet-micaela-erlanger/,"As Zendaya spins another ‘Spider-Man’ fashion story, Micaela Erlanger explains method dressing’s next era",Lupita Nyong’o and Meryl Streep stylist Micaela Erlanger discusses the rise of method dressing and limits of literal red-carpet references.,Zofia Zwieglinska,2026-07-31T04:00:00+00:00,,https://www.glossy.co/wp-content/uploads/sites/4/2026/07/Portrait-glossy-brand-l-0730.jpg
"Aug 22, 2026 @ 19:39:00.555",62e6597c8ccbcaf3545baf9868832f5f,https://www.glossy.co/events/glossy-pop-nyc-sep-2026/,Glossy Pop NYC,Glossy Pop NYC is the ultimate event for beauty lovers looking to get up close and personal with the industry’s most exciting brands and content creators.,,,,https://www.glossy.co/wp-content/uploads/sites/4/2025/03/glossy_pop_nyc_8-1.gif?w=1500
"Aug 22, 2026 @ 19:39:00.569",492b78aa87b3c74a0c9a60478e76b046,https://www.glossy.co/events/brand-leaders-dinner-nyc-sep-2026/,Brand Leaders Dinner NYC,"The Glossy x Modern Retail Brand Leaders Dinner is an exclusive, invitation-only dinner bringing together influential brand executives to discuss their biggest challenges and industry opportunities.",Jennifer McCreary,,,https://www.modernretail.co/wp-content/uploads/sites/5/2026/07/globalpaymentsdinner_sep2026.png
"Aug 22, 2026 @ 19:39:00.662",90b89c8ab66bf42b7f9530049a546770,https://www.glossy.co/fashion/ugg-leans-into-craft-and-comedy-for-fluff-yeah-comeback-campaign/,Ugg leans into craft and comedy for Fluff Yeah comeback campaign,"When UGG brought back its Fluff Yeah sandal on March 16, the move was driven less by nostalgia and more by sustained consumer demand, according to the brand. The style, which first launched in fall 2018 at around $100, quickly became a celebrity favorite and a breakout product for the brand.",Zofia Zwieglinska,2026-03-23T04:02:00+00:00,,https://www.glossy.co/wp-content/uploads/sites/4/2026/03/LARGE-S26-ATSUKO-RETURN-TO-THE-FLUFF-W-FLUFF-YEAH-1095119-DRLS-FL-H_2.webp
"Aug 22, 2026 @ 19:39:00.686",f7cedabd61e6bfc2bacbedbce9a6284b,https://www.glossy.co/fashion/glossy-pop-newsletter-targets-roller-rabbit-collab-did-6-million-in-first-hour-sales-won-over-gen-z/,"Glossy Pop Newsletter: Target’s Roller Rabbit collab did $6 million in first-hour sales, won over Gen Z","The collection was primarily aimed at Gen Z, but Target knew it would see ""multi-generational"" love. Overall, the collection outperformed forecast expectations across every category, Target shared.",Sara Spruch-Feiner,2026-03-20T04:03:00+00:00,,https://www.glossy.co/wp-content/uploads/sites/4/2026/03/roller-rabbit-target.png
"Aug 22, 2026 @ 19:39:00.696",989808a5e947ffd2c84876707011aa59,https://www.glossy.co/events/ai-marketing-strategies-sep-2026/,AI Marketing Strategies,Join us for AI Marketing Strategies as we map out the state of play of an industry being reshaped by AI.,,,,
"Aug 22, 2026 @ 19:39:00.696",5f604c2e5d6daf624a8d58ad3cdd267e,https://www.glossy.co/fashion/luxury/luxury-briefing-zara-bets-on-galliano-to-up-its-pricing-power/,Luxury Briefing: Zara bets on Galliano to up its pricing power,"In this week’s Luxury Briefing, I speak to luxury experts about Zara’s continued push upmarket as it embarks on a two-year partnership with John Galliano to reinterpret the Zara archive. Also, Revolve’s Raissa Gerona on the Revolve Los Angeles brand launch, and news to know.",Zofia Zwieglinska,2026-03-20T04:02:00+00:00,,https://www.glossy.co/wp-content/uploads/sites/4/2026/03/Screenshot-2026-03-19-at-19.36.20.png
"Aug 22, 2026 @ 19:39:00.787",a163653051dd32a3ad528913bc638531,https://www.glossy.co/podcasts/a-fashion-brands-guide-to-tariff-refunds-with-arentfox-schiffs-angela-santos/,"A fashion brand’s guide to tariff refunds, with ArentFox Schiff’s Angela Santos","On this week’s tariffs-focused edition of the Glossy Podcast, senior fashion reporter Danny Parisi is joined by Angela Santos, partner at law firm ArentFox Schiff, for a legal perspective on tariff refunds, shifting trade policy and what fashion brands should be doing now.",Zofia Zwieglinska,2026-03-20T04:00:00+00:00,,https://www.glossy.co/wp-content/uploads/sites/4/2026/03/Portrait-glossy-brand-1140x520-2.jpg
"Aug 22, 2026 @ 19:39:00.865",bc58ee41b034f44b7d34b7bec2b6d31d,https://www.glossy.co/fashion/page/12/,Fashion Archives,"How fashion brands are trading storefronts for temporary pop-ups, no-inventory showrooms, modern markets and exclusive customers experiences.",,,,
"Aug 22, 2026 @ 19:39:00.905",c6594992f4d66a27734be1c6d3ead723,https://www.glossy.co/fashion/american-eagle-is-investing-in-sydney-sweeney-and-the-sphere-for-its-largest-ever-fall-campaign/,American Eagle is investing in Sydney Sweeney and the Sphere for its largest-ever fall campaign,"On July 23, the retailer is launching its largest fall campaign to date, led by actress Sydney Sweeney and displayed on the 580,000-square-foot Exosphere, the LED-covered exterior of the Sphere, which has quickly become a high-profile platform for brands looking to drive cultural relevance.",Zofia Zwieglinska,2025-07-23T09:46:00+00:00,,https://www.glossy.co/wp-content/uploads/sites/4/2025/07/Screenshot-2025-07-22-at-8.55.46 PM.png?w=1830
"Aug 22, 2026 @ 19:39:00.908",560015de65304f701bddb46e61389a22,https://www.glossy.co/fashion/fashion-briefing-how-trumps-made-in-america-executive-order-will-affect-fashion-brands/,Fashion Briefing: How Trump's 'Made in America' executive order will affect fashion brands,"Brands and experts that Glossy spoke to about the executive order agreed that its vague wording makes it hard to know how to respond. Many noted that there are already strict rules about what can be labeled as ""Made in America.""",Danny Parisi,2026-03-19T04:02:00+00:00,,https://www.glossy.co/wp-content/uploads/sites/4/2025/09/G1A4040_3.webp
"Aug 22, 2026 @ 19:39:00.910",33f7cf32bf31065f9644c3965bf632fd,https://www.glossy.co/series/fashion-podcast/,The Glossy Fashion Podcast Archives,Each Glossy Fashion Podcast episode features candid conversations about how today’s trends are shaping the future of the fashion industry.,,,,
"Aug 22, 2026 @ 19:39:01.011",557af9d62014e8bb6a962506b19e9355,https://www.glossy.co/fashion/creator-marketing-is-becoming-a-new-loyalty-layer/,Creator marketing is becoming a loyalty play,"As influencer fees compress and algorithms shift, brands like American Eagle and Gap are building always-on advocacy platforms that merge loyalty mechanics with performance-driven creator marketing.",Zofia Zwieglinska,2026-03-02T05:02:00+00:00,,https://www.glossy.co/wp-content/uploads/sites/4/2026/02/Screenshot-2026-02-27-at-18.55.35.png?w=2932
"Aug 22, 2026 @ 19:39:01.087",dbdcf38f2a8a27aa5a3d0084f8824f56,https://www.glossy.co/fashion/bread-butter-and-blue-jeans-american-eagles-nashville-pop-up-is-a-whole-mood/,"Bread, butter and blue jeans: American Eagle’s Nashville pop-up is a whole mood","American Eagle is bringing denim, deli sandwiches and live music to Nashville with a Denim Deli pop-up. The immersive Gen-Z marketing play blends fashion, food and community.",Zofia Zwieglinska,2025-03-17T04:00:00+00:00,,https://www.glossy.co/wp-content/uploads/sites/4/2025/03/View-1.png?w=3584
"Aug 22, 2026 @ 19:39:01.096",a24d26c11a431029ab44ffe318fce3c9,https://www.glossy.co/fashion/american-eagles-next-marketing-move-sponsoring-stagecoach/,American Eagle's next marketing move? Sponsoring Stagecoach,"On the heels of its February 11 announcement naming rising country musician Ella Langley as its newest brand face, American Eagle is unveiling another big music move: It will serve as the exclusive apparel and denim sponsor of Stagecoach, the world’s largest country music festival.",Sara Spruch-Feiner,2026-02-25T05:05:00+00:00,,https://www.glossy.co/wp-content/uploads/sites/4/2026/02/File.jpg
"Aug 22, 2026 @ 19:39:01.108",0d7def7aee09f1fbc3a3c0cc9128fef5,https://www.glossy.co/fashion/exclusive-davids-bridal-launches-a-commission-based-ambassador-program-for-creators-and-employees/,Inside David’s Bridal's new commission-based ambassador program for creators and employees,"On Thursday, David's Bridal launched an ambassador program dubbed David’s Style Squad. The idea is to treat included creators, customers and store associates as part of the same performance channel, paid based on their ability to convert.",Zofia Zwieglinska,2026-01-08T05:02:00+00:00,,https://www.glossy.co/wp-content/uploads/sites/4/2026/01/BMGRP2_MULTI_BM_SEPT25_1912.jpg?w=7984
"Aug 22, 2026 @ 19:39:01.131",af96d34e5659ab560887a8bbdbd09a5a,https://www.glossy.co/fashion/nuuly-is-leading-the-fashion-rental-resurgence-with-70-of-its-subscribers-being-new-to-the-market/,"Nuuly is leading the fashion rental resurgence, with 70% of its subscribers being new to the market","Key to Nuuly's success hasn't been taking existing market share away from other rental platforms. Instead, nearly 70% of all Nuuly subscribers have never rented from any platform before, according to Nuuly's customer research. That means Nuuly has succeeded in expanding the addressable market and creating a new cohort of renters.",Danny Parisi,2026-03-02T05:00:00+00:00,,https://www.glossy.co/wp-content/uploads/sites/4/2026/02/26_FEBWK3_US_RENT_SEASONAL_HERO_LS-copy.jpg
"Aug 22, 2026 @ 19:39:01.222",cbfb372658db2a419f7d213271dba154,https://www.glossy.co/podcasts/a-buyers-take-on-london-fashion-week-with-mytheresas-tiffany-hsu/,"A buyer’s take on London Fashion Week, with Mytheresa’s Tiffany Hsu","On this week’s London Fashion Week episode, senior fashion reporter Zofia Zwieglinska is joined by Tiffany Hsu, chief buying director at Mytheresa, for a buyer’s perspective on Fall 2026.",Zofia Zwieglinska,2026-02-27T05:03:00+00:00,,https://www.glossy.co/wp-content/uploads/sites/4/2026/02/Portrait-glossy-brand-1140x520-copy-8.jpg
"Aug 22, 2026 @ 19:39:01.300",ad68bd397032f779354095e0e643ee5f,https://www.glossy.co/fashion/luxury/luxury-briefing-joseph-returns-to-the-london-fashion-week-runway-amid-a-different-fashion-economy/,Luxury Briefing: Joseph returns to the London Fashion Week runway amid a different fashion economy,"For this week’s Luxury Briefing, I spoke with Joseph CEO Barbara Campos about the brand's reentry into London Fashion Week, following years of financial repair and product discipline. The brand arrives at a moment when the middle of the luxury market is redefining its place, as customers shop for quality.",Zofia Zwieglinska,2026-02-27T05:01:00+00:00,,https://www.glossy.co/wp-content/uploads/sites/4/2026/02/Untitled-design-50.png?w=1920
"Aug 22, 2026 @ 19:39:01.327",b33d75f8a06b130e6e823c22116fb4ad,https://www.glossy.co/fashion/meta-is-auto-generating-ai-ads-for-its-advertisers-causing-headaches-for-image-conscious-fashion-brands/,"Fashion Briefing: Meta is auto-generating AI ads for its advertisers, causing headaches for image-conscious fashion brands","Despite opting out of every possible AI feature Meta offers, one fashion brand found that Meta had started to use AI to alter 5% of the ads that a given advertiser puts out on the platform.",Danny Parisi,2026-02-26T05:02:00+00:00,,https://www.glossy.co/wp-content/uploads/sites/4/2026/02/6d4cf26a-f883-48ed-bfa9-535f296142b8.jpg
"Aug 22, 2026 @ 19:39:01.344",3cdcf4620a04f339476bd6ac8e4695f1,https://www.glossy.co/fashion/fashion-brands-are-cautiously-optimistic-about-the-supreme-court-striking-down-many-of-trumps-tariffs/,Fashion brands are 'cautiously optimistic' about the Supreme Court striking down many of Trump's tariffs,"On Friday, the Supreme Court dealt a significant blow to the administration's efforts to enact sweeping tariffs on imports from nearly every country in the world. The Court's 6-3 ruling found that tariffs enacted under the International Emergency Economic Powers Act, which covers many but not all of the tariffs, were unlawful and that the president exceeded his authority.",Danny Parisi,2026-02-23T05:02:00+00:00,,https://www.glossy.co/wp-content/uploads/sites/4/2026/02/0af10d152af74cc194d6e08a873ec3ba.jpg
"Aug 22, 2026 @ 19:39:01.404",313bdcb352bd668f40c589f3fd855393,https://www.glossy.co/fashion/off-season-taps-into-the-nbas-growing-merchandise-sales-with-new-licensed-fashion-collection/,Off Season taps into the NBA's growing merchandise sales with new licensed fashion collection,"Off Season, the fashion brand founded by designer Kristin Juszczyk, has been primarily focused on the NFL through Juszczyk's connection — her husband is San Francisco 49ers fullback Kyle Juszczyk. But on Tuesday, Off Season idebuted its first NBA-centric ready-to-wear collection as it seeks to both expand its business and the types of products it makes with its team partners.",Danny Parisi,2026-02-24T05:00:00+00:00,,https://www.glossy.co/wp-content/uploads/sites/4/2026/02/891A9330_HomepageExtended.jpg?w=11004
"Aug 22, 2026 @ 19:39:01.452",7abb2f96109e9b3740d56952d7b2193a,https://www.glossy.co/series/fashion-week/,Fashion Week Archives,,,,,
"Aug 22, 2026 @ 19:39:01.456",88cc610c6628914c7828d0e8c04b4319,https://www.glossy.co/fashion/j-crew-bets-on-scarcity-with-the-rollneck-remix-designer-collaboration-pop-up/,J.Crew bets on scarcity with The Rollneck Remix designer collaboration pop-up,"For a brand with more than 100 stores nationwide, choosing not to use them is an unexpected move. That was the case with J.Crew’s launch of The Rollneck Remix — a New York Fashion Week–timed collaboration with five emerging designers — exclusively through a four-day pop-up at 75 Spring Street and online, bypassing its broader retail fleet.",Zofia Zwieglinska,2026-02-16T05:05:00+00:00,,https://www.glossy.co/wp-content/uploads/sites/4/2026/02/Untitled-design-49.png?w=1920
"Aug 22, 2026 @ 19:39:01.458",d4fc17162d94dce0c90db1dbdfd75eec,https://www.glossy.co/podcasts/glossy-podcast-whats-motivating-and-whos-buying-ai-companies-streetwear-merch/,Glossy Podcast: What's motivating — and who's buying — AI companies' streetwear merch?,"Over the last year, big tech and AI companies have started to get into the fashion game by releasing streetwear-inspired drops.",Danny Parisi,2026-08-14T04:00:00+00:00,,https://www.glossy.co/wp-content/uploads/sites/4/2026/08/Portrait-glossy-brand-1140x520-0813.jpg
"Aug 22, 2026 @ 19:39:01.529",0d059e3d6b3a8611b6e7050de1555a13,https://www.glossy.co/fashion/luxury/jewlery-has-a-london-fashion-week-moment-despite-gold-and-silver-pricing-concerns/,Jewelry has a London Fashion Week moment amid gold and silver pricing concerns,"London’s jewelry brands are turning precious metal volatility into stronger margins, urgency and bespoke growth.",Zofia Zwieglinska,2026-02-23T05:00:00+00:00,,https://www.glossy.co/wp-content/uploads/sites/4/2026/02/THE_OUZE_-8-GEORGE-MUNCEY-.jpg?w=4000
"Aug 22, 2026 @ 19:39:01.532",1f9f69cb4b9aea50919dfd9fbbeda4cb,https://www.glossy.co/podcasts/a-buyers-take-on-new-york-fashion-week-with-printemps-new-yorks-silvano-vangi/,"A buyer's take on New York Fashion Week, with Printemps New York's Silvano Vangi","This week, with New York Fashion Week wrapped up, the Glossy Podcast is joined by Silvano Vangi, creative and merchandising director at Printemps New York, to get a buyer's perspective on this season's NYFW.",Danny Parisi,2026-02-20T05:02:00+00:00,,https://www.glossy.co/wp-content/uploads/sites/4/2026/02/Portrait-glossy-brand-1140x520-4-2.jpg
"Aug 22, 2026 @ 19:39:01.536",e18f83f5fa18cd6ac4303d3065fa426a,https://www.glossy.co/podcasts/method-dressing-red-carpet-micaela-erlanger/,"As Zendaya spins another ‘Spider-Man’ fashion story, Micaela Erlanger explains method dressing’s next era",Lupita Nyong’o and Meryl Streep stylist Micaela Erlanger discusses the rise of method dressing and limits of literal red-carpet references.,Zofia Zwieglinska,2026-07-31T04:00:00+00:00,,https://www.glossy.co/wp-content/uploads/sites/4/2026/07/Portrait-glossy-brand-l-0730.jpg
"Aug 22, 2026 @ 19:39:01.536",1c7ed43687227fe69a6ce243995cbb32,https://www.glossy.co/podcasts/copenhagen-fashion-week-20-years-future-ganni/,Copenhagen Fashion Week built the Scandi boom. Can it still grow another Ganni?,"As Copenhagen Fashion Week celebrates 20 years of shaping global fashion, Natalie Salmon joins the glossy Podcast to discuss what comes next.",Zofia Zwieglinska,2026-08-07T04:00:00+00:00,,https://www.glossy.co/wp-content/uploads/sites/4/2026/08/Portrait-glossy-brand-1140x520-0805.jpg
"Aug 22, 2026 @ 19:39:01.544",62e6597c8ccbcaf3545baf9868832f5f,https://www.glossy.co/events/glossy-pop-nyc-sep-2026/,Glossy Pop NYC,Glossy Pop NYC is the ultimate event for beauty lovers looking to get up close and personal with the industry’s most exciting brands and content creators.,,,,https://www.glossy.co/wp-content/uploads/sites/4/2025/03/glossy_pop_nyc_8-1.gif?w=1500
"Aug 22, 2026 @ 19:39:01.547",492b78aa87b3c74a0c9a60478e76b046,https://www.glossy.co/events/brand-leaders-dinner-nyc-sep-2026/,Brand Leaders Dinner NYC,"The Glossy x Modern Retail Brand Leaders Dinner is an exclusive, invitation-only dinner bringing together influential brand executives to discuss their biggest challenges and industry opportunities.",Jennifer McCreary,,,https://www.modernretail.co/wp-content/uploads/sites/5/2026/07/globalpaymentsdinner_sep2026.png
"Aug 22, 2026 @ 19:39:01.628",c278bcaf1cd98f743f5fbc036e08d0b3,https://www.glossy.co/fashion/fashion-briefing-fashion-designers-spoke-out-against-ice-at-new-york-fashion-week/,Fashion Briefing: Fashion designers spoke out against ICE at New York Fashion Week,"One of the most commonly spotted accessories at New York Fashion Week this season wasn't a handbag or a pair of sunglasses — it was a small black-and-white pin featuring the words ""ICE OUT.""",Danny Parisi,2026-02-19T05:03:00+00:00,,https://www.glossy.co/wp-content/uploads/sites/4/2026/02/Campillo_Don_Julio_Lucia_Vazquez_NYFW-07323.jpg?w=7008
"Aug 22, 2026 @ 19:39:01.636",989808a5e947ffd2c84876707011aa59,https://www.glossy.co/events/ai-marketing-strategies-sep-2026/,AI Marketing Strategies,Join us for AI Marketing Strategies as we map out the state of play of an industry being reshaped by AI.,,,,
"Aug 22, 2026 @ 19:39:01.676",8edb024f6a3d72993f3c0acec1774add,https://www.glossy.co/fashion/luxury/luxury-briefing-how-2-designers-weighed-the-costs-vs-the-benefits-of-nyfw-participation/,Luxury Briefing: How 2 designers weighed the costs vs. the benefits of an NYFW show,"In this week’s Luxury Briefing, a look at the brand strategies behind Simkhai’s and PatBo’s show formats at New York Fashion Week. Plus, data on the NYFW styles inspiring shoppers.",Zofia Zwieglinska,2026-02-20T05:01:00+00:00,,https://www.glossy.co/wp-content/uploads/sites/4/2026/02/BFA_53321_7725688.jpg?w=3600
"Aug 22, 2026 @ 19:39:01.714",f7a5ecaa84043f560790083639db516c,https://www.glossy.co/fashion/page/9/,Fashion Archives,"How fashion brands are trading storefronts for temporary pop-ups, no-inventory showrooms, modern markets and exclusive customers experiences.",,,,
"Aug 22, 2026 @ 19:39:01.731",8e8da170b54b80b660a6ba14fec075f1,https://www.glossy.co/podcasts/the-nyfw-rundown-spectacle-sparsity-and-insights-into-american-fashion/,"The NYFW Rundown: Spectacle, sparsity and insights into American fashion","With guest Mandy Lee (@oldloserinbrooklyn), the Glossy team unpacks NYFW Fall 2026's politics, protest pins and front-loaded schedule.",Zofia Zwieglinska,2026-02-18T05:03:00+00:00,,https://www.glossy.co/wp-content/uploads/sites/4/2026/02/Portrait-glossy-brand-1140x520-4-1.jpg
"Aug 22, 2026 @ 19:39:01.843",d5e19d31dca0bc4dd3efbb24eacc30ef,https://www.glossy.co/fashion/fashion-brands-hope-the-fall-of-department-stores-leads-to-a-boutique-boom/,Fashion brands hope the fall of department stores leads to a 'boutique boom',"Wholesale may be struggling, but at New York Fashion Week, designers are hoping for a ""boutique boom"" to revitalize fashion retail.",Danny Parisi,2026-02-17T05:04:00+00:00,,https://www.glossy.co/wp-content/uploads/sites/4/2026/02/4068947.webp
"Aug 22, 2026 @ 19:39:01.877",80cfe311f71c59518196fad7a1896b4c,https://www.glossy.co/fashion/fashion-briefing-the-wnba-is-more-popular-than-ever-but-fashion-brands-are-silent-on-the-issue-of-fair-pay/,"Fashion Briefing: The WNBA is more popular than ever, but fashion brands are silent on the issue of fair pay","Players are more valuable than ever to fashion brands, yet many brands have been silent on the issue of fair wages in the days since.",Danny Parisi,2025-07-24T04:02:00+00:00,,https://www.glossy.co/wp-content/uploads/sites/4/2025/07/Screenshot-2024-05-13-at-10.39.32-AM-copy.jpg
"Aug 22, 2026 @ 19:39:01.894",0714299d8b07ac0c3eb0d2e56cea80f1,https://www.glossy.co/beauty/beauty-wellness-briefing-inside-glossiers-wnba-draft-glam-room/,Beauty & Wellness Briefing: Inside Glossier’s WNBA Draft glam room,"This week, I checked in on Glossier’s growing stake in the WNBA. Additionally, Merit makes moves for Europe, and female founders are pleading with President Trump to reverse costly tariffs.",Emily Jensen,2025-04-15T04:00:00+00:00,,https://www.glossy.co/wp-content/uploads/sites/4/2025/04/Beauty-Briefing_454124.png
"Aug 22, 2026 @ 19:39:01.896",e6f1e790d2fff2cc2a367b6db615c43c,https://www.glossy.co/series/pop-newsletter/,Glossy Pop Newsletter Archives,,,,,
"Aug 22, 2026 @ 19:39:01.943",7ef6be3b47445abb9dd023581f2f7cb1,https://www.glossy.co/fashion/not-just-the-1-how-jcpenney-is-banking-on-the-lower-part-of-the-k-shaped-economy-to-fuel-its-turnaround/,'Not just the 1%': How JCPenney is banking on the lower part of the K-shaped economy to fuel its turnaround,"Catalyst Brands has been on a mission to turn JCPenney around after a long, slow sales decline in recent years.",Danny Parisi,2026-04-14T04:01:00+00:00,,https://www.glossy.co/wp-content/uploads/sites/4/2026/04/KK-2.png?w=1792
"Aug 22, 2026 @ 19:39:02.066",6598af7a482cb2f093a4bd7b7e144181,https://www.glossy.co/fashion/how-new-balances-athlete-first-approach-to-womens-sports-partnerships-is-paying-off/,How New Balance's 'athlete-first' approach to women's sports partnerships is paying off,"While brands like Prada have embraced individual players like Caitlin Clark, New Balance has gone further, signing on to be a sponsor for the entire league in July. Naveen Lokesh, head of global sports marketing for basketball and football at New Balance, said part of the impetus for signing with the WNBA was New Balance’s goal of reaching a younger audience.",Danny Parisi,2024-10-17T04:04:00+00:00,,https://www.glossy.co/wp-content/uploads/sites/4/2024/10/FEATUREIMAGE_-Recovered.webp
"Aug 22, 2026 @ 19:39:02.070",33f7cf32bf31065f9644c3965bf632fd,https://www.glossy.co/series/fashion-podcast/,The Glossy Fashion Podcast Archives,Each Glossy Fashion Podcast episode features candid conversations about how today’s trends are shaping the future of the fashion industry.,,,,
"Aug 22, 2026 @ 19:39:02.082",66e9a80f38f346315d26d7dd222befef,https://www.glossy.co/fashion/for-mothers-day-kendra-scott-invests-in-its-largest-influencer-activation-to-date/,"For Mother's Day, Kendra Scott invests in its largest influencer activation to date","With 200-plus video assets and a creator-led strategy, Kendra Scott’s latest campaign reflects current marketing trends for jewelry brands and beyond.",Zofia Zwieglinska,2026-04-13T04:02:00+00:00,,https://www.glossy.co/wp-content/uploads/sites/4/2026/04/Untitled-design-61.png?w=1920
"Aug 22, 2026 @ 19:39:02.094",ece63032bc3772685e4fb04c4cbc5fe1,https://www.glossy.co/fashion/why-bridal-retailers-are-jumping-into-ai-shopping-before-the-model-is-proven/,Why bridal retailers are jumping into AI shopping before the model is proven,"David’s Bridal and The Knot are testing different strategies for AI-driven commerce, as brands move to capture discovery and data inside chat despite uneven conversion performance.",Zofia Zwieglinska,2026-04-14T04:00:00+00:00,,https://www.glossy.co/wp-content/uploads/sites/4/2026/04/Screenshot-2026-04-13-at-8.43.42-PM.png?w=2200
"Aug 22, 2026 @ 19:39:02.144",b7f390abb929929f4ee6b9892044acce,https://www.glossy.co/fashion/can-dolce-gabbana-stay-independent-through-leadership-changes-and-the-middle-east-crisis/,Can Dolce & Gabbana stay independent through leadership changes and the Middle East crisis?,The confusion over Gabbana's role and its evolution coincides with an uncertain future for Dolce & Gabbana.,Danny Parisi,2026-04-10T19:14:50+00:00,,https://www.glossy.co/wp-content/uploads/sites/4/2026/04/hp-dg-x-47_desk-1.webp
"Aug 22, 2026 @ 19:39:02.261",9bb4857f8eba71802a830645bd51445c,https://www.glossy.co/pop/glossy-pop-newsletter-i-am-gia-sold-1-million-blare-tracksuits-now-its-betting-on-coachella-for-its-next-viral-moment/,Glossy Pop Newsletter: I.AM.GIA sold 1 million Blare tracksuits — now it’s betting on Coachella for its next viral moment,"Last year, I.AM.GIA founder Alana Pallister sold her house to fund the purchase of 300,000 units of stretchy tracksuits. Less than five months later, the brand has sold 1 million units of the collection, now available in 44 colors and patterns. Now, I.AM.GIA is aiming for a Coachella takeover.",Sara Spruch-Feiner,2026-04-10T04:04:00+00:00,,https://www.glossy.co/wp-content/uploads/sites/4/2026/04/Glossy-banner-0409.png
"Aug 22, 2026 @ 19:39:02.281",55979c8fcf8a85429e1071320f8c7405,https://www.glossy.co/podcasts/ahead-of-coachella-festival-fashion-and-brand-activations-get-modern-updates/,"At Coachella, festival fashion and brand activations get modern updates","Ahead of Coachella 2026, festival fashion is fragmenting beyond the flower crown era, while brands like Gap rethink activations with more practical, on-site experiences.",Zofia Zwieglinska,2026-04-10T04:02:00+00:00,,https://www.glossy.co/wp-content/uploads/sites/4/2026/04/Screenshot-2026-04-09-at-19.43.19.png
"Aug 22, 2026 @ 19:39:02.285",40baf242eef4b393ff5679d9f784315b,https://www.glossy.co/series/shoptalk/,Shoptalk Archives,,,,,
"Aug 22, 2026 @ 19:39:02.298",efa784d3eaab68498c4abda4a110fc44,https://www.glossy.co/fashion/fashion-briefing-how-did-nikes-embattled-heritage-brand-converse-reach-a-15-year-revenue-low/,Fashion Briefing: How did Nike's embattled heritage brand Converse reach a 15-year revenue low?,"There has been rampant speculation about Converse's future, including a potential sale to Authentic Brands Group. But how did Converse get here?",Danny Parisi,2026-04-09T04:04:00+00:00,,https://www.glossy.co/wp-content/uploads/sites/4/2026/04/D_Converse_HP_040226-SU26-Throwback-P3.jpg
"Aug 22, 2026 @ 19:39:02.340",a8730abb0ddef43f7e76c8d703f81eb4,https://www.glossy.co/fashion/cotopaxi-taps-fp-movement-to-bring-its-outdoor-gear-into-everyday-wardrobes/,Cotopaxi taps FP Movement to bring its outdoor gear into everyday wardrobes,Cotopaxi’s new capsule with FP Movement is the latest example of the outdoor brand using partnerships to reach a more fashion-conscious female consumer.,Zofia Zwieglinska,2026-04-09T04:02:00+00:00,,https://www.glossy.co/wp-content/uploads/sites/4/2026/04/IMG_1179.png?w=1928
"Aug 22, 2026 @ 19:39:02.479",4b241c9cc8bbcafefd7e69ca545a27e6,https://www.glossy.co/fashion/luxury/luxury-briefing-luxury-brands-proceed-with-retail-plans-in-the-middle-east/,Luxury Briefing: Luxury brands proceed with retail plans in the Middle East,"For this week’s Luxury Briefing, I spoke to Trevor Hardy, CMO at Chanel-owned Orlebar Brown, about how the brand is strategizing around the luxury travel circuit.",Zofia Zwieglinska,2026-04-10T04:00:00+00:00,,https://www.glossy.co/wp-content/uploads/sites/4/2026/04/Screenshot-2026-04-09-at-19.20.58.png?w=2532
"Aug 22, 2026 @ 19:39:02.485",d4fc17162d94dce0c90db1dbdfd75eec,https://www.glossy.co/podcasts/glossy-podcast-whats-motivating-and-whos-buying-ai-companies-streetwear-merch/,Glossy Podcast: What's motivating — and who's buying — AI companies' streetwear merch?,"Over the last year, big tech and AI companies have started to get into the fashion game by releasing streetwear-inspired drops.",Danny Parisi,2026-08-14T04:00:00+00:00,,https://www.glossy.co/wp-content/uploads/sites/4/2026/08/Portrait-glossy-brand-1140x520-0813.jpg
"Aug 22, 2026 @ 19:39:02.490",1c7ed43687227fe69a6ce243995cbb32,https://www.glossy.co/podcasts/copenhagen-fashion-week-20-years-future-ganni/,Copenhagen Fashion Week built the Scandi boom. Can it still grow another Ganni?,"As Copenhagen Fashion Week celebrates 20 years of shaping global fashion, Natalie Salmon joins the glossy Podcast to discuss what comes next.",Zofia Zwieglinska,2026-08-07T04:00:00+00:00,,https://www.glossy.co/wp-content/uploads/sites/4/2026/08/Portrait-glossy-brand-1140x520-0805.jpg
"Aug 22, 2026 @ 19:39:02.494",e18f83f5fa18cd6ac4303d3065fa426a,https://www.glossy.co/podcasts/method-dressing-red-carpet-micaela-erlanger/,"As Zendaya spins another ‘Spider-Man’ fashion story, Micaela Erlanger explains method dressing’s next era",Lupita Nyong’o and Meryl Streep stylist Micaela Erlanger discusses the rise of method dressing and limits of literal red-carpet references.,Zofia Zwieglinska,2026-07-31T04:00:00+00:00,,https://www.glossy.co/wp-content/uploads/sites/4/2026/07/Portrait-glossy-brand-l-0730.jpg
"Aug 22, 2026 @ 19:39:02.495",372731555e24cf4e1bbe64cd4e1ae49f,https://www.glossy.co/fashion/google-says-its-ai-powered-ads-helped-aritzia-lift-online-sales-by-80/,Google says its AI-powered ads helped Aritzia lift online sales by 80%,"Google says its AI-powered ad tools are delivering measurable results for some brands as the world's largest seller of ads experiments with new ad formats, shopping integrations and AI-powered tools.",Allison Smith,2026-04-07T04:00:00+00:00,,https://www.glossy.co/wp-content/uploads/sites/4/2025/08/sperry-aritzia-1.webp
"Aug 22, 2026 @ 19:39:02.495",13cacb1954f090bca6034e3e3fdda9a5,https://www.glossy.co/fashion/how-boll-branch-is-integrating-an-openclaw-based-ai-agent-in-every-part-of-its-business/,How Boll & Branch is integrating an OpenClaw-based AI agent in every part of its business,"At Shoptalk in Las Vegas last month, Boll & Branch chief commercial officer Katia Unlu spoke to Glossy about Tess, the AI agent that has become an increasingly big part of the company's operations.",Danny Parisi,2026-04-06T04:02:00+00:00,,https://www.glossy.co/wp-content/uploads/sites/4/2026/04/abc28dc2ef1c1555ff05e665f7c172026e17bccc-1440x1288-copy.jpg
"Aug 22, 2026 @ 19:39:02.505",62e6597c8ccbcaf3545baf9868832f5f,https://www.glossy.co/events/glossy-pop-nyc-sep-2026/,Glossy Pop NYC,Glossy Pop NYC is the ultimate event for beauty lovers looking to get up close and personal with the industry’s most exciting brands and content creators.,,,,https://www.glossy.co/wp-content/uploads/sites/4/2025/03/glossy_pop_nyc_8-1.gif?w=1500
"Aug 22, 2026 @ 19:39:02.506",492b78aa87b3c74a0c9a60478e76b046,https://www.glossy.co/events/brand-leaders-dinner-nyc-sep-2026/,Brand Leaders Dinner NYC,"The Glossy x Modern Retail Brand Leaders Dinner is an exclusive, invitation-only dinner bringing together influential brand executives to discuss their biggest challenges and industry opportunities.",Jennifer McCreary,,,https://www.modernretail.co/wp-content/uploads/sites/5/2026/07/globalpaymentsdinner_sep2026.png
"Aug 22, 2026 @ 19:39:02.516",989808a5e947ffd2c84876707011aa59,https://www.glossy.co/events/ai-marketing-strategies-sep-2026/,AI Marketing Strategies,Join us for AI Marketing Strategies as we map out the state of play of an industry being reshaped by AI.,,,,
"Aug 22, 2026 @ 19:39:02.560",975216b2b64f55c90508f533c873994d,https://www.glossy.co/podcasts/macys-reset-bloomingdales-momentum-beauty-bets-and-the-new-department-store-model/,"Macy’s reset: Bloomingdale’s momentum, beauty bets and the new department store model","On this week’s episode of the Glossy Podcast, international reporter Zofia Zwieglinska is joined by senior beauty reporter Emily Jensen to unpack Macy’s latest earnings and what they signal for the future of department stores.",Zofia Zwieglinska,2026-04-03T04:02:00+00:00,,https://www.glossy.co/wp-content/uploads/sites/4/2026/04/Portrait-glossy-brand-1140x520-0331.jpg
"Aug 22, 2026 @ 19:39:02.695",dfe311a3caf1b781caa4c9700e1b2d79,https://www.glossy.co/fashion/james-franco-co-founded-paly-snags-first-official-collaboration-through-selfridges-partnership/,James Franco co-founded Paly snags first official collaboration through Selfridges partnership,"Kyle Lindgren, the creative director of the DIY-influenced Los Angeles fashion brand Paly, considers the brand's upcoming collaboration with the Rolling Stones to be its first ""official"" collab.",Danny Parisi,2026-04-06T04:00:00+00:00,,https://www.glossy.co/wp-content/uploads/sites/4/2026/04/TOKYO-TEE-DETAIL-2.jpg
"Aug 22, 2026 @ 19:39:02.716",772210af20e0c45d7a5400df11c54c77,https://www.glossy.co/beauty/why-midi-health-is-expanding-into-hormone-informed-skin-care-with-chief-medical-officer-dr-kathleen-jordan-md/,"Why Midi Health is expanding into 'hormone-informed skin care' with chief medical officer Dr. Kathleen Jordan, MD","Glossy interviews Dr. Kathleen Jordan, MD, Midi Health chief medical officer, about the company's expansion into skin-care and body-care.",Lexy Lebsack,2026-08-20T04:00:00+00:00,,https://www.glossy.co/wp-content/uploads/sites/4/2026/08/GB_1140X520_0819.jpg
"Aug 22, 2026 @ 19:39:02.725",94e1721e15a4f0a76d784a417c151887,https://www.glossy.co/fashion/fashion-briefing-as-ai-shopping-agents-proliferate-both-retailers-and-consumers-have-concerns/,"Fashion Briefing: As AI shopping agents proliferate, both retailers and consumers have concerns","As AI-powered shopping agents increasingly become a part of modern e-commerce, not everyone is happy about their growth.",Danny Parisi,2026-04-02T04:02:00+00:00,,https://www.glossy.co/wp-content/uploads/sites/4/2025/07/delivery-station-of-the-future-1-dnz3-delivering-the-future.jpg?w=4000
"Aug 22, 2026 @ 19:39:02.784",1b97a16a120c077fe23088bd0ebd4c73,https://www.glossy.co/fashion/luxury/luxury-briefing-shanghai-fashion-week-is-drawing-global-attention-again-as-china-bounces-back/,Luxury Briefing: Shanghai Fashion Week draws global attention again as China bounces back,"Glossy interview designer Susan Fang ahead of her Shanghai Fashion Week show, as local presenting brands focus on a variety of growth strategies.",Zofia Zwieglinska,2026-04-03T04:01:00+00:00,,https://www.glossy.co/wp-content/uploads/sites/4/2026/04/Untitled-design-60.png?w=1920
"Aug 22, 2026 @ 19:39:02.885",0bd55fc68ac89b06550f368c26168b00,https://www.glossy.co/series/beauty-podcast/,The Glossy Beauty Podcast Archives,Each Glossy Beauty Podcast episode features candid conversations about how today’s trends are shaping the future of the beauty and wellness industries.,,,,
"Aug 22, 2026 @ 19:39:02.907",8cbb0bf41034b0d3352ff108849fadb5,https://www.glossy.co/beauty/jo-malone-and-tom-ford-are-now-billion-dollar-brands-as-the-estee-lauder-companies-reports-return-to-sales-growth/,Jo Malone and Tom Ford are now 'billion-dollar brands' as the Estée Lauder Companies reports return to sales growth,"On Wednesday, the Estée Lauder Companies reported a 5% sales growth for the fiscal year 2026 to $15 billion.",Emily Jensen,2026-08-19T13:43:07+00:00,,https://www.glossy.co/wp-content/uploads/sites/4/2025/08/exclusive-how-jo-malone-london-is.jpg
"Aug 22, 2026 @ 19:39:02.911",a00f3796d07713552d535da8a78198ac,https://www.glossy.co/fashion/how-hm-chobani-urbanstems-and-teleties-are-refining-their-partnership-strategies/,"How H&M, Chobani, UrbanStems and Teleties are refining their partnership strategies","UrbanStems, H&M and Chobani are refining their partnership strategies to match audiences, drive cultural relevance and unlock growth.",Gabriela Barkho,2026-08-18T04:00:00+00:00,,https://www.glossy.co/wp-content/uploads/sites/4/2026/08/Sydney-Announcement-2-campaign-images-12459.jpg
"Aug 22, 2026 @ 19:39:02.946",bed167454fe9d1e682c265014ffa4ddd,https://www.glossy.co/beauty/wellness-briefing-whats-driving-the-wellness-industry-now-plus-news/,"Wellness Briefing: What’s driving the wellness industry now, plus news","This week, I’m reporting from the Glossy Beauty & Wellness Summit where I checked in with wellness experts like Dr. Leonard Guarente, a pioneer of aging science and the co-founder and chief scientist of Elysium Health, and Aaron Jones, the chief digital officer of Unilever Wellbeing and Liquid I.V. Additionally, Bryan Johnson’s Blueprint supplement company hires a CEO and takes on $60 million in funding, health secretary RFK Jr. addresses the safety of acetaminophen for pregnant women, and Bevel raises $10 million to advance consumer wellness data analysis.",Lexy Lebsack,2025-11-05T05:02:00+00:00,,https://www.glossy.co/wp-content/uploads/sites/4/2025/11/Screenshot-2025-11-04-at-12.47.12 PM-1.png
"Aug 22, 2026 @ 19:39:02.975",a00a3abc4d9a87b1b7b07060dd3579b1,https://www.glossy.co/podcasts/ulta-beauty-ceo-kecia-steelman-unpacks-her-first-year-in-charge-and-2026-goals-plus-news/,"Ulta Beauty CEO Kecia Steelman unpacks her first year in charge and 2026 goals, plus news","In January, Kecia Steelman became one of the most powerful executives in beauty by stepping into the president and CEO role at Ulta Beauty. She’s since unleashed a revenue comeback plan, which includes international expansion, a marketplace launch and the closure of Ulta's Target shop-in-shop. In just 11 months, her strategy has paid off, with the retailer seeing its net sales growth triple. Glossy sat down with Steelman to discuss her first year at the helm of America’s biggest beauty retailer.",Lexy Lebsack,2025-12-11T05:04:00+00:00,,https://www.glossy.co/wp-content/uploads/sites/4/2025/12/GB_1140X520_Retouched.jpg
"Aug 22, 2026 @ 19:39:03.075",cc23da0a93eb9a3ee6bf31d5025e43f5,https://www.glossy.co/beauty/sephora-welcomes-gen-alpha-shoppers-with-brands-designed-for-them/,Sephora welcomes Gen Alpha shoppers with brands designed for them,"On this week’s episode of “The Glossy Beauty Podcast,” co-hosts Sara Spruch-Feiner and Lexy Lebsack dive into one of beauty’s buzziest topics: Gen Alpha’s rapid emergence as consumers in their own right.",Sara Spruch-Feiner,2025-10-09T04:02:00+00:00,,https://www.glossy.co/wp-content/uploads/sites/4/2025/10/GB_1140X520_Retouched_41f528.jpg
"Aug 22, 2026 @ 19:39:03.108",e4d780d7cc977f97a2bdd2f325210645,https://www.glossy.co/beauty/wellness/wellness-briefing-hims-hers-plots-rapid-expansion-into-peptide-therapies-like-bpc-157-plus-news/,"Wellness Briefing: Hims & Hers plots rapid expansion into peptide therapies like BPC-157, plus news",Glossy unpack comment by Hims & Hers CEO Andrew Dudum about plan to rapidly expand into six experimental peptide therapies.,Lexy Lebsack,2026-08-19T04:00:00+00:00,,https://www.glossy.co/wp-content/uploads/sites/4/2026/08/pexels-karola-g-4046952.jpg
"Aug 22, 2026 @ 19:39:03.134",871d6b00af7450bd5d16218a8b0f4366,https://www.glossy.co/beauty/beauty-briefing-how-sephora-is-evolving-its-loyalty-program-in-a-competitive-retail-environment/,Beauty Briefing: How Sephora is evolving its loyalty program in a competitive retail environment,"Sephora is experimenting with new loyalty perks, including gamified rewards. to keep consumers shopping from their stores.",Emily Jensen,2026-08-18T04:00:00+00:00,,https://www.glossy.co/wp-content/uploads/sites/4/2026/08/River_Marketplace_2174_Interior_097.jpg
"Aug 22, 2026 @ 19:39:03.169",6fdf58d3f1dbe9da064b6de9d42e9ebe,https://www.glossy.co/beauty/wellness/inside-ag1s-growth-engine-gummies-canned-drinks-energy-powder-and-much-more-to-come/,"Inside AG1’s growth engine: Gummies, canned drinks, energy powder and 'much more to come'","AG1 CEO Kat Cole shared her ambitious plan to expand the AG1 customer base through wider distribution and “several launches per year.""",Lexy Lebsack,2026-08-17T04:00:00+00:00,,https://www.glossy.co/wp-content/uploads/sites/4/2026/08/Screenshot-2026-08-14-at-11.15.38-AM.png?w=2842
"Aug 22, 2026 @ 19:39:03.175",2ef8925dea845ca9d34461d76e6557a1,https://www.glossy.co/fashion/nike-says-it-expects-986-million-in-ieepa-tariff-refunds/,Nike says it expects $986 million in IEEPA tariff refunds,Nike says it's in a better financial position as it awaits nearly $1 billion in refunds related to IEEPA tariffs.,Julia Waldow,2026-07-01T04:00:00+00:00,,https://www.glossy.co/wp-content/uploads/sites/4/2024/01/nike-doernbecher-freestyle-xviii-group-v1.jpg?w=9727
"Aug 22, 2026 @ 19:39:03.179",3f041078f1227121782de62e9ff3dec6,https://www.glossy.co/fashion/page/4/,Fashion Archives,"How fashion brands are trading storefronts for temporary pop-ups, no-inventory showrooms, modern markets and exclusive customers experiences.",,,,
"Aug 22, 2026 @ 19:39:03.185",632c5562474238f5406a2507b4a9f912,https://www.glossy.co/fashion/how-fast-retailings-decades-long-relationship-with-suppliers-is-enabling-record-breaking-revenue/,How Fast Retailing's decades-long relationship with suppliers is enabling record-breaking revenue,"Kazumi Yanai, an executive at Fast Retailing, attributed the company's successes to its long, stable relationships with its suppliers.",Danny Parisi,2026-06-29T04:00:00+00:00,,https://www.glossy.co/wp-content/uploads/sites/4/2026/04/IMG_3384.jpeg?w=8256
"Aug 22, 2026 @ 19:39:03.188",8fb853608a31243d2cc563fb1f314879,https://www.glossy.co/fashion/fashion-brands-are-capitalizing-on-the-growing-demand-for-cute-stadium-compliant-clear-bags/,Fashion brands are capitalizing on the growing demand for stadium-compliant clear handbags,Fashion brands are starting to release fashion-forward transparent handbags to match the effort fans are putting into their stadium fits.,Danny Parisi,2026-06-30T04:00:00+00:00,,https://www.glossy.co/wp-content/uploads/sites/4/2026/06/260508_DagneDover_StadiumBags_Concrete_Bennie_0332.jpg?w=3798
"Aug 22, 2026 @ 19:39:03.194",dc8deb63b6fcde3280e90c80af834ada,https://www.glossy.co/fashion/luxury/luxury-briefing-canali-is-betting-on-leisurewear-to-lure-younger-customers/,Luxury Briefing: Canali is betting on leisurewear to lure younger customers,"Canali's incoming creative director, Alessio Lillocci, discusses his plan for the brand, drawing on lessons from his time at Brunello Cucinelli and Prada.",Zofia Zwieglinska,2026-06-26T04:00:00+00:00,,https://www.glossy.co/wp-content/uploads/sites/4/2026/06/02.Canali_SS27_Presentation-e1782420244798.jpg
"Aug 22, 2026 @ 19:39:03.197",b8adbe4beb4b53c659f1022be585ff94,https://www.glossy.co/podcasts/glossy-podcast-what-defines-american-fashion-today-with-articles-of-interest-host-avery-trufelman/,What defines 'American fashion' today? – with Articles of Interest host Avery Trufelman,"Avery Trufelman, journalist and host of the Articles of Interest podcast, joins the Glossy Podcast to discuss ""American fashion"" in 2026.",Danny Parisi,2026-06-26T04:00:00+00:00,,https://www.glossy.co/wp-content/uploads/sites/4/2026/06/Portrait-glossy-brand-1140x520-0625.jpg
"Aug 22, 2026 @ 19:39:03.202",33f7cf32bf31065f9644c3965bf632fd,https://www.glossy.co/series/fashion-podcast/,The Glossy Fashion Podcast Archives,Each Glossy Fashion Podcast episode features candid conversations about how today’s trends are shaping the future of the fashion industry.,,,,
"Aug 22, 2026 @ 19:39:03.205",daff727b3aeccaf5739788000b2a591a,https://www.glossy.co/fashion/fashion-briefing-new-ai-tools-and-deeper-creator-collaborations-drive-the-fashion-conversation-at-cannes-lions/,Fashion Briefing: New AI tools and deeper creator collaborations drive the fashion conversation at Cannes Lions,"At Cannes Lions, new AI tools, a focus on cultural collaborations and strategies for further engaging with the creator economy are at the center of the conversation.",Danny Parisi,2026-06-25T04:00:00+00:00,,https://www.glossy.co/wp-content/uploads/sites/4/2026/06/R5JT0305_bUYhHfRw_20260624022402.jpg?w=5000
"Aug 22, 2026 @ 19:39:03.208",23735c73d9db892af692f3156fe0bf48,https://www.glossy.co/fashion/exclusive-claires-turns-its-stores-into-a-creator-commerce-platform-for-gen-alpha-with-lanas-life-launch/,Exclusive: Claire’s turns its stores into a creator-commerce platform for Gen Alpha with Lana's Life launch,"Claire’s is using its Lana Rae partnership to connect Gen Alpha fandom, Roblox and nearly 900 if its physical store",Zofia Zwieglinska,2026-06-25T04:00:00+00:00,,https://www.glossy.co/wp-content/uploads/sites/4/2026/06/Lanas-Life_Banner.png?w=5760
"Aug 22, 2026 @ 19:39:03.211",1276814dd207f7cfb0987ca96c200a63,https://www.glossy.co/fashion/true-religion-is-using-high-volume-profitable-physical-retail-to-reach-its-1-billion-revenue-goal/,"True Religion is using high-volume, profitable physical retail to reach its $1 billion revenue goal","True Religion announced on Monday it's opening four stores this year, in Indiana, New Jersey and California.",Danny Parisi,2026-06-23T04:00:00+00:00,,https://www.glossy.co/wp-content/uploads/sites/4/2026/06/Storefront.jpg?w=2700
"Aug 22, 2026 @ 19:39:03.215",62ac88dd6b9ab7913f82ed78d7cc5421,https://www.glossy.co/fashion/poshmark-opens-its-120-million-product-listings-to-the-shazam-of-fashion/,Poshmark opens its 120 million product listings to the Shazam of fashion,Poshmark is expanding its resale inventory beyond its own app through a partnership with visual-shopping platform Silvr.,Zofia Zwieglinska,2026-06-25T04:00:00+00:00,,https://www.glossy.co/wp-content/uploads/sites/4/2026/06/Screenshot-2026-06-24-at-23.08.12.png
"Aug 22, 2026 @ 19:39:03.221",e85853d51126d901864cedd84eb5827a,https://www.glossy.co/fashion/knix-embarks-on-its-biggest-wholesale-expansion-opening-in-350-target-stores/,"Knix embarks on its biggest wholesale expansion, opening in 350 Target stores","The company is pushing further into wholesale as it launches KT by Knix, its youth-oriented sub-brand, in over 350 Target stores.",Danny Parisi,2026-06-22T04:00:00+00:00,,https://www.glossy.co/wp-content/uploads/sites/4/2026/06/KT_Target-1.png?w=3840
"Aug 22, 2026 @ 19:39:03.225",e6f1e790d2fff2cc2a367b6db615c43c,https://www.glossy.co/series/pop-newsletter/,Glossy Pop Newsletter Archives,,,,,
"Aug 22, 2026 @ 19:39:03.226",bbcf9f5905c6e78dbdbb41469e94175c,https://www.glossy.co/fashion/the-playoffs-are-over-the-knicks-fashion-opportunity-is-just-beginning/,Glossy Pop Newsletter: The playoffs are over — the Knicks fashion opportunity is just beginning,"The Knicks mounted another comeback, in the closing minutes of Game 5. The streets of NYC erupted — and so did the retail opportunity.",Sara Spruch-Feiner,2026-06-19T04:00:00+00:00,,https://www.glossy.co/wp-content/uploads/sites/4/2026/06/Screenshot-2026-06-18-at-9.36.42-PM.png
"Aug 22, 2026 @ 19:39:03.235",76211da8b07818ed2b64a0fd4b9c24fc,https://www.glossy.co/fashion/luxury/luxury-briefing-inside-luisaviaromas-nyc-store-closure-and-investor-backed-next-chapter/,Luxury Briefing: Inside LuisaViaRoma’s NYC store closure and investor-backed next chapter,"In this Luxury Briefing, Glossy looks into the latest chapter of the department store saga: the closing of LuisaViaRoma's New York store.",Zofia Zwieglinska,2026-06-19T04:00:00+00:00,,https://www.glossy.co/wp-content/uploads/sites/4/2026/06/Screenshot-2026-06-18-at-21.07.23.png
"Aug 22, 2026 @ 19:39:03.238",25d643b96b6ed3af2a570c812bf12329,https://www.glossy.co/fashion/is-saks-safe-for-brands-again/,Is Saks safe for brands again?,"Saks Global received court approval for its post-bankruptcy restructuring, which would reduce its debt and leave it a more compact company.",Danny Parisi,2026-06-19T04:00:00+00:00,,https://www.glossy.co/wp-content/uploads/sites/4/2026/06/Portrait-glossy-brand-1140x520-0617.jpg
"Aug 22, 2026 @ 19:39:03.241",7c087326fd5509d9bdf3afd36c332b03,https://www.glossy.co/beauty/exclusive-sol-de-janeiro-takes-a-page-out-of-the-luxury-perfume-market-with-the-launch-of-intense-fragrance-mists/,Exclusive: Sol de Janeiro takes a page out of the luxury perfume market with the launch of 'intense' fragrance mists,"With Intense Perfume Mists, the brand aims to speak to demand for affordable body mists and higher-concentration perfumes.",Emily Jensen,2026-08-17T04:01:00+00:00,,https://www.glossy.co/wp-content/uploads/sites/4/2026/08/sol-de-janeiro-intense-body-mist-fragrance.jpg?w=5000
"Aug 22, 2026 @ 19:39:03.241",72d018b32a46ef43a1067064f7fdac46,https://www.glossy.co/fashion/fashion-briefing-american-brands-like-original-penguin-and-ralph-lauren-see-european-opportunity-at-pitti-uomo/,Fashion Briefing: American brands like Original Penguin and Ralph Lauren see European opportunity at Pitti Uomo,"Pitti Uomo is meant to show off the best of Florentine and Italian tailoring. But this year, Americans have a large presence.",Danny Parisi,2026-06-18T04:00:00+00:00,,https://www.glossy.co/wp-content/uploads/sites/4/2026/06/senza-titolo-7673.jpg?w=5958
"Aug 22, 2026 @ 19:39:03.245",96da3ffffcc8860119789c631e9be6a9,https://www.glossy.co/fashion/fashion-is-now-the-largest-category-on-whatnot-as-brands-flock-to-the-platform/,Fashion is now the largest category on Whatnot as brands flock to the platform,"After a $225 million funding round, Whatnot is valued at over $11 billion, with 20 million buyers joining the platform in the last year.",Danny Parisi,2026-06-17T04:00:00+00:00,,https://www.glossy.co/wp-content/uploads/sites/4/2026/06/shoeWithShadow.bde3930e.png
"Aug 22, 2026 @ 19:39:03.249",d4fc17162d94dce0c90db1dbdfd75eec,https://www.glossy.co/podcasts/glossy-podcast-whats-motivating-and-whos-buying-ai-companies-streetwear-merch/,Glossy Podcast: What's motivating — and who's buying — AI companies' streetwear merch?,"Over the last year, big tech and AI companies have started to get into the fashion game by releasing streetwear-inspired drops.",Danny Parisi,2026-08-14T04:00:00+00:00,,https://www.glossy.co/wp-content/uploads/sites/4/2026/08/Portrait-glossy-brand-1140x520-0813.jpg
"Aug 22, 2026 @ 19:39:03.250",1c7ed43687227fe69a6ce243995cbb32,https://www.glossy.co/podcasts/copenhagen-fashion-week-20-years-future-ganni/,Copenhagen Fashion Week built the Scandi boom. Can it still grow another Ganni?,"As Copenhagen Fashion Week celebrates 20 years of shaping global fashion, Natalie Salmon joins the glossy Podcast to discuss what comes next.",Zofia Zwieglinska,2026-08-07T04:00:00+00:00,,https://www.glossy.co/wp-content/uploads/sites/4/2026/08/Portrait-glossy-brand-1140x520-0805.jpg
"Aug 22, 2026 @ 19:39:03.253",e18f83f5fa18cd6ac4303d3065fa426a,https://www.glossy.co/podcasts/method-dressing-red-carpet-micaela-erlanger/,"As Zendaya spins another ‘Spider-Man’ fashion story, Micaela Erlanger explains method dressing’s next era",Lupita Nyong’o and Meryl Streep stylist Micaela Erlanger discusses the rise of method dressing and limits of literal red-carpet references.,Zofia Zwieglinska,2026-07-31T04:00:00+00:00,,https://www.glossy.co/wp-content/uploads/sites/4/2026/07/Portrait-glossy-brand-l-0730.jpg
"Aug 22, 2026 @ 19:39:03.257",62e6597c8ccbcaf3545baf9868832f5f,https://www.glossy.co/events/glossy-pop-nyc-sep-2026/,Glossy Pop NYC,Glossy Pop NYC is the ultimate event for beauty lovers looking to get up close and personal with the industry’s most exciting brands and content creators.,,,,https://www.glossy.co/wp-content/uploads/sites/4/2025/03/glossy_pop_nyc_8-1.gif?w=1500
"Aug 22, 2026 @ 19:39:03.260",9417040d6067b62c1b6f8872b976637e,https://www.glossy.co/fashion/page/3/,Fashion Archives,"How fashion brands are trading storefronts for temporary pop-ups, no-inventory showrooms, modern markets and exclusive customers experiences.",,,,
"Aug 22, 2026 @ 19:39:03.263",c6e2a64acd0f5a2af815f1d857d0df50,https://www.glossy.co/fashion/exclusive-target-aims-to-strengthen-its-tween-business-with-new-multi-year-pacsun-partnership/,Exclusive: Target aims to strengthen its tween business with new multi-year Pacsun partnership,"The debut collaborative collection encompasses T-shirts, tank tops, denim and dresses, all targeted at tweens.",Danny Parisi,2026-07-22T04:00:00+00:00,,https://www.glossy.co/wp-content/uploads/sites/4/2025/12/Target-Sustainability-Governance-Report.png
"Aug 22, 2026 @ 19:39:03.263",e654d24e2ddca55ed4ecdb055264c711,https://www.glossy.co/fashion/an-evolution-of-the-brand-lifestyle-categories-are-now-driving-the-majority-of-beyond-yogas-revenue/,'An evolution of the brand': Lifestyle categories are now driving the majority of Beyond Yoga's revenue,"Beyond Yoga's newer categories, outside of its core product of yoga pants, leggings and sports bras, are driving 60% of its total revenue.",Danny Parisi,2026-07-21T04:00:00+00:00,,https://www.glossy.co/wp-content/uploads/sites/4/2026/07/glowzone_3.jpg?w=3500
"Aug 22, 2026 @ 19:39:03.269",7a0b5cf4c9a18a62efc7711b08d9bcf6,https://www.glossy.co/fashion/luxury/toccin-private-shopping-events-global-growth/,Luxury Briefing: Private shopping is powering Toccin’s international expansion,"How private shopping events, trunk shows and early Harrods momentum are driving Toccin's international expansion.",Zofia Zwieglinska,2026-07-17T04:00:00+00:00,,https://www.glossy.co/wp-content/uploads/sites/4/2026/07/Screenshot-2026-07-16-at-21.52.49.png?w=1594
"Aug 22, 2026 @ 19:39:03.269",870b2f58a50f2826be8c7c678f671a3a,https://www.glossy.co/fashion/fashion-briefing-sneaker-brands-are-slowing-their-drops-to-combat-sneaker-fatigue/,Fashion Briefing: Sneaker brands are slowing their drops to combat sneaker fatigue,"In 2026, sneaker brands taking time between their releases to increase the impact of each as consumer interest in sneakers declines.",Danny Parisi,2026-07-16T09:52:16+00:00,,https://www.glossy.co/wp-content/uploads/sites/4/2026/07/U950384_SingleHero_0178.jpg?w=5172
"Aug 22, 2026 @ 19:39:03.269",836977809148a2e9f728fa0faabc1888,https://www.glossy.co/fashion/salomon-continues-its-us-growth-streak-by-launching-at-foot-locker/,Salomon continues its US growth streak by launching at Foot Locker,"Only two weeks after the cult French sneaker brand Salomon opened its largest store in New York City, it's launching at Foot Locker.",Danny Parisi,2026-07-15T10:00:00+00:00,,https://www.glossy.co/wp-content/uploads/sites/4/2026/07/FL_Salomon_GroupShot_5.jpg?w=7967
"Aug 22, 2026 @ 19:39:03.279",ffe6a4e5bc6297b7cb894e3baba460c9,https://www.glossy.co/fashion/how-fast-growing-pink-palm-puff-aims-to-expand-beyond-its-core-teen-demographic/,How fast-growing Pink Palm Puff aims to expand beyond its core teen demographic,"Pink Palm Puff, the Gen Z-favorite beachy apparel line, is ready to grow its customer base beyond high schoolers.",Danny Parisi,2026-07-13T04:00:00+00:00,,https://www.glossy.co/wp-content/uploads/sites/4/2026/07/IMG_3821.webp
"Aug 22, 2026 @ 19:39:03.279",89be13e0a28c7290558ddcdd6250675a,https://www.glossy.co/fashion/fashion-briefing-as-gen-z-goes-back-to-the-mall-garage-is-opening-20-profitable-stores-a-year/,"Fashion Briefing: As Gen Z goes back to the mall, Garage is opening 20 profitable stores a year","The cult Canadian fashion brand Garage is on a retail tear, opening new stores in London, Manchester and several states — each is profitable.",Danny Parisi,2026-07-09T04:00:00+00:00,,https://www.glossy.co/wp-content/uploads/sites/4/2026/07/June18_HP_SummerFaves_Desktop.webp
"Aug 22, 2026 @ 19:39:03.279",fc5e30f957d56dec2ddade3482fdbe05,https://www.glossy.co/fashion/luxury/haute-couture-younger-luxury-customers-pandora-levis-tory-burch/,"Luxury Briefing: As luxury shoppers become more selective, couture is becoming a stronger VIC tool","Glossy digs into Haute Couture Week in Paris with luxury sourcer Gab Waller, designer Rahul Mishra and Bain senior partner Federica Levato.",Zofia Zwieglinska,2026-07-10T04:00:00+00:00,,https://www.glossy.co/wp-content/uploads/sites/4/2026/07/4K5A9939.jpg?w=6720
"Aug 22, 2026 @ 19:39:03.287",312d7e5c8ea43ae43748dfbe2fde1ea7,https://www.glossy.co/fashion/on-lightspray-robots-sneaker-nearshoring/,On is betting on robots and nearshoring to gain an advantage,On may open LightSpray robot factories in Europe and the U.S. to make nearshoring commercially viable.,Zofia Zwieglinska,2026-07-09T04:00:00+00:00,,https://www.glossy.co/wp-content/uploads/sites/4/2026/07/on_innovation-engine-zurich-25_june_2026-15.jpg
"Aug 22, 2026 @ 19:39:03.290",59c037a15b8b545c562752e0f483b60d,https://www.glossy.co/fashion/how-bandit-running-is-expanding-internationally-while-staying-hyperlocal/,How Bandit Running is expanding internationally while staying hyperlocal,Bandit's focus on core running communities has helped it grow enough to start expanding outward.,Danny Parisi,2026-07-07T04:00:00+00:00,,https://www.glossy.co/wp-content/uploads/sites/4/2026/05/9_0b11c36f-c87b-4bd0-9c99-8ef26c6b5773-copy-1.jpg
"Aug 22, 2026 @ 19:39:03.293",af6bd460293ad80b95f6e4bdd652dce3,https://www.glossy.co/fashion/on-innovation-engine-apparel-growth/,"Inside On’s innovation engine and apparel ambitions, as its founders return to lead the next phase",On gave Glossy rare access to its Zurich labs as apparel sales grew 57.5% and its founders returned to lead the sportswear brand’s next phase.,Zofia Zwieglinska,2026-07-06T04:00:00+00:00,,https://www.glossy.co/wp-content/uploads/sites/4/2026/07/on_innovation-engine-zurich-25_june_2026-02.jpg?w=7632
"Aug 22, 2026 @ 19:39:03.296",6fee3d2275cc0f26464455dac0c4e57f,https://www.glossy.co/fashion/glossy-pop-newsletter-how-meta-leveraged-kylie-jenner-peggy-gou-and-substackers-in-its-first-fashion-campaign/,"Glossy Pop Newsletter: How Meta leveraged Kylie Jenner, Peggy Gou and Substackers in its first fashion campaign","Last week, with its introduction of Meta Glasses, Meta launched a fashion house — with collaborators from stylists to Kylie Jenner.",Jill Manoff,2026-07-03T17:17:30+00:00,,https://www.glossy.co/wp-content/uploads/sites/4/2026/07/MetaStoryImage.png
"Aug 22, 2026 @ 19:39:03.298",71ca59b97c6d5d375960b5585b5f51c1,https://www.glossy.co/beauty/refinery29-and-eos-take-a-nose-dive-into-fragrance-with-new-podcast-series/,Refinery29 and Eos take a nose dive into fragrance with new podcast series,The publication and mass market body and fragrance brand will launch a five-part podcast series examining fragrance through a cultural lens.,Emily Jensen,2026-08-12T04:00:00+00:00,,https://www.glossy.co/wp-content/uploads/sites/4/2026/08/EOS_BodyMist_Full-Collection_2026_16x9.jpg
"Aug 22, 2026 @ 19:39:03.299",e6f1e790d2fff2cc2a367b6db615c43c,https://www.glossy.co/series/pop-newsletter/,Glossy Pop Newsletter Archives,,,,,
"Aug 22, 2026 @ 19:39:03.302",c7dd20d35bcfca01099cf89a71fc55f2,https://www.glossy.co/fashion/luxury/luxury-briefing-how-wimbledon-players-became-fine-jewelry-brands-ultimate-ambassadors/,Luxury Briefing: How Wimbledon players became fine jewelry brands' ultimate ambassadors,Mirra Andreeva’s broken bracelet highlights the risk of tennis jewelry as Mejuri and Material Good use the court to reach luxury shoppers.,Zofia Zwieglinska,2026-07-03T04:00:00+00:00,,https://www.glossy.co/wp-content/uploads/sites/4/2026/07/image-9.png
"Aug 22, 2026 @ 19:39:03.304",4ac0069ec52dec32204278d3e2d62233,https://www.glossy.co/fashion/for-america-250-customers-want-positive-actions-more-than-patriotic-branding/,"For America 250, customers want positive actions more than patriotic branding","Data shows that American product branding still resonates with around half the country, with only 16% of people having a negative association.",Danny Parisi,2026-07-03T04:00:00+00:00,,https://www.glossy.co/wp-content/uploads/sites/4/2026/07/pdp-62434M-feature-1-copy.jpg
"Aug 22, 2026 @ 19:39:03.307",f3c92a7bad077d06fc1cb849da5d1a36,https://www.glossy.co/podcasts/glossy-podcast-oner-actives-krissy-cela-on-leveraging-ambassadors-to-surpass-the-200-million-mark/,Glossy Podcast: Oner Active's Krissy Cela on leveraging ambassadors to surpass the $200 million mark,Krissy Cela joined Glossy editor-in-chief Jill Manoff on the Glossy Podcast to discuss how she's been able to scale up her brand so quickly.,Danny Parisi,2026-07-03T04:00:00+00:00,,https://www.glossy.co/wp-content/uploads/sites/4/2026/07/Portrait-glossy-brand-1140x520-0625-2.jpg
"Aug 22, 2026 @ 19:39:03.307",33f7cf32bf31065f9644c3965bf632fd,https://www.glossy.co/series/fashion-podcast/,The Glossy Fashion Podcast Archives,Each Glossy Fashion Podcast episode features candid conversations about how today’s trends are shaping the future of the fashion industry.,,,,
"Aug 22, 2026 @ 19:39:03.314",d4fc17162d94dce0c90db1dbdfd75eec,https://www.glossy.co/podcasts/glossy-podcast-whats-motivating-and-whos-buying-ai-companies-streetwear-merch/,Glossy Podcast: What's motivating — and who's buying — AI companies' streetwear merch?,"Over the last year, big tech and AI companies have started to get into the fashion game by releasing streetwear-inspired drops.",Danny Parisi,2026-08-14T04:00:00+00:00,,https://www.glossy.co/wp-content/uploads/sites/4/2026/08/Portrait-glossy-brand-1140x520-0813.jpg
"Aug 22, 2026 @ 19:39:03.316",492b78aa87b3c74a0c9a60478e76b046,https://www.glossy.co/events/brand-leaders-dinner-nyc-sep-2026/,Brand Leaders Dinner NYC,"The Glossy x Modern Retail Brand Leaders Dinner is an exclusive, invitation-only dinner bringing together influential brand executives to discuss their biggest challenges and industry opportunities.",Jennifer McCreary,,,https://www.modernretail.co/wp-content/uploads/sites/5/2026/07/globalpaymentsdinner_sep2026.png
"Aug 22, 2026 @ 19:39:03.316",1c7ed43687227fe69a6ce243995cbb32,https://www.glossy.co/podcasts/copenhagen-fashion-week-20-years-future-ganni/,Copenhagen Fashion Week built the Scandi boom. Can it still grow another Ganni?,"As Copenhagen Fashion Week celebrates 20 years of shaping global fashion, Natalie Salmon joins the glossy Podcast to discuss what comes next.",Zofia Zwieglinska,2026-08-07T04:00:00+00:00,,https://www.glossy.co/wp-content/uploads/sites/4/2026/08/Portrait-glossy-brand-1140x520-0805.jpg
"Aug 22, 2026 @ 19:39:03.316",e18f83f5fa18cd6ac4303d3065fa426a,https://www.glossy.co/podcasts/method-dressing-red-carpet-micaela-erlanger/,"As Zendaya spins another ‘Spider-Man’ fashion story, Micaela Erlanger explains method dressing’s next era",Lupita Nyong’o and Meryl Streep stylist Micaela Erlanger discusses the rise of method dressing and limits of literal red-carpet references.,Zofia Zwieglinska,2026-07-31T04:00:00+00:00,,https://www.glossy.co/wp-content/uploads/sites/4/2026/07/Portrait-glossy-brand-l-0730.jpg
"Aug 22, 2026 @ 19:39:03.324",989808a5e947ffd2c84876707011aa59,https://www.glossy.co/events/ai-marketing-strategies-sep-2026/,AI Marketing Strategies,Join us for AI Marketing Strategies as we map out the state of play of an industry being reshaped by AI.,,,,
"Aug 22, 2026 @ 19:39:03.327",62e6597c8ccbcaf3545baf9868832f5f,https://www.glossy.co/events/glossy-pop-nyc-sep-2026/,Glossy Pop NYC,Glossy Pop NYC is the ultimate event for beauty lovers looking to get up close and personal with the industry’s most exciting brands and content creators.,,,,https://www.glossy.co/wp-content/uploads/sites/4/2025/03/glossy_pop_nyc_8-1.gif?w=1500
"Aug 22, 2026 @ 19:39:03.327",1f102690849c1dab292cc13c960519ce,https://www.glossy.co/fashion/page/2/,Fashion Archives,"How fashion brands are trading storefronts for temporary pop-ups, no-inventory showrooms, modern markets and exclusive customers experiences.",,,,
"Aug 22, 2026 @ 19:39:03.327",492b78aa87b3c74a0c9a60478e76b046,https://www.glossy.co/events/brand-leaders-dinner-nyc-sep-2026/,Brand Leaders Dinner NYC,"The Glossy x Modern Retail Brand Leaders Dinner is an exclusive, invitation-only dinner bringing together influential brand executives to discuss their biggest challenges and industry opportunities.",Jennifer McCreary,,,https://www.modernretail.co/wp-content/uploads/sites/5/2026/07/globalpaymentsdinner_sep2026.png
"Aug 22, 2026 @ 19:39:03.334",33f7cf32bf31065f9644c3965bf632fd,https://www.glossy.co/series/fashion-podcast/,The Glossy Fashion Podcast Archives,Each Glossy Fashion Podcast episode features candid conversations about how today’s trends are shaping the future of the fashion industry.,,,,
"Aug 22, 2026 @ 19:39:03.335",1c7ed43687227fe69a6ce243995cbb32,https://www.glossy.co/podcasts/copenhagen-fashion-week-20-years-future-ganni/,Copenhagen Fashion Week built the Scandi boom. Can it still grow another Ganni?,"As Copenhagen Fashion Week celebrates 20 years of shaping global fashion, Natalie Salmon joins the glossy Podcast to discuss what comes next.",Zofia Zwieglinska,2026-08-07T04:00:00+00:00,,https://www.glossy.co/wp-content/uploads/sites/4/2026/08/Portrait-glossy-brand-1140x520-0805.jpg
"Aug 22, 2026 @ 19:39:03.337",df3f7356dbc1006f03241cf13a5ef3aa,https://www.glossy.co/fashion/brunello-cucinelli-software-ralph-lauren-capri-luxury/,Luxury Briefing: Could luxury’s next 'it' product be software? Brunello Cucinelli’s is already a 7-figure business,Glossy speaks with Francesco Bottigliero about Brunello Cucinelli's AI software platform and its new Salesforce partnership.,Zofia Zwieglinska,2026-08-07T04:00:00+00:00,,https://www.glossy.co/wp-content/uploads/sites/4/2026/08/IMG_5900.jpeg
"Aug 22, 2026 @ 19:39:03.337",973dafa5970e13ec65f27741c6cda026,https://www.glossy.co/podcasts/the-ins-and-outs-of-branded-beauty-and-wellness-events-with-bilal-kaiser-founder-of-agency-guacamole/,"The ‘ins and outs’ of branded beauty and wellness events with Bilal Kaiser, founder of Agency Guacamole",Glossy Beauty Podcast host Lexy Lebsack interviews Agency Guacamole founder Bilal Kaiser about the ins and outs of branded beauty events.,Lexy Lebsack,2026-08-13T04:00:00+00:00,,https://www.glossy.co/wp-content/uploads/sites/4/2026/08/GB_1140X520_0811.jpg
"Aug 22, 2026 @ 19:39:03.345",66780b1a250aad417973c24c39606fdf,https://www.glossy.co/fashion/fashion-briefing-as-private-equity-firms-pull-away-from-fashion-licensed-brand-management-companies-are-stepping-up-acquisitions/,"Fashion Briefing: As P.E. firms pull away from fashion, licensed brand management companies step up acquisitions","Today, you're less likely to see P.E. get into the fashion game, while licensed brand management companies have stepped up acquisitions.",Danny Parisi,2026-08-06T04:00:00+00:00,,https://www.glossy.co/wp-content/uploads/sites/4/2026/08/Screenshot-2026-08-05-at-5.52.45-PM.png?w=2686
"Aug 22, 2026 @ 19:39:03.347",0b7ca988f358abf634e01488f8836f44,https://www.glossy.co/fashion/luggage-brands-repeat-purchases-beyond-suitcases/,Luggage brands are gunning for a bigger share of the travel gear wardrobe,"Premium luggage brands including Antler, July and Béis are using bags, accessories and store formats to drive repeat purchases.",Zofia Zwieglinska,2026-08-03T04:00:00+00:00,,https://www.glossy.co/wp-content/uploads/sites/4/2026/07/NW_03816-2048x1256-1.jpg
"Aug 22, 2026 @ 19:39:03.349",994f866504e78bd603183bf93153ada2,https://www.glossy.co/research/glossy-research-the-2026-guide-to-holiday-marketing-strategies-including-a-frame-brands-mastercard-and-ritual/,"Glossy+ Research: The 2026 guide to holiday marketing strategies, including A-Frame Brands, Mastercard and Ritual","Glossy+ Research examined which commerce channels are dominating marketers’ holiday strategies, discounts and revenue expectations.","Li Lu, Catherine Wolf",2026-08-04T04:00:00+00:00,,https://www.glossy.co/wp-content/uploads/sites/4/2025/10/IMG_9178-1.jpg?w=5419
"Aug 22, 2026 @ 19:39:03.352",bee740c4a4b9a4beb0bd98d3ad5a45f4,https://www.glossy.co/beauty/glossy-modern-retail-leaders-dinner-ai-retail-strategy/,"Retail’s new operating model centers on leaner teams, smarter data and physical community","At the Glossy & Modern Retail Leaders Dinner, in partnership with Global Payments, executives discussed AI, creator marketing and community.",Zofia Zwieglinska,2026-08-03T04:00:00+00:00,,https://www.glossy.co/wp-content/uploads/sites/4/2026/07/4693.jpg?w=3464
"Aug 22, 2026 @ 19:39:03.354",e18f83f5fa18cd6ac4303d3065fa426a,https://www.glossy.co/podcasts/method-dressing-red-carpet-micaela-erlanger/,"As Zendaya spins another ‘Spider-Man’ fashion story, Micaela Erlanger explains method dressing’s next era",Lupita Nyong’o and Meryl Streep stylist Micaela Erlanger discusses the rise of method dressing and limits of literal red-carpet references.,Zofia Zwieglinska,2026-07-31T04:00:00+00:00,,https://www.glossy.co/wp-content/uploads/sites/4/2026/07/Portrait-glossy-brand-l-0730.jpg
"Aug 22, 2026 @ 19:39:03.358",dd50448a264755cba9b938aa739c9bf7,https://www.glossy.co/fashion/fashion-briefing-inside-the-growing-sometimes-sketchy-world-of-inventory-sourcing-for-resale/,"Fashion Briefing: Inside the growing, sometimes sketchy, world of inventory sourcing for resale","As the revenue opportunity for resale marketplaces increase, new players are looking to formalize the sourcing of inventory for independent sellers.",Danny Parisi,2026-07-30T04:00:00+00:00,,https://www.glossy.co/wp-content/uploads/sites/4/2026/07/tianya1223-store-5619201.jpg?w=6000
"Aug 22, 2026 @ 19:39:03.358",565a44f01b69b09d530270f2f8d11e04,https://www.glossy.co/fashion/luxury/luxury-value-for-money-lvmh-kering-hermes/,Luxury Briefing: Luxury’s recovery has a value-for-money problem,"LVMH, Kering and Hermès reported improving earnings, but jewelry, resale and Gucci’s pricing reset reveal luxury’s growing value-for-money problem.",Zofia Zwieglinska,2026-07-31T04:00:00+00:00,,https://www.glossy.co/wp-content/uploads/sites/4/2026/07/LOUIS-VUITTON-130TH-ANNIVERSARY-MONOGRAM-CAMPAIGN-FILM-STARRING-ZENDAYA.jpg
"Aug 22, 2026 @ 19:39:03.363",9c4b7286751f17ca0f2518aa8b28ceda,https://www.glossy.co/fashion/hollister-neutrogena-lay-out-lollapalooza-plans-centered-on-gen-z-awareness-merch-sales/,"Hollister, Neutrogena lay out Lollapalooza plans centered on Gen-Z awareness, merch sales","With multi-faceted activations, fashion and beauty brands are set to have a big presence at Lollapalooza this weekend.",Danny Parisi,2026-07-28T04:00:00+00:00,,https://www.glossy.co/wp-content/uploads/sites/4/2026/07/lolla-hco.jpg
"Aug 22, 2026 @ 19:39:03.368",c78b3b93bc26f7dc0362b3187ff4eaa4,https://www.glossy.co/fashion/watch-resellers-say-rolexs-certified-pre-owned-channel-is-increasing-the-overall-market-for-secondhand-watches/,Watch resellers say Rolex's certified pre-owned channel is increasing the overall market for secondhand watches,The entry and rapid rise of Rolex into the lucrative secondhand watch market has taken market share from secondhand dealers and marketplaces.,Danny Parisi,2026-07-27T04:00:00+00:00,,https://www.glossy.co/wp-content/uploads/sites/4/2026/07/new-watches-2026-the-oyster-perpetual-36-m126000-0016-hub-copy.jpg
"Aug 22, 2026 @ 19:39:03.370",aaddeca95b930f773946d4397121fb95,https://www.glossy.co/fashion/the-back-to-school-denim-wars-are-starting-earlier-and-lasting-longer/,The back-to-school denim wars are starting earlier and lasting longer,"From Pacsun to Kohl's to Gap, denim is front and center in an increasingly elongated back-to-school season.",Julia Waldow,2026-07-27T04:00:00+00:00,,https://www.glossy.co/wp-content/uploads/sites/4/2026/07/Screenshot-2026-07-26-at-3.32.46-PM.png
"Aug 22, 2026 @ 19:39:03.374",d09072c7d0218d19388a369ea72a20d1,https://www.glossy.co/fashion/luxury/moncler-zegna-luxury-recovery/,Luxury Briefing: Why Zegna is outperforming Moncler in luxury’s uneven recovery,"Moncler and Zegna’s second-quarter results show how luxury growth is shifting toward DTC, high-spending clients and stronger U.S. demand.",Zofia Zwieglinska,2026-07-24T04:00:00+00:00,,https://www.glossy.co/wp-content/uploads/sites/4/2026/07/Screenshot-2026-07-23-at-18.52.30.png?w=1758
"Aug 22, 2026 @ 19:39:03.377",a121de333c0e677888b0aa2734f2055d,https://www.glossy.co/podcasts/how-the-shifting-shopping-calendar-has-become-a-customer-acquisition-opportunity/,How the shifting shopping calendar has become a customer acquisition opportunity,"As brands and retailers compete for an edge during holiday shopping periods, the traditional shopping calendar is becoming spread-out.",Danny Parisi,2026-07-24T04:00:00+00:00,,https://www.glossy.co/wp-content/uploads/sites/4/2026/07/Evergreen-illustration-5_MR-2.webp
"Aug 22, 2026 @ 19:39:03.380",fb7d6a3dcc609f87d54a5e2d85efaae9,https://www.glossy.co/fashion/fashion-briefing-canadian-brands-are-investing-in-us-fulfillment-centers-in-wake-of-new-tariffs/,Fashion Briefing: Canadian brands are investing in US fulfillment centers in wake of new tariffs,"For Canadian brands, the new wave of tariffs expedites plans for moves like establishing local distribution.",Danny Parisi,2026-07-23T04:00:00+00:00,,https://www.glossy.co/wp-content/uploads/sites/4/2026/07/365A7330_extra-min-7030991.webp
"Aug 22, 2026 @ 19:39:03.380",d4fc17162d94dce0c90db1dbdfd75eec,https://www.glossy.co/podcasts/glossy-podcast-whats-motivating-and-whos-buying-ai-companies-streetwear-merch/,Glossy Podcast: What's motivating — and who's buying — AI companies' streetwear merch?,"Over the last year, big tech and AI companies have started to get into the fashion game by releasing streetwear-inspired drops.",Danny Parisi,2026-08-14T04:00:00+00:00,,https://www.glossy.co/wp-content/uploads/sites/4/2026/08/Portrait-glossy-brand-1140x520-0813.jpg
"Aug 22, 2026 @ 19:39:03.384",62e6597c8ccbcaf3545baf9868832f5f,https://www.glossy.co/events/glossy-pop-nyc-sep-2026/,Glossy Pop NYC,Glossy Pop NYC is the ultimate event for beauty lovers looking to get up close and personal with the industry’s most exciting brands and content creators.,,,,https://www.glossy.co/wp-content/uploads/sites/4/2025/03/glossy_pop_nyc_8-1.gif?w=1500
"Aug 22, 2026 @ 19:39:03.388",c23560873b5d8b5439cdbd1d6a527ecd,https://www.glossy.co/fashion/page/6/,Fashion Archives,"How fashion brands are trading storefronts for temporary pop-ups, no-inventory showrooms, modern markets and exclusive customers experiences.",,,,
"Aug 22, 2026 @ 19:39:03.388",685057660e0091653ae380989675dffd,https://www.glossy.co/fashion/witch-j-crews-new-timex-collab-watches-are-starting-to-follow-the-hype-sneaker-model/,"With J.Crew's new Timex collab, watches are starting to follow the hype sneaker model","The release of yet another highly coveted, affordably priced watch collaboration signals a shift in the watch market.",Danny Parisi,2026-06-01T04:01:00+00:00,,
"Aug 22, 2026 @ 19:39:03.395",989808a5e947ffd2c84876707011aa59,https://www.glossy.co/events/ai-marketing-strategies-sep-2026/,AI Marketing Strategies,Join us for AI Marketing Strategies as we map out the state of play of an industry being reshaped by AI.,,,,
"Aug 22, 2026 @ 19:39:03.398",c26f42b757826c94ebb9040872e18166,https://www.glossy.co/fashion/julia-collier-j-crew-glossy-50-2025/,"Julia Collier, J.Crew | Glossy 50 2025","Few fashion marketers this year managed to create a cultural moment with a single product, let alone a sweater that’s been in circulation for four decades with its own trademark. But that’s exactly what Julia Collier, J.Crew’s CMO, pulled off with The Next Rollneck Generation, the campaign that turned the brand’s rollneck sweater into one of 2025’s most talked-about items.",Zofia Zwieglinska,2025-11-24T22:45:54+00:00,,https://www.glossy.co/wp-content/uploads/sites/4/2025/12/The-Scene-Stealers_article.jpg
"Aug 22, 2026 @ 19:39:03.398",88cc610c6628914c7828d0e8c04b4319,https://www.glossy.co/fashion/j-crew-bets-on-scarcity-with-the-rollneck-remix-designer-collaboration-pop-up/,J.Crew bets on scarcity with The Rollneck Remix designer collaboration pop-up,"For a brand with more than 100 stores nationwide, choosing not to use them is an unexpected move. That was the case with J.Crew’s launch of The Rollneck Remix — a New York Fashion Week–timed collaboration with five emerging designers — exclusively through a four-day pop-up at 75 Spring Street and online, bypassing its broader retail fleet.",Zofia Zwieglinska,2026-02-16T05:05:00+00:00,,https://www.glossy.co/wp-content/uploads/sites/4/2026/02/Untitled-design-49.png?w=1920
"Aug 22, 2026 @ 19:39:03.404",af3cc88fa24de1cee1fb23987a7ceef7,https://www.glossy.co/fashion/fashion-briefing-j-crew-is-betting-on-global-activations-amid-rising-american-interest-in-europe/,Fashion Briefing: J.Crew is betting on global activations amid rising American interest in Europe,"In this week's Fashion Briefing, a look at J.Crew's focus on Europe, which aligns with consumers' interests. Also, early insights from Prime Day and back-to-school, executive moves at Parker Thatch and Vuori, and news to know.",Zofia Zwieglinska,2025-07-10T17:00:00+00:00,,https://www.glossy.co/wp-content/uploads/sites/4/2025/07/Screenshot-2025-07-10-at-3.27.18 PM.png?w=1832
"Aug 22, 2026 @ 19:39:03.406",f970d2ca8d3447d7b6ae8367c8d59313,https://www.glossy.co/fashion/printemps-us-growth-plan-is-all-about-differentiation-the-risk-is-on-us-not-the-brand/,"Printemps' US growth plan is all about differentiation: 'The risk is on us, not the brands'","Two months after celebrating Printemps New York’s one-year anniversary, CEO Thierry Prevost spoke with Glossy about the challenges the business is facing, the way he’s thinking about growth accordingly and the luxury brands that are still primed for success.",Jill Manoff,2026-06-01T04:00:00+00:00,,https://www.glossy.co/wp-content/uploads/sites/4/2026/05/9754.jpg
"Aug 22, 2026 @ 19:39:03.407",69731510adbdf733e55d147b5660e124,https://www.glossy.co/fashion/luxury/luxury-briefing-with-versace-sold-capri-is-betting-on-new-consumer-demand-for-accessible-luxury/,"Luxury Briefing: With Versace sold, Capri is betting on new consumer demand for accessible luxury",Glossy checks in with analysts on the state of Capri as it looks to grow Michael Kors and Jimmy Choo with new executive hires.,Zofia Zwieglinska,2026-05-29T04:04:00+00:00,,https://www.glossy.co/wp-content/uploads/sites/4/2026/05/michael-kors-tiendas-1200.jpg
"Aug 22, 2026 @ 19:39:03.411",e6262297334ca736e1891d9bc526d1ff,https://www.glossy.co/podcasts/albert-muzquiz-edgyalbert-explains-why-menswear-is-so-stuck-on-vintage-clothing/,"Albert Muzquiz, @edgyalbert, explains why menswear is so stuck on vintage clothing","Secondhand fashion is having an explosive moment, and menswear content creators are particularly in love with high-quality vintage goods.",Danny Parisi,2026-05-29T04:03:00+00:00,,https://www.glossy.co/wp-content/uploads/sites/4/2026/05/Portrait-glossy-brand-1140x520-0528.jpg
"Aug 22, 2026 @ 19:39:03.414",33f7cf32bf31065f9644c3965bf632fd,https://www.glossy.co/series/fashion-podcast/,The Glossy Fashion Podcast Archives,Each Glossy Fashion Podcast episode features candid conversations about how today’s trends are shaping the future of the fashion industry.,,,,
"Aug 22, 2026 @ 19:39:03.414",c7f69df723e72877d48e48d81d86dc03,https://www.glossy.co/fashion/fashion-briefing-profitable-and-eye-catching-why-fashion-brands-are-flocking-to-eyewear/,"Fashion Briefing: A profitable brand builder, eyewear is fashion's new favorite category","At a time when consumers' wallets are tight, sunglasses and other eyewear offer more affordable entries into a brand's world.",Danny Parisi,2026-05-28T04:00:00+00:00,,https://www.glossy.co/wp-content/uploads/sites/4/2026/05/2026_03_18_RV_Monos_Sunglasses_1786-1.jpeg?w=8047
"Aug 22, 2026 @ 19:39:03.414",e3fb35dcb7c89a0458c305f971c6d241,https://www.glossy.co/fashion/the-ai-paradox-marketers-trust-ai-to-buy-media-not-build-brands/,"The AI paradox: Marketers trust AI to buy media, not build brands",Some executives are wary of AI-generated creative ideas while using automated tools to brainstorm campaigns.,Kimeko McCoy,2026-05-27T04:00:00+00:00,,https://www.glossy.co/wp-content/uploads/sites/4/2026/05/image002.jpg
"Aug 22, 2026 @ 19:39:03.414",2aeb2f243f7d75fac7ae5cadfddecffe,https://www.glossy.co/fashion/luxury/luxury-briefing-ralph-lauren-and-luxexperience-turn-to-ai-for-styling-search-and-high-value-shoppers/,"Luxury Briefing: Ralph Lauren and LuxExperience turn to AI for styling, search and high-value shoppers","Ralph Lauren and LuxExperience reported earnings this week, with each calling AI an increasingly important part of its customer service.",Zofia Zwieglinska,2026-05-22T04:03:00+00:00,,https://www.glossy.co/wp-content/uploads/sites/4/2026/05/ralph-lauren-spring-2026-ad-campaign-the-impression-005.jpg
"Aug 22, 2026 @ 19:39:03.424",f7d182050e96f4bac2d0cd3d4a9977b6,https://www.glossy.co/podcasts/everlanes-reported-shein-sale-raises-a-new-question-what-is-transparency-worth-now/,Everlane’s reported Shein sale raises a new question: What is transparency worth now?,"Earlier this week, Glossy wrote about Everlane’s reported sale to Shein, a deal that will put one of the defining sustainability-adjacent DTC brands of the 2010s inside the world’s most scrutinized ultra-fast-fashion machine.",Zofia Zwieglinska,2026-05-22T04:02:00+00:00,,https://www.glossy.co/wp-content/uploads/sites/4/2026/05/Portrait-glossy-brand-1140x520-0520.jpg
"Aug 22, 2026 @ 19:39:03.425",66209919bfa8c23608867247f7ce32c7,https://www.glossy.co/fashion/no-1-in-womens-swimwear-for-10-years-target-is-refining-its-approach-to-the-category/,"No. 1 in women's swimwear for 10 years, Target is refining its approach to the category","Target has held the No. 1 market share in swim for the past decade. But, it's refocusing on its merchandising authority in the category based on industry-wide initiatives.",Zofia Zwieglinska,2026-05-21T04:04:00+00:00,,https://www.glossy.co/wp-content/uploads/sites/4/2026/05/Untitled-design-64.png?w=1920
"Aug 22, 2026 @ 19:39:03.429",626b658c7e03810d5c9dc6aef5b2f39b,https://www.glossy.co/fashion/fashion-briefing-fashion-resale-is-finally-ready-for-primetime/,Fashion Briefing: Fashion resale is finally ready for primetime,"Secondhand fashion has gone from a niche way to save money to a legitimate, mainstream phenomenon.",Danny Parisi,2026-05-21T04:01:00+00:00,,https://www.glossy.co/wp-content/uploads/sites/4/2026/05/Shot_01_Fashionphile_CardiB_Stills_151.jpg?w=10000
"Aug 22, 2026 @ 19:39:03.432",f7ee5f3008c4930c711acbebc74f4c13,https://www.glossy.co/fashion/everlanes-sale-to-shein-shows-the-limits-of-sustainability-led-fashion-brands/,Everlane’s sale to Shein shows the limits of sustainability-led fashion brands,Everlane’s reported sale to Shein shows how sustainability-led DTC brands are struggling to compete in today's retail environment.,Zofia Zwieglinska,2026-05-18T23:48:21+00:00,,https://www.glossy.co/wp-content/uploads/sites/4/2026/05/Screenshot-2026-05-18-at-21.57.14.png?w=2936
"Aug 22, 2026 @ 19:39:03.434",492b78aa87b3c74a0c9a60478e76b046,https://www.glossy.co/events/brand-leaders-dinner-nyc-sep-2026/,Brand Leaders Dinner NYC,"The Glossy x Modern Retail Brand Leaders Dinner is an exclusive, invitation-only dinner bringing together influential brand executives to discuss their biggest challenges and industry opportunities.",Jennifer McCreary,,,https://www.modernretail.co/wp-content/uploads/sites/5/2026/07/globalpaymentsdinner_sep2026.png
"Aug 22, 2026 @ 19:39:03.437",22cdeafd3c440678d509ee3517e3e021,https://www.glossy.co/fashion/luxury/simkhai-is-building-an-ai-storefront-for-shoppers-who-dont-know-what-to-search/,Simkhai is building an AI storefront for shoppers who don’t know what to search,"Simkhai is preparing to launch a separate AI-powered digital ""storefront"" designed to bring more of its in-store styling experience online.",Zofia Zwieglinska,2026-05-18T04:03:00+00:00,,https://www.glossy.co/wp-content/uploads/sites/4/2026/05/Screenshot-2026-05-15-at-4.20.49-PM.png
"Aug 22, 2026 @ 19:39:03.439",4c97a28c87c90c61018d110d66d61a9b,https://www.glossy.co/beauty/brand-leaders-share-winning-retail-strategies-at-glossys-new-rules-of-retail-town-hall/,The new rules of retail include buying into retail media networks,"The American retail landscape has changed thanks to the closure of thousands of drugstores, the consolidation of luxury department stores, and the dramatic growth of the off-price channel. Juxtaposed with Gen Z’s growing preference toward in-store discovery, it has left many brand leaders unsure of the right retail strategy. The latest quarterly digital Town Hall meeting dove into these topics and more.",Lexy Lebsack,2026-05-18T04:01:00+00:00,,https://www.glossy.co/wp-content/uploads/sites/4/2026/05/pexels-cottonbro-6068950.jpg
"Aug 22, 2026 @ 19:39:03.442",989808a5e947ffd2c84876707011aa59,https://www.glossy.co/events/ai-marketing-strategies-sep-2026/,AI Marketing Strategies,Join us for AI Marketing Strategies as we map out the state of play of an industry being reshaped by AI.,,,,
"Aug 22, 2026 @ 19:39:03.450",96d18a8b2828d5472cf8df62dca7f700,https://www.glossy.co/research/glossy-research-marketers-ai-use-rises-but-tech-skills-stall/,"Glossy+ Research: Marketers’ AI use rises, but tech skills stall","As AI technology evolves and becomes more complex, many marketers say training employees on how to best use AI tools lags behind overall adoption.","Catherine Wolf, Li Lu",2026-05-18T04:00:00+00:00,,https://www.glossy.co/wp-content/uploads/sites/4/2023/05/Revolve.jpeg
"Aug 22, 2026 @ 19:39:03.453",8480ad60869522bf9baf486009271886,https://www.glossy.co/fashion/luxury/burberry-adopts-a-coach-style-playbook-built-on-scarf-bars-swimwear-and-activewear/,"Burberry adopts a Coach-style playbook built on scarf bars, swimwear and activewear","Burberry’s turnaround efforts are reading more like a Coach-style playbook: make the brand’s most recognizable codes easier to shop, easier to understand and more culturally visible.",Zofia Zwieglinska,2026-05-15T04:02:00+00:00,,https://www.glossy.co/wp-content/uploads/sites/4/2026/05/Burberry-Summer-2026-The-Impression-008-1-scaled-1.jpg
"Aug 22, 2026 @ 19:39:03.455",d4fc17162d94dce0c90db1dbdfd75eec,https://www.glossy.co/podcasts/glossy-podcast-whats-motivating-and-whos-buying-ai-companies-streetwear-merch/,Glossy Podcast: What's motivating — and who's buying — AI companies' streetwear merch?,"Over the last year, big tech and AI companies have started to get into the fashion game by releasing streetwear-inspired drops.",Danny Parisi,2026-08-14T04:00:00+00:00,,https://www.glossy.co/wp-content/uploads/sites/4/2026/08/Portrait-glossy-brand-1140x520-0813.jpg
"Aug 22, 2026 @ 19:39:03.457",1c7ed43687227fe69a6ce243995cbb32,https://www.glossy.co/podcasts/copenhagen-fashion-week-20-years-future-ganni/,Copenhagen Fashion Week built the Scandi boom. Can it still grow another Ganni?,"As Copenhagen Fashion Week celebrates 20 years of shaping global fashion, Natalie Salmon joins the glossy Podcast to discuss what comes next.",Zofia Zwieglinska,2026-08-07T04:00:00+00:00,,https://www.glossy.co/wp-content/uploads/sites/4/2026/08/Portrait-glossy-brand-1140x520-0805.jpg
"Aug 22, 2026 @ 19:39:03.457",e18f83f5fa18cd6ac4303d3065fa426a,https://www.glossy.co/podcasts/method-dressing-red-carpet-micaela-erlanger/,"As Zendaya spins another ‘Spider-Man’ fashion story, Micaela Erlanger explains method dressing’s next era",Lupita Nyong’o and Meryl Streep stylist Micaela Erlanger discusses the rise of method dressing and limits of literal red-carpet references.,Zofia Zwieglinska,2026-07-31T04:00:00+00:00,,https://www.glossy.co/wp-content/uploads/sites/4/2026/07/Portrait-glossy-brand-l-0730.jpg
"Aug 22, 2026 @ 19:39:03.465",62e6597c8ccbcaf3545baf9868832f5f,https://www.glossy.co/events/glossy-pop-nyc-sep-2026/,Glossy Pop NYC,Glossy Pop NYC is the ultimate event for beauty lovers looking to get up close and personal with the industry’s most exciting brands and content creators.,,,,https://www.glossy.co/wp-content/uploads/sites/4/2025/03/glossy_pop_nyc_8-1.gif?w=1500
"Aug 22, 2026 @ 19:39:03.468",35ef03d088a545471899406723d8fc7b,https://www.glossy.co/fashion/page/5/,Fashion Archives,"How fashion brands are trading storefronts for temporary pop-ups, no-inventory showrooms, modern markets and exclusive customers experiences.",,,,
"Aug 22, 2026 @ 19:39:03.468",989808a5e947ffd2c84876707011aa59,https://www.glossy.co/events/ai-marketing-strategies-sep-2026/,AI Marketing Strategies,Join us for AI Marketing Strategies as we map out the state of play of an industry being reshaped by AI.,,,,
"Aug 22, 2026 @ 19:39:03.474",a023dca63a313989977e93205b2a5fa4,https://www.glossy.co/fashion/we-believe-in-america-nike-global-vp-of-soccer-camilo-andrade-on-the-brands-all-out-world-cup-strategy/,'We believe in America': Nike global vp of soccer Camilo Andrade on the brand's all-out World Cup strategy,Glossy spoke with Nike global vp of football (soccer) Camilo Andrade about the unique opportunity this year's tournament provides.,Danny Parisi,2026-06-15T04:00:00+00:00,,https://www.glossy.co/wp-content/uploads/sites/4/2026/06/rip-the-script-hero-copy.png
"Aug 22, 2026 @ 19:39:03.476",2653c333e0cff919b900a3f21ac7cee0,https://www.glossy.co/fashion/fashion-briefing-how-a-u-s-microbrand-became-the-first-official-purveyor-of-licensed-world-cup-watches/,Fashion Briefing: How a U.S. microbrand became the first official purveyor of licensed World Cup watches,"Hublot and Tag Heuer have been official timekeepers or sponsors, but until now, no brand has ever made officially licensed World Cup watches.",Danny Parisi,2026-06-11T04:00:00+00:00,,https://www.glossy.co/wp-content/uploads/sites/4/2026/06/Host-Carousel-USA-2.jpg
"Aug 22, 2026 @ 19:39:03.477",8fc2cd690a4441a817bed7c3da18994b,https://www.glossy.co/fashion/brands-are-turning-to-football-nostalgia-ahead-of-the-world-cup/,Brands are turning to football nostalgia ahead of the World Cup,"As the 2026 World Cup kicks off, brands are using old kits, archive sneakers, national colors and fan dressing to tap into football nostalgia.",Zofia Zwieglinska,2026-06-10T04:00:00+00:00,,https://www.glossy.co/wp-content/uploads/sites/4/2026/06/Modern-Retail-World-Cup-Banner-4-1.jpg
"Aug 22, 2026 @ 19:39:03.482",ef3eb8ffcf616968db3d19c96d96d980,https://www.glossy.co/fashion/fashion-briefing-the-womens-world-cup-is-drawing-fashion-brands-to-soccer/,Fashion Briefing: The Women's World Cup is drawing fashion brands to soccer,"The Women’s World Cup, taking place from July 20 to August 20 in New Zealand and Australia, has wrapped its first week. The tournament is one of the biggest women’s sporting events in the world, and soccer is by far the most popular sport globally. Fashion brands, always eager to engage with the popular elements of culture, are capitalizing on the increased popularity of soccer in the U.S. thanks to events like the Women’s World Cup.",Danny Parisi,2023-07-28T14:00:00+00:00,,https://www.glossy.co/wp-content/uploads/sites/4/2023/07/Copy-of-_DSC0082.jpg
"Aug 22, 2026 @ 19:39:03.485",7998553f2d882cdcb4d1a54e39d4f8a4,https://www.glossy.co/fashion/luxury-briefing-mytheresa-is-using-ai-to-find-future-vips/,Luxury Briefing: Mytheresa is using AI to find future VIPs,"Glossy spoke with LuxExperience CEO Michael Kliger about how the company is using AI across Mytheresa, Net-a-Porter, Mr Porter and Yoox.",Zofia Zwieglinska,2026-06-12T04:00:00+00:00,,https://www.glossy.co/wp-content/uploads/sites/4/2026/06/Untitled-design-66.png?w=1920
"Aug 22, 2026 @ 19:39:03.486",33f7cf32bf31065f9644c3965bf632fd,https://www.glossy.co/series/fashion-podcast/,The Glossy Fashion Podcast Archives,Each Glossy Fashion Podcast episode features candid conversations about how today’s trends are shaping the future of the fashion industry.,,,,
"Aug 22, 2026 @ 19:39:03.486",d6d65bb4bb38d5edc16c81a089391f44,https://www.glossy.co/podcasts/glossy-podcast-quince-head-of-brand-strategy-dakota-kate-isaacs-on-how-the-brand-is-capitalizing-on-its-10b-valuation/,Glossy Podcast: Quince head of brand strategy Dakota Kate Isaacs on how the brand is capitalizing on its $10B valuation,"Fresh off a $10 billion valuation, the direct-from-manufacturer retailer Quince is testing physical retail and entering new categories.",Danny Parisi,2026-06-12T04:00:00+00:00,,https://www.glossy.co/wp-content/uploads/sites/4/2026/06/Portrait-glossy-brand-1140x520-0610.jpg
"Aug 22, 2026 @ 19:39:03.490",e7b4b3382e195b78d02ba1057b66ba9e,https://www.glossy.co/fashion/where-to-invest-sell-and-set-boundaries-the-6-truths-guiding-brands-next-steps/,"Where to invest, sell and set boundaries: The 6 truths guiding brands' next steps","Glossy compiled the state of fashion and beauty and brands’ next steps, accordingly, based on conversations at our recent E-Commerce Summit.",Jill Manoff,2026-06-12T04:00:00+00:00,,https://www.glossy.co/wp-content/uploads/sites/4/2026/06/IMG_4441.jpg
"Aug 22, 2026 @ 19:39:03.494",c8585748b0b4ca73fea20d194a5cba96,https://www.glossy.co/fashion/oner-active-expects-its-creator-workforce-to-generate-52-million-in-sales-this-year/,Oner Active expects its creator workforce to generate $52 million in sales this year,"Having started as a creator herself, Oner Active founder Krissy Cela started with a deep understanding of just how valuable creators can be.",Sara Spruch-Feiner,2026-06-10T04:00:00+00:00,,https://www.glossy.co/wp-content/uploads/sites/4/2026/06/IMG_4443.jpg
"Aug 22, 2026 @ 19:39:03.496",17c1a73e813929d9b912e77c56dafdc5,https://www.glossy.co/fashion/the-world-cup-is-a-big-chance-for-retail-media-to-prove-itself-to-advertisers/,The World Cup is a big chance for retail media to prove itself to advertisers,The entire retail media industry is showing up in full force to promote brands during the World Cup and prove the effectiveness of the sector.,Modern Retail and Glossy Reporters,2026-06-10T04:00:00+00:00,,https://www.glossy.co/wp-content/uploads/sites/4/2026/06/Modern-Retail-World-Cup-Banner-5-1-1.jpg
"Aug 22, 2026 @ 19:39:03.497",0e7c7b9b870d8f9cc045212c4d3ac1d7,https://www.glossy.co/beauty/how-much-does-it-cost-to-advertise-around-the-world-cup/,What brands are paying to advertise around the World Cup,"One in three Americans is set to watch the World Cup this summer, leading many brands to look into last-minute partnerships, proximity marketing initiatives and social campaigns tied to the tournament.",Lexy Lebsack,2026-06-09T04:02:00+00:00,,https://www.glossy.co/wp-content/uploads/sites/4/2026/06/Modern-Retail-World-Cup-Banner-2-1.jpg
"Aug 22, 2026 @ 19:39:03.497",aec3c3c4b147d8ce83ae10be190a3aab,https://www.glossy.co/fashion/bombas-ceo-jason-larose-on-opening-stores-and-partnering-with-target-to-fuel-growth/,Bombas CEO Jason LaRose on opening stores and partnering with Target to fuel growth,"Bombas CEO Jason LaRose has been pushing the brand in new directions, opening stores and striking deals with Target and DSW.",Danny Parisi,2026-06-08T04:00:00+00:00,,https://www.glossy.co/wp-content/uploads/sites/4/2026/06/IMG_4426.jpg
"Aug 22, 2026 @ 19:39:03.505",565dd81a25e08b5f9b90f8917892203c,https://www.glossy.co/fashion/malls-break-down-their-world-cup-strategies/,Malls break down their World Cup strategies,Shopping center owners hope the World Cup will provide a much-needed win for American malls.,Julia Waldow,2026-06-09T04:00:00+00:00,,https://www.glossy.co/wp-content/uploads/sites/4/2026/06/Modern-Retail-World-Cup-Banner-1-4-1.jpg
"Aug 22, 2026 @ 19:39:03.507",d962dd084c08e3836b94855bcfdbb1bb,https://www.glossy.co/fashion/luxury/luxury-briefing-vetir-aims-to-bring-luxury-brands-into-the-ai-era/,Luxury Briefing: Vêtir aims to bring luxury brands into the AI era,Glossy takes a look at recent AI-focused moves by Macy's and ways luxury brands are edging into AI styling to sell head-to-toe looks.,Zofia Zwieglinska,2026-06-05T04:01:00+00:00,,https://www.glossy.co/wp-content/uploads/sites/4/2026/06/macy-s-herald-square.jpg
"Aug 22, 2026 @ 19:39:03.507",faea3e701eaa00d88ab2e75b22661d64,https://www.glossy.co/podcasts/glossy-podcast-who-will-win-the-world-cup-battle-between-nike-and-adidas/,Who will win the World Cup battle between Nike and Adidas?,"On the Glossy Podcast, Zofia Zwieglinska spoke with Daniel-Yaw Miller about Nike's and Adidas' strategies for the World Cup.",Danny Parisi,2026-06-05T04:00:00+00:00,,https://www.glossy.co/wp-content/uploads/sites/4/2026/06/Portrait-glossy-brand-1140x520-0601-1.jpg
"Aug 22, 2026 @ 19:39:03.515",72d772e8bf0e3ec714e860ccbddab684,https://www.glossy.co/fashion/fashion-briefing-how-fashion-schools-are-adopting-ai-and-addressing-the-critical-thinking-gap-among-new-graduates/,Fashion Briefing: How fashion schools are adopting AI and addressing the 'critical thinking gap' among new graduates,"Glossy spoke with several fashion educators from fashion design schools about how the rise of AI is playing out in fashion, how AI is being used in the classroom and what the fashion talent pipeline looks like, considering the graduates of today will be the leaders shaping the industry tomorrow.",Danny Parisi,2026-06-04T04:00:00+00:00,,https://www.glossy.co/wp-content/uploads/sites/4/2026/06/meet-your-people-spring-2026.jpg
"Aug 22, 2026 @ 19:39:03.520",8b831377b399c0e4478458516ef0f41a,https://www.glossy.co/fashion/stitch-fix-ceo-matt-baer-on-why-ai-can-supplement-but-not-replace-human-stylists/,"Stitch Fix CEO Matt Baer on why AI can supplement, but not replace, human stylists",Stitch Fix has always been known for its personal stylists who curate boxes of clothes for their specific clients. But the company has spent the last year building up its AI infrastructure to help supplement the human element.,Danny Parisi,2026-06-02T04:01:00+00:00,,https://www.glossy.co/wp-content/uploads/sites/4/2026/06/IMG_0856.jpeg
"Aug 22, 2026 @ 19:39:03.520",d4fc17162d94dce0c90db1dbdfd75eec,https://www.glossy.co/podcasts/glossy-podcast-whats-motivating-and-whos-buying-ai-companies-streetwear-merch/,Glossy Podcast: What's motivating — and who's buying — AI companies' streetwear merch?,"Over the last year, big tech and AI companies have started to get into the fashion game by releasing streetwear-inspired drops.",Danny Parisi,2026-08-14T04:00:00+00:00,,https://www.glossy.co/wp-content/uploads/sites/4/2026/08/Portrait-glossy-brand-1140x520-0813.jpg
"Aug 22, 2026 @ 19:39:03.525",1c7ed43687227fe69a6ce243995cbb32,https://www.glossy.co/podcasts/copenhagen-fashion-week-20-years-future-ganni/,Copenhagen Fashion Week built the Scandi boom. Can it still grow another Ganni?,"As Copenhagen Fashion Week celebrates 20 years of shaping global fashion, Natalie Salmon joins the glossy Podcast to discuss what comes next.",Zofia Zwieglinska,2026-08-07T04:00:00+00:00,,https://www.glossy.co/wp-content/uploads/sites/4/2026/08/Portrait-glossy-brand-1140x520-0805.jpg
"Aug 22, 2026 @ 19:39:03.528",e18f83f5fa18cd6ac4303d3065fa426a,https://www.glossy.co/podcasts/method-dressing-red-carpet-micaela-erlanger/,"As Zendaya spins another ‘Spider-Man’ fashion story, Micaela Erlanger explains method dressing’s next era",Lupita Nyong’o and Meryl Streep stylist Micaela Erlanger discusses the rise of method dressing and limits of literal red-carpet references.,Zofia Zwieglinska,2026-07-31T04:00:00+00:00,,https://www.glossy.co/wp-content/uploads/sites/4/2026/07/Portrait-glossy-brand-l-0730.jpg
"Aug 22, 2026 @ 19:39:03.532",62e6597c8ccbcaf3545baf9868832f5f,https://www.glossy.co/events/glossy-pop-nyc-sep-2026/,Glossy Pop NYC,Glossy Pop NYC is the ultimate event for beauty lovers looking to get up close and personal with the industry’s most exciting brands and content creators.,,,,https://www.glossy.co/wp-content/uploads/sites/4/2025/03/glossy_pop_nyc_8-1.gif?w=1500
"Aug 22, 2026 @ 19:39:03.535",33f7cf32bf31065f9644c3965bf632fd,https://www.glossy.co/series/fashion-podcast/,The Glossy Fashion Podcast Archives,Each Glossy Fashion Podcast episode features candid conversations about how today’s trends are shaping the future of the fashion industry.,,,,
"Aug 22, 2026 @ 19:39:03.536",492b78aa87b3c74a0c9a60478e76b046,https://www.glossy.co/events/brand-leaders-dinner-nyc-sep-2026/,Brand Leaders Dinner NYC,"The Glossy x Modern Retail Brand Leaders Dinner is an exclusive, invitation-only dinner bringing together influential brand executives to discuss their biggest challenges and industry opportunities.",Jennifer McCreary,,,https://www.modernretail.co/wp-content/uploads/sites/5/2026/07/globalpaymentsdinner_sep2026.png
"Aug 22, 2026 @ 19:39:03.538",5e702fbbd6ff60d9940adc1a1d308c9e,https://www.glossy.co/podcasts/why-mike-ashleys-growing-luxury-empire-has-the-fashion-industry-on-edge/,Why Mike Ashley’s growing luxury empire has the fashion industry on edge,"On this week’s Glossy Podcast, hosts discuss who Mike Ashley is, why the Harvey Nichols deal matters and how Frasers is gaining influence.",Zofia Zwieglinska,2026-08-21T04:00:00+00:00,,https://www.glossy.co/wp-content/uploads/sites/4/2026/08/IMG_1939.jpg
"Aug 22, 2026 @ 19:39:03.538",a2fc9dbd906c270d988ab4002945ad53,https://www.glossy.co/fashion/how-zac-posen-is-changing-consumers-perception-of-gap-style/,How Zac Posen is changing consumers' perception of Gap style,"All-American, sure. Happy, yes. Even iconically cool. But fashion with a capital “F” has rarely been used to describe 56-year-old Gap — until Zac Posen joined the company in February 2024. Since then, the brand’s new GapStudio line — best described as a fashion playground for Posen — has been seen on a slew of red carpets and A-list celebrities, driving buzz and demand while challenging consumers’ perceptions of Gap style.",Jill Manoff,2026-01-02T05:00:00+00:00,,https://www.glossy.co/wp-content/uploads/sites/4/2026/01/unnamed-34.jpg
"Aug 22, 2026 @ 19:39:03.544",fa7cd88a4c23456e2acb36fc1a110034,https://www.glossy.co/fashion/how-american-eagle-defined-culture-in-2025/,How American Eagle 'defined culture' this year,"American Eagle dominated the fashion conversation this year — from the Sydney Sweeney jeans campaign that ignited a weeks-long debate (though references are still rippling through American popular culture today) to the collaboration with Travis Kelce, announced just after his engagement to Taylor Swift. “I’m most proud that we didn’t just participate in culture in 2025, we defined it,"" said CMO Craig Brommers.",Danny Parisi,2025-12-26T05:02:00+00:00,,https://www.glossy.co/wp-content/uploads/sites/4/2025/07/AExSYDNEYSWEENEY_5.jpg?w=5028
"Aug 22, 2026 @ 19:39:03.546",1cf90013e3b2e7401756425fd6557164,https://www.glossy.co/fashion/the-revenge-of-the-90s-mall-brand/,The revenge of the '90s mall brand,"Brands known for their heyday in the ‘90s, like Gap and Victoria's Secret, have used 2025 to mount turnaround plans. But staging a successful comeback after years of a battered reputation takes more than a few quarters of growth.",Emily Jensen,2025-12-30T05:03:00+00:00,,https://www.glossy.co/wp-content/uploads/sites/4/2025/12/90s-mall-gap.jpg?w=8000
"Aug 22, 2026 @ 19:39:03.546",62638398b768b6a27a64c4e4a643dbb1,https://www.glossy.co/fashion/why-controversies-still-havent-killed-the-brand-trip/,Glossy Pop Newsletter: Why controversies still haven’t killed the brand trip,"As audiences have grown weary of seeing mega-creators living in the lap of luxury, brands are rethinking brand trips as a marketing strategy.",Emily Jensen,2026-08-21T04:00:00+00:00,,https://www.glossy.co/wp-content/uploads/sites/4/2026/08/Copy-of-SHOT-43-GLOW-3915-0_R1.jpeg
"Aug 22, 2026 @ 19:39:03.552",e6f1e790d2fff2cc2a367b6db615c43c,https://www.glossy.co/series/pop-newsletter/,Glossy Pop Newsletter Archives,,,,,
"Aug 22, 2026 @ 19:39:03.555",f5af1ae615915c446aef49ff4361df9b,https://www.glossy.co/fashion/luxury/ralph-lauren-us-open-retail-marketing-strategy/,Luxury Briefing: How Ralph Lauren is taking a seasonal approach to its US Open activation,"Ralph Lauren is turning the U.S. Open into a six-week retail season encompassing Nordstrom, personalization, vintage and luxury hospitality.",Zofia Zwieglinska,2026-08-21T04:00:00+00:00,,https://www.glossy.co/wp-content/uploads/sites/4/2026/08/Screenshot-2026-08-20-at-22.18.33.png?w=2934
"Aug 22, 2026 @ 19:39:03.556",ec8dc8fef6901d43efd7e232b2e8f576,https://www.glossy.co/fashion/fashion-brands-college-fandom-baublebar-collegiate/,How BaubleBar is turning college fandom into a year-round growth engine,"BaubleBar’s collegiate revenue is up more than 50% year to date, as brands use university fandom to drive sales and customer acquisition.",Zofia Zwieglinska,2026-08-20T04:00:00+00:00,,https://www.glossy.co/wp-content/uploads/sites/4/2026/08/Untitled-Presentation.png?w=1920
"Aug 22, 2026 @ 19:39:03.560",c765eb57dcefbbc7b117e247a4d56d25,https://www.glossy.co/fashion/fashion-briefing-whats-behind-the-wave-of-fashion-brands-opening-los-angeles-stores-this-summer/,Fashion Briefing: What's behind the wave of fashion brands opening Los Angeles stores this summer,"It's a good time for brands to expand in the Los Angeles area, and Leset, Sezane and Proenza Schouler are among those taking advantage.",Danny Parisi,2026-08-20T04:00:00+00:00,,https://www.glossy.co/wp-content/uploads/sites/4/2026/08/LESET-Palisades-Interiors-8.17-Simran-Malik-Normal-RES-16.jpg?w=8736
"Aug 22, 2026 @ 19:39:03.563",4b1935e0b894810088e37d0b1741dab6,https://www.glossy.co/fashion/maisonette-is-launching-a-new-tween-vertical-and-foregoing-all-social-ads-targeted-at-kids/,"Maisonette is launching a tween vertical, foregoing social ads targeting kids","Launching this week, Maisonette's new vertical, ""Neon Rebels,"" combines apparel and decor from over 100 brands for kids ages 7-14.",Danny Parisi,2026-08-19T09:45:00+00:00,,https://www.glossy.co/wp-content/uploads/sites/4/2026/08/2026_04_29-NEON-REBELS-F4-855-v2.jpg?w=6720
"Aug 22, 2026 @ 19:39:03.566",a00f3796d07713552d535da8a78198ac,https://www.glossy.co/fashion/how-hm-chobani-urbanstems-and-teleties-are-refining-their-partnership-strategies/,"How H&M, Chobani, UrbanStems and Teleties are refining their partnership strategies","UrbanStems, H&M and Chobani are refining their partnership strategies to match audiences, drive cultural relevance and unlock growth.",Gabriela Barkho,2026-08-18T04:00:00+00:00,,https://www.glossy.co/wp-content/uploads/sites/4/2026/08/Sydney-Announcement-2-campaign-images-12459.jpg
"Aug 22, 2026 @ 19:39:03.566",bb4034e790a2e9fb4f48e8040329a243,https://www.glossy.co/fashion/nuuly-aims-to-break-through-the-social-media-noise-with-a-new-branded-rom-com-microdrama/,Nuuly aims to break through the social media noise with a new branded rom-com microdrama,Clothing rental company Nuuly is testing out a new marketing strategy: producing social-native microdramas.,Danny Parisi,2026-08-17T04:00:00+00:00,,https://www.glossy.co/wp-content/uploads/sites/4/2026/08/Screenshot-2026-08-14-at-4.47.17-PM.png?w=2310
"Aug 22, 2026 @ 19:39:03.566",183667bb90928a23dc30dd9a4026b0f5,https://www.glossy.co/fashion/as-tariffs-and-freight-risks-rise-emerging-brands-look-to-la-to-untangle-supply-chainsemerging-fashion-brands-la-manufacturing-supply-chain/,"As global sourcing gets harder, LA’s apparel infrastructure gets more valuable","Emerging fashion brands are using L.A. manufacturing to manage freight volatility, tariffs and inventory risk.",Zofia Zwieglinska,2026-08-14T04:00:00+00:00,,https://www.glossy.co/wp-content/uploads/sites/4/2026/08/Screenshot-2026-07-14-at-5.26.11-PM.png
"Aug 22, 2026 @ 19:39:03.575",65945f2230727aa1a3cd617c37a0da6d,https://www.glossy.co/pop/glossy-pop-newsletter-depops-musical-ambitions-grow-with-spotify-partnership-live-performances-and-new-artist-closets/,"Glossy Pop Newsletter: Depop's musical ambitions grow with Spotify partnership, live performances and new artist closets","Depop, the online fashion resale marketplace, has released its first major marketing campaign under its new parent company, eBay.",Danny Parisi,2026-08-14T04:00:00+00:00,,https://www.glossy.co/wp-content/uploads/sites/4/2026/08/PlaylistCover.png
"Aug 22, 2026 @ 19:39:03.576",d4fc17162d94dce0c90db1dbdfd75eec,https://www.glossy.co/podcasts/glossy-podcast-whats-motivating-and-whos-buying-ai-companies-streetwear-merch/,Glossy Podcast: What's motivating — and who's buying — AI companies' streetwear merch?,"Over the last year, big tech and AI companies have started to get into the fashion game by releasing streetwear-inspired drops.",Danny Parisi,2026-08-14T04:00:00+00:00,,https://www.glossy.co/wp-content/uploads/sites/4/2026/08/Portrait-glossy-brand-1140x520-0813.jpg
"Aug 22, 2026 @ 19:39:03.576",843c8c88c2e6a19e8b80d6a5892d54e7,https://www.glossy.co/fashion/luxury/luxury-briefing-frasers-harvey-nichols-acquisition-turnaround/,Luxury Briefing: Frasers acquired Harvey Nichols for $54 million. Fixing it could cost $270 million,"Frasers acquired Harvey Nichols for around $54 million, but rebuilding the luxury department store could require an investment of up to $270 million.",Zofia Zwieglinska,2026-08-14T04:00:00+00:00,,https://www.glossy.co/wp-content/uploads/sites/4/2026/08/IMG_1814.jpg?w=5712
"Aug 22, 2026 @ 19:39:03.581",112125f3acda464ea69f2fb1a449e427,https://www.glossy.co/fashion/fashion-briefing-as-international-travel-increases-brands-are-showing-up-in-hotel-room-closets-room-service-menus-and-airport-newsstands/,"Fashion Briefing: As international travel increases, brands are showing up in hotel room closets, room service menus and airport newsstands","As traditional retail channels get glutted with competition, fashion brands are looking for interesting ways to show up in customers' lives.",Danny Parisi,2026-08-13T04:00:00+00:00,,https://www.glossy.co/wp-content/uploads/sites/4/2026/08/TMU_260722_Marram_139.jpg?w=6455
"Aug 22, 2026 @ 19:39:03.584",492b78aa87b3c74a0c9a60478e76b046,https://www.glossy.co/events/brand-leaders-dinner-nyc-sep-2026/,Brand Leaders Dinner NYC,"The Glossy x Modern Retail Brand Leaders Dinner is an exclusive, invitation-only dinner bringing together influential brand executives to discuss their biggest challenges and industry opportunities.",Jennifer McCreary,,,https://www.modernretail.co/wp-content/uploads/sites/5/2026/07/globalpaymentsdinner_sep2026.png
"Aug 22, 2026 @ 19:39:03.586",a0db0a3bca62ae7f3fc16f099acbb7bb,https://www.glossy.co/fashion/what-it-takes-to-succeed-as-a-dtc-brand-today/,What it takes to succeed as a DTC brand today,"At the most recent Modern Retail+ and Glossy+ Town Hall, editorial staff and subscribers gathered to discuss the future of DTC.",Anna Hensel,2026-08-13T04:00:00+00:00,,https://www.glossy.co/wp-content/uploads/sites/4/2022/05/everlane-everyone-jean.jpeg
"Aug 22, 2026 @ 19:39:03.589",83d0f9d707b69f06bf9150f03dbd32cb,https://www.glossy.co/fashion/urban-outfitters-first-back-to-campus-commercial/,Exclusive: Urban Outfitters launches its first back-to-campus commercial,"Urban Outfitters is launching its first back-to-campus commercial, combining connected TV, student creators and campus events.",Zofia Zwieglinska,2026-08-12T04:00:00+00:00,,https://www.glossy.co/wp-content/uploads/sites/4/2026/08/BTS-ALLTOGETHERNOW-DAY-3-STADIUM-3.jpg?w=3583
"Aug 22, 2026 @ 19:39:03.593",989808a5e947ffd2c84876707011aa59,https://www.glossy.co/events/ai-marketing-strategies-sep-2026/,AI Marketing Strategies,Join us for AI Marketing Strategies as we map out the state of play of an industry being reshaped by AI.,,,,
"Aug 22, 2026 @ 19:39:03.595",1c7ed43687227fe69a6ce243995cbb32,https://www.glossy.co/podcasts/copenhagen-fashion-week-20-years-future-ganni/,Copenhagen Fashion Week built the Scandi boom. Can it still grow another Ganni?,"As Copenhagen Fashion Week celebrates 20 years of shaping global fashion, Natalie Salmon joins the glossy Podcast to discuss what comes next.",Zofia Zwieglinska,2026-08-07T04:00:00+00:00,,https://www.glossy.co/wp-content/uploads/sites/4/2026/08/Portrait-glossy-brand-1140x520-0805.jpg
"Aug 22, 2026 @ 19:39:03.601",e18f83f5fa18cd6ac4303d3065fa426a,https://www.glossy.co/podcasts/method-dressing-red-carpet-micaela-erlanger/,"As Zendaya spins another ‘Spider-Man’ fashion story, Micaela Erlanger explains method dressing’s next era",Lupita Nyong’o and Meryl Streep stylist Micaela Erlanger discusses the rise of method dressing and limits of literal red-carpet references.,Zofia Zwieglinska,2026-07-31T04:00:00+00:00,,https://www.glossy.co/wp-content/uploads/sites/4/2026/07/Portrait-glossy-brand-l-0730.jpg
"Aug 22, 2026 @ 19:39:03.605",62e6597c8ccbcaf3545baf9868832f5f,https://www.glossy.co/events/glossy-pop-nyc-sep-2026/,Glossy Pop NYC,Glossy Pop NYC is the ultimate event for beauty lovers looking to get up close and personal with the industry’s most exciting brands and content creators.,,,,https://www.glossy.co/wp-content/uploads/sites/4/2025/03/glossy_pop_nyc_8-1.gif?w=1500
"Aug 22, 2026 @ 19:39:03.608",a334817f63f515d73519781bbb115929,https://www.glossy.co/fashion/page/7/,Fashion Archives,"How fashion brands are trading storefronts for temporary pop-ups, no-inventory showrooms, modern markets and exclusive customers experiences.",,,,
"Aug 22, 2026 @ 19:39:03.608",492b78aa87b3c74a0c9a60478e76b046,https://www.glossy.co/events/brand-leaders-dinner-nyc-sep-2026/,Brand Leaders Dinner NYC,"The Glossy x Modern Retail Brand Leaders Dinner is an exclusive, invitation-only dinner bringing together influential brand executives to discuss their biggest challenges and industry opportunities.",Jennifer McCreary,,,https://www.modernretail.co/wp-content/uploads/sites/5/2026/07/globalpaymentsdinner_sep2026.png
"Aug 22, 2026 @ 19:39:03.615",989808a5e947ffd2c84876707011aa59,https://www.glossy.co/events/ai-marketing-strategies-sep-2026/,AI Marketing Strategies,Join us for AI Marketing Strategies as we map out the state of play of an industry being reshaped by AI.,,,,
"Aug 22, 2026 @ 19:39:03.618",4c9dd62843c22174c46b7106462ebff6,https://www.glossy.co/fashion/fashion-briefing-canadian-fashion-brands-are-caught-between-geopolitical-tensions-and-the-lucrative-us-market/,Fashion Briefing: Canadian fashion brands are caught between geopolitical tensions and the lucrative US market,Glossy spoke with several Canada-based brands that are in the midst of expansions into the U.S. market about the challenges they've faced.,Danny Parisi,2026-05-14T04:00:00+00:00,,https://www.glossy.co/wp-content/uploads/sites/4/2026/05/blazejosh-canada-day-5370632.jpg
"Aug 22, 2026 @ 19:39:03.618",07077214ad7fe936966cd288ff9eb0d2,https://www.glossy.co/fashion/luxury/how-canadian-outerwear-brands-are-navigating-new-tariffs/,Luxury Briefing: How Canadian outerwear brands are navigating new tariffs,"With luxury prices soaring, outerwear brands like Moose Knuckles and Soia & Kyo are seizing a clear market gap. BWith luxury prices soaring, outerwear brands like Moose Knuckles and Soia & Kyo are seizing a clear market gap. But rising tariffs are making North America a tougher bet, forcing Canadian brands to look abroad for profitable growth.ut rising tariffs are making North America a tougher bet, forcing Canadian brands to look abroad for profitable growth.",Zofia Zwieglinska,2025-09-03T04:02:00+00:00,,https://www.glossy.co/wp-content/uploads/sites/4/2025/09/HEAVYWEIGHT_GROUP_Shot34_16x9_03.jpg?w=12652
"Aug 22, 2026 @ 19:39:03.625",b027ab828cd05fa5da14805ae52db919,https://www.glossy.co/fashion/with-tariffs-looming-fashion-and-beauty-brands-weigh-passing-on-costs-to-customers/,"With tariffs looming, fashion and beauty brands weigh passing on costs to customers","It’s an unprecedented and chaotic time for consumers, already pressured by stagnating wages and now dealing with rapid price increases, and brands, which are deciding how to deal with their own increased costs.",Danny Parisi,2025-02-10T05:05:00+00:00,,https://www.glossy.co/wp-content/uploads/sites/4/2025/02/Collection_Banner-_DESKTOP2_7aacf1a6-73c0-4d4d-a4d5-1f27dfc5d844.jpg
"Aug 22, 2026 @ 19:39:03.626",bb9282555ca1591a53fd1c652668e162,https://www.glossy.co/fashion/how-larroudes-ceo-built-an-ai-system-to-run-the-business-faster/,How Larroudé’s CEO built an AI system to improve and expedite business operations,"Larroudé CEO Ricardo Larroudé is building an internal AI system to connect sales, inventory, manufacturing and marketing across the footwear company.",Zofia Zwieglinska,2026-05-13T04:04:00+00:00,,https://www.glossy.co/wp-content/uploads/sites/4/2026/05/Screenshot-2026-05-12-at-4.48.24-PM.png?w=2196
"Aug 22, 2026 @ 19:39:03.626",b536129c2e41748976e9402592e457d7,https://www.glossy.co/fashion/how-a-canadian-fashion-retailer-is-looking-to-popularize-local-brands/,How a Canadian fashion retailer is looking to popularize local brands,"Outside of Canada Goose, Canada does not have many fashion brands that are household names -- especially high fashion names.",Danny Parisi,2019-01-07T05:00:10+00:00,,https://www.glossy.co/wp-content/uploads/sites/4/2019/01/Screen-Shot-2019-01-04-at-3.57.43-PM.png
"Aug 22, 2026 @ 19:39:03.626",ca4eac406d1824c59ad0d9046f6647b9,https://www.glossy.co/fashion/on-crosses-1-billion-in-quarterly-sales-as-new-ceos-push-into-full-look-dressing/,On crosses $1 billion in quarterly sales as new CEOs push into full-look dressing,"On’s Q1 results showed record sales, rising margins and surging apparel growth. Now, co-CEO David Allemann says Zendaya, stores and younger consumers are helping the brand move from footwear into full-identity dressing.",Zofia Zwieglinska,2026-05-12T13:23:26+00:00,,https://www.glossy.co/wp-content/uploads/sites/4/2026/05/ss26-zendaya_brand_build-pad-head_to_toe_still-16x9-z-srgb-02.jpg?w=6208
"Aug 22, 2026 @ 19:39:03.635",29c595f48c7b971669a3b224be4ff6e1,https://www.glossy.co/fashion/why-swatchs-collaboration-with-audemars-piguet-is-creating-the-most-hype-ever-for-a-new-watch/,Why Swatch's collaboration with Audemars Piguet is creating 'the most hype ever' for a new watch,"The watch-collecting community was set ablaze this past weekend, thanks to Swatch Group teasing an unexpected collaboration with Audemars Piguet.",Danny Parisi,2026-05-11T22:17:21+00:00,,https://www.glossy.co/wp-content/uploads/sites/4/2026/05/Screenshot-2026-05-11-at-5.17.25-PM.png?w=1988
"Aug 22, 2026 @ 19:39:03.635",66d604ad7cce08eb2391318ddc303882,https://www.glossy.co/fashion/abercrombie-sperry-collaboration-footwear-strategy/,"1 month in, Abercrombie's test with Sperry proves the potential of A&F footwear","One month after Abercrombie & Fitch launched its Sperry collaboration, the retailer is confident that footwear can become a bigger part of its growth strategy.",Zofia Zwieglinska,2026-05-11T04:02:00+00:00,,https://www.glossy.co/wp-content/uploads/sites/4/2026/05/Untitled-design-63.png?w=1920
"Aug 22, 2026 @ 19:39:03.635",ad90a449378857fcc8293dd7970dd638,https://www.glossy.co/fashion/chaos-and-confusion-in-the-strait-of-hormuz-could-drive-apparel-production-costs-up-15/,Chaos and confusion in the Strait of Hormuz could drive apparel production costs up 15%,"Much concern about the Strait of Hormuz has focused on the lack of oil being shipped through it, but clothing brands are also at a standstill.",Danny Parisi,2026-05-08T21:27:47+00:00,,https://www.glossy.co/wp-content/uploads/sites/4/2020/12/AdobeStock_384737144.jpeg
"Aug 22, 2026 @ 19:39:03.640",20c49cec271e36cc8b2d0a8e7425afe0,https://www.glossy.co/podcasts/fashion-businesses-want-immediate-contributions-an-fit-professors-take-on-the-challenging-fashion-labor-market/,'Fashion businesses want immediate contributions': An FIT professor on the 'challenging' fashion labor market,"On this week's Glossy Podcast, senior fashion reporter Danny Parisi spoke with Keith Fraley, a professor of fashion business management, about the challenges facing new graduates and others seeking entry-level roles in the fashion industry.",Danny Parisi,2026-05-08T04:05:00+00:00,,https://www.glossy.co/wp-content/uploads/sites/4/2026/05/Portrait-glossy-1140x520-10.jpg
"Aug 22, 2026 @ 19:39:03.644",33f7cf32bf31065f9644c3965bf632fd,https://www.glossy.co/series/fashion-podcast/,The Glossy Fashion Podcast Archives,Each Glossy Fashion Podcast episode features candid conversations about how today’s trends are shaping the future of the fashion industry.,,,,
"Aug 22, 2026 @ 19:39:03.646",c634291645f6c06e0569bb3ab33dd093,https://www.glossy.co/fashion/the-other-bachelorette-trip-brand-how-the-pheloung-sisters-fueled-excitement-for-their-phe-phe-collection/,The other bachelorette trip brand: How the Pheloung sisters fueled excitement for their Phe Phe collection,"Long before they set foot on ""Acquired Air,"" the temporary name Brigette Pheloung gave the jet transferring her 16 guests to her April 23 bachelorette party in St. Barth's, she and her twin sister were planning the launch of the next collection by their clothing brand, Phe Phe.",Sara Spruch-Feiner,2026-05-08T04:03:00+00:00,,https://www.glossy.co/wp-content/uploads/sites/4/2026/05/phe-phe.png?w=1600
"Aug 22, 2026 @ 19:39:03.646",e6f1e790d2fff2cc2a367b6db615c43c,https://www.glossy.co/series/pop-newsletter/,Glossy Pop Newsletter Archives,,,,,
"Aug 22, 2026 @ 19:39:03.651",214e12014981fcd0dae85285d5d45c0f,https://www.glossy.co/fashion/5-takeaways-from-glossys-leaders-dinner-retails-growth-playbook-is-getting-more-human/,5 takeaways from Glossy’s Leaders Dinner: Retail’s growth playbook is getting more human,"During the most recent Glossy and Modern Retail Leaders Dinner, brand and retail leaders discussed the current dynamics impacting their growth.",Zofia Zwieglinska,2026-05-08T04:02:00+00:00,,https://www.glossy.co/wp-content/uploads/sites/4/2026/05/9425-1.jpg
"Aug 22, 2026 @ 19:39:03.654",291e4ec0291867407046aba0fcfd4cec,https://www.glossy.co/fashion/luxury/luxury-briefing-pinterests-luxury-pitch-is-ai-discovery-not-ai-answers/,"Luxury Briefing: Pinterest’s luxury pitch is AI discovery, not AI answers","For the Luxury Briefing, Heather Clark, head of fashion and luxury at Pinterest U.K., discusses the company’s luxury strategy following the company's earnings on Monday.",Zofia Zwieglinska,2026-05-08T04:00:00+00:00,,https://www.glossy.co/wp-content/uploads/sites/4/2026/05/Screenshot-2026-05-07-at-19.40.25.png?w=2928
"Aug 22, 2026 @ 19:39:03.656",702ede57150beca42bfbb8f69823cbf6,https://www.glossy.co/fashion/fashion-briefing-how-steve-madden-is-using-resale-to-hedge-against-tariffs/,Fashion Briefing: How Steve Madden is using resale to 'hedge against tariffs',Steve Madden has been weathering the retail storm better than expected. All of its core brands have grown over the last year.,Danny Parisi,2026-05-07T04:02:00+00:00,,https://www.glossy.co/wp-content/uploads/sites/4/2026/05/5.jpg_HOMEPAGE_NO_CTA_DESKTOP_HERO.jpg
"Aug 22, 2026 @ 19:39:03.656",a4a5436e6db03b37a0b9078fa89269e6,https://www.glossy.co/fashion/chanel-domination-and-anti-bezos-backlash-5-takeaways-from-the-met-gala-red-carpet/,Chanel domination and anti-Bezos backlash: 5 takeaways from the Met Gala red carpet,"The Met Gala is often called the biggest night in fashion, but there were some notable absences this year. Gala mainstays like Zendaya and Bella Hadid, as well as figures who have attended in the past, like the mayor of New York City, all abstained from the event.",Danny Parisi,2026-05-05T04:04:00+00:00,,https://www.glossy.co/wp-content/uploads/sites/4/2026/05/GapStudio_Getty_2_f0ac2e.jpg
"Aug 22, 2026 @ 19:39:03.656",4d45d9fc8081f3ba53e432beccfe33e0,https://www.glossy.co/podcasts/the-devil-wears-prada-2-reflects-a-vastly-changed-fashion-landscape/,'The Devil Wears Prada 2' reflects a vastly changed fashion landscape,"In this spoiler-filled Glossy Podcast episode, we talk about how the industry has changed in the 20 years since the original ""Devil Wears Prada"" was released and examine what the movie says about the current state of fashion.",Danny Parisi,2026-05-01T21:00:00+00:00,,https://www.glossy.co/wp-content/uploads/sites/4/2026/05/Portrait-glossy-brand-1140x520-2.jpg
"Aug 22, 2026 @ 19:39:03.665",162f26b25b18670e06f03d6640913b58,https://www.glossy.co/fashion/luxury/a-story-of-2-luxury-sandals-pradas-and-chanels-footwear-buzz-reflects-the-brands-businesses-for-worse-and-for-better/,"A tale of 2 sandals: Prada's and Chanel's footwear buzz reflects the brands' businesses, for worse and for better","Chanel’s barely-there sandal became an instant talking point, while Prada’s became a stress point as other houses pulled ahead.",Zofia Zwieglinska,2026-05-01T04:02:00+00:00,,https://www.glossy.co/wp-content/uploads/sites/4/2026/05/Screenshot-2026-05-05-at-12.06.17.png?w=2930
"Aug 22, 2026 @ 19:39:03.667",8e3ce35b531059055cbccc0d369002d0,https://www.glossy.co/fashion/fashion-briefing-prediction-markets-like-kalshi-and-polymarket-are-coming-for-the-fashion-industry/,Fashion Briefing: Prediction markets like Kalshi and Polymarket are coming for the fashion industry,"As betting markets continue to rise in popularity, industry experts say their prevalence in fashion will only grow. But betting markets have also faced significant criticism, which may discourage fashion companies from working too closely with them.",Danny Parisi,2026-04-30T04:00:00+00:00,,https://www.glossy.co/wp-content/uploads/sites/4/2026/04/stocksnap-continent-2592067.jpg?w=5472
"Aug 22, 2026 @ 19:39:03.667",d4fc17162d94dce0c90db1dbdfd75eec,https://www.glossy.co/podcasts/glossy-podcast-whats-motivating-and-whos-buying-ai-companies-streetwear-merch/,Glossy Podcast: What's motivating — and who's buying — AI companies' streetwear merch?,"Over the last year, big tech and AI companies have started to get into the fashion game by releasing streetwear-inspired drops.",Danny Parisi,2026-08-14T04:00:00+00:00,,https://www.glossy.co/wp-content/uploads/sites/4/2026/08/Portrait-glossy-brand-1140x520-0813.jpg
"Aug 22, 2026 @ 19:39:03.674",1c7ed43687227fe69a6ce243995cbb32,https://www.glossy.co/podcasts/copenhagen-fashion-week-20-years-future-ganni/,Copenhagen Fashion Week built the Scandi boom. Can it still grow another Ganni?,"As Copenhagen Fashion Week celebrates 20 years of shaping global fashion, Natalie Salmon joins the glossy Podcast to discuss what comes next.",Zofia Zwieglinska,2026-08-07T04:00:00+00:00,,https://www.glossy.co/wp-content/uploads/sites/4/2026/08/Portrait-glossy-brand-1140x520-0805.jpg
"Aug 22, 2026 @ 19:39:03.677",e18f83f5fa18cd6ac4303d3065fa426a,https://www.glossy.co/podcasts/method-dressing-red-carpet-micaela-erlanger/,"As Zendaya spins another ‘Spider-Man’ fashion story, Micaela Erlanger explains method dressing’s next era",Lupita Nyong’o and Meryl Streep stylist Micaela Erlanger discusses the rise of method dressing and limits of literal red-carpet references.,Zofia Zwieglinska,2026-07-31T04:00:00+00:00,,https://www.glossy.co/wp-content/uploads/sites/4/2026/07/Portrait-glossy-brand-l-0730.jpg
"Aug 22, 2026 @ 19:39:03.681",62e6597c8ccbcaf3545baf9868832f5f,https://www.glossy.co/events/glossy-pop-nyc-sep-2026/,Glossy Pop NYC,Glossy Pop NYC is the ultimate event for beauty lovers looking to get up close and personal with the industry’s most exciting brands and content creators.,,,,https://www.glossy.co/wp-content/uploads/sites/4/2025/03/glossy_pop_nyc_8-1.gif?w=1500
"Aug 22, 2026 @ 19:39:03.686",d518bc96899f72b13c7e40764e5266bb,https://www.glossy.co/fashion/page/8/,Fashion Archives,"How fashion brands are trading storefronts for temporary pop-ups, no-inventory showrooms, modern markets and exclusive customers experiences.",,,,
"Aug 22, 2026 @ 19:39:03.688",492b78aa87b3c74a0c9a60478e76b046,https://www.glossy.co/events/brand-leaders-dinner-nyc-sep-2026/,Brand Leaders Dinner NYC,"The Glossy x Modern Retail Brand Leaders Dinner is an exclusive, invitation-only dinner bringing together influential brand executives to discuss their biggest challenges and industry opportunities.",Jennifer McCreary,,,https://www.modernretail.co/wp-content/uploads/sites/5/2026/07/globalpaymentsdinner_sep2026.png
"Aug 22, 2026 @ 19:39:03.691",365e64a64b95b1ef4930510f104ca3af,https://www.glossy.co/fashion/how-wrangler-used-spotify-and-out-of-home-advertising-to-show-up-at-stagecoach/,How Wrangler used Spotify and out-of-home advertising to show up at Stagecoach,"Wrangler's Stagecoach strategy included strategically placed out-of-home advertisements, including billboards along the highway leading to the Coachella Valley and signage at the baggage claim at the Palm Springs Airport.",Danny Parisi,2026-04-28T04:02:00+00:00,,https://www.glossy.co/wp-content/uploads/sites/4/2026/04/Screenshot-2026-04-27-at-8.26.07-PM.png?w=2666
"Aug 22, 2026 @ 19:39:03.694",989808a5e947ffd2c84876707011aa59,https://www.glossy.co/events/ai-marketing-strategies-sep-2026/,AI Marketing Strategies,Join us for AI Marketing Strategies as we map out the state of play of an industry being reshaped by AI.,,,,
"Aug 22, 2026 @ 19:39:03.696",a24d26c11a431029ab44ffe318fce3c9,https://www.glossy.co/fashion/american-eagles-next-marketing-move-sponsoring-stagecoach/,American Eagle's next marketing move? Sponsoring Stagecoach,"On the heels of its February 11 announcement naming rising country musician Ella Langley as its newest brand face, American Eagle is unveiling another big music move: It will serve as the exclusive apparel and denim sponsor of Stagecoach, the world’s largest country music festival.",Sara Spruch-Feiner,2026-02-25T05:05:00+00:00,,https://www.glossy.co/wp-content/uploads/sites/4/2026/02/File.jpg
"Aug 22, 2026 @ 19:39:03.696",91b42e6da5e6ee0a07e7153d2d298106,https://www.glossy.co/fashion/wranglers-womens-business-is-growing-thanks-to-the-cowboy-trend/,Wrangler's women's business is growing thanks to the cowboy trend,"Wrangler's current focus is capitalizing on the cowboy trend with a series of collaborations. The latest is a partnership with Diamond Cross Ranch, an iconic ranch and event space in Jackson Hole, Wyoming.",Danny Parisi,2024-04-22T04:05:00+00:00,,https://www.glossy.co/wp-content/uploads/sites/4/2024/04/DIAMONDCROSS_2_0131.jpg?w=1024
"Aug 22, 2026 @ 19:39:03.696",a615f2f3bacbbe17d451f8757391bd23,https://www.glossy.co/beauty/beauty-wellness-briefing-as-competition-at-festivals-heats-up-brands-find-new-ways-to-stand-out/,"Beauty & Wellness Briefing: As competition at festivals heats up, brands find new ways to stand out","This week, I checked in with beauty marketers to learn how the out-of-home and proximity marketing strategy for music festivals like Coachella and Stagecoach has evolved as festival popularity grows and execs target more diverse festival experiences.",Lexy Lebsack,2025-04-29T04:04:00+00:00,,https://www.glossy.co/wp-content/uploads/sites/4/2025/04/Beauty-briefing-banner-1.png
"Aug 22, 2026 @ 19:39:03.705",6eaac9aeee8c707a464ec052411a74df,https://www.glossy.co/fashion/why-its-thrift-stores-time-to-shine/,Welcome to the golden age of thrifting,"Whether occurring at Savers or on resale platforms, thrifting is evolving into a core consumer behavior, reshaping how shoppers discover, buy and value fashion.",Zofia Zwieglinska,2026-04-27T04:02:00+00:00,,https://www.glossy.co/wp-content/uploads/sites/4/2026/04/eBay_NYC_Edit_2.jpg
"Aug 22, 2026 @ 19:39:03.706",ad3c60f8602c5b1cb358869c17cb9c51,https://www.glossy.co/podcasts/can-kerings-comprehensive-plan-really-turn-things-around/,Can Kering's comprehensive plan really turn things around?,"On the Glossy Podcast, senior fashion reporter Danny Parisi and international reporter Zofia Zwieglinska discuss what was wrong with Kering's previous strategy, what new CEO Luca de Meo's new plan entails, and how likely it is to succeed.",Danny Parisi,2026-04-24T04:01:00+00:00,,https://www.glossy.co/wp-content/uploads/sites/4/2026/04/Portrait-glossy-brand-1140x520-0423.jpg
"Aug 22, 2026 @ 19:39:03.708",33f7cf32bf31065f9644c3965bf632fd,https://www.glossy.co/series/fashion-podcast/,The Glossy Fashion Podcast Archives,Each Glossy Fashion Podcast episode features candid conversations about how today’s trends are shaping the future of the fashion industry.,,,,
"Aug 22, 2026 @ 19:39:03.712",059005cce7fdc833ec4fd2590e4bf24c,https://www.glossy.co/fashion/luxury/luxury-briefing-demellier-is-growing-by-doing-less-and-focusing-on-craftsmanship/,Luxury Briefing: How DeMellier is increasing demand while doing less,"According to DeMellier founder Mireia Llusia-Lindh, the cult U.K. bag brand is leaning into craftsmanship and alternative materials to build loyalty in a tougher luxury market.",Zofia Zwieglinska,2026-04-24T04:00:00+00:00,,https://www.glossy.co/wp-content/uploads/sites/4/2026/04/Midi-Stockholm-Deep-Khaki-Perforated-Suede_SS26-Campaign.jpg?w=5028
"Aug 22, 2026 @ 19:39:03.715",4f7ac7bbd1ad7f6d39f6f62542e30831,https://www.glossy.co/fashion/fashion-briefing-why-rolex-discontinued-one-of-its-most-iconic-and-coveted-watch-models/,Fashion Briefing: Why Rolex discontinued one of its most iconic and coveted watch models,"The discontinuation of the Pepsi watch is a ""seismic moment"" in the watch industry that will be discussed for decades, experts say.",Danny Parisi,2026-04-23T04:03:00+00:00,,https://www.glossy.co/wp-content/uploads/sites/4/2026/04/watch-hand-clock-wrist-watch-automatic-strap-932705-pxhere.com_.jpg
"Aug 22, 2026 @ 19:39:03.716",508824891827e1fd6eda66c5f94a8b7e,https://www.glossy.co/fashion/nikes-marathon-billboard-backlash-inspires-new-asics-and-ecco-campaigns/,Nike’s marathon billboard backlash inspires new Asics and Ecco campaigns,"After Nike removed a controversial Boston Marathon sign late last week, Asics and Ecco responded with messaging focused on inclusivity and everyday movement.",Zofia Zwieglinska,2026-04-23T04:00:00+00:00,,https://www.glossy.co/wp-content/uploads/sites/4/2026/04/Untitled-design-62.png
"Aug 22, 2026 @ 19:39:03.721",8b562f9ed5cf1bcd29efa942498eb33b,https://www.glossy.co/fashion/uniqlo-bets-on-neighborhood-stores-to-scale-us-growth-starting-in-new-york/,"Uniqlo bets on neighborhood stores to scale US growth, starting in New York","Uniqlo is reworking its New York retail strategy, shifting from flagship-led growth to a network of neighborhood stores designed to capture daily foot traffic and repeat visits.",Zofia Zwieglinska,2026-04-21T04:05:00+00:00,,https://www.glossy.co/wp-content/uploads/sites/4/2026/04/IMG_3384.jpeg?w=8256
"Aug 22, 2026 @ 19:39:03.721",c749d66a341a60e83809cd59bc7947e3,https://www.glossy.co/research/glossy-research-3-out-of-4-brand-leaders-are-using-ai-for-data-analysis-but-roi-on-ai-spend-remains-modest/,"Glossy Research: 3 out of 4 brand leaders are using AI for data analysis, but ROI on AI spend remains modest","At our AI Marketing Strategies event, Glossy surveyed dozens of business leaders about how they use AI and the results they've seen so far.",Danny Parisi,2026-04-21T04:04:00+00:00,,https://www.glossy.co/wp-content/uploads/sites/4/2025/11/Grid.png
"Aug 22, 2026 @ 19:39:03.724",21fafa32c04bde123dff7a75c0c2cefb,https://www.glossy.co/fashion/cider-joins-revolve-and-shein-as-online-fashion-brands-open-permanent-retail-stores/,Cider joins Revolve and Shein as online fashion brands open permanent retail stores,"After years of testing, Cider has opened its first permanent store in its hometown of Los Angeles.",Danny Parisi,2026-04-21T04:00:00+00:00,,https://www.glossy.co/wp-content/uploads/sites/4/2026/04/1775818793000-ikqsex.jpg
"Aug 22, 2026 @ 19:39:03.727",e32661e921cc1d31785f0d50772d81d7,https://www.glossy.co/research/glossy-research-expectations-around-ai-are-straining-brand-agency-relationships/,Glossy+ Research: Expectations around AI are straining brand-agency relationships,"Overall, agencies’ top concerns this year are client spending and the effects of AI.","Li Lu, Catherine Wolf",2026-04-20T04:00:00+00:00,,https://www.glossy.co/wp-content/uploads/sites/4/2026/04/pexels-karola-g2-6224.jpg
"Aug 22, 2026 @ 19:39:03.728",cb063db5265e9317169863c817be189b,https://www.glossy.co/fashion/at-coachella-gaps-hoodie-house-drove-over-1-million-views-a-5000-search-spike-and-packed-lines-during-weekend-1/,"At Coachella, Gap’s Hoodie House drove over 1 million views, a 5,000% search spike and packed lines during Weekend 1","Gap’s Hoodie House Coachella debut brought the kind of visibility most brands are chasing in their festival activations, especially as the event becomes more crowded.",Zofia Zwieglinska,2026-04-17T18:26:23+00:00,,https://www.glossy.co/wp-content/uploads/sites/4/2026/04/60A7035.jpg?w=3750
"Aug 22, 2026 @ 19:39:03.728",6803bf858548a414e7e98170bb2a8873,https://www.glossy.co/fashion/luxury/luxury-briefing-kerings-brand-by-brand-reset-from-gucci-to-mcqueen/,"Luxury Briefing: Kering’s brand-by-brand reset, from Gucci to McQueen","At Kering’s Capital Markets Day, CEO Luca de Meo laid out a detailed plan to reset each of the house's brands.",Zofia Zwieglinska,2026-04-17T04:02:00+00:00,,https://www.glossy.co/wp-content/uploads/sites/4/2026/04/Screenshot-2026-04-16-at-18.28.04.png
"Aug 22, 2026 @ 19:39:03.736",66518fa4dfb5c602bd8b06022fc017b5,https://www.glossy.co/podcasts/the-5-rules-for-launching-a-successful-wearable-tech-product/,The 5 fashion rules for wearable tech,Wearable tech has been hard to crack for tech and fashion brands.,Danny Parisi,2026-04-17T04:00:00+00:00,,https://www.glossy.co/wp-content/uploads/sites/4/2026/04/Portrait-glossy-brand-long-0416.jpg
"Aug 22, 2026 @ 19:39:03.738",9ec38c7cc81fd927aa42b3a7ebebfa3e,https://www.glossy.co/fashion/fashion-briefing-gold-prices-are-skyrocketing-squeezing-the-jewelry-industrys-margins-in-uncomfortable-ways/,"Fashion Briefing: Gold prices are skyrocketing, squeezing the jewelry industry's margins in uncomfortable ways","The last year has seen the price of gold skyrocket, thanks to steady inflation and tensions in the Middle East.",Danny Parisi,2026-04-16T04:00:00+00:00,,https://www.glossy.co/wp-content/uploads/sites/4/2026/04/MID-ROLL_DESKTOP_2.webp
"Aug 22, 2026 @ 19:39:03.738",ea388a075c2c006275645bdb689984a4,https://www.glossy.co/fashion/hermes-sales-hit-a-slowdown-thanks-to-geopolitcal-developments-in-the-middle-east/,Hermès' sales hit a slowdown thanks to 'geopolitical developments' in the Middle East,"In Hermès' earnings, its performance missed estimates. Sales growth was 5.6% year over year, but analysts had been expecting growth of over 7%. And total revenues were $4.8 billion, compared to an estimated $4.9 billion.",Danny Parisi,2026-04-15T19:27:37+00:00,,https://www.glossy.co/wp-content/uploads/sites/4/2025/04/store-ZGAIXB9N-1.webp
"Aug 22, 2026 @ 19:39:03.745",d4fc17162d94dce0c90db1dbdfd75eec,https://www.glossy.co/podcasts/glossy-podcast-whats-motivating-and-whos-buying-ai-companies-streetwear-merch/,Glossy Podcast: What's motivating — and who's buying — AI companies' streetwear merch?,"Over the last year, big tech and AI companies have started to get into the fashion game by releasing streetwear-inspired drops.",Danny Parisi,2026-08-14T04:00:00+00:00,,https://www.glossy.co/wp-content/uploads/sites/4/2026/08/Portrait-glossy-brand-1140x520-0813.jpg
"Aug 22, 2026 @ 19:39:03.745",1c7ed43687227fe69a6ce243995cbb32,https://www.glossy.co/podcasts/copenhagen-fashion-week-20-years-future-ganni/,Copenhagen Fashion Week built the Scandi boom. Can it still grow another Ganni?,"As Copenhagen Fashion Week celebrates 20 years of shaping global fashion, Natalie Salmon joins the glossy Podcast to discuss what comes next.",Zofia Zwieglinska,2026-08-07T04:00:00+00:00,,https://www.glossy.co/wp-content/uploads/sites/4/2026/08/Portrait-glossy-brand-1140x520-0805.jpg
"Aug 22, 2026 @ 19:39:03.752",e18f83f5fa18cd6ac4303d3065fa426a,https://www.glossy.co/podcasts/method-dressing-red-carpet-micaela-erlanger/,"As Zendaya spins another ‘Spider-Man’ fashion story, Micaela Erlanger explains method dressing’s next era",Lupita Nyong’o and Meryl Streep stylist Micaela Erlanger discusses the rise of method dressing and limits of literal red-carpet references.,Zofia Zwieglinska,2026-07-31T04:00:00+00:00,,https://www.glossy.co/wp-content/uploads/sites/4/2026/07/Portrait-glossy-brand-l-0730.jpg
"Aug 22, 2026 @ 19:39:03.759",62e6597c8ccbcaf3545baf9868832f5f,https://www.glossy.co/events/glossy-pop-nyc-sep-2026/,Glossy Pop NYC,Glossy Pop NYC is the ultimate event for beauty lovers looking to get up close and personal with the industry’s most exciting brands and content creators.,,,,https://www.glossy.co/wp-content/uploads/sites/4/2025/03/glossy_pop_nyc_8-1.gif?w=1500
"Aug 22, 2026 @ 19:39:03.764",f7a5ecaa84043f560790083639db516c,https://www.glossy.co/fashion/page/9/,Fashion Archives,"How fashion brands are trading storefronts for temporary pop-ups, no-inventory showrooms, modern markets and exclusive customers experiences.",,,,
"Aug 22, 2026 @ 19:39:03.766",492b78aa87b3c74a0c9a60478e76b046,https://www.glossy.co/events/brand-leaders-dinner-nyc-sep-2026/,Brand Leaders Dinner NYC,"The Glossy x Modern Retail Brand Leaders Dinner is an exclusive, invitation-only dinner bringing together influential brand executives to discuss their biggest challenges and industry opportunities.",Jennifer McCreary,,,https://www.modernretail.co/wp-content/uploads/sites/5/2026/07/globalpaymentsdinner_sep2026.png
"Aug 22, 2026 @ 19:39:03.768",7ef6be3b47445abb9dd023581f2f7cb1,https://www.glossy.co/fashion/not-just-the-1-how-jcpenney-is-banking-on-the-lower-part-of-the-k-shaped-economy-to-fuel-its-turnaround/,'Not just the 1%': How JCPenney is banking on the lower part of the K-shaped economy to fuel its turnaround,"Catalyst Brands has been on a mission to turn JCPenney around after a long, slow sales decline in recent years.",Danny Parisi,2026-04-14T04:01:00+00:00,,https://www.glossy.co/wp-content/uploads/sites/4/2026/04/KK-2.png?w=1792
"Aug 22, 2026 @ 19:39:03.774",989808a5e947ffd2c84876707011aa59,https://www.glossy.co/events/ai-marketing-strategies-sep-2026/,AI Marketing Strategies,Join us for AI Marketing Strategies as we map out the state of play of an industry being reshaped by AI.,,,,
"Aug 22, 2026 @ 19:39:03.777",80cfe311f71c59518196fad7a1896b4c,https://www.glossy.co/fashion/fashion-briefing-the-wnba-is-more-popular-than-ever-but-fashion-brands-are-silent-on-the-issue-of-fair-pay/,"Fashion Briefing: The WNBA is more popular than ever, but fashion brands are silent on the issue of fair pay","Players are more valuable than ever to fashion brands, yet many brands have been silent on the issue of fair wages in the days since.",Danny Parisi,2025-07-24T04:02:00+00:00,,https://www.glossy.co/wp-content/uploads/sites/4/2025/07/Screenshot-2024-05-13-at-10.39.32-AM-copy.jpg
"Aug 22, 2026 @ 19:39:03.777",0714299d8b07ac0c3eb0d2e56cea80f1,https://www.glossy.co/beauty/beauty-wellness-briefing-inside-glossiers-wnba-draft-glam-room/,Beauty & Wellness Briefing: Inside Glossier’s WNBA Draft glam room,"This week, I checked in on Glossier’s growing stake in the WNBA. Additionally, Merit makes moves for Europe, and female founders are pleading with President Trump to reverse costly tariffs.",Emily Jensen,2025-04-15T04:00:00+00:00,,https://www.glossy.co/wp-content/uploads/sites/4/2025/04/Beauty-Briefing_454124.png
"Aug 22, 2026 @ 19:39:03.784",6598af7a482cb2f093a4bd7b7e144181,https://www.glossy.co/fashion/how-new-balances-athlete-first-approach-to-womens-sports-partnerships-is-paying-off/,How New Balance's 'athlete-first' approach to women's sports partnerships is paying off,"While brands like Prada have embraced individual players like Caitlin Clark, New Balance has gone further, signing on to be a sponsor for the entire league in July. Naveen Lokesh, head of global sports marketing for basketball and football at New Balance, said part of the impetus for signing with the WNBA was New Balance’s goal of reaching a younger audience.",Danny Parisi,2024-10-17T04:04:00+00:00,,https://www.glossy.co/wp-content/uploads/sites/4/2024/10/FEATUREIMAGE_-Recovered.webp
"Aug 22, 2026 @ 19:39:03.786",ece63032bc3772685e4fb04c4cbc5fe1,https://www.glossy.co/fashion/why-bridal-retailers-are-jumping-into-ai-shopping-before-the-model-is-proven/,Why bridal retailers are jumping into AI shopping before the model is proven,"David’s Bridal and The Knot are testing different strategies for AI-driven commerce, as brands move to capture discovery and data inside chat despite uneven conversion performance.",Zofia Zwieglinska,2026-04-14T04:00:00+00:00,,https://www.glossy.co/wp-content/uploads/sites/4/2026/04/Screenshot-2026-04-13-at-8.43.42-PM.png?w=2200
"Aug 22, 2026 @ 19:39:03.787",66e9a80f38f346315d26d7dd222befef,https://www.glossy.co/fashion/for-mothers-day-kendra-scott-invests-in-its-largest-influencer-activation-to-date/,"For Mother's Day, Kendra Scott invests in its largest influencer activation to date","With 200-plus video assets and a creator-led strategy, Kendra Scott’s latest campaign reflects current marketing trends for jewelry brands and beyond.",Zofia Zwieglinska,2026-04-13T04:02:00+00:00,,https://www.glossy.co/wp-content/uploads/sites/4/2026/04/Untitled-design-61.png?w=1920
"Aug 22, 2026 @ 19:39:03.787",b7f390abb929929f4ee6b9892044acce,https://www.glossy.co/fashion/can-dolce-gabbana-stay-independent-through-leadership-changes-and-the-middle-east-crisis/,Can Dolce & Gabbana stay independent through leadership changes and the Middle East crisis?,The confusion over Gabbana's role and its evolution coincides with an uncertain future for Dolce & Gabbana.,Danny Parisi,2026-04-10T19:14:50+00:00,,https://www.glossy.co/wp-content/uploads/sites/4/2026/04/hp-dg-x-47_desk-1.webp
"Aug 22, 2026 @ 19:39:03.794",9bb4857f8eba71802a830645bd51445c,https://www.glossy.co/pop/glossy-pop-newsletter-i-am-gia-sold-1-million-blare-tracksuits-now-its-betting-on-coachella-for-its-next-viral-moment/,Glossy Pop Newsletter: I.AM.GIA sold 1 million Blare tracksuits — now it’s betting on Coachella for its next viral moment,"Last year, I.AM.GIA founder Alana Pallister sold her house to fund the purchase of 300,000 units of stretchy tracksuits. Less than five months later, the brand has sold 1 million units of the collection, now available in 44 colors and patterns. Now, I.AM.GIA is aiming for a Coachella takeover.",Sara Spruch-Feiner,2026-04-10T04:04:00+00:00,,https://www.glossy.co/wp-content/uploads/sites/4/2026/04/Glossy-banner-0409.png
"Aug 22, 2026 @ 19:39:03.795",e6f1e790d2fff2cc2a367b6db615c43c,https://www.glossy.co/series/pop-newsletter/,Glossy Pop Newsletter Archives,,,,,
"Aug 22, 2026 @ 19:39:03.798",55979c8fcf8a85429e1071320f8c7405,https://www.glossy.co/podcasts/ahead-of-coachella-festival-fashion-and-brand-activations-get-modern-updates/,"At Coachella, festival fashion and brand activations get modern updates","Ahead of Coachella 2026, festival fashion is fragmenting beyond the flower crown era, while brands like Gap rethink activations with more practical, on-site experiences.",Zofia Zwieglinska,2026-04-10T04:02:00+00:00,,https://www.glossy.co/wp-content/uploads/sites/4/2026/04/Screenshot-2026-04-09-at-19.43.19.png
"Aug 22, 2026 @ 19:39:03.798",33f7cf32bf31065f9644c3965bf632fd,https://www.glossy.co/series/fashion-podcast/,The Glossy Fashion Podcast Archives,Each Glossy Fashion Podcast episode features candid conversations about how today’s trends are shaping the future of the fashion industry.,,,,
"Aug 22, 2026 @ 19:39:03.805",4b241c9cc8bbcafefd7e69ca545a27e6,https://www.glossy.co/fashion/luxury/luxury-briefing-luxury-brands-proceed-with-retail-plans-in-the-middle-east/,Luxury Briefing: Luxury brands proceed with retail plans in the Middle East,"For this week’s Luxury Briefing, I spoke to Trevor Hardy, CMO at Chanel-owned Orlebar Brown, about how the brand is strategizing around the luxury travel circuit.",Zofia Zwieglinska,2026-04-10T04:00:00+00:00,,https://www.glossy.co/wp-content/uploads/sites/4/2026/04/Screenshot-2026-04-09-at-19.20.58.png?w=2532
"Aug 22, 2026 @ 19:39:03.808",efa784d3eaab68498c4abda4a110fc44,https://www.glossy.co/fashion/fashion-briefing-how-did-nikes-embattled-heritage-brand-converse-reach-a-15-year-revenue-low/,Fashion Briefing: How did Nike's embattled heritage brand Converse reach a 15-year revenue low?,"There has been rampant speculation about Converse's future, including a potential sale to Authentic Brands Group. But how did Converse get here?",Danny Parisi,2026-04-09T04:04:00+00:00,,https://www.glossy.co/wp-content/uploads/sites/4/2026/04/D_Converse_HP_040226-SU26-Throwback-P3.jpg
"Aug 22, 2026 @ 19:39:03.808",a8730abb0ddef43f7e76c8d703f81eb4,https://www.glossy.co/fashion/cotopaxi-taps-fp-movement-to-bring-its-outdoor-gear-into-everyday-wardrobes/,Cotopaxi taps FP Movement to bring its outdoor gear into everyday wardrobes,Cotopaxi’s new capsule with FP Movement is the latest example of the outdoor brand using partnerships to reach a more fashion-conscious female consumer.,Zofia Zwieglinska,2026-04-09T04:02:00+00:00,,https://www.glossy.co/wp-content/uploads/sites/4/2026/04/IMG_1179.png?w=1928
"Aug 22, 2026 @ 19:39:03.815",372731555e24cf4e1bbe64cd4e1ae49f,https://www.glossy.co/fashion/google-says-its-ai-powered-ads-helped-aritzia-lift-online-sales-by-80/,Google says its AI-powered ads helped Aritzia lift online sales by 80%,"Google says its AI-powered ad tools are delivering measurable results for some brands as the world's largest seller of ads experiments with new ad formats, shopping integrations and AI-powered tools.",Allison Smith,2026-04-07T04:00:00+00:00,,https://www.glossy.co/wp-content/uploads/sites/4/2025/08/sperry-aritzia-1.webp
"Aug 22, 2026 @ 19:39:03.818",13cacb1954f090bca6034e3e3fdda9a5,https://www.glossy.co/fashion/how-boll-branch-is-integrating-an-openclaw-based-ai-agent-in-every-part-of-its-business/,How Boll & Branch is integrating an OpenClaw-based AI agent in every part of its business,"At Shoptalk in Las Vegas last month, Boll & Branch chief commercial officer Katia Unlu spoke to Glossy about Tess, the AI agent that has become an increasingly big part of the company's operations.",Danny Parisi,2026-04-06T04:02:00+00:00,,https://www.glossy.co/wp-content/uploads/sites/4/2026/04/abc28dc2ef1c1555ff05e665f7c172026e17bccc-1440x1288-copy.jpg
"Aug 22, 2026 @ 19:39:03.818",40baf242eef4b393ff5679d9f784315b,https://www.glossy.co/series/shoptalk/,Shoptalk Archives,,,,,
"Aug 22, 2026 @ 19:39:03.821",dfe311a3caf1b781caa4c9700e1b2d79,https://www.glossy.co/fashion/james-franco-co-founded-paly-snags-first-official-collaboration-through-selfridges-partnership/,James Franco co-founded Paly snags first official collaboration through Selfridges partnership,"Kyle Lindgren, the creative director of the DIY-influenced Los Angeles fashion brand Paly, considers the brand's upcoming collaboration with the Rolling Stones to be its first ""official"" collab.",Danny Parisi,2026-04-06T04:00:00+00:00,,https://www.glossy.co/wp-content/uploads/sites/4/2026/04/TOKYO-TEE-DETAIL-2.jpg
"Aug 22, 2026 @ 19:39:03.825",975216b2b64f55c90508f533c873994d,https://www.glossy.co/podcasts/macys-reset-bloomingdales-momentum-beauty-bets-and-the-new-department-store-model/,"Macy’s reset: Bloomingdale’s momentum, beauty bets and the new department store model","On this week’s episode of the Glossy Podcast, international reporter Zofia Zwieglinska is joined by senior beauty reporter Emily Jensen to unpack Macy’s latest earnings and what they signal for the future of department stores.",Zofia Zwieglinska,2026-04-03T04:02:00+00:00,,https://www.glossy.co/wp-content/uploads/sites/4/2026/04/Portrait-glossy-brand-1140x520-0331.jpg
"Aug 22, 2026 @ 19:39:03.826",1b97a16a120c077fe23088bd0ebd4c73,https://www.glossy.co/fashion/luxury/luxury-briefing-shanghai-fashion-week-is-drawing-global-attention-again-as-china-bounces-back/,Luxury Briefing: Shanghai Fashion Week draws global attention again as China bounces back,"Glossy interview designer Susan Fang ahead of her Shanghai Fashion Week show, as local presenting brands focus on a variety of growth strategies.",Zofia Zwieglinska,2026-04-03T04:01:00+00:00,,https://www.glossy.co/wp-content/uploads/sites/4/2026/04/Untitled-design-60.png?w=1920
"Aug 22, 2026 @ 19:39:03.826",94e1721e15a4f0a76d784a417c151887,https://www.glossy.co/fashion/fashion-briefing-as-ai-shopping-agents-proliferate-both-retailers-and-consumers-have-concerns/,"Fashion Briefing: As AI shopping agents proliferate, both retailers and consumers have concerns","As AI-powered shopping agents increasingly become a part of modern e-commerce, not everyone is happy about their growth.",Danny Parisi,2026-04-02T04:02:00+00:00,,https://www.glossy.co/wp-content/uploads/sites/4/2025/07/delivery-station-of-the-future-1-dnz3-delivering-the-future.jpg?w=4000
"Aug 22, 2026 @ 19:39:03.826",d4fc17162d94dce0c90db1dbdfd75eec,https://www.glossy.co/podcasts/glossy-podcast-whats-motivating-and-whos-buying-ai-companies-streetwear-merch/,Glossy Podcast: What's motivating — and who's buying — AI companies' streetwear merch?,"Over the last year, big tech and AI companies have started to get into the fashion game by releasing streetwear-inspired drops.",Danny Parisi,2026-08-14T04:00:00+00:00,,https://www.glossy.co/wp-content/uploads/sites/4/2026/08/Portrait-glossy-brand-1140x520-0813.jpg
"Aug 22, 2026 @ 19:39:03.835",1c7ed43687227fe69a6ce243995cbb32,https://www.glossy.co/podcasts/copenhagen-fashion-week-20-years-future-ganni/,Copenhagen Fashion Week built the Scandi boom. Can it still grow another Ganni?,"As Copenhagen Fashion Week celebrates 20 years of shaping global fashion, Natalie Salmon joins the glossy Podcast to discuss what comes next.",Zofia Zwieglinska,2026-08-07T04:00:00+00:00,,https://www.glossy.co/wp-content/uploads/sites/4/2026/08/Portrait-glossy-brand-1140x520-0805.jpg
"Aug 22, 2026 @ 19:39:03.836",e18f83f5fa18cd6ac4303d3065fa426a,https://www.glossy.co/podcasts/method-dressing-red-carpet-micaela-erlanger/,"As Zendaya spins another ‘Spider-Man’ fashion story, Micaela Erlanger explains method dressing’s next era",Lupita Nyong’o and Meryl Streep stylist Micaela Erlanger discusses the rise of method dressing and limits of literal red-carpet references.,Zofia Zwieglinska,2026-07-31T04:00:00+00:00,,https://www.glossy.co/wp-content/uploads/sites/4/2026/07/Portrait-glossy-brand-l-0730.jpg
"Aug 22, 2026 @ 19:39:03.840",62e6597c8ccbcaf3545baf9868832f5f,https://www.glossy.co/events/glossy-pop-nyc-sep-2026/,Glossy Pop NYC,Glossy Pop NYC is the ultimate event for beauty lovers looking to get up close and personal with the industry’s most exciting brands and content creators.,,,,https://www.glossy.co/wp-content/uploads/sites/4/2025/03/glossy_pop_nyc_8-1.gif?w=1500
"Aug 22, 2026 @ 19:39:03.844",e38aad1d63abc2cb8198a4a5ffb6ad0f,https://www.glossy.co/fashion/page/10/,Fashion Archives,"How fashion brands are trading storefronts for temporary pop-ups, no-inventory showrooms, modern markets and exclusive customers experiences.",,,,
"Aug 22, 2026 @ 19:39:03.845",492b78aa87b3c74a0c9a60478e76b046,https://www.glossy.co/events/brand-leaders-dinner-nyc-sep-2026/,Brand Leaders Dinner NYC,"The Glossy x Modern Retail Brand Leaders Dinner is an exclusive, invitation-only dinner bringing together influential brand executives to discuss their biggest challenges and industry opportunities.",Jennifer McCreary,,,https://www.modernretail.co/wp-content/uploads/sites/5/2026/07/globalpaymentsdinner_sep2026.png
"Aug 22, 2026 @ 19:39:03.845",376757d0cc17385f7f5aa64870b83130,https://www.glossy.co/fashion/the-love-story-effect-calvin-kleins-90s-reset-drives-demand-for-pvh/,The 'Love Story' effect: Calvin Klein’s '90s reset drives demand for PVH,"The ""Love Story"" effect is fueling Calvin Klein’s '90s resurgence, while Tommy Hilfiger taps football and F1 partnerships to drive engagement and sales.",Zofia Zwieglinska,2026-04-01T16:14:50+00:00,,https://www.glossy.co/wp-content/uploads/sites/4/2026/04/Screenshot-2026-04-02-at-15.59.37.png
"Aug 22, 2026 @ 19:39:03.855",989808a5e947ffd2c84876707011aa59,https://www.glossy.co/events/ai-marketing-strategies-sep-2026/,AI Marketing Strategies,Join us for AI Marketing Strategies as we map out the state of play of an industry being reshaped by AI.,,,,
"Aug 22, 2026 @ 19:39:03.855",3e005cd324adc6ea01f29572f1011b1c,https://www.glossy.co/fashion/calvin-klein-is-spending-another-20-million-to-market-its-amazon-partnership/,Calvin Klein is spending another $20 million to market its Amazon partnership,Calvin Klein is building on the momentum of its Amazon partnership and spending $20 million more on marketing efforts for the fourth quarter of 2017 to drive quick sales during the holiday season.,Glossy Team,2017-11-30T20:59:22+00:00,,
"Aug 22, 2026 @ 19:39:03.855",134ad080cd719a33b9baffe14f1464ac,https://www.glossy.co/fashion/how-calvin-klein-and-tommy-hilfiger-are-beating-promotional-cycles/,How Calvin Klein and Tommy Hilfiger are beating promotional cycles,"Both brands’ turnarounds can be attributed to an emphasis on digital distribution, differentiated strategies like Calvin Klein’s partnership with Amazon and Tommy Hilfiger’s in-season capsule collections, and a faster knee-jerk reaction to fulfilling inventory needs and bringing production orders closer to the manufacturing process.",Glossy Team,2018-03-29T16:58:22+00:00,,
"Aug 22, 2026 @ 19:39:03.861",33457c96e1d82efd28f8945c843fffdc,https://www.glossy.co/podcasts/week-in-review-expresss-bankruptcy-amazons-layoffs-and-pvhs-earnings/,"Week in Review: Express's bankruptcy, Amazon's layoffs and PVH's earnings","This week, Express is reportedly on the verge of declaring bankruptcy. Meanwhile, PVH Corp and its subsidiary brands Calvin Klein and Tommy Hilfiger had a tough earnings report, and Amazon laid off dozens from its physical retail technology division.",Danny Parisi,2024-04-05T04:00:00+00:00,,https://www.glossy.co/wp-content/uploads/sites/4/2024/01/Glossy-in-review-banner.jpg
"Aug 22, 2026 @ 19:39:03.865",8e4f429c48801d193ccb039402a3a739,https://www.glossy.co/fashion/stitch-fix-targets-people-mid-transition-from-glp-1-users-to-divorced-men/,"Stitch Fix is targeting people mid-transition, from GLP-1 users to newly divorced men","Stitch Fix is targeting customers in moments of change, including using a GLP-1 or divorcing, as new data and earnings show rising engagement and spending.",Zofia Zwieglinska,2026-03-31T04:02:00+00:00,,https://www.glossy.co/wp-content/uploads/sites/4/2026/03/Screenshot-2026-03-30-at-5.16.34-PM.png?w=2078
"Aug 22, 2026 @ 19:39:03.865",40baf242eef4b393ff5679d9f784315b,https://www.glossy.co/series/shoptalk/,Shoptalk Archives,,,,,
"Aug 22, 2026 @ 19:39:03.865",5aecd5a0b0bdca6a448954b5f6e16242,https://www.glossy.co/fashion/mejuri-builds-on-its-fastest-selling-collection-with-most-shoppers-buying-3-products/,"Mejuri builds on its fastest-selling collection, with most shoppers buying 3 products",Mejuri has expanded the Puzzle collection into sterling silver and introduced modular slider charms for necklaces.,Zofia Zwieglinska,2026-03-31T20:58:58+00:00,,https://www.glossy.co/wp-content/uploads/sites/4/2026/03/FY2026_Puzzle_OffFigure_Shot7_0091_FocusStack.jpg?w=9458
"Aug 22, 2026 @ 19:39:03.865",83a871ee389b83885f411be7803a276d,https://www.glossy.co/fashion/luxury/https-www-glossy-co-uncategorized-an-exception-to-luxurys-slowed-growth-perigold-eyes-vacant-department-store-locations-amid-expansion/,"An exception to luxury’s slowed growth, Perigold eyes vacant department store locations amid expansion","Launched by Wayfair to be its luxury counterpart, 9-year-old Perigold is in growth mode — against all odds. In 2025, the home furnishings retailer opened its first two stores, in Houston and West Palm Beach. And just last month, it invested in its first major collaboration.",Jill Manoff,2026-03-30T04:00:00+00:00,,https://www.glossy.co/wp-content/uploads/sites/4/2026/03/Screenshot-2026-03-30-at-5.00.51-AM.png?w=2674
"Aug 22, 2026 @ 19:39:03.874",7f1a4d5afab5e1051eae886c8c0c0f19,https://www.glossy.co/podcasts/as-middle-east-conflict-escalates-luxury-faces-mounting-pressure/,"The Glossy Podcast: As Middle East conflict escalates, luxury faces mounting pressure","On this week’s episode of the Glossy Podcast, senior fashion reporter Danny Parisi and international reporter Zofia Zwieglinska are joined by Achim Berg, founder of the fashion and luxury think tank FashionSights and former senior partner at McKinsey, to unpack how escalating conflict in the Middle East is impacting the global fashion and luxury industry.",Zofia Zwieglinska,2026-03-27T04:00:00+00:00,,https://www.glossy.co/wp-content/uploads/sites/4/2026/03/Portrait-glossy-brand-1140x520-1-1.jpg
"Aug 22, 2026 @ 19:39:03.875",33f7cf32bf31065f9644c3965bf632fd,https://www.glossy.co/series/fashion-podcast/,The Glossy Fashion Podcast Archives,Each Glossy Fashion Podcast episode features candid conversations about how today’s trends are shaping the future of the fashion industry.,,,,
"Aug 22, 2026 @ 19:39:03.876",4a4bfc37bdc4caaf209db23f0a60fcd6,https://www.glossy.co/fashion/luxury/in-a-volatile-middle-east-the-250000-bag-charm-is-becoming-luxurys-newest-canvas/,"Luxury Briefing: In a volatile Middle East, bags charms reaching $250,000 are catching on","For this week's Luxury Briefing, I spoke with designer and founder of Bag Bijoux Ashna Mehta about why high jewelry is moving onto handbags.",Zofia Zwieglinska,2026-03-27T04:03:00+00:00,,https://www.glossy.co/wp-content/uploads/sites/4/2026/03/DSC0227.jpg?w=6048
"Aug 22, 2026 @ 19:39:03.880",9c78a1cf71bb2a3d4999b227279d47d4,https://www.glossy.co/fashion/pamela-anderson-fronts-aeries-anti-ai-push-as-it-bans-generated-bodies/,Pamela Anderson fronts Aerie’s anti-AI push as it bans generated bodies,"Aerie is expanding its “Aerie Real” platform with a pledge to never use AI-generated bodies, launching a campaign starring Pamela Anderson and reinforcing its focus on trust and transparency.",Zofia Zwieglinska,2026-03-26T13:00:00+00:00,,https://www.glossy.co/wp-content/uploads/sites/4/2026/03/100-Aerie-Real_PamelaAndersonforAerieReal-e1774465186461.jpg
"Aug 22, 2026 @ 19:39:03.880",2cb8186de1142b1c10001f97ea69385b,https://www.glossy.co/fashion/hollister-leans-into-nostalgia-with-new-graduation-campaign-and-music-video-featuring-gen-z-singer-gigi-perez/,Hollister leans into nostalgia with new graduation campaign — and music video — featuring Gen-Z singer Gigi Perez,"Graduation and the nostalgia around senior year are the themes of Hollister's latest campaign, which stars 26-year-old singer-songwriter Gigi Perez. The anchor of the campaign is a music video, in which Perez performs Green Day's 1997 hit ""Good Riddance (Time of Your Life)."" The brand called the video ""the first time [Green Day has] allowed a partner and another artist to approach the song at this level.""",Sara Spruch-Feiner,2026-03-26T04:03:00+00:00,,https://www.glossy.co/wp-content/uploads/sites/4/2026/03/Glossy-banner-2.png
"Aug 22, 2026 @ 19:39:03.885",3d3afeb4e4824a32cec294e43bee5efc,https://www.glossy.co/fashion/anthropologie-says-it-marries-data-and-intuition-in-merchandising-as-it-looks-for-calculated-risks/,Anthropologie says it marries data and intuition in merchandising as it looks for 'calculated risks',"Anu Narayanan, president of women's and home at Anthropologie, spoke at Shoptalk Spring about how the brand takes calculated risks in merchandising.",Anna Hensel,2026-03-26T04:00:00+00:00,,https://www.glossy.co/wp-content/uploads/sites/4/2026/03/Screenshot-2026-03-25-at-8.53.47-PM.png?w=2196
"Aug 22, 2026 @ 19:39:03.888",eed675ef13a49afa5444c21f7547beda,https://www.glossy.co/fashion/fashion-briefing-how-watch-heavyweights-swatch-and-swisswatchexpo-are-responding-to-war-in-the-middle-east/,Fashion Briefing: How watch heavyweights Swatch and SwissWatchExpo are responding to war in the Middle East,"The United Arab Emirates has become the eighth-largest market in the world for Swiss watchmakers, with exports totaling nearly $1.7 billion last year. But travel to Dubai is plummeting, and Bernstein Research estimates that luxury sales in the Middle East will be down 50% this month.",Danny Parisi,2026-03-26T04:02:00+00:00,,https://www.glossy.co/wp-content/uploads/sites/4/2026/03/ernie-mechanics-463011.jpg
"Aug 22, 2026 @ 19:39:03.890",90b89c8ab66bf42b7f9530049a546770,https://www.glossy.co/fashion/ugg-leans-into-craft-and-comedy-for-fluff-yeah-comeback-campaign/,Ugg leans into craft and comedy for Fluff Yeah comeback campaign,"When UGG brought back its Fluff Yeah sandal on March 16, the move was driven less by nostalgia and more by sustained consumer demand, according to the brand. The style, which first launched in fall 2018 at around $100, quickly became a celebrity favorite and a breakout product for the brand.",Zofia Zwieglinska,2026-03-23T04:02:00+00:00,,https://www.glossy.co/wp-content/uploads/sites/4/2026/03/LARGE-S26-ATSUKO-RETURN-TO-THE-FLUFF-W-FLUFF-YEAH-1095119-DRLS-FL-H_2.webp
"Aug 22, 2026 @ 19:39:03.893",e6f1e790d2fff2cc2a367b6db615c43c,https://www.glossy.co/series/pop-newsletter/,Glossy Pop Newsletter Archives,,,,,
"Aug 22, 2026 @ 19:39:03.898",f7cedabd61e6bfc2bacbedbce9a6284b,https://www.glossy.co/fashion/glossy-pop-newsletter-targets-roller-rabbit-collab-did-6-million-in-first-hour-sales-won-over-gen-z/,"Glossy Pop Newsletter: Target’s Roller Rabbit collab did $6 million in first-hour sales, won over Gen Z","The collection was primarily aimed at Gen Z, but Target knew it would see ""multi-generational"" love. Overall, the collection outperformed forecast expectations across every category, Target shared.",Sara Spruch-Feiner,2026-03-20T04:03:00+00:00,,https://www.glossy.co/wp-content/uploads/sites/4/2026/03/roller-rabbit-target.png
"Aug 22, 2026 @ 19:39:03.898",5f604c2e5d6daf624a8d58ad3cdd267e,https://www.glossy.co/fashion/luxury/luxury-briefing-zara-bets-on-galliano-to-up-its-pricing-power/,Luxury Briefing: Zara bets on Galliano to up its pricing power,"In this week’s Luxury Briefing, I speak to luxury experts about Zara’s continued push upmarket as it embarks on a two-year partnership with John Galliano to reinterpret the Zara archive. Also, Revolve’s Raissa Gerona on the Revolve Los Angeles brand launch, and news to know.",Zofia Zwieglinska,2026-03-20T04:02:00+00:00,,https://www.glossy.co/wp-content/uploads/sites/4/2026/03/Screenshot-2026-03-19-at-19.36.20.png
"Aug 22, 2026 @ 19:39:03.905",a163653051dd32a3ad528913bc638531,https://www.glossy.co/podcasts/a-fashion-brands-guide-to-tariff-refunds-with-arentfox-schiffs-angela-santos/,"A fashion brand’s guide to tariff refunds, with ArentFox Schiff’s Angela Santos","On this week’s tariffs-focused edition of the Glossy Podcast, senior fashion reporter Danny Parisi is joined by Angela Santos, partner at law firm ArentFox Schiff, for a legal perspective on tariff refunds, shifting trade policy and what fashion brands should be doing now.",Zofia Zwieglinska,2026-03-20T04:00:00+00:00,,https://www.glossy.co/wp-content/uploads/sites/4/2026/03/Portrait-glossy-brand-1140x520-2.jpg
"Aug 22, 2026 @ 19:39:03.906",d4fc17162d94dce0c90db1dbdfd75eec,https://www.glossy.co/podcasts/glossy-podcast-whats-motivating-and-whos-buying-ai-companies-streetwear-merch/,Glossy Podcast: What's motivating — and who's buying — AI companies' streetwear merch?,"Over the last year, big tech and AI companies have started to get into the fashion game by releasing streetwear-inspired drops.",Danny Parisi,2026-08-14T04:00:00+00:00,,https://www.glossy.co/wp-content/uploads/sites/4/2026/08/Portrait-glossy-brand-1140x520-0813.jpg
"Aug 22, 2026 @ 19:39:03.909",560015de65304f701bddb46e61389a22,https://www.glossy.co/fashion/fashion-briefing-how-trumps-made-in-america-executive-order-will-affect-fashion-brands/,Fashion Briefing: How Trump's 'Made in America' executive order will affect fashion brands,"Brands and experts that Glossy spoke to about the executive order agreed that its vague wording makes it hard to know how to respond. Many noted that there are already strict rules about what can be labeled as ""Made in America.""",Danny Parisi,2026-03-19T04:02:00+00:00,,https://www.glossy.co/wp-content/uploads/sites/4/2025/09/G1A4040_3.webp
"Aug 22, 2026 @ 19:39:03.909",1c7ed43687227fe69a6ce243995cbb32,https://www.glossy.co/podcasts/copenhagen-fashion-week-20-years-future-ganni/,Copenhagen Fashion Week built the Scandi boom. Can it still grow another Ganni?,"As Copenhagen Fashion Week celebrates 20 years of shaping global fashion, Natalie Salmon joins the glossy Podcast to discuss what comes next.",Zofia Zwieglinska,2026-08-07T04:00:00+00:00,,https://www.glossy.co/wp-content/uploads/sites/4/2026/08/Portrait-glossy-brand-1140x520-0805.jpg
"Aug 22, 2026 @ 19:39:03.915",e18f83f5fa18cd6ac4303d3065fa426a,https://www.glossy.co/podcasts/method-dressing-red-carpet-micaela-erlanger/,"As Zendaya spins another ‘Spider-Man’ fashion story, Micaela Erlanger explains method dressing’s next era",Lupita Nyong’o and Meryl Streep stylist Micaela Erlanger discusses the rise of method dressing and limits of literal red-carpet references.,Zofia Zwieglinska,2026-07-31T04:00:00+00:00,,https://www.glossy.co/wp-content/uploads/sites/4/2026/07/Portrait-glossy-brand-l-0730.jpg
"Aug 22, 2026 @ 19:39:03.919",62e6597c8ccbcaf3545baf9868832f5f,https://www.glossy.co/events/glossy-pop-nyc-sep-2026/,Glossy Pop NYC,Glossy Pop NYC is the ultimate event for beauty lovers looking to get up close and personal with the industry’s most exciting brands and content creators.,,,,https://www.glossy.co/wp-content/uploads/sites/4/2025/03/glossy_pop_nyc_8-1.gif?w=1500
"Aug 22, 2026 @ 19:39:03.920",4c323f661a9037a2ffb4773dc1d99193,https://www.glossy.co/fashion/page/11/,Fashion Archives,"How fashion brands are trading storefronts for temporary pop-ups, no-inventory showrooms, modern markets and exclusive customers experiences.",,,,
"Aug 22, 2026 @ 19:39:03.924",492b78aa87b3c74a0c9a60478e76b046,https://www.glossy.co/events/brand-leaders-dinner-nyc-sep-2026/,Brand Leaders Dinner NYC,"The Glossy x Modern Retail Brand Leaders Dinner is an exclusive, invitation-only dinner bringing together influential brand executives to discuss their biggest challenges and industry opportunities.",Jennifer McCreary,,,https://www.modernretail.co/wp-content/uploads/sites/5/2026/07/globalpaymentsdinner_sep2026.png
"Aug 22, 2026 @ 19:39:03.925",04fd0869a79d17531b6fed2ec6882c68,https://www.glossy.co/fashion/amid-its-search-for-a-ceo-lululemon-responds-to-a-us-slowdown-with-a-product-reset/,"Amid search for a CEO, Lululemon responds to a US slowdown with a product reset","Lululemon is navigating a slowdown in its North America business, leaning on international growth to offset it and continuing the search for a permanent CEO — all while trying to reestablish its footing as a premium, product-led brand.",Zofia Zwieglinska,2026-03-18T04:01:00+00:00,,
"Aug 22, 2026 @ 19:39:03.925",989808a5e947ffd2c84876707011aa59,https://www.glossy.co/events/ai-marketing-strategies-sep-2026/,AI Marketing Strategies,Join us for AI Marketing Strategies as we map out the state of play of an industry being reshaped by AI.,,,,
"Aug 22, 2026 @ 19:39:03.934",616c7b82699ea06dedc57544448f7f78,https://www.glossy.co/fashion/lululemon-leadership-has-a-positive-outlook-for-2024-revenue/,Research Briefing: Lululemon leadership has a positive outlook for 2024 revenue,"In this edition of the Glossy+ Research Briefing, we analyze Lululemon’s first-quarter financial results, which the company reported yesterday. Investors are relieved to see sunnier predictions for the rest of the year.",Dania Gutierrez,2024-06-06T09:47:40+00:00,,https://www.glossy.co/wp-content/uploads/sites/4/2024/06/Screenshot-2024-06-06-at-4.46.23-AM.png
"Aug 22, 2026 @ 19:39:03.935",75a724b33d1e113625601e3a9a579e33,https://www.glossy.co/fashion/lululemon-expands-its-membership-program-introduces-third-party-brands/,"Lululemon expands its membership program, introduces third-party brands","In a move to create more robust wellness offerings at Lululemon, the brand has expanded its membership program to include outside fitness and wellness brands.",Tatiana Pile,2024-09-02T04:07:00+00:00,,https://www.glossy.co/wp-content/uploads/sites/4/2024/08/Screen-Shot-2024-08-30-at-4.09.51-PM.png
"Aug 22, 2026 @ 19:39:03.939",06c541aa374ced5687c5b4606ca1271b,https://www.glossy.co/fashion/reduced-discounting-core-products-cant-stop-lululemons-price-hikes/,Reduced discounting and a focus on core products can't stop Lululemon's price hikes,"In Lululemon’s fourth-quarter earnings call on Tuesday, CEO Calvin McDonald briefly touched on price hikes coming to the athleisure powerhouse.",Danny Parisi,2022-03-31T04:05:05+00:00,,https://www.glossy.co/wp-content/uploads/sites/4/2017/03/lulu-big.jpg
"Aug 22, 2026 @ 19:39:03.944",3b883f533a4ecb2add2284c67f114f46,https://www.glossy.co/fashion/some-creators-dont-see-immediate-value-in-instagrams-controversial-shop-the-look-ai-test/,Some creators don't see immediate value in Instagram’s controversial 'Shop the Look' AI test,"Instagram's controversial Shop the Look rollout didn't ask for creators' consent, nor did it tag products they've endorsed. What did they learn from it?",Alyssa Mercante,2026-03-18T04:00:00+00:00,,https://www.glossy.co/wp-content/uploads/sites/4/2020/04/influencer-marketing-.jpeg
"Aug 22, 2026 @ 19:39:03.945",0a78acb384718e81375a8905480cb423,https://www.glossy.co/fashion/davids-bridal-at-saks-ceo-kelly-cook-on-partnering-with-boutiques-and-department-stores-to-hit-profit-goals/,David’s Bridal at Saks?: CEO Kelly Cook on partnering with boutiques and department stores to hit profit goals,"On Monday, David’s Bridal announced the launch of a wholesale business. Ahead of the news, Glossy met with David’s Bridal CEO Kelly Cook to learn more about the company’s growth and evolution plans, which also include opening shop-in-shops in department stores.",Jill Manoff,2026-03-17T11:11:46+00:00,,https://www.glossy.co/wp-content/uploads/sites/4/2026/03/VCW1001_IVYSTONE_VW_WS26_056.jpg
"Aug 22, 2026 @ 19:39:03.948",58b674f08638aae6fa1b8edeee68833c,https://www.glossy.co/fashion/lulus-becomes-victorias-secrets-latest-brand-partner/,Lulus becomes Victoria's Secret's latest brand partner,"For Lulus, the appeal of selling on Victoria's Secret is the same as working with any of its other wholesale partners: customer acquisition.",Danny Parisi,2026-03-17T09:45:00+00:00,,https://www.glossy.co/wp-content/uploads/sites/4/2026/03/AboutUs_Workwithus_image1_desktop.webp
"Aug 22, 2026 @ 19:39:03.952",9489460509cc14f8f87fdabb273182eb,https://www.glossy.co/fashion/can-activewear-brands-launching-jeans-really-compete-in-the-denim-category/,Can activewear brands really compete in the denim category?,Experts say the move toward denim is likely driven by waning demand for activewear among American consumers.,Danny Parisi,2026-03-16T04:01:00+00:00,,https://www.glossy.co/wp-content/uploads/sites/4/2026/03/fabletics-denim-2-1.jpg?w=4800
"Aug 22, 2026 @ 19:39:03.955",3cebee4afa861b4ec5021a2764e5e7d9,https://www.glossy.co/fashion/why-nuuds-is-betting-on-the-forgotten-middle-with-its-first-nordstrom-launch/,Nuuds is betting on the ‘forgotten middle’ with its first Nordstrom launch,Nuuds will launch in four Nordstrom stores across middle-America markets including Houston and Denver. The move reflects a growing retail focus on customers outside coastal fashion hubs.,Zofia Zwieglinska,2026-03-16T04:00:00+00:00,,https://www.glossy.co/wp-content/uploads/sites/4/2026/03/Nuuds_21020260480_v2-1.jpg
"Aug 22, 2026 @ 19:39:03.958",ff7a519e1c703999ed97eee28498b4ba,https://www.glossy.co/fashion/luxury/luxury-briefing-clients-have-paused-on-purchases-as-middle-east-conflict-slows-mall-traffic/,"Luxury Briefing: ‘Clients have paused on purchases,' as Middle East conflict slows mall traffic","This week, I speak to experts and luxury fashion sources about the impact of the war on luxury shopping in the Middle East.",Zofia Zwieglinska,2026-03-13T04:03:00+00:00,,https://www.glossy.co/wp-content/uploads/sites/4/2026/03/919ac7d3-a3c6-4b46-bdd2-5eafd1456d66.jpg
"Aug 22, 2026 @ 19:39:03.964",275bf314a2b585448e6798903bd1b90e,https://www.glossy.co/podcasts/glossy-podcast-moda-operandis-marc-rofsky-on-the-brands-and-trends-that-stood-out-at-paris-fashion-week/,Glossy Podcast: Moda Operandi's Marc Rofsky on the brands and trends that stood out at Paris Fashion Week,"Moda has already begun rolling out this season's Paris Fashion Week collections for customers to shop and pre-order on its site, so Rofsky has a good view of what trends and brands are popping this season.",Danny Parisi,2026-03-13T04:00:00+00:00,,https://www.glossy.co/wp-content/uploads/sites/4/2026/03/glossy-podcast-0313.png
"Aug 22, 2026 @ 19:39:03.965",33f7cf32bf31065f9644c3965bf632fd,https://www.glossy.co/series/fashion-podcast/,The Glossy Fashion Podcast Archives,Each Glossy Fashion Podcast episode features candid conversations about how today’s trends are shaping the future of the fashion industry.,,,,
"Aug 22, 2026 @ 19:39:03.968",fe78750e6c816ebf7155e68aba3fe5b0,https://www.glossy.co/fashion/fashion-briefing-it-will-be-felt-everywhere-inside-the-impacts-of-rising-oil-prices-on-the-fashion-industry/,Fashion Briefing: 'It will be felt everywhere': How rising oil prices will impact the fashion industry,"The ways rising oil prices will affect fashion businesses and consumers are manifold. Experts told Glossy that brands will likely see increased operational costs on international shipping and the production of plastic or plastic-derived products and components. In addition, there's set to be a damper on consumer spending as shoppers devote more of their paychecks to energy costs.",Danny Parisi,2026-03-12T04:05:00+00:00,,https://www.glossy.co/wp-content/uploads/sites/4/2026/03/mostafa_meraji-sea-6811799_1920.jpg
"Aug 22, 2026 @ 19:39:03.970",49a082d8407593564f1d9e29f5894f4b,https://www.glossy.co/fashion/why-vintage-sellers-are-taking-resale-live/,Why vintage sellers are taking resale live,Vintage resellers are turning livestream auctions into booming businesses as platforms like Whatnot and eBay expand live shopping across fashion and resale.,Zofia Zwieglinska,2026-03-12T04:00:00+00:00,,https://www.glossy.co/wp-content/uploads/sites/4/2026/03/Untitled-design-55.png
"Aug 22, 2026 @ 19:39:03.974",62921a4667a15dddfb408e5cd96f2c7d,https://www.glossy.co/fashion/as-saks-global-closes-more-stores-fashion-brands-weigh-alternative-sales-channels/,"As Saks Global closes more stores, fashion brands weigh alternative sales channels","For many years, the value proposition of a large department store like Saks Fifth Avenue is that the brands would benefit from the company's scale and exposure to its audience across the country. But with Saks scaling back its business and cutting regions outside of already-saturated markets like New York City, that value proposition is losing its sheen.",Danny Parisi,2026-03-10T04:00:00+00:00,,https://www.glossy.co/wp-content/uploads/sites/4/2026/03/Careers-Image-800x650px.jpg
"Aug 22, 2026 @ 19:39:03.977",678436f4a3ea701dae1d9a7cce935c0a,https://www.glossy.co/fashion/victorias-secrets-turnaround-plan-is-working/,Victoria's Secret's turnaround plan is working,"In March 2025, Victoria's Secret CEO Hillary Super introduced the “Path to Potential” plan, centered on right-tracking the company through four focus areas. One year later, the efforts are paying off.",Jill Manoff,2026-03-09T04:01:00+00:00,,https://www.glossy.co/wp-content/uploads/sites/4/2025/10/Victorias-Secret-2025-Fashion-Show-10-9-Angel-Reese-1.jpg
"Aug 22, 2026 @ 19:39:03.978",295049f7c87e364ddaece423bcf99c22,https://www.glossy.co/podcasts/a-buyers-take-on-milan-fashion-week-with-bloomingdales-marissa-galante-frank/,"A buyer’s take on Milan Fashion Week, with Bloomingdale’s Marissa Galante Frank","On this week’s Milan Fashion Week edition of the Glossy Podcast, senior fashion reporter Zofia Zwieglinska is joined by Marissa Galante Frank, fashion director at Bloomingdale's, for a buyer’s perspective on the Fall 2026 collections.",Zofia Zwieglinska,2026-03-06T05:01:00+00:00,,https://www.glossy.co/wp-content/uploads/sites/4/2026/03/Portrait-glossy-brand-1140x520-1.jpg
"Aug 22, 2026 @ 19:39:03.981",a0d005898c017fd40fc12422d3740b00,https://www.glossy.co/fashion/luxury/luxury-briefing-as-cashmere-spreads-downmarket-luxury-brands-update-their-approach/,"Luxury Briefing: As cashmere spreads downmarket, luxury brands update their approach","For this week’s Luxury Briefing, I spoke to the CEO and creative director of Agnona Stefano Aimone about the brand’s new flagship store and material innovations. Also, insights on the relaunch of Robert Marc, a buyer's take on Dior and news to know.",Zofia Zwieglinska,2026-03-06T05:00:00+00:00,,https://www.glossy.co/wp-content/uploads/sites/4/2026/03/Untitled-design-54.png?w=1920
"Aug 22, 2026 @ 19:39:03.986",6a5813e3b32a808dbe017380cf1506b9,https://www.glossy.co/fashion/fashion-briefing-as-war-engulfs-the-middle-east-fashion-brands-are-already-feeling-impacts-on-stores-and-foot-traffic/,"Fashion Briefing: As war engulfs the Middle East, fashion brands are already feeling impacts on stores and foot traffic","While the political and humanitarian impacts of large-scale war in the Middle East are still playing out, the region's fashion and luxury market is already affected. Over the last few years, countries like Qatar and the UAE have positioned themselves as glamorous luxury destinations, courting heritage European brands and wealthy consumers from around the world. Now, many of those brands are closing stores and relocating employees away from danger.",Danny Parisi,2026-03-05T05:02:00+00:00,,https://www.glossy.co/wp-content/uploads/sites/4/2026/03/mohammadshahhosseini-tehran-5061531_1280.jpg
"Aug 22, 2026 @ 19:39:03.991",d4fc17162d94dce0c90db1dbdfd75eec,https://www.glossy.co/podcasts/glossy-podcast-whats-motivating-and-whos-buying-ai-companies-streetwear-merch/,Glossy Podcast: What's motivating — and who's buying — AI companies' streetwear merch?,"Over the last year, big tech and AI companies have started to get into the fashion game by releasing streetwear-inspired drops.",Danny Parisi,2026-08-14T04:00:00+00:00,,https://www.glossy.co/wp-content/uploads/sites/4/2026/08/Portrait-glossy-brand-1140x520-0813.jpg
"Aug 22, 2026 @ 19:39:03.995",1c7ed43687227fe69a6ce243995cbb32,https://www.glossy.co/podcasts/copenhagen-fashion-week-20-years-future-ganni/,Copenhagen Fashion Week built the Scandi boom. Can it still grow another Ganni?,"As Copenhagen Fashion Week celebrates 20 years of shaping global fashion, Natalie Salmon joins the glossy Podcast to discuss what comes next.",Zofia Zwieglinska,2026-08-07T04:00:00+00:00,,https://www.glossy.co/wp-content/uploads/sites/4/2026/08/Portrait-glossy-brand-1140x520-0805.jpg
"Aug 22, 2026 @ 19:39:03.997",e18f83f5fa18cd6ac4303d3065fa426a,https://www.glossy.co/podcasts/method-dressing-red-carpet-micaela-erlanger/,"As Zendaya spins another ‘Spider-Man’ fashion story, Micaela Erlanger explains method dressing’s next era",Lupita Nyong’o and Meryl Streep stylist Micaela Erlanger discusses the rise of method dressing and limits of literal red-carpet references.,Zofia Zwieglinska,2026-07-31T04:00:00+00:00,,https://www.glossy.co/wp-content/uploads/sites/4/2026/07/Portrait-glossy-brand-l-0730.jpg
"Aug 22, 2026 @ 19:39:04.002",62e6597c8ccbcaf3545baf9868832f5f,https://www.glossy.co/events/glossy-pop-nyc-sep-2026/,Glossy Pop NYC,Glossy Pop NYC is the ultimate event for beauty lovers looking to get up close and personal with the industry’s most exciting brands and content creators.,,,,https://www.glossy.co/wp-content/uploads/sites/4/2025/03/glossy_pop_nyc_8-1.gif?w=1500
"Aug 22, 2026 @ 19:39:04.006",bc58ee41b034f44b7d34b7bec2b6d31d,https://www.glossy.co/fashion/page/12/,Fashion Archives,"How fashion brands are trading storefronts for temporary pop-ups, no-inventory showrooms, modern markets and exclusive customers experiences.",,,,
"Aug 22, 2026 @ 19:39:04.006",492b78aa87b3c74a0c9a60478e76b046,https://www.glossy.co/events/brand-leaders-dinner-nyc-sep-2026/,Brand Leaders Dinner NYC,"The Glossy x Modern Retail Brand Leaders Dinner is an exclusive, invitation-only dinner bringing together influential brand executives to discuss their biggest challenges and industry opportunities.",Jennifer McCreary,,,https://www.modernretail.co/wp-content/uploads/sites/5/2026/07/globalpaymentsdinner_sep2026.png
"Aug 22, 2026 @ 19:39:04.015",557af9d62014e8bb6a962506b19e9355,https://www.glossy.co/fashion/creator-marketing-is-becoming-a-new-loyalty-layer/,Creator marketing is becoming a loyalty play,"As influencer fees compress and algorithms shift, brands like American Eagle and Gap are building always-on advocacy platforms that merge loyalty mechanics with performance-driven creator marketing.",Zofia Zwieglinska,2026-03-02T05:02:00+00:00,,https://www.glossy.co/wp-content/uploads/sites/4/2026/02/Screenshot-2026-02-27-at-18.55.35.png?w=2932
"Aug 22, 2026 @ 19:39:04.020",989808a5e947ffd2c84876707011aa59,https://www.glossy.co/events/ai-marketing-strategies-sep-2026/,AI Marketing Strategies,Join us for AI Marketing Strategies as we map out the state of play of an industry being reshaped by AI.,,,,
"Aug 22, 2026 @ 19:39:04.023",dbdcf38f2a8a27aa5a3d0084f8824f56,https://www.glossy.co/fashion/bread-butter-and-blue-jeans-american-eagles-nashville-pop-up-is-a-whole-mood/,"Bread, butter and blue jeans: American Eagle’s Nashville pop-up is a whole mood","American Eagle is bringing denim, deli sandwiches and live music to Nashville with a Denim Deli pop-up. The immersive Gen-Z marketing play blends fashion, food and community.",Zofia Zwieglinska,2025-03-17T04:00:00+00:00,,https://www.glossy.co/wp-content/uploads/sites/4/2025/03/View-1.png?w=3584
"Aug 22, 2026 @ 19:39:04.027",c6594992f4d66a27734be1c6d3ead723,https://www.glossy.co/fashion/american-eagle-is-investing-in-sydney-sweeney-and-the-sphere-for-its-largest-ever-fall-campaign/,American Eagle is investing in Sydney Sweeney and the Sphere for its largest-ever fall campaign,"On July 23, the retailer is launching its largest fall campaign to date, led by actress Sydney Sweeney and displayed on the 580,000-square-foot Exosphere, the LED-covered exterior of the Sphere, which has quickly become a high-profile platform for brands looking to drive cultural relevance.",Zofia Zwieglinska,2025-07-23T09:46:00+00:00,,https://www.glossy.co/wp-content/uploads/sites/4/2025/07/Screenshot-2025-07-22-at-8.55.46 PM.png?w=1830
"Aug 22, 2026 @ 19:39:04.035",0d7def7aee09f1fbc3a3c0cc9128fef5,https://www.glossy.co/fashion/exclusive-davids-bridal-launches-a-commission-based-ambassador-program-for-creators-and-employees/,Inside David’s Bridal's new commission-based ambassador program for creators and employees,"On Thursday, David's Bridal launched an ambassador program dubbed David’s Style Squad. The idea is to treat included creators, customers and store associates as part of the same performance channel, paid based on their ability to convert.",Zofia Zwieglinska,2026-01-08T05:02:00+00:00,,https://www.glossy.co/wp-content/uploads/sites/4/2026/01/BMGRP2_MULTI_BM_SEPT25_1912.jpg?w=7984
"Aug 22, 2026 @ 19:39:04.039",af96d34e5659ab560887a8bbdbd09a5a,https://www.glossy.co/fashion/nuuly-is-leading-the-fashion-rental-resurgence-with-70-of-its-subscribers-being-new-to-the-market/,"Nuuly is leading the fashion rental resurgence, with 70% of its subscribers being new to the market","Key to Nuuly's success hasn't been taking existing market share away from other rental platforms. Instead, nearly 70% of all Nuuly subscribers have never rented from any platform before, according to Nuuly's customer research. That means Nuuly has succeeded in expanding the addressable market and creating a new cohort of renters.",Danny Parisi,2026-03-02T05:00:00+00:00,,https://www.glossy.co/wp-content/uploads/sites/4/2026/02/26_FEBWK3_US_RENT_SEASONAL_HERO_LS-copy.jpg
"Aug 22, 2026 @ 19:39:04.040",33f7cf32bf31065f9644c3965bf632fd,https://www.glossy.co/series/fashion-podcast/,The Glossy Fashion Podcast Archives,Each Glossy Fashion Podcast episode features candid conversations about how today’s trends are shaping the future of the fashion industry.,,,,
"Aug 22, 2026 @ 19:39:04.040",cbfb372658db2a419f7d213271dba154,https://www.glossy.co/podcasts/a-buyers-take-on-london-fashion-week-with-mytheresas-tiffany-hsu/,"A buyer’s take on London Fashion Week, with Mytheresa’s Tiffany Hsu","On this week’s London Fashion Week episode, senior fashion reporter Zofia Zwieglinska is joined by Tiffany Hsu, chief buying director at Mytheresa, for a buyer’s perspective on Fall 2026.",Zofia Zwieglinska,2026-02-27T05:03:00+00:00,,https://www.glossy.co/wp-content/uploads/sites/4/2026/02/Portrait-glossy-brand-1140x520-copy-8.jpg
"Aug 22, 2026 @ 19:39:04.045",ad68bd397032f779354095e0e643ee5f,https://www.glossy.co/fashion/luxury/luxury-briefing-joseph-returns-to-the-london-fashion-week-runway-amid-a-different-fashion-economy/,Luxury Briefing: Joseph returns to the London Fashion Week runway amid a different fashion economy,"For this week’s Luxury Briefing, I spoke with Joseph CEO Barbara Campos about the brand's reentry into London Fashion Week, following years of financial repair and product discipline. The brand arrives at a moment when the middle of the luxury market is redefining its place, as customers shop for quality.",Zofia Zwieglinska,2026-02-27T05:01:00+00:00,,https://www.glossy.co/wp-content/uploads/sites/4/2026/02/Untitled-design-50.png?w=1920
"Aug 22, 2026 @ 19:39:04.049",b33d75f8a06b130e6e823c22116fb4ad,https://www.glossy.co/fashion/meta-is-auto-generating-ai-ads-for-its-advertisers-causing-headaches-for-image-conscious-fashion-brands/,"Fashion Briefing: Meta is auto-generating AI ads for its advertisers, causing headaches for image-conscious fashion brands","Despite opting out of every possible AI feature Meta offers, one fashion brand found that Meta had started to use AI to alter 5% of the ads that a given advertiser puts out on the platform.",Danny Parisi,2026-02-26T05:02:00+00:00,,https://www.glossy.co/wp-content/uploads/sites/4/2026/02/6d4cf26a-f883-48ed-bfa9-535f296142b8.jpg
"Aug 22, 2026 @ 19:39:04.054",a24d26c11a431029ab44ffe318fce3c9,https://www.glossy.co/fashion/american-eagles-next-marketing-move-sponsoring-stagecoach/,American Eagle's next marketing move? Sponsoring Stagecoach,"On the heels of its February 11 announcement naming rising country musician Ella Langley as its newest brand face, American Eagle is unveiling another big music move: It will serve as the exclusive apparel and denim sponsor of Stagecoach, the world’s largest country music festival.",Sara Spruch-Feiner,2026-02-25T05:05:00+00:00,,https://www.glossy.co/wp-content/uploads/sites/4/2026/02/File.jpg
"Aug 22, 2026 @ 19:39:04.056",313bdcb352bd668f40c589f3fd855393,https://www.glossy.co/fashion/off-season-taps-into-the-nbas-growing-merchandise-sales-with-new-licensed-fashion-collection/,Off Season taps into the NBA's growing merchandise sales with new licensed fashion collection,"Off Season, the fashion brand founded by designer Kristin Juszczyk, has been primarily focused on the NFL through Juszczyk's connection — her husband is San Francisco 49ers fullback Kyle Juszczyk. But on Tuesday, Off Season idebuted its first NBA-centric ready-to-wear collection as it seeks to both expand its business and the types of products it makes with its team partners.",Danny Parisi,2026-02-24T05:00:00+00:00,,https://www.glossy.co/wp-content/uploads/sites/4/2026/02/891A9330_HomepageExtended.jpg?w=11004
"Aug 22, 2026 @ 19:39:04.056",3cdcf4620a04f339476bd6ac8e4695f1,https://www.glossy.co/fashion/fashion-brands-are-cautiously-optimistic-about-the-supreme-court-striking-down-many-of-trumps-tariffs/,Fashion brands are 'cautiously optimistic' about the Supreme Court striking down many of Trump's tariffs,"On Friday, the Supreme Court dealt a significant blow to the administration's efforts to enact sweeping tariffs on imports from nearly every country in the world. The Court's 6-3 ruling found that tariffs enacted under the International Emergency Economic Powers Act, which covers many but not all of the tariffs, were unlawful and that the president exceeded his authority.",Danny Parisi,2026-02-23T05:02:00+00:00,,https://www.glossy.co/wp-content/uploads/sites/4/2026/02/0af10d152af74cc194d6e08a873ec3ba.jpg
"Aug 22, 2026 @ 19:39:04.064",7abb2f96109e9b3740d56952d7b2193a,https://www.glossy.co/series/fashion-week/,Fashion Week Archives,,,,,
"Aug 22, 2026 @ 19:39:04.074",0d059e3d6b3a8611b6e7050de1555a13,https://www.glossy.co/fashion/luxury/jewlery-has-a-london-fashion-week-moment-despite-gold-and-silver-pricing-concerns/,Jewelry has a London Fashion Week moment amid gold and silver pricing concerns,"London’s jewelry brands are turning precious metal volatility into stronger margins, urgency and bespoke growth.",Zofia Zwieglinska,2026-02-23T05:00:00+00:00,,https://www.glossy.co/wp-content/uploads/sites/4/2026/02/THE_OUZE_-8-GEORGE-MUNCEY-.jpg?w=4000
"Aug 22, 2026 @ 19:39:04.080",1f9f69cb4b9aea50919dfd9fbbeda4cb,https://www.glossy.co/podcasts/a-buyers-take-on-new-york-fashion-week-with-printemps-new-yorks-silvano-vangi/,"A buyer's take on New York Fashion Week, with Printemps New York's Silvano Vangi","This week, with New York Fashion Week wrapped up, the Glossy Podcast is joined by Silvano Vangi, creative and merchandising director at Printemps New York, to get a buyer's perspective on this season's NYFW.",Danny Parisi,2026-02-20T05:02:00+00:00,,https://www.glossy.co/wp-content/uploads/sites/4/2026/02/Portrait-glossy-brand-1140x520-4-2.jpg
"Aug 22, 2026 @ 19:39:04.086",8edb024f6a3d72993f3c0acec1774add,https://www.glossy.co/fashion/luxury/luxury-briefing-how-2-designers-weighed-the-costs-vs-the-benefits-of-nyfw-participation/,Luxury Briefing: How 2 designers weighed the costs vs. the benefits of an NYFW show,"In this week’s Luxury Briefing, a look at the brand strategies behind Simkhai’s and PatBo’s show formats at New York Fashion Week. Plus, data on the NYFW styles inspiring shoppers.",Zofia Zwieglinska,2026-02-20T05:01:00+00:00,,https://www.glossy.co/wp-content/uploads/sites/4/2026/02/BFA_53321_7725688.jpg?w=3600
"Aug 22, 2026 @ 19:39:04.090",c278bcaf1cd98f743f5fbc036e08d0b3,https://www.glossy.co/fashion/fashion-briefing-fashion-designers-spoke-out-against-ice-at-new-york-fashion-week/,Fashion Briefing: Fashion designers spoke out against ICE at New York Fashion Week,"One of the most commonly spotted accessories at New York Fashion Week this season wasn't a handbag or a pair of sunglasses — it was a small black-and-white pin featuring the words ""ICE OUT.""",Danny Parisi,2026-02-19T05:03:00+00:00,,https://www.glossy.co/wp-content/uploads/sites/4/2026/02/Campillo_Don_Julio_Lucia_Vazquez_NYFW-07323.jpg?w=7008
"Aug 22, 2026 @ 19:39:04.096",8e8da170b54b80b660a6ba14fec075f1,https://www.glossy.co/podcasts/the-nyfw-rundown-spectacle-sparsity-and-insights-into-american-fashion/,"The NYFW Rundown: Spectacle, sparsity and insights into American fashion","With guest Mandy Lee (@oldloserinbrooklyn), the Glossy team unpacks NYFW Fall 2026's politics, protest pins and front-loaded schedule.",Zofia Zwieglinska,2026-02-18T05:03:00+00:00,,https://www.glossy.co/wp-content/uploads/sites/4/2026/02/Portrait-glossy-brand-1140x520-4-1.jpg
"Aug 22, 2026 @ 19:39:04.096",d5e19d31dca0bc4dd3efbb24eacc30ef,https://www.glossy.co/fashion/fashion-brands-hope-the-fall-of-department-stores-leads-to-a-boutique-boom/,Fashion brands hope the fall of department stores leads to a 'boutique boom',"Wholesale may be struggling, but at New York Fashion Week, designers are hoping for a ""boutique boom"" to revitalize fashion retail.",Danny Parisi,2026-02-17T05:04:00+00:00,,https://www.glossy.co/wp-content/uploads/sites/4/2026/02/4068947.webp
"Aug 22, 2026 @ 19:39:04.101",88cc610c6628914c7828d0e8c04b4319,https://www.glossy.co/fashion/j-crew-bets-on-scarcity-with-the-rollneck-remix-designer-collaboration-pop-up/,J.Crew bets on scarcity with The Rollneck Remix designer collaboration pop-up,"For a brand with more than 100 stores nationwide, choosing not to use them is an unexpected move. That was the case with J.Crew’s launch of The Rollneck Remix — a New York Fashion Week–timed collaboration with five emerging designers — exclusively through a four-day pop-up at 75 Spring Street and online, bypassing its broader retail fleet.",Zofia Zwieglinska,2026-02-16T05:05:00+00:00,,https://www.glossy.co/wp-content/uploads/sites/4/2026/02/Untitled-design-49.png?w=1920
"Aug 22, 2026 @ 19:39:04.105",d4fc17162d94dce0c90db1dbdfd75eec,https://www.glossy.co/podcasts/glossy-podcast-whats-motivating-and-whos-buying-ai-companies-streetwear-merch/,Glossy Podcast: What's motivating — and who's buying — AI companies' streetwear merch?,"Over the last year, big tech and AI companies have started to get into the fashion game by releasing streetwear-inspired drops.",Danny Parisi,2026-08-14T04:00:00+00:00,,https://www.glossy.co/wp-content/uploads/sites/4/2026/08/Portrait-glossy-brand-1140x520-0813.jpg
"Aug 22, 2026 @ 19:39:04.110",e18f83f5fa18cd6ac4303d3065fa426a,https://www.glossy.co/podcasts/method-dressing-red-carpet-micaela-erlanger/,"As Zendaya spins another ‘Spider-Man’ fashion story, Micaela Erlanger explains method dressing’s next era",Lupita Nyong’o and Meryl Streep stylist Micaela Erlanger discusses the rise of method dressing and limits of literal red-carpet references.,Zofia Zwieglinska,2026-07-31T04:00:00+00:00,,https://www.glossy.co/wp-content/uploads/sites/4/2026/07/Portrait-glossy-brand-l-0730.jpg
"Aug 22, 2026 @ 19:39:04.117",1c7ed43687227fe69a6ce243995cbb32,https://www.glossy.co/podcasts/copenhagen-fashion-week-20-years-future-ganni/,Copenhagen Fashion Week built the Scandi boom. Can it still grow another Ganni?,"As Copenhagen Fashion Week celebrates 20 years of shaping global fashion, Natalie Salmon joins the glossy Podcast to discuss what comes next.",Zofia Zwieglinska,2026-08-07T04:00:00+00:00,,https://www.glossy.co/wp-content/uploads/sites/4/2026/08/Portrait-glossy-brand-1140x520-0805.jpg
"Aug 22, 2026 @ 19:39:04.125",62e6597c8ccbcaf3545baf9868832f5f,https://www.glossy.co/events/glossy-pop-nyc-sep-2026/,Glossy Pop NYC,Glossy Pop NYC is the ultimate event for beauty lovers looking to get up close and personal with the industry’s most exciting brands and content creators.,,,,https://www.glossy.co/wp-content/uploads/sites/4/2025/03/glossy_pop_nyc_8-1.gif?w=1500
"Aug 22, 2026 @ 19:39:04.130",492b78aa87b3c74a0c9a60478e76b046,https://www.glossy.co/events/brand-leaders-dinner-nyc-sep-2026/,Brand Leaders Dinner NYC,"The Glossy x Modern Retail Brand Leaders Dinner is an exclusive, invitation-only dinner bringing together influential brand executives to discuss their biggest challenges and industry opportunities.",Jennifer McCreary,,,https://www.modernretail.co/wp-content/uploads/sites/5/2026/07/globalpaymentsdinner_sep2026.png
"Aug 22, 2026 @ 19:39:04.136",989808a5e947ffd2c84876707011aa59,https://www.glossy.co/events/ai-marketing-strategies-sep-2026/,AI Marketing Strategies,Join us for AI Marketing Strategies as we map out the state of play of an industry being reshaped by AI.,,,,
"Aug 22, 2026 @ 19:39:04.293",cfec02610e18f1a8d12a342fb3580e58,https://www.glossy.co/fashion/page/13/,Fashion Archives,"How fashion brands are trading storefronts for temporary pop-ups, no-inventory showrooms, modern markets and exclusive customers experiences.",,,,
"Aug 22, 2026 @ 19:39:04.334",ad2680d62b464b3fcd2c620a0d7f8762,https://www.glossy.co/fashion/the-knot-joins-openais-chatgpt-ad-test-as-brands-rethink-ai-visibility/,The Knot joins OpenAI’s ChatGPT ad test as brands rethink AI visibility,"As OpenAI tests ads in ChatGPT, companies like The Knot are experimenting with conversational placements and AI-native discovery.",Zofia Zwieglinska,2026-02-16T05:00:00+00:00,,https://www.glossy.co/wp-content/uploads/sites/4/2026/02/chatgpt-ads.webp
"Aug 22, 2026 @ 19:39:04.334",33f7cf32bf31065f9644c3965bf632fd,https://www.glossy.co/series/fashion-podcast/,The Glossy Fashion Podcast Archives,Each Glossy Fashion Podcast episode features candid conversations about how today’s trends are shaping the future of the fashion industry.,,,,
"Aug 22, 2026 @ 19:39:04.344",9261232d2c6610c7f9fdb62eab7ca287,https://www.glossy.co/beauty/wellness-briefing-how-openais-chatgpt-health-beta-launch-could-impact-the-wellness-industry/,Wellness Briefing: How OpenAI’s ChatGPT Health beta launch could impact the wellness industry,"This week, I checked in with health technology experts to unpack the beta launch of ChatGPT Health, a new AI-powered chatbot from OpenAI that seeks to store and analyze a user’s medical records, health-tracker data, and wellness insights.",Lexy Lebsack,2026-01-21T05:00:00+00:00,,https://www.glossy.co/wp-content/uploads/sites/4/2026/01/ChatGPT-Health-3-1.png?w=3840
"Aug 22, 2026 @ 19:39:04.347",90f4892d6af24206a0cdb5f7f75fc1ad,https://www.glossy.co/beauty/supergreat-taps-into-chatgpt-for-ai-beauty-recommendations/,Supergreat taps into ChatGPT for AI beauty recommendations,Beauty review video app Supergreat is the latest social app to get in on generative AI.,,2023-06-21T04:15:00+00:00,,https://www.glossy.co/wp-content/uploads/sites/4/2023/06/Supergreat-AI.jpg
"Aug 22, 2026 @ 19:39:04.504",e7a7371196e3fce7c6c86d3943d9ae1a,https://www.glossy.co/fashion/luxury/what-openais-new-checkout-means-for-luxury/,What OpenAI’s new checkout means for luxury,"OpenAI launches “Instant Checkout” inside ChatGPT while unveiling the Sora video app. Can luxury brands preserve storytelling, manage margins and navigate global AI regulation in this new commerce era?",Zofia Zwieglinska,2025-10-01T04:02:00+00:00,,https://www.glossy.co/wp-content/uploads/sites/4/2025/09/Untitled-design-41.png
"Aug 22, 2026 @ 19:39:04.536",78020bbfb4e479bbf0b477c0f15e4be5,https://www.glossy.co/fashion/luxury/luxury-briefing-susan-alexandra-is-moving-uptown-as-luxury-shoppers-get-more-selective/,Luxury Briefing: Susan Alexandra is moving uptown as luxury shoppers get more selective,"In this week's Luxury Briefing, I chat with Susan Korn, founder of jewelry brand Susan Alexandra, about the brand's experience-focused second store, located on Madison Avenue and opening on Friday.",Zofia Zwieglinska,2026-02-13T05:01:00+00:00,,https://www.glossy.co/wp-content/uploads/sites/4/2026/02/susan_alexandra_060.jpg?w=3900
"Aug 22, 2026 @ 19:39:04.544",51357c24620df49905d59ee956241ee7,https://www.glossy.co/podcasts/how-to-dress-an-nba-star/,"Glossy Podcast: How to dress an NBA star, with stylist Courtney Mays","This week, Glossy sat down with stylist Courtney Mays, who has styled some of the biggest names in the NBA, including LeBron James, Chris Paul and DeAndre Jordan. With the NBA All-Star Weekend around the corner and more attention than ever on players' style, Mays spoke about the convergence of sport and fashion and the work that goes into dressing an NBA player.",Danny Parisi,2026-02-13T05:00:00+00:00,,https://www.glossy.co/wp-content/uploads/sites/4/2026/02/Portrait-glossy-brand-1140x520-4.jpg
"Aug 22, 2026 @ 19:39:04.573",35e71c2397b8ea6715f54bfa887e2c4b,https://www.glossy.co/fashion/fashion-briefing-at-nyfw-fashion-brands-are-embracing-department-stores-even-the-embattled-saks-global/,"Fashion Briefing: At NYFW, fashion brands are embracing department stores — even the embattled Saks Global","The American department store's reputation has taken a beating in the last year. The high-profile bankruptcy of Saks Global, along with struggling foot traffic at department stores like Neiman Marcus, has made the prospect of wholesale via this channel a tougher sell. But on the first day of New York Fashion Week, designers at high-end brands were still positive about the role of wholesale retail in helping a fashion brand grow.",Danny Parisi,2026-02-12T05:00:00+00:00,,https://www.glossy.co/wp-content/uploads/sites/4/2026/02/Screenshot-2026-02-11-at-7.20.17-PM.png?w=2726
"Aug 22, 2026 @ 19:39:04.714",858d6a36aec4a53d3d1ba00d97b21506,https://www.glossy.co/fashion/confessions-of-a-designer-who-formerly-sold-at-saks/,"Confessions of a former Saks designer: 'If your retail partner is knocking you off, that’s a red flag’","Years before department store relationships became a public flashpoint, designer and independent brand owner Hadley Pollet said she saw the warning signs and chose to leave the distribution channel.",Zofia Zwieglinska,2026-02-10T05:02:00+00:00,,https://www.glossy.co/wp-content/uploads/sites/4/2026/02/Screenshot-2026-02-09-at-18.07.30.png
"Aug 22, 2026 @ 19:39:04.734",2598b3f699204701c1e2a0df0bba2db2,https://www.glossy.co/fashion/how-an-indie-bridal-brand-earned-a-major-marketing-moment-at-the-super-bowl/,How an indie bridal brand earned a major marketing moment at the Super Bowl,"A 30-second Super Bowl ad was quoted this year at $8 million. The Hayley Paige dress was on-screen during the NBC broadcast for roughly that amount of time, free of charge.",Danny Parisi,2026-02-09T23:39:43+00:00,,https://www.glossy.co/wp-content/uploads/sites/4/2026/02/HP-x-Super-Bowl-LX-Real-Wedding_3.jpg
"Aug 22, 2026 @ 19:39:04.744",8bbc1be56358e3d594c37034792b4599,https://www.glossy.co/fashion/as-chinas-fashion-market-recovers-western-brands-are-going-all-in-on-lunar-new-year/,"As China's fashion market recovers, Western brands are going all in on Lunar New Year","Despite a slowdown in Chinese spending on fashion and luxury in recent years, the last quarter shows that China remains a growth opportunity for fashion brands. Burberry cited interest from young Chinese consumers as helping to animate its recent resurgence, including a 6% increase in sales in China and double-digit growth among Gen-Z shoppers. In January, LVMH said its Chinese sales were recovering after several months of decline.",Danny Parisi,2026-02-09T05:00:00+00:00,,https://www.glossy.co/wp-content/uploads/sites/4/2026/02/LNY.jpg?w=8678
"Aug 22, 2026 @ 19:39:04.760",090a18267b3fbbf735f8f2128e83eb46,https://www.glossy.co/podcasts/abercrombie-fitchs-big-dreams-for-its-nfl-partnership-with-cmo-carey-collins-krug/,What goes into an NFL partnership? With Abercrombie & Fitch CMO Carey Collins Krug,"This week, we're talking about the Super Bowl. With the biggest American sporting event of the year taking place this weekend, editor-in-chief Jill Manoff sat down with Carey Collins Krug, the CMO of Abercrombie & Fitch, which has big plans tied to its title of ""official fashion partner of the NFL.""",Danny Parisi,2026-02-06T05:05:00+00:00,,https://www.glossy.co/wp-content/uploads/sites/4/2026/02/Portrait-glossy-brand-1140x520-2.jpg
"Aug 22, 2026 @ 19:39:04.908",b26c5600f9d1a0fbcf0ef68e815402ad,https://www.glossy.co/fashion/luxury/luxury-briefing-brunello-cucinelli-thinks-keyword-search-is-holding-luxury-back/,Luxury Briefing: Brunello Cucinelli thinks keyword search is holding luxury back,"For this week’s Luxury Briefing, I sat down with Francesco Bottiglieri, chief of humanistic technology at Brunello Cucinelli, at the inaugural Shoptalk Luxe to get an inside look at the new Brunello Cucinelli AI-driven website. He broke down why most luxury websites no longer reflect how customers actually shop and how Brunello Cucinelli is trying to change that.",Zofia Zwieglinska,2026-02-06T05:04:00+00:00,,https://www.glossy.co/wp-content/uploads/sites/4/2026/02/Mockup-callimacus-01_FRONTALE_16-9.png.webp
"Aug 22, 2026 @ 19:39:04.914",d4fc17162d94dce0c90db1dbdfd75eec,https://www.glossy.co/podcasts/glossy-podcast-whats-motivating-and-whos-buying-ai-companies-streetwear-merch/,Glossy Podcast: What's motivating — and who's buying — AI companies' streetwear merch?,"Over the last year, big tech and AI companies have started to get into the fashion game by releasing streetwear-inspired drops.",Danny Parisi,2026-08-14T04:00:00+00:00,,https://www.glossy.co/wp-content/uploads/sites/4/2026/08/Portrait-glossy-brand-1140x520-0813.jpg
"Aug 22, 2026 @ 19:39:04.918",1c7ed43687227fe69a6ce243995cbb32,https://www.glossy.co/podcasts/copenhagen-fashion-week-20-years-future-ganni/,Copenhagen Fashion Week built the Scandi boom. Can it still grow another Ganni?,"As Copenhagen Fashion Week celebrates 20 years of shaping global fashion, Natalie Salmon joins the glossy Podcast to discuss what comes next.",Zofia Zwieglinska,2026-08-07T04:00:00+00:00,,https://www.glossy.co/wp-content/uploads/sites/4/2026/08/Portrait-glossy-brand-1140x520-0805.jpg
"Aug 22, 2026 @ 19:39:04.928",e18f83f5fa18cd6ac4303d3065fa426a,https://www.glossy.co/podcasts/method-dressing-red-carpet-micaela-erlanger/,"As Zendaya spins another ‘Spider-Man’ fashion story, Micaela Erlanger explains method dressing’s next era",Lupita Nyong’o and Meryl Streep stylist Micaela Erlanger discusses the rise of method dressing and limits of literal red-carpet references.,Zofia Zwieglinska,2026-07-31T04:00:00+00:00,,https://www.glossy.co/wp-content/uploads/sites/4/2026/07/Portrait-glossy-brand-l-0730.jpg
"Aug 22, 2026 @ 19:39:04.934",492b78aa87b3c74a0c9a60478e76b046,https://www.glossy.co/events/brand-leaders-dinner-nyc-sep-2026/,Brand Leaders Dinner NYC,"The Glossy x Modern Retail Brand Leaders Dinner is an exclusive, invitation-only dinner bringing together influential brand executives to discuss their biggest challenges and industry opportunities.",Jennifer McCreary,,,https://www.modernretail.co/wp-content/uploads/sites/5/2026/07/globalpaymentsdinner_sep2026.png
"Aug 22, 2026 @ 19:39:04.947",27a94f8a7f2d269dacab8d70880f1cd4,https://www.glossy.co/fashion/wolf-badger-is-positioning-itself-as-an-anti-saks-to-brands-seeking-new-sales-channels/,Wolf & Badger is positioning itself as an anti-Saks to brands seeking new sales channels,"As bankruptcies, tariffs and de minimis changes reshape fashion retail, Wolf & Badger is stepping in to help independent brands survive and scale in 2026.",Zofia Zwieglinska,2026-02-06T05:03:00+00:00,,https://www.glossy.co/wp-content/uploads/sites/4/2026/02/LAstore-e1770399999150.png
"Aug 22, 2026 @ 19:39:04.964",62e6597c8ccbcaf3545baf9868832f5f,https://www.glossy.co/events/glossy-pop-nyc-sep-2026/,Glossy Pop NYC,Glossy Pop NYC is the ultimate event for beauty lovers looking to get up close and personal with the industry’s most exciting brands and content creators.,,,,https://www.glossy.co/wp-content/uploads/sites/4/2025/03/glossy_pop_nyc_8-1.gif?w=1500
"Aug 22, 2026 @ 19:39:04.971",63b5829b6ed4134d01c90f225b9c3877,https://www.glossy.co/fashion/puma-is-fueling-engagement-and-community-feedback-with-an-ai-platform-centered-on-co-creation/,Puma is fueling engagement and community feedback with an AI platform centered on co-creation,"Puma is scaling AI-powered fan co-creation. Its relaunched AI Creator platform drew 35,000 users in its first week and is now shaping future kit design.",Zofia Zwieglinska,2026-02-04T05:00:00+00:00,,https://www.glossy.co/wp-content/uploads/sites/4/2026/02/website-loop-designs-frame-1.BqlMSVrA.webp
"Aug 22, 2026 @ 19:39:04.974",66ed00e3c32b63b7b70e86b553940896,https://www.glossy.co/fashion/fashion-briefing-inside-the-rise-of-fashionable-licensed-sports-merchandise/,Fashion Briefing: Brands are rushing to make fashionable sports merchandise — but is there enough demand?,"Demand for more stylish, fashion-forward sports gear has grown, and both new and existing brands are rushing to meet that need.",Danny Parisi,2026-02-06T05:02:00+00:00,,https://www.glossy.co/wp-content/uploads/sites/4/2026/02/5c89344d-c8b0-4be5-9aa0-fdfa22b68309__2048X1046-copy.jpg
"Aug 22, 2026 @ 19:39:04.978",989808a5e947ffd2c84876707011aa59,https://www.glossy.co/events/ai-marketing-strategies-sep-2026/,AI Marketing Strategies,Join us for AI Marketing Strategies as we map out the state of play of an industry being reshaped by AI.,,,,
"Aug 22, 2026 @ 19:39:04.982",0bd55fc68ac89b06550f368c26168b00,https://www.glossy.co/series/beauty-podcast/,The Glossy Beauty Podcast Archives,Each Glossy Beauty Podcast episode features candid conversations about how today’s trends are shaping the future of the beauty and wellness industries.,,,,
"Aug 22, 2026 @ 19:39:04.990",772210af20e0c45d7a5400df11c54c77,https://www.glossy.co/beauty/why-midi-health-is-expanding-into-hormone-informed-skin-care-with-chief-medical-officer-dr-kathleen-jordan-md/,"Why Midi Health is expanding into 'hormone-informed skin care' with chief medical officer Dr. Kathleen Jordan, MD","Glossy interviews Dr. Kathleen Jordan, MD, Midi Health chief medical officer, about the company's expansion into skin-care and body-care.",Lexy Lebsack,2026-08-20T04:00:00+00:00,,https://www.glossy.co/wp-content/uploads/sites/4/2026/08/GB_1140X520_0819.jpg
"Aug 22, 2026 @ 19:39:04.999",bed167454fe9d1e682c265014ffa4ddd,https://www.glossy.co/beauty/wellness-briefing-whats-driving-the-wellness-industry-now-plus-news/,"Wellness Briefing: What’s driving the wellness industry now, plus news","This week, I’m reporting from the Glossy Beauty & Wellness Summit where I checked in with wellness experts like Dr. Leonard Guarente, a pioneer of aging science and the co-founder and chief scientist of Elysium Health, and Aaron Jones, the chief digital officer of Unilever Wellbeing and Liquid I.V. Additionally, Bryan Johnson’s Blueprint supplement company hires a CEO and takes on $60 million in funding, health secretary RFK Jr. addresses the safety of acetaminophen for pregnant women, and Bevel raises $10 million to advance consumer wellness data analysis.",Lexy Lebsack,2025-11-05T05:02:00+00:00,,https://www.glossy.co/wp-content/uploads/sites/4/2025/11/Screenshot-2025-11-04-at-12.47.12 PM-1.png
"Aug 22, 2026 @ 19:39:05.007",a00a3abc4d9a87b1b7b07060dd3579b1,https://www.glossy.co/podcasts/ulta-beauty-ceo-kecia-steelman-unpacks-her-first-year-in-charge-and-2026-goals-plus-news/,"Ulta Beauty CEO Kecia Steelman unpacks her first year in charge and 2026 goals, plus news","In January, Kecia Steelman became one of the most powerful executives in beauty by stepping into the president and CEO role at Ulta Beauty. She’s since unleashed a revenue comeback plan, which includes international expansion, a marketplace launch and the closure of Ulta's Target shop-in-shop. In just 11 months, her strategy has paid off, with the retailer seeing its net sales growth triple. Glossy sat down with Steelman to discuss her first year at the helm of America’s biggest beauty retailer.",Lexy Lebsack,2025-12-11T05:04:00+00:00,,https://www.glossy.co/wp-content/uploads/sites/4/2025/12/GB_1140X520_Retouched.jpg
"Aug 22, 2026 @ 19:39:05.014",cc23da0a93eb9a3ee6bf31d5025e43f5,https://www.glossy.co/beauty/sephora-welcomes-gen-alpha-shoppers-with-brands-designed-for-them/,Sephora welcomes Gen Alpha shoppers with brands designed for them,"On this week’s episode of “The Glossy Beauty Podcast,” co-hosts Sara Spruch-Feiner and Lexy Lebsack dive into one of beauty’s buzziest topics: Gen Alpha’s rapid emergence as consumers in their own right.",Sara Spruch-Feiner,2025-10-09T04:02:00+00:00,,https://www.glossy.co/wp-content/uploads/sites/4/2025/10/GB_1140X520_Retouched_41f528.jpg
"Aug 22, 2026 @ 19:39:05.020",8cbb0bf41034b0d3352ff108849fadb5,https://www.glossy.co/beauty/jo-malone-and-tom-ford-are-now-billion-dollar-brands-as-the-estee-lauder-companies-reports-return-to-sales-growth/,Jo Malone and Tom Ford are now 'billion-dollar brands' as the Estée Lauder Companies reports return to sales growth,"On Wednesday, the Estée Lauder Companies reported a 5% sales growth for the fiscal year 2026 to $15 billion.",Emily Jensen,2026-08-19T13:43:07+00:00,,https://www.glossy.co/wp-content/uploads/sites/4/2025/08/exclusive-how-jo-malone-london-is.jpg
"Aug 22, 2026 @ 19:39:05.024",e4d780d7cc977f97a2bdd2f325210645,https://www.glossy.co/beauty/wellness/wellness-briefing-hims-hers-plots-rapid-expansion-into-peptide-therapies-like-bpc-157-plus-news/,"Wellness Briefing: Hims & Hers plots rapid expansion into peptide therapies like BPC-157, plus news",Glossy unpack comment by Hims & Hers CEO Andrew Dudum about plan to rapidly expand into six experimental peptide therapies.,Lexy Lebsack,2026-08-19T04:00:00+00:00,,https://www.glossy.co/wp-content/uploads/sites/4/2026/08/pexels-karola-g-4046952.jpg
"Aug 22, 2026 @ 19:39:05.024",871d6b00af7450bd5d16218a8b0f4366,https://www.glossy.co/beauty/beauty-briefing-how-sephora-is-evolving-its-loyalty-program-in-a-competitive-retail-environment/,Beauty Briefing: How Sephora is evolving its loyalty program in a competitive retail environment,"Sephora is experimenting with new loyalty perks, including gamified rewards. to keep consumers shopping from their stores.",Emily Jensen,2026-08-18T04:00:00+00:00,,https://www.glossy.co/wp-content/uploads/sites/4/2026/08/River_Marketplace_2174_Interior_097.jpg
"Aug 22, 2026 @ 19:39:05.034",a00f3796d07713552d535da8a78198ac,https://www.glossy.co/fashion/how-hm-chobani-urbanstems-and-teleties-are-refining-their-partnership-strategies/,"How H&M, Chobani, UrbanStems and Teleties are refining their partnership strategies","UrbanStems, H&M and Chobani are refining their partnership strategies to match audiences, drive cultural relevance and unlock growth.",Gabriela Barkho,2026-08-18T04:00:00+00:00,,https://www.glossy.co/wp-content/uploads/sites/4/2026/08/Sydney-Announcement-2-campaign-images-12459.jpg
"Aug 22, 2026 @ 19:39:05.038",7c087326fd5509d9bdf3afd36c332b03,https://www.glossy.co/beauty/exclusive-sol-de-janeiro-takes-a-page-out-of-the-luxury-perfume-market-with-the-launch-of-intense-fragrance-mists/,Exclusive: Sol de Janeiro takes a page out of the luxury perfume market with the launch of 'intense' fragrance mists,"With Intense Perfume Mists, the brand aims to speak to demand for affordable body mists and higher-concentration perfumes.",Emily Jensen,2026-08-17T04:01:00+00:00,,https://www.glossy.co/wp-content/uploads/sites/4/2026/08/sol-de-janeiro-intense-body-mist-fragrance.jpg?w=5000
"Aug 22, 2026 @ 19:39:05.041",6fdf58d3f1dbe9da064b6de9d42e9ebe,https://www.glossy.co/beauty/wellness/inside-ag1s-growth-engine-gummies-canned-drinks-energy-powder-and-much-more-to-come/,"Inside AG1’s growth engine: Gummies, canned drinks, energy powder and 'much more to come'","AG1 CEO Kat Cole shared her ambitious plan to expand the AG1 customer base through wider distribution and “several launches per year.""",Lexy Lebsack,2026-08-17T04:00:00+00:00,,https://www.glossy.co/wp-content/uploads/sites/4/2026/08/Screenshot-2026-08-14-at-11.15.38-AM.png?w=2842
"Aug 22, 2026 @ 19:39:05.044",973dafa5970e13ec65f27741c6cda026,https://www.glossy.co/podcasts/the-ins-and-outs-of-branded-beauty-and-wellness-events-with-bilal-kaiser-founder-of-agency-guacamole/,"The ‘ins and outs’ of branded beauty and wellness events with Bilal Kaiser, founder of Agency Guacamole",Glossy Beauty Podcast host Lexy Lebsack interviews Agency Guacamole founder Bilal Kaiser about the ins and outs of branded beauty events.,Lexy Lebsack,2026-08-13T04:00:00+00:00,,https://www.glossy.co/wp-content/uploads/sites/4/2026/08/GB_1140X520_0811.jpg
"Aug 22, 2026 @ 19:39:05.044",71ca59b97c6d5d375960b5585b5f51c1,https://www.glossy.co/beauty/refinery29-and-eos-take-a-nose-dive-into-fragrance-with-new-podcast-series/,Refinery29 and Eos take a nose dive into fragrance with new podcast series,The publication and mass market body and fragrance brand will launch a five-part podcast series examining fragrance through a cultural lens.,Emily Jensen,2026-08-12T04:00:00+00:00,,https://www.glossy.co/wp-content/uploads/sites/4/2026/08/EOS_BodyMist_Full-Collection_2026_16x9.jpg
"Aug 22, 2026 @ 19:39:05.144",2091483e19caa619684934a029470dcb,https://www.glossy.co/fashion/lulus-beefs-up-its-wholesale-strategy-with-nordstrom-and-dillards-expansions/,Lulus beefs up its wholesale strategy with Nordstrom and Dillard's expansions,"The occasionwear brand Lulus is turning 30 this year, but its business model is continuing to evolve. After spending most of its life as a primarily direct-to-consumer brand, Lulus has been steadily expanding its wholesale business, which grew by over 140% in sales last year.",Danny Parisi,2026-02-03T05:01:00+00:00,,https://www.glossy.co/wp-content/uploads/sites/4/2026/02/SHOT_17_2169.webp
"Aug 22, 2026 @ 19:39:05.243",7e3182a58eec5487c1bab28771fb5898,https://www.glossy.co/fashion/how-brilliant-earth-is-capitalizing-on-more-couples-shopping-for-wedding-rings-together/,How Brilliant Earth is capitalizing on couples shopping for wedding rings together,"Pam Catlett, the chief brand officer at Brilliant Earth and a former executive at Nike and Under Armour, told Glossy that Brilliant Earth has several new initiatives aimed at consumers' changing jewelry habits.",Danny Parisi,2026-02-02T05:00:00+00:00,,https://www.glossy.co/wp-content/uploads/sites/4/2026/01/RGP-3229.jpg?w=6720
"Aug 22, 2026 @ 19:39:05.250",3364201ca4f899cc88ed65b899a7fd3b,https://www.glossy.co/fashion/luxury/luxury-briefing-inside-lmvhs-quiet-opulence-jewelry-brand-as-jewelry-outpaces-luxury/,"Luxury Briefing: Inside LMVH's 'quiet opulence' jewelry brand, as jewelry outpaces luxury","For this week's Luxury Briefing, Glossy spoke to Repossi CEO Anne de Vergeron at Shoptalk Luxe in Abu Dhabi about the brand's design- and art-led growth. Also, a look behind the scenes at what is working for luxury brands in creator marketing. Plus, executive moves at On Holding, news to know about Alexander McQueen and Saks Off Fifth, and a new podcast episode on the 2016 trend.",Zofia Zwieglinska,2026-01-30T05:02:00+00:00,,https://www.glossy.co/wp-content/uploads/sites/4/2026/01/repossi.jpg
"Aug 22, 2026 @ 19:39:05.269",e0e440cd3bfc366418b4eb7a3c3ad499,https://www.glossy.co/beauty/beauty-briefing-from-tampons-to-fragrance-k-beauty-is-everywhere/,"Beauty Briefing: From tampons to fragrance, K-beauty is everywhere","This week, Glossy checked in on K-beauty’s growth beyond traditional beauty categories like makeup and skin care.",Emily Jensen,2026-08-11T04:00:00+00:00,,https://www.glossy.co/wp-content/uploads/sites/4/2026/08/Full-OBART-Lineup.jpg?w=4096
"Aug 22, 2026 @ 19:39:05.275",492b78aa87b3c74a0c9a60478e76b046,https://www.glossy.co/events/brand-leaders-dinner-nyc-sep-2026/,Brand Leaders Dinner NYC,"The Glossy x Modern Retail Brand Leaders Dinner is an exclusive, invitation-only dinner bringing together influential brand executives to discuss their biggest challenges and industry opportunities.",Jennifer McCreary,,,https://www.modernretail.co/wp-content/uploads/sites/5/2026/07/globalpaymentsdinner_sep2026.png
"Aug 22, 2026 @ 19:39:05.283",62e6597c8ccbcaf3545baf9868832f5f,https://www.glossy.co/events/glossy-pop-nyc-sep-2026/,Glossy Pop NYC,Glossy Pop NYC is the ultimate event for beauty lovers looking to get up close and personal with the industry’s most exciting brands and content creators.,,,,https://www.glossy.co/wp-content/uploads/sites/4/2025/03/glossy_pop_nyc_8-1.gif?w=1500
"Aug 22, 2026 @ 19:39:05.293",989808a5e947ffd2c84876707011aa59,https://www.glossy.co/events/ai-marketing-strategies-sep-2026/,AI Marketing Strategies,Join us for AI Marketing Strategies as we map out the state of play of an industry being reshaped by AI.,,,,
"Aug 22, 2026 @ 19:39:05.379",592e341529e00a217afa20e7407f8282,https://www.glossy.co/beauty/wellness/wellness-briefing-the-emerging-lung-health-category-is-top-of-mind-after-more-brutal-wildfires-plus-news/,"Wellness Briefing: The emerging lung health category is top of mind after more brutal wildfires, plus news","Glossy interviews Eric Kau, CEO and co-founder of Climatic, the maker of L Max, an everyday inhaler made to improve lung health.",Lexy Lebsack,2026-08-12T04:00:00+00:00,,https://www.glossy.co/wp-content/uploads/sites/4/2026/08/Screenshot-2026-08-11-at-11.01.44-AM.png?w=2700
"Aug 22, 2026 @ 19:39:05.463",d17a684eb1857d2f285dbebac9073a21,https://www.glossy.co/beauty/exclusive-jupiter-enters-ulta-beauty-as-the-retailer-targets-dandruff-solution-based-hair-care/,"Exclusive: Jupiter enters Ulta Beauty as the retailer targets dandruff, solution-based hair care","Glossy interviews Robbie Salter, founder and co-CEO of 6-year-old dandruff category disruptor Jupiter, as it enters Ulta Beauty.",Lexy Lebsack,2026-08-10T04:00:00+00:00,,https://www.glossy.co/wp-content/uploads/sites/4/2026/08/Screenshot-2026-08-06-at-4.02.30-PM.png?w=2684
"Aug 22, 2026 @ 19:39:05.474",95fc59701a6f22043456debadfab807f,https://www.glossy.co/beauty/wellness/the-wellness-ma-hot-streak-shows-no-signs-of-slowing-down/,The wellness M&A hot streak shows no signs of slowing down,"CPG conglomerates are increasingly seeking out science-backed, high-growth brands to add to their portfolios as consumer priorities shift.",Gabriela Barkho,2026-08-11T04:00:00+00:00,,https://www.glossy.co/wp-content/uploads/sites/4/2026/08/Screenshot-2026-08-11-at-5.07.59-AM.png?w=1808
"Aug 22, 2026 @ 19:39:05.524",bdca16effee365683fa993d3744f0040,https://www.glossy.co/beauty/page/2/,Beauty Archives,"With a variety of technological innovations in the space, the beauty industry is rapidly evolving. Today, it’s common to use an augmented reality app to try on makeup, and relying on smart tools to guide applications and recommend products is set to be the next norm.",,,,
"Aug 22, 2026 @ 19:39:05.594",31003f2a0aa5ddebb50f044f4a4133d9,https://www.glossy.co/beauty/how-awards-show-beauty-partnerships-between-artists-brands-and-celebs-come-together-with-prtnrs-marissa-alfe-and-lauren-fitzgerald/,"How awards show beauty partnerships between artists, brands and celebs come together, with PRTNRS’ Marissa Alfe and Lauren FitzGerald","In today’s episode of the Glossy Beauty Podcast, host Lexy Lebsack interviews beauty industry agents Marissa Alfe and Lauren FitzGerald, co-founders of PRTNRS Management.",Lexy Lebsack,2026-08-06T20:00:00+00:00,,https://www.glossy.co/wp-content/uploads/sites/4/2026/08/GB_1140X520_0805.jpg
"Aug 22, 2026 @ 19:39:05.601",bee740c4a4b9a4beb0bd98d3ad5a45f4,https://www.glossy.co/beauty/glossy-modern-retail-leaders-dinner-ai-retail-strategy/,"Retail’s new operating model centers on leaner teams, smarter data and physical community","At the Glossy & Modern Retail Leaders Dinner, in partnership with Global Payments, executives discussed AI, creator marketing and community.",Zofia Zwieglinska,2026-08-03T04:00:00+00:00,,https://www.glossy.co/wp-content/uploads/sites/4/2026/07/4693.jpg?w=3464
"Aug 22, 2026 @ 19:39:05.668",60003794d68e995c7c4ea9619d670d0b,https://www.glossy.co/beauty/ulta-beauty-bets-on-the-growing-scalp-care-market-with-prestige-hair-care-brand-nutrire/,Ulta Beauty bets on the growing scalp-care market with prestige hair-care brand Nutrire,Ulta Beauty is betting its consumers will trade up for $68 scalp serums with the launch of Chicago-based hair-care brand Nutrire.,Emily Jensen,2026-08-10T04:00:00+00:00,,https://www.glossy.co/wp-content/uploads/sites/4/2026/08/NUTRIRE_STACKEDSHAPES.jpg?w=4048
"Aug 22, 2026 @ 19:39:05.672",e6f1e790d2fff2cc2a367b6db615c43c,https://www.glossy.co/series/pop-newsletter/,Glossy Pop Newsletter Archives,,,,,
"Aug 22, 2026 @ 19:39:05.680",bd7061f78bd4dcd194bc2a353f370dbf,https://www.glossy.co/beauty/your-favorite-beauty-brands-are-now-also-entertainment-brands/,Your favorite beauty brands are now also entertainment brands,"Advertising has long existed alongside entertainment, either in the form of TV ad breaks or product placement. But as today’s consumers are up to their eyeballs in entertaining content just a scroll and a click away, many of today’s beauty brands are asking if entertainment and advertising can be one and the same.",Emily Jensen,2026-08-05T04:00:00+00:00,,https://www.glossy.co/wp-content/uploads/sites/4/2026/08/Glossy-0730-2.jpg
"Aug 22, 2026 @ 19:39:05.729",1b414da81bd5807db467d622e6544ac0,https://www.glossy.co/beauty/how-ulta-beauty-is-reaching-gen-zalpha-teen-boys-through-first-mens-masstige-fragrance-launch/,How Ulta Beauty is reaching Gen Zalpha teen boys through first men’s masstige fragrance launch,"Teen boys have become an increasingly important consumer demographic over the past few years thanks to their insatiable appetite for fragrance. Now, Ulta Beauty is aspiring to capture their attention with its first masstige fragrance launch. Glossy reporters Zofia Zwieglinska and Emily Jensen join Glossy Beauty Podcast host Lexy Lebsack to unpack the rise of the Gen Zalpha fraghead and how Ulta Beauty is hoping to woo them.",Lexy Lebsack,2026-07-30T04:00:00+00:00,,https://www.glossy.co/wp-content/uploads/sites/4/2026/07/GB_1140X520_0729.jpg
"Aug 22, 2026 @ 19:39:05.733",1b414da81bd5807db467d622e6544ac0,https://www.glossy.co/beauty/how-ulta-beauty-is-reaching-gen-zalpha-teen-boys-through-first-mens-masstige-fragrance-launch/,How Ulta Beauty is reaching Gen Zalpha teen boys through first men’s masstige fragrance launch,"Teen boys have become an increasingly important consumer demographic over the past few years thanks to their insatiable appetite for fragrance. Now, Ulta Beauty is aspiring to capture their attention with its first masstige fragrance launch. Glossy reporters Zofia Zwieglinska and Emily Jensen join Glossy Beauty Podcast host Lexy Lebsack to unpack the rise of the Gen Zalpha fraghead and how Ulta Beauty is hoping to woo them.",Lexy Lebsack,2026-07-30T04:00:00+00:00,,https://www.glossy.co/wp-content/uploads/sites/4/2026/07/GB_1140X520_0729.jpg
"Aug 22, 2026 @ 19:39:05.737",0bd55fc68ac89b06550f368c26168b00,https://www.glossy.co/series/beauty-podcast/,The Glossy Beauty Podcast Archives,Each Glossy Beauty Podcast episode features candid conversations about how today’s trends are shaping the future of the beauty and wellness industries.,,,,
"Aug 22, 2026 @ 19:39:05.814",4422b640ea52191d498c135f52f7f306,https://www.glossy.co/beauty/beauty-briefing-why-legacy-brands-are-doubling-down-on-hero-products/,Beauty Briefing: Why legacy brands are doubling down on hero products,"This week, I checked in on the wave of revamped and relaunched hero products from heritage beauty brands including Nars and Clinique.",Emily Jensen,2026-08-04T04:00:00+00:00,,https://www.glossy.co/wp-content/uploads/sites/4/2026/07/Glossy-0730-3.jpg
"Aug 22, 2026 @ 19:39:05.884",4688992e6e3c7f9f6dc99a7519451532,https://www.glossy.co/beauty/wellness/wellness-briefing-a-new-class-of-oral-care-disruptors-hope-to-shake-up-the-space-with-novel-offerings-plus-news/,"Wellness Briefing: A new class of oral care disruptors hopes to shake up the space with novel offerings, plus news","Glossy spoke with the founders of recently launched oral care brands looking to disrupt the space, including Köppen, Evenmouth and Bastét.",Lexy Lebsack,2026-08-05T04:00:00+00:00,,https://www.glossy.co/wp-content/uploads/sites/4/2026/08/Screenshot-2026-08-04-at-11.55.36-AM.png?w=1802
"Aug 22, 2026 @ 19:39:05.924",4d064142b2f0038461f207902908703c,https://www.glossy.co/beauty/peach-lily-zombie-cream-ulta-beauty/,Peach & Lily brings 'zombie cell' innovation to Ulta’s skin-care assortment,"Peach & Lily launches its Zombie Cream at Ulta Beauty stores, betting that senolytics can become a mainstream skin-care category.",Zofia Zwieglinska,2026-07-28T04:00:00+00:00,,https://www.glossy.co/wp-content/uploads/sites/4/2026/07/01_OOH.jpg?w=14400
"Aug 22, 2026 @ 19:39:05.937",e0166d7c5c20423f25f74d2628f55d42,https://www.glossy.co/beauty/laura-mercier-is-replacing-traditional-influencers-with-tastemaker-consultants/,Laura Mercier is replacing traditional influencers with tastemaker-consultants,"With its new collective, Laura Mercier is adapting to a social media environment where consumers are skeptical of influencer marketing.",Emily Jensen,2026-07-29T04:00:00+00:00,,https://www.glossy.co/wp-content/uploads/sites/4/2026/07/laura-mercier-collective.jpg
"Aug 22, 2026 @ 19:39:06.027",2d8639c675bce0b455792f471fc3e106,https://www.glossy.co/beauty/well-funded-innovators-rush-to-define-and-lead-the-emerging-hair-longevity-category/,Well-funded innovators rush to define and lead the emerging 'hair longevity' category,The hair-care space is on the brink of a philosophical shift around how consumers should care for their hair.,Lexy Lebsack,2026-08-03T04:00:00+00:00,,https://www.glossy.co/wp-content/uploads/sites/4/2026/07/pexels-shutter-speed-31497506.jpg
"Aug 22, 2026 @ 19:39:06.106",49ba6fea68039e05444044d781c883b5,https://www.glossy.co/beauty/glossy-pop-newsletter-how-16-year-old-embreigh-courtlyn-turned-her-friend-group-into-a-2-2-million-target-launch/,Glossy Pop Newsletter: How 16-year-old Embreigh Courtlyn turned her friend group into a $2.2 million Target launch,"Target’s latest creator-led fashion bet is on a 16-year-old Alabama creator, her highly invested young fan base and her friend group.",Zofia Zwieglinska,2026-07-31T04:00:00+00:00,,https://www.glossy.co/wp-content/uploads/sites/4/2026/07/image-11-e1785451125548.png?w=1920
"Aug 22, 2026 @ 19:39:06.123",ceec8cb245d67273d62d7ddc6b4e2e83,https://www.glossy.co/beauty/wellness/wellness-briefing-the-peptide-pipeline-gets-new-legal-momentum-plus-news/,"Wellness Briefing: The peptide pipeline gets new legal momentum, plus news",Glossy checked in with leaders in the peptide space to unpack the results of last week’s FDA advisory committee meetings.,Lexy Lebsack,2026-07-29T04:00:00+00:00,,https://www.glossy.co/wp-content/uploads/sites/4/2026/07/pexels-artempodrez-4492047.jpg
"Aug 22, 2026 @ 19:39:06.127",973dafa5970e13ec65f27741c6cda026,https://www.glossy.co/podcasts/the-ins-and-outs-of-branded-beauty-and-wellness-events-with-bilal-kaiser-founder-of-agency-guacamole/,"The ‘ins and outs’ of branded beauty and wellness events with Bilal Kaiser, founder of Agency Guacamole",Glossy Beauty Podcast host Lexy Lebsack interviews Agency Guacamole founder Bilal Kaiser about the ins and outs of branded beauty events.,Lexy Lebsack,2026-08-13T04:00:00+00:00,,https://www.glossy.co/wp-content/uploads/sites/4/2026/08/GB_1140X520_0811.jpg
"Aug 22, 2026 @ 19:39:06.134",31003f2a0aa5ddebb50f044f4a4133d9,https://www.glossy.co/beauty/how-awards-show-beauty-partnerships-between-artists-brands-and-celebs-come-together-with-prtnrs-marissa-alfe-and-lauren-fitzgerald/,"How awards show beauty partnerships between artists, brands and celebs come together, with PRTNRS’ Marissa Alfe and Lauren FitzGerald","In today’s episode of the Glossy Beauty Podcast, host Lexy Lebsack interviews beauty industry agents Marissa Alfe and Lauren FitzGerald, co-founders of PRTNRS Management.",Lexy Lebsack,2026-08-06T20:00:00+00:00,,https://www.glossy.co/wp-content/uploads/sites/4/2026/08/GB_1140X520_0805.jpg
"Aug 22, 2026 @ 19:39:06.139",492b78aa87b3c74a0c9a60478e76b046,https://www.glossy.co/events/brand-leaders-dinner-nyc-sep-2026/,Brand Leaders Dinner NYC,"The Glossy x Modern Retail Brand Leaders Dinner is an exclusive, invitation-only dinner bringing together influential brand executives to discuss their biggest challenges and industry opportunities.",Jennifer McCreary,,,https://www.modernretail.co/wp-content/uploads/sites/5/2026/07/globalpaymentsdinner_sep2026.png
"Aug 22, 2026 @ 19:39:06.147",62e6597c8ccbcaf3545baf9868832f5f,https://www.glossy.co/events/glossy-pop-nyc-sep-2026/,Glossy Pop NYC,Glossy Pop NYC is the ultimate event for beauty lovers looking to get up close and personal with the industry’s most exciting brands and content creators.,,,,https://www.glossy.co/wp-content/uploads/sites/4/2025/03/glossy_pop_nyc_8-1.gif?w=1500
"Aug 22, 2026 @ 19:39:06.154",958d89f38d6dee8678b1937ad6e28b49,https://www.glossy.co/beauty/beauty-briefing-why-social-media-users-are-boycotting-naturium/,Beauty Briefing: Why social media users are boycotting Naturium,"For this week's Beauty Briefing, Glossy checked in on the backlash to Naturium founder Susan Yara’s recent beachside photos.",Emily Jensen,2026-07-28T04:00:00+00:00,,https://www.glossy.co/wp-content/uploads/sites/4/2026/07/naturium-susan-yara-israel-palestine.jpg
"Aug 22, 2026 @ 19:39:06.217",8b2ca17aa649534ea8815c6fa282d42c,https://www.glossy.co/beauty/snif-notewrks-ulta-beauty-mens-fragrance/,Snif and Ulta are betting male teenage ‘fragheads’ can become a serious retail business,"Snif is launching Notewrks at Ulta Beauty, targeting Gen-Z and Gen-Alpha fragrance shoppers with $74 masstige colognes.",Zofia Zwieglinska,2026-07-24T10:00:00+00:00,,https://www.glossy.co/wp-content/uploads/sites/4/2026/07/Untitled-design-69.png?w=1920
"Aug 22, 2026 @ 19:39:06.308",b2d8913c59041ebd615c8d9aa1a2dd14,https://www.glossy.co/beauty/ulta-beauty-to-welcome-dupe-fragrance-brand-oakcha-to-hundreds-of-stores/,Glossy Pop Newsletter: Ulta Beauty to welcome dupe fragrance brand Oakcha to hundreds of stores,"Oakcha was part of a wave of “dupe” perfume brands that hit the market post-Covid. Now, it wants to grow beyond that reputation.",Emily Jensen,2026-07-24T04:00:00+00:00,,https://www.glossy.co/wp-content/uploads/sites/4/2026/07/oakcha_group_shot_clean.png?w=2688
"Aug 22, 2026 @ 19:39:06.315",989808a5e947ffd2c84876707011aa59,https://www.glossy.co/events/ai-marketing-strategies-sep-2026/,AI Marketing Strategies,Join us for AI Marketing Strategies as we map out the state of play of an industry being reshaped by AI.,,,,
"Aug 22, 2026 @ 19:39:06.330",c010d2b0178f1cf6114fff3efe8e26bc,https://www.glossy.co/beauty/exclusive-ulta-beauty-taps-ice-spice-for-its-first-tiktok-shop-campaign-to-unveil-the-rappers-first-fragrance/,Exclusive: Ulta Beauty taps Ice Spice for its first TikTok Shop campaign to unveil the rapper's first fragrance,"Ulta Beauty debuted its first official TikTok Shop campaign on Wednesday to soft launch Ice Spice's debut fragrance, In Ha Mood.",Lexy Lebsack,2026-07-24T04:00:00+00:00,,https://www.glossy.co/wp-content/uploads/sites/4/2026/07/glossy3.jpg
"Aug 22, 2026 @ 19:39:06.345",27707050f52c206b4f82fc2b54380247,https://www.glossy.co/beauty/page/3/,Beauty Archives,"With a variety of technological innovations in the space, the beauty industry is rapidly evolving. Today, it’s common to use an augmented reality app to try on makeup, and relying on smart tools to guide applications and recommend products is set to be the next norm.",,,,
"Aug 22, 2026 @ 19:39:06.394",b967e08988942af04c960ddeff5604a1,https://www.glossy.co/series/ulta-beauty-strategies/,Ulta Strategies Archives,,,,,
"Aug 22, 2026 @ 19:39:06.524",fb9fc5a906baa28d501c90449a8e4c04,https://www.glossy.co/beauty/wellness/wellness-briefing-inside-classpass-category-expansion-into-self-care-and-experiences-plus-news/,"Wellness Briefing: Inside Classpass’ category expansion into self-care and experiences, plus news","Glossy interviewed Ivy Wu, vp of growth at Classpass, about the booking app’s strategy shift toward wellness- and experience-based offerings.",Lexy Lebsack,2026-07-22T04:00:00+00:00,,https://www.glossy.co/wp-content/uploads/sites/4/2026/07/Glossy-classpass.jpg
"Aug 22, 2026 @ 19:39:06.534",c2ece356f3596013466b2179e0b25a85,https://www.glossy.co/beauty/amy-liu-unpacks-tower28s-bespoke-nyc-billboard-that-spritzed-passersby-with-its-hero-sos-spray-this-summer/,Amy Liu unpacks Tower28's bespoke NYC billboard that spritzed passersby with its hero SOS spray this summer,"In June, Tower28 provided a strong example of interactive OOH: a customer billboard spritzed passersby with its hero product.",Lexy Lebsack,2026-07-23T04:00:00+00:00,,https://www.glossy.co/wp-content/uploads/sites/4/2026/07/GB_1140X520_0721.jpg
"Aug 22, 2026 @ 19:39:06.538",e6f1e790d2fff2cc2a367b6db615c43c,https://www.glossy.co/series/pop-newsletter/,Glossy Pop Newsletter Archives,,,,,
"Aug 22, 2026 @ 19:39:06.554",88890f9fa23cf39ba11fa78a78d68c6b,https://www.glossy.co/beauty/beauty-briefing-with-aluminum-free-deodorants-now-commonplace-curie-wants-to-be-known-as-a-performance-brand/,"Beauty Briefing: With aluminum-free deodorants now commonplace, Curie wants to be known as a performance brand","This week, Glossy checked in on deodorant brand Curie’s new look and how it fits into Walmart’s demand for more premium beauty.",Emily Jensen,2026-07-21T04:00:00+00:00,,https://www.glossy.co/wp-content/uploads/sites/4/2026/07/Untitled-design-1.png?w=1920
"Aug 22, 2026 @ 19:39:06.564",0bd55fc68ac89b06550f368c26168b00,https://www.glossy.co/series/beauty-podcast/,The Glossy Beauty Podcast Archives,Each Glossy Beauty Podcast episode features candid conversations about how today’s trends are shaping the future of the beauty and wellness industries.,,,,
"Aug 22, 2026 @ 19:39:06.614",b0c7d61160fbe4f15cb636f424d59fc7,https://www.glossy.co/beauty/wellness/sams-club-takes-manhattan-for-wellness-event-with-creators/,Sam's Club takes Manhattan for wellness event with creators,"On Thursday, Sam's Club hosted its first-ever Sam's Wellness Club, an exclusive event bringing together creators, media and merchants at a loft event space overlooking Midtown Manhattan. Here's why the club retailer is so keen on promoting its health and wellness offerings right now.",Modern Retail and Glossy Reporters,2026-07-20T04:00:00+00:00,,https://www.glossy.co/wp-content/uploads/sites/4/2026/07/Screenshot-2026-07-19-at-11.39.21-AM.png?w=1814
"Aug 22, 2026 @ 19:39:06.737",4dd4ee740fbffca3c50a8a2af225d59c,https://www.glossy.co/beauty/wellness/,Wellness Archives,,,,,
"Aug 22, 2026 @ 19:39:06.740",294d7d7c15e40fbc9b69b20b397880f1,https://www.glossy.co/beauty/wellness/cmo-doug-sweeny-unpacks-ouras-winning-bet-on-the-world-cup-and-what-it-means-for-his-2027-roadmap/,Inside Oura's winning bet on the World Cup — and what it means for the brand's 2027 roadmap,Glossy sat down with Oura CMO Doug Sweeny on the eve of the FIFA World Cup finale weekend to unpack the company’s biggest marketing bet yet.,Lexy Lebsack,2026-07-17T21:31:27+00:00,,https://www.glossy.co/wp-content/uploads/sites/4/2026/07/Screenshot-2026-07-17-at-1.41.28-PM.png?w=2878
"Aug 22, 2026 @ 19:39:06.759",bb257255be8f50d056efbc9a5791a92f,https://www.glossy.co/beauty/the-nue-co-ulta-fragrance-growth/,The Nue Co. expects fragrance to reach 85% of sales as Ulta fuels growth,"The Nue Co. expects fragrance to reach 85% of sales as Ulta drives 40% of its business and fuels new formats, markets and investment.",Zofia Zwieglinska,2026-07-17T04:00:00+00:00,,https://www.glossy.co/wp-content/uploads/sites/4/2026/07/Untitled-design-68.png?w=1920
"Aug 22, 2026 @ 19:39:06.817",b401c066ae523f17fd3c89aa5c8818f5,https://www.glossy.co/beauty/glossy-pop-newsletter-why-rare-beauty-is-taking-a-story-first-approach-to-celebrity-ambassadors/,Glossy Pop Newsletter: Why Rare Beauty is taking a ‘story-first’ approach to celebrity ambassadors,"On Thursday, the 19-year-old actress Ella Bright was announced as Rare Beauty’s first celebrity ambassador.",Emily Jensen,2026-07-17T04:00:00+00:00,,https://www.glossy.co/wp-content/uploads/sites/4/2026/07/Screenshot-2026-07-16-at-11.27.45-PM.png
"Aug 22, 2026 @ 19:39:06.939",fc80cdd4c97447d10167ae75e945c39e,https://www.glossy.co/podcasts/gregg-renfrew-is-courting-gen-z-with-beecee-but-do-young-people-care-about-clean-beauty/,"Gregg Renfrew is courting Gen Z with Beecee, but do young people care about clean beauty?","Longtime industry disruptor Gregg Renfrew joins the Glossy Beauty Podcast to discuss her new Gen Z-focused brand Beecee, plus answer questions about the future of clean beauty, what it takes to court young consumers and the future of specialty beauty retail.",Lexy Lebsack,2026-07-16T04:00:00+00:00,,https://www.glossy.co/wp-content/uploads/sites/4/2026/07/GB_1140X520_0715.jpg
"Aug 22, 2026 @ 19:39:06.949",70ffd4020ed478951cbcee8a270c0b14,https://www.glossy.co/beauty/beauty-briefing-urban-outfitters-doubles-down-on-gen-zalpha-beauty-with-yes-day-and-coty-offloads-gucci-ahead-of-schedule/,"Beauty Briefing: Urban Outfitters doubles down on Gen Zalpha beauty, and Coty offloads Gucci ahead of schedule",Glossy checked in on Urban Outfitters’ growing beauty assortment and Coty’s decision to send Gucci Beauty back to Kering.,Emily Jensen,2026-07-14T04:00:00+00:00,,https://www.glossy.co/wp-content/uploads/sites/4/2025/09/Glossy-17.jpg
"Aug 22, 2026 @ 19:39:06.969",732a7e5c79c467057f646b2dc3362234,https://www.glossy.co/beauty/ingredient-led-brands-are-dominating-ai-beauty-citations/,Ingredient-led brands are dominating AI beauty citations,"According to a new report, skin-care brands like The Ordinary, Cerave and La Roche-Posay are among the top beauty brands by AI citations.",Emily Jensen,2026-07-15T04:00:00+00:00,,https://www.glossy.co/wp-content/uploads/sites/4/2019/08/The-Ordinary-002.jpg
"Aug 22, 2026 @ 19:39:07.041",4d16ddeceec1c6cb84f824ee3ad25b03,https://www.glossy.co/beauty/wellness/wellness-briefing-is-hormone-tracking-the-future-of-womens-wearables-plus-news/,Wellness Briefing: Is hormone tracking the future of women’s wearables? Plus news,"Glossy interviewed Jenny Duan, the 22-year-old founder who has raised $11.6 million to launch a hormone-tracking wearable named Clair.",Lexy Lebsack,2026-07-15T04:00:00+00:00,,https://www.glossy.co/wp-content/uploads/sites/4/2026/07/Screenshot-2026-07-14-at-12.38.22-PM.png?w=2742
"Aug 22, 2026 @ 19:39:07.050",973dafa5970e13ec65f27741c6cda026,https://www.glossy.co/podcasts/the-ins-and-outs-of-branded-beauty-and-wellness-events-with-bilal-kaiser-founder-of-agency-guacamole/,"The ‘ins and outs’ of branded beauty and wellness events with Bilal Kaiser, founder of Agency Guacamole",Glossy Beauty Podcast host Lexy Lebsack interviews Agency Guacamole founder Bilal Kaiser about the ins and outs of branded beauty events.,Lexy Lebsack,2026-08-13T04:00:00+00:00,,https://www.glossy.co/wp-content/uploads/sites/4/2026/08/GB_1140X520_0811.jpg
"Aug 22, 2026 @ 19:39:07.053",31003f2a0aa5ddebb50f044f4a4133d9,https://www.glossy.co/beauty/how-awards-show-beauty-partnerships-between-artists-brands-and-celebs-come-together-with-prtnrs-marissa-alfe-and-lauren-fitzgerald/,"How awards show beauty partnerships between artists, brands and celebs come together, with PRTNRS’ Marissa Alfe and Lauren FitzGerald","In today’s episode of the Glossy Beauty Podcast, host Lexy Lebsack interviews beauty industry agents Marissa Alfe and Lauren FitzGerald, co-founders of PRTNRS Management.",Lexy Lebsack,2026-08-06T20:00:00+00:00,,https://www.glossy.co/wp-content/uploads/sites/4/2026/08/GB_1140X520_0805.jpg
"Aug 22, 2026 @ 19:39:07.054",1b414da81bd5807db467d622e6544ac0,https://www.glossy.co/beauty/how-ulta-beauty-is-reaching-gen-zalpha-teen-boys-through-first-mens-masstige-fragrance-launch/,How Ulta Beauty is reaching Gen Zalpha teen boys through first men’s masstige fragrance launch,"Teen boys have become an increasingly important consumer demographic over the past few years thanks to their insatiable appetite for fragrance. Now, Ulta Beauty is aspiring to capture their attention with its first masstige fragrance launch. Glossy reporters Zofia Zwieglinska and Emily Jensen join Glossy Beauty Podcast host Lexy Lebsack to unpack the rise of the Gen Zalpha fraghead and how Ulta Beauty is hoping to woo them.",Lexy Lebsack,2026-07-30T04:00:00+00:00,,https://www.glossy.co/wp-content/uploads/sites/4/2026/07/GB_1140X520_0729.jpg
"Aug 22, 2026 @ 19:39:07.160",a09153aed462ebeb7fc4e0cb6f608d43,https://www.glossy.co/beauty/milani-ceo-mary-van-praag-unpacks-the-strategies-behind-19-quarters-of-growth-trends-shes-betting-on-for-2h/,"Milani CEO Mary van Praag unpacks the strategies behind 19 quarters of growth, trends she's betting on for 2H","Glossy caught up with Milani CEO Mary van Praag for insights into her winning leadership strategy, defined by consistent growth.",Lexy Lebsack,2026-07-13T04:00:00+00:00,,https://www.glossy.co/wp-content/uploads/sites/4/2026/07/Screenshot-2026-07-10-at-11.01.59-AM.png?w=2712
"Aug 22, 2026 @ 19:39:07.167",62e6597c8ccbcaf3545baf9868832f5f,https://www.glossy.co/events/glossy-pop-nyc-sep-2026/,Glossy Pop NYC,Glossy Pop NYC is the ultimate event for beauty lovers looking to get up close and personal with the industry’s most exciting brands and content creators.,,,,https://www.glossy.co/wp-content/uploads/sites/4/2025/03/glossy_pop_nyc_8-1.gif?w=1500
"Aug 22, 2026 @ 19:39:07.171",0ae1e7597d65b2a95de652894d9d55e8,https://www.glossy.co/beauty/brands-won-this-season-of-love-island-usa/,Brands won this season of 'Love Island USA',"""Love Island USA"" has become a cultural phenomenon that many brands can no longer ignore, with sales up 73% across the hit show this season.",Anna Hensel,2026-07-14T04:00:00+00:00,,https://www.glossy.co/wp-content/uploads/sites/4/2026/07/Screenshot-2026-07-13-at-5.04.32-PM.png
"Aug 22, 2026 @ 19:39:07.175",492b78aa87b3c74a0c9a60478e76b046,https://www.glossy.co/events/brand-leaders-dinner-nyc-sep-2026/,Brand Leaders Dinner NYC,"The Glossy x Modern Retail Brand Leaders Dinner is an exclusive, invitation-only dinner bringing together influential brand executives to discuss their biggest challenges and industry opportunities.",Jennifer McCreary,,,https://www.modernretail.co/wp-content/uploads/sites/5/2026/07/globalpaymentsdinner_sep2026.png
"Aug 22, 2026 @ 19:39:07.185",989808a5e947ffd2c84876707011aa59,https://www.glossy.co/events/ai-marketing-strategies-sep-2026/,AI Marketing Strategies,Join us for AI Marketing Strategies as we map out the state of play of an industry being reshaped by AI.,,,,
"Aug 22, 2026 @ 19:39:07.246",325fb7e4727b233cbbad5561c5a81ee6,https://www.glossy.co/research/glossy-research-marketers-hesitate-to-adopt-ai-for-influencer-and-ctv-marketing/,Glossy+ Research: Marketers hesitate to adopt AI for influencer and CTV marketing,"Advertisers are using AI for social media and retail media marketing. However, they are slower to adopt AI for influencer and CTV marketing.","Catherine Wolf, Li Lu",2026-07-13T04:00:00+00:00,,https://www.glossy.co/wp-content/uploads/sites/4/2026/07/Screenshot-2026-07-07-at-8.35.21-AM.png?w=1508
"Aug 22, 2026 @ 19:39:07.275",fae6307287355a6b8ee96c105e428297,https://www.glossy.co/beauty/glossy-pop-newsletter-social-networking-app-pie-announces-creator-and-founder-nadya-okamoto-as-chief-marketing-officer/,Glossy Pop Newsletter: Social networking app Pie announces creator and founder Nadya Okamoto as chief marketing officer,"Influencers and content creators have monetized their platforms by launching brands. Now, they’re adding C-suite roles to their resumes.",Emily Jensen,2026-07-10T04:00:00+00:00,,https://www.glossy.co/wp-content/uploads/sites/4/2026/07/Copy-of-PIE_NY_LAUNCH_w-NadyaOkamoto-41-by-Shan.jpg
"Aug 22, 2026 @ 19:39:07.372",69d9ffdeae8b3094a8bf2b0a452178cd,https://www.glossy.co/beauty/page/4/,Beauty Archives,"With a variety of technological innovations in the space, the beauty industry is rapidly evolving. Today, it’s common to use an augmented reality app to try on makeup, and relying on smart tools to guide applications and recommend products is set to be the next norm.",,,,
"Aug 22, 2026 @ 19:39:07.408",2ddc328417f0aec9f79c78a0e10ea3f8,https://www.glossy.co/beauty/wellness/stripes-beauty-ulta-beauty-menopause-care-expansion/,Stripes Beauty expands to 448 Ulta stores as menopause care moves into the mainstream,Stripes Beauty is expanding its menopause-focused beauty and wellness assortment from four Ulta Beauty stores to 448 locations nationwide.,Zofia Zwieglinska,2026-07-10T04:00:00+00:00,,https://www.glossy.co/wp-content/uploads/sites/4/2026/07/Naomi-Watts-Stripes-Beauty-Rich-and-Tight-120925-7d17447416014b628949ffd43e7303e7.jpg
"Aug 22, 2026 @ 19:39:07.479",30bbfa0247cfa7b2d64eee69d5a55f37,https://www.glossy.co/beauty/physicians-formula-returns-to-2016-makeup-with-a-jaclyn-hill-and-manny-mua-partnership/,Physicians Formula returns to ‘2016 makeup’ with a Jaclyn Hill and Manny MUA partnership,"To celebrate the Butter Bronzer’s 10th anniversary, the beauty brand launched a throwback campaign and turned to OG beauty YouTubers.",Emily Jensen,2026-07-08T10:00:00+00:00,,https://www.glossy.co/wp-content/uploads/sites/4/2026/07/physicians-formula-butter-bronzer-jaclyn-hill.jpg?w=7000
"Aug 22, 2026 @ 19:39:07.495",0b33aa8e09f3c7faf9b9fcc97424d444,https://www.glossy.co/beauty/jaclyn-hill-influencer-brand/,"Jaclyn Hill, Jaclyn Cosmetics: Influencer brand to know","This profile is part of the Glossy Pop guide to influencer-founded brands, covering the fashion, beauty and wellness companies started by people who built their careers on social media.",Sara Spruch-Feiner,2022-02-28T05:00:28+00:00,,https://www.glossy.co/wp-content/uploads/sites/4/2022/03/18-Jaclyn-Hill-with-navy-blue-banner-copy-e1646709601186.png
"Aug 22, 2026 @ 19:39:07.585",fe639ea948a5cb13f76b4c7d02eb14d1,https://www.glossy.co/beauty/physicians-formula-uses-ar-ads-to-replicate-offline-shopping-experience/,Physicians Formula uses AR ads to replicate offline shopping experience,Physicians Formula is bringing an offline touch to desktop and mobile advertising by using augmented reality ads to replicate the in-store experience.,Emma Sandler,2018-09-10T04:00:46+00:00,,
"Aug 22, 2026 @ 19:39:07.592",b967e08988942af04c960ddeff5604a1,https://www.glossy.co/series/ulta-beauty-strategies/,Ulta Strategies Archives,,,,,
"Aug 22, 2026 @ 19:39:07.644",922166f00b4638613fc13d3b869edee0,https://www.glossy.co/beauty/inside-the-new-era-of-long-wear-makeup/,Glossy Pop Newsletter: Inside the new era of long-wear makeup,"Long-lasting makeup — able to withstand face masks, meetings, dinners and dates — is increasingly top of mind for everyday consumers; it's no longer solely the concern of celebrities being photographed on the red carpet.",Sara Spruch-Feiner,2026-03-06T05:04:00+00:00,,https://www.glossy.co/wp-content/uploads/sites/4/2026/03/Group3-e1772764605677.jpg
"Aug 22, 2026 @ 19:39:07.652",0bd55fc68ac89b06550f368c26168b00,https://www.glossy.co/series/beauty-podcast/,The Glossy Beauty Podcast Archives,Each Glossy Beauty Podcast episode features candid conversations about how today’s trends are shaping the future of the beauty and wellness industries.,,,,
"Aug 22, 2026 @ 19:39:07.690",ff028054cfefb8c29e34ed4c1e65f0e3,https://www.glossy.co/beauty/wellness/wellness-briefing-how-brands-are-leveraging-grassroots-social-wellness-meetups-plus-news/,"Wellness Briefing: How brands are leveraging grassroots social wellness meetups, plus news","Glossy interviews Blake Waller, co-founder of social wellness meetup group Coffee & Chill, about the company that caters to young consumers.",Lexy Lebsack,2026-07-08T04:00:00+00:00,,https://www.glossy.co/wp-content/uploads/sites/4/2026/07/Glossy-hero-0707.jpg
"Aug 22, 2026 @ 19:39:07.712",912442f2979750c071695b0cc60c510e,https://www.glossy.co/beauty/beauty-briefing-celebrity-fragrances-are-gearing-up-for-a-hot-girl-summer/,Beauty Briefing: Celebrity fragrances are gearing up for a hot girl summer,"Glossy checked in on the new slate of celebrity fragrances hitting shelves this summer, including a scent by Megan Thee Stallion.",Emily Jensen,2026-07-07T04:00:00+00:00,,https://www.glossy.co/wp-content/uploads/sites/4/2026/07/glossy3.png
"Aug 22, 2026 @ 19:39:07.793",041e6f0275108a29124ceb08e110377f,https://www.glossy.co/beauty/exclusive-bath-body-works-taps-hilary-duff-to-front-new-fruit-forward-body-line/,Exclusive: Bath & Body Works taps Hilary Duff to front new fruit-forward body line,"To recapture consumer interest, the brand launched Fruit Fusion, a new line of hydrating body products with on-trend scents like banana.",Emily Jensen,2026-07-06T04:01:00+00:00,,https://www.glossy.co/wp-content/uploads/sites/4/2026/07/hilary-duff-bath-and-body-works-fruit-fusion.jpg
"Aug 22, 2026 @ 19:39:07.886",22a863f503c14cf6900627630d9627ff,https://www.glossy.co/beauty/ulta-beauty-strategies-what-ulta-is-learning-about-gen-alpha-consumers/,Ulta Beauty Strategies: What Ulta is learning about Gen Alpha consumers,Ulta Beauty partnered with NielsenIQ to survey Gen Alpha children and teens about their preferences and motivations.,Lexy Lebsack,2026-07-03T04:00:00+00:00,,https://www.glossy.co/wp-content/uploads/sites/4/2026/07/Glossy-hero-0702.jpg
"Aug 22, 2026 @ 19:39:07.901",f5904205c4e3c3d66ca68a3a2f4c9a7f,https://www.glossy.co/beauty/glossy-research-the-marketers-2026-guide-to-creator-marketing-with-duolingo-ulta-and-youtube/,"Glossy+ Research: The marketers’ 2026 guide to creator marketing, with Duolingo, Ulta and YouTube",This Glossy+ Research report provides an analysis of creator marketing and its current role in marketers’ playbooks.,"Catherine Wolf, Li Lu",2026-07-06T04:00:00+00:00,,https://www.glossy.co/wp-content/uploads/sites/4/2026/04/Screenshot-2026-04-27-at-8.26.07-PM.png?w=2666
"Aug 22, 2026 @ 19:39:07.905",e56a978da03adc3a7e024afd838f0430,https://www.glossy.co/beauty/supergoop-cmo-lauren-weinberg-channel-strategy-interview/,How Supergoop CMO Lauren Weinberg is tackling Amazon and TikTok Shop amid channel mix expansion,An interview with Supergoop chief marketing officer Lauren Weinberg on how she is evolving the sunscreen market leader's channel strategy.,Lexy Lebsack,2026-07-02T04:00:00+00:00,,https://www.glossy.co/wp-content/uploads/sites/4/2026/07/GB_1140X520_0625.jpg
"Aug 22, 2026 @ 19:39:07.909",e6f1e790d2fff2cc2a367b6db615c43c,https://www.glossy.co/series/pop-newsletter/,Glossy Pop Newsletter Archives,,,,,
"Aug 22, 2026 @ 19:39:07.913",23735c73d9db892af692f3156fe0bf48,https://www.glossy.co/fashion/exclusive-claires-turns-its-stores-into-a-creator-commerce-platform-for-gen-alpha-with-lanas-life-launch/,Exclusive: Claire’s turns its stores into a creator-commerce platform for Gen Alpha with Lana's Life launch,"Claire’s is using its Lana Rae partnership to connect Gen Alpha fandom, Roblox and nearly 900 if its physical store",Zofia Zwieglinska,2026-06-25T04:00:00+00:00,,https://www.glossy.co/wp-content/uploads/sites/4/2026/06/Lanas-Life_Banner.png?w=5760
"Aug 22, 2026 @ 19:39:08.005",9c069e3a2b63f8dcb3f723164735d2a7,https://www.glossy.co/beauty/vacation-builds-on-its-nostalgic-pepsi-collab-with-a-throwback-summer-giveaway/,Vacation builds on its nostalgic Pepsi collab with a throwback summer giveaway,"With nostalgia on the minds of young consumers, the vintage-inspired beauty brand is recreating the Pepsi cap giveaways of the 90s and 2000s.",Emily Jensen,2026-07-01T04:00:00+00:00,,https://www.glossy.co/wp-content/uploads/sites/4/2026/06/vacation-pepsi-collab.jpg
"Aug 22, 2026 @ 19:39:08.007",973dafa5970e13ec65f27741c6cda026,https://www.glossy.co/podcasts/the-ins-and-outs-of-branded-beauty-and-wellness-events-with-bilal-kaiser-founder-of-agency-guacamole/,"The ‘ins and outs’ of branded beauty and wellness events with Bilal Kaiser, founder of Agency Guacamole",Glossy Beauty Podcast host Lexy Lebsack interviews Agency Guacamole founder Bilal Kaiser about the ins and outs of branded beauty events.,Lexy Lebsack,2026-08-13T04:00:00+00:00,,https://www.glossy.co/wp-content/uploads/sites/4/2026/08/GB_1140X520_0811.jpg
"Aug 22, 2026 @ 19:39:08.117",c9dabd4e2ae567ed18fa3045bd4a65cf,https://www.glossy.co/beauty/coty-is-betting-its-biggest-boss-fragrance-franchise-can-win-over-women/,Coty is betting its booming Boss fragrance franchise can win over women,"Coty is expanding Boss Bottled, the flagship franchise within its Boss fragrance business, to women’s fragrance for the first time.",Zofia Zwieglinska,2026-07-01T04:00:00+00:00,,https://www.glossy.co/wp-content/uploads/sites/4/2026/06/0U2A1183.jpg?w=7915
"Aug 22, 2026 @ 19:39:08.126",b564dcf7a7c816ad4a8db024fa4cd18d,https://www.glossy.co/beauty/wellness/wellness-briefing-bon-voyage-inside-hearsts-bet-on-wellness-cruises-plus-news/,"Wellness Briefing: Bon voyage! Inside Hearst's bet on wellness cruises, plus news","Glossy spoke with Angela Kim, Hearst’s executive director of global licensing, about the Harper’s Bazaar Wellness at Sea cruise.",Lexy Lebsack,2026-07-01T04:00:00+00:00,,https://www.glossy.co/wp-content/uploads/sites/4/2026/07/Glossy-hero-0625.jpg
"Aug 22, 2026 @ 19:39:08.129",e5749d5aa7b0cedae043f68626bccdb6,https://www.glossy.co/pop/victorias-secret-is-betting-on-creators-to-fuel-its-biggest-fashion-show-yet/,Glossy Pop Newsletter: Victoria’s Secret is betting on creators to fuel its biggest fashion show yet,"Today, you don't need to be a celebrity to get into the Victoria’s Secret Fashion Show — you could just be a top VS creator.",Zofia Zwieglinska,2026-06-26T04:00:00+00:00,,https://www.glossy.co/wp-content/uploads/sites/4/2026/06/Screenshot-2026-06-25-at-7.12.21-PM.png
"Aug 22, 2026 @ 19:39:08.136",31003f2a0aa5ddebb50f044f4a4133d9,https://www.glossy.co/beauty/how-awards-show-beauty-partnerships-between-artists-brands-and-celebs-come-together-with-prtnrs-marissa-alfe-and-lauren-fitzgerald/,"How awards show beauty partnerships between artists, brands and celebs come together, with PRTNRS’ Marissa Alfe and Lauren FitzGerald","In today’s episode of the Glossy Beauty Podcast, host Lexy Lebsack interviews beauty industry agents Marissa Alfe and Lauren FitzGerald, co-founders of PRTNRS Management.",Lexy Lebsack,2026-08-06T20:00:00+00:00,,https://www.glossy.co/wp-content/uploads/sites/4/2026/08/GB_1140X520_0805.jpg
"Aug 22, 2026 @ 19:39:08.141",1b414da81bd5807db467d622e6544ac0,https://www.glossy.co/beauty/how-ulta-beauty-is-reaching-gen-zalpha-teen-boys-through-first-mens-masstige-fragrance-launch/,How Ulta Beauty is reaching Gen Zalpha teen boys through first men’s masstige fragrance launch,"Teen boys have become an increasingly important consumer demographic over the past few years thanks to their insatiable appetite for fragrance. Now, Ulta Beauty is aspiring to capture their attention with its first masstige fragrance launch. Glossy reporters Zofia Zwieglinska and Emily Jensen join Glossy Beauty Podcast host Lexy Lebsack to unpack the rise of the Gen Zalpha fraghead and how Ulta Beauty is hoping to woo them.",Lexy Lebsack,2026-07-30T04:00:00+00:00,,https://www.glossy.co/wp-content/uploads/sites/4/2026/07/GB_1140X520_0729.jpg
"Aug 22, 2026 @ 19:39:08.146",62e6597c8ccbcaf3545baf9868832f5f,https://www.glossy.co/events/glossy-pop-nyc-sep-2026/,Glossy Pop NYC,Glossy Pop NYC is the ultimate event for beauty lovers looking to get up close and personal with the industry’s most exciting brands and content creators.,,,,https://www.glossy.co/wp-content/uploads/sites/4/2025/03/glossy_pop_nyc_8-1.gif?w=1500
"Aug 22, 2026 @ 19:39:08.150",492b78aa87b3c74a0c9a60478e76b046,https://www.glossy.co/events/brand-leaders-dinner-nyc-sep-2026/,Brand Leaders Dinner NYC,"The Glossy x Modern Retail Brand Leaders Dinner is an exclusive, invitation-only dinner bringing together influential brand executives to discuss their biggest challenges and industry opportunities.",Jennifer McCreary,,,https://www.modernretail.co/wp-content/uploads/sites/5/2026/07/globalpaymentsdinner_sep2026.png
"Aug 22, 2026 @ 19:39:08.156",989808a5e947ffd2c84876707011aa59,https://www.glossy.co/events/ai-marketing-strategies-sep-2026/,AI Marketing Strategies,Join us for AI Marketing Strategies as we map out the state of play of an industry being reshaped by AI.,,,,
"Aug 22, 2026 @ 19:39:08.244",8c78e2a20cb4e3c7ac58ef7f46592432,https://www.glossy.co/beauty/unilevers-jam-packed-world-cup-partnership-is-a-beta-test-for-its-new-social-first-strategy/,Unilever’s jam-packed World Cup partnership is a beta test for its new social-first strategy,"Glossy sat down with Afke Van de Klashorst, vp of integrated brand experiences at Unilever, to learn how the conglomerate is maximizing its official FIFA World Cup partnership.",Lexy Lebsack,2026-06-29T04:00:00+00:00,,https://www.glossy.co/wp-content/uploads/sites/4/2026/06/Image-27.jpeg
"Aug 22, 2026 @ 19:39:08.334",ceb5be2478a0340d6f8d61aa264510d8,https://www.glossy.co/beauty/beauty-briefing-how-exclusivity-is-driving-niche-fragrance-sales/,Beauty Briefing: How exclusivity is driving niche fragrance sales,"This week, I checked in on how niche fragrance brands like Ex Nihilo are driving hype and creativity with limited-edition scents.",Emily Jensen,2026-06-30T04:00:00+00:00,,https://www.glossy.co/wp-content/uploads/sites/4/2026/06/ex-nihilo-fragrance-limited-edition-.jpg
"Aug 22, 2026 @ 19:39:08.355",50bf55eb1fc66f1174ddebac6c2002bc,https://www.glossy.co/beauty/wellness/how-nutrafol-ceo-cindy-gustafson-is-reaching-men-growing-retention-with-tech-and-plotting-expansion/,"How Nutrafol CEO Cindy Gustafson is reaching men, growing retention with tech and plotting expansion",Cindy Gustafson has checked off a laundry list of accomplishments during her first 18 months as CEO of Nutrafol.,Lexy Lebsack,2026-06-25T04:00:00+00:00,,https://www.glossy.co/wp-content/uploads/sites/4/2026/06/GB_1140X520_0624.jpg
"Aug 22, 2026 @ 19:39:08.361",4ebf2f6bab676802927f44338e45d755,https://www.glossy.co/beauty/page/5/,Beauty Archives,"With a variety of technological innovations in the space, the beauty industry is rapidly evolving. Today, it’s common to use an augmented reality app to try on makeup, and relying on smart tools to guide applications and recommend products is set to be the next norm.",,,,
"Aug 22, 2026 @ 19:39:08.465",e07a912426bb44209332f850135ae079,https://www.glossy.co/beauty/wellness/the-rise-of-body-composition-scales-as-value-add-in-gyms-and-resorts-plus-news/,"Wellness Briefing: The rise of body composition scales as value-adds in gyms and resorts, plus news",First movers in the growing body-scanning technology category are reaping the benefits.,Lexy Lebsack,2026-05-13T04:02:00+00:00,,https://www.glossy.co/wp-content/uploads/sites/4/2026/05/InBody_1M5A0249-2_1000x700.webp
"Aug 22, 2026 @ 19:39:08.470",bbcf9f5905c6e78dbdbb41469e94175c,https://www.glossy.co/fashion/the-playoffs-are-over-the-knicks-fashion-opportunity-is-just-beginning/,Glossy Pop Newsletter: The playoffs are over — the Knicks fashion opportunity is just beginning,"The Knicks mounted another comeback, in the closing minutes of Game 5. The streets of NYC erupted — and so did the retail opportunity.",Sara Spruch-Feiner,2026-06-19T04:00:00+00:00,,https://www.glossy.co/wp-content/uploads/sites/4/2026/06/Screenshot-2026-06-18-at-9.36.42-PM.png
"Aug 22, 2026 @ 19:39:08.470",e6f1e790d2fff2cc2a367b6db615c43c,https://www.glossy.co/series/pop-newsletter/,Glossy Pop Newsletter Archives,,,,,
"Aug 22, 2026 @ 19:39:08.547",4e0466a847cd0952ed03847eda6286d7,https://www.glossy.co/beauty/wellness/wellness-briefing-former-tesla-engineers-look-to-crack-strength-training-tracking-with-fort-wearable-plus-news/,"Wellness Briefing: Former Tesla engineers look to crack strength training tracking with Fort wearable, plus news","Glossy sat down with Miranda Nover to learn about Fort, her new female-focused wrist wearable that tracks strength training.",Lexy Lebsack,2026-06-24T04:00:00+00:00,,https://www.glossy.co/wp-content/uploads/sites/4/2026/06/FORT-4.jpg?w=5641
"Aug 22, 2026 @ 19:39:08.563",fc8b6083afc137c9b6520f14dbe07ab8,https://www.glossy.co/beauty/wellness/vitamin-shoppe-debuts-suppie-awards-and-suppco-unveils-certification-program-as-third-party-validation-drives-category-growth-plus-news/,"Vitamin Shoppe debuts 'Suppie Awards' and SuppCo unveils certification program as third-party validation drives category growth, plus news","This week, I checked in with Muriel Gonzalez, president of The Vitamin Shoppe, and Steve Martocci, founder and CEO of supplement tracking app SuppCo. The former debuted its inaugural ""Suppie Awards"" last week through a sponsored partnership with Hearst Magazines, while SuppCo unveiled a new ""Tested by SuppCo"" certification program on Tuesday with a who’s who of supplement brand participants.",Lexy Lebsack,2026-03-04T05:02:00+00:00,,https://www.glossy.co/wp-content/uploads/sites/4/2026/03/Glossy-48.jpg
"Aug 22, 2026 @ 19:39:08.563",d60d4d7d45ab26c9b62e05f07e890420,https://www.glossy.co/beauty/loreals-newest-wearable-tracks-skins-sun-damage-and-sells-sunscreen/,L’Oreal's newest wearable tracks skin's sun damage and sells sunscreen,"With its latest launch in the wearables category, L'Oreal is hoping to gain traction in an industry that has struggled to court long-term consumers. It doesn't hurt if they purchase some sunscreen along the way, too.",,2018-01-10T05:00:03+00:00,,https://www.glossy.co/wp-content/uploads/sites/6/2018/01/Sensor-with-phone-copy.jpg
"Aug 22, 2026 @ 19:39:08.563",0bd55fc68ac89b06550f368c26168b00,https://www.glossy.co/series/beauty-podcast/,The Glossy Beauty Podcast Archives,Each Glossy Beauty Podcast episode features candid conversations about how today’s trends are shaping the future of the beauty and wellness industries.,,,,
"Aug 22, 2026 @ 19:39:08.668",10c77b4b3413dc20f3579543507fe038,https://www.glossy.co/beauty/polite-society-is-leveraging-ulta-beautys-new-tiktok-shop-for-its-largest-ever-affiliate-campaign/,Polite Society is leveraging Ulta Beauty's new TikTok Shop for its largest-ever affiliate campaign,"Polite Society is rolling out its largest affiliate campaign to date, focused on the B.I.G Mouth XL Plump Intensive Lip Plumping Concentrate.",Sara Spruch-Feiner,2026-06-22T04:00:00+00:00,,https://www.glossy.co/wp-content/uploads/sites/4/2026/06/polite-society-lip.jpg
"Aug 22, 2026 @ 19:39:08.749",ff21b9338bae8a5499a5890ef97f9277,https://www.glossy.co/beauty/beauty-briefing-meet-the-company-making-erling-haalands-hair-ties/,Beauty Briefing: Meet the company making Erling Haaland's hair ties,Glossy checked in on the hair-tie brand keeping Erling Haaland’s blonde locks in place while the Norwegian striker lights up the World Cup.,Emily Jensen,2026-06-23T04:00:00+00:00,,https://www.glossy.co/wp-content/uploads/sites/4/2026/06/erling-haaland-kknekki-world-cup-norway-hair-tie.jpg?w=2000
"Aug 22, 2026 @ 19:39:08.778",d34230844b73824aa4eb0afa2a4e376c,https://www.glossy.co/beauty/vaseline-is-turning-2008-beauty-hacks-into-tiktok-shop-sellouts/,Vaseline is turning 2008 beauty hacks into TikTok Shop sellouts,"After selling out its Vaseline Originals debut in Thailand, the Unilever-owned brand is expanding the limited-edition collection to Singapore and the Philippines in the coming days, where a limited number of its Face Primer product will be sold exclusively on TikTok Shop. Plans for a larger U.S. launch remain in development, according to the brand.",Zofia Zwieglinska,2026-06-22T04:00:00+00:00,,https://www.glossy.co/wp-content/uploads/sites/4/2026/06/WORK-3_10.jpg
"Aug 22, 2026 @ 19:39:08.780",2f908c5760ec8bb73cdff4f39db4c561,https://www.glossy.co/beauty/loreal-accelerates-generative-ai-content-engine-with-fresh-openai-deal/,L’Oréal accelerates generative AI content engine with fresh OpenAI deal,L’Oréal CMO Asmita Dubey keeps the beauty giant competitive in the age of zero-click search and rapid AI creative production.,digidaymedia,2026-06-19T04:00:00+00:00,,https://www.glossy.co/wp-content/uploads/sites/4/2022/04/Loreal.picone-1024x509-1.jpg
"Aug 22, 2026 @ 19:39:08.906",41bcee88e3be1c42dd963207c7952996,https://www.glossy.co/beauty/inside-revlons-comeback-bet-on-fragrance-with-president-amber-garrison/,Inside Revlon’s comeback bet on fragrance with president Amber Garrison,"On the Glossy Beauty Podcast, Lexy Lebsack sits down with Amber Garrison, former ELC exec-turned-Revlon president of fragrance and Elizabeth Arden.",Lexy Lebsack,2026-06-18T04:00:00+00:00,,https://www.glossy.co/wp-content/uploads/sites/4/2026/06/GB_1140X520-0617.jpg
"Aug 22, 2026 @ 19:39:09.013",2763a0f660a449f9dfa5f87e1b5d4854,https://www.glossy.co/beauty/beauty-briefing-ai-developed-fragrance-molecules-to-be-put-up-for-auction-at-the-world-perfumery-congress/,Beauty Briefing: AI-developed fragrance molecules to be put up for auction at the World Perfumery Congress,"This week, I checked in on AI-powered fragrance start-up Osmo’s decision to auction off its patented fragrance molecules.",Emily Jensen,2026-06-16T09:55:00+00:00,,https://www.glossy.co/wp-content/uploads/sites/4/2026/06/osmo-ai-fragrance-molecules.jpg
"Aug 22, 2026 @ 19:39:09.017",651d5359383fa4ac737507294b241e42,https://www.glossy.co/beauty/wellness/wellness-briefing-how-stem-cell-therapy-innovator-acorn-biolabs-is-legally-scaling-in-the-us-plus-news/,"Wellness Briefing: How stem cell therapy innovator Acorn Biolabs is (legally) scaling in the US, plus news","Glossy sat down with Drew Taylor, Ph.D, CEO and co-founder of Acorn Biolabs, a regenerative medicine company that turns one’s own hair follicles into stem cells for longevity- and aesthetic-focused therapies.",Lexy Lebsack,2026-06-17T04:00:00+00:00,,https://www.glossy.co/wp-content/uploads/sites/4/2026/06/Screenshot-2026-06-16-at-1.06.21-PM.png?w=2654
"Aug 22, 2026 @ 19:39:09.036",973dafa5970e13ec65f27741c6cda026,https://www.glossy.co/podcasts/the-ins-and-outs-of-branded-beauty-and-wellness-events-with-bilal-kaiser-founder-of-agency-guacamole/,"The ‘ins and outs’ of branded beauty and wellness events with Bilal Kaiser, founder of Agency Guacamole",Glossy Beauty Podcast host Lexy Lebsack interviews Agency Guacamole founder Bilal Kaiser about the ins and outs of branded beauty events.,Lexy Lebsack,2026-08-13T04:00:00+00:00,,https://www.glossy.co/wp-content/uploads/sites/4/2026/08/GB_1140X520_0811.jpg
"Aug 22, 2026 @ 19:39:09.049",31003f2a0aa5ddebb50f044f4a4133d9,https://www.glossy.co/beauty/how-awards-show-beauty-partnerships-between-artists-brands-and-celebs-come-together-with-prtnrs-marissa-alfe-and-lauren-fitzgerald/,"How awards show beauty partnerships between artists, brands and celebs come together, with PRTNRS’ Marissa Alfe and Lauren FitzGerald","In today’s episode of the Glossy Beauty Podcast, host Lexy Lebsack interviews beauty industry agents Marissa Alfe and Lauren FitzGerald, co-founders of PRTNRS Management.",Lexy Lebsack,2026-08-06T20:00:00+00:00,,https://www.glossy.co/wp-content/uploads/sites/4/2026/08/GB_1140X520_0805.jpg
"Aug 22, 2026 @ 19:39:09.055",1b414da81bd5807db467d622e6544ac0,https://www.glossy.co/beauty/how-ulta-beauty-is-reaching-gen-zalpha-teen-boys-through-first-mens-masstige-fragrance-launch/,How Ulta Beauty is reaching Gen Zalpha teen boys through first men’s masstige fragrance launch,"Teen boys have become an increasingly important consumer demographic over the past few years thanks to their insatiable appetite for fragrance. Now, Ulta Beauty is aspiring to capture their attention with its first masstige fragrance launch. Glossy reporters Zofia Zwieglinska and Emily Jensen join Glossy Beauty Podcast host Lexy Lebsack to unpack the rise of the Gen Zalpha fraghead and how Ulta Beauty is hoping to woo them.",Lexy Lebsack,2026-07-30T04:00:00+00:00,,https://www.glossy.co/wp-content/uploads/sites/4/2026/07/GB_1140X520_0729.jpg
"Aug 22, 2026 @ 19:39:09.059",bb1ee39247177380246dbc01a5dcb104,https://www.glossy.co/beauty/beauty-brands-are-lining-up-for-the-frozen-yogurt-craze/,Beauty brands are lining up for the frozen yogurt craze,"With its protein- and probiotic-packed bowls, froyo is back as the treat of the summer. Beauty brands want in.",Emily Jensen,2026-06-17T04:00:00+00:00,,https://www.glossy.co/wp-content/uploads/sites/4/2026/06/kiehls-go-greek-frozen-yogurt.jpg
"Aug 22, 2026 @ 19:39:09.070",492b78aa87b3c74a0c9a60478e76b046,https://www.glossy.co/events/brand-leaders-dinner-nyc-sep-2026/,Brand Leaders Dinner NYC,"The Glossy x Modern Retail Brand Leaders Dinner is an exclusive, invitation-only dinner bringing together influential brand executives to discuss their biggest challenges and industry opportunities.",Jennifer McCreary,,,https://www.modernretail.co/wp-content/uploads/sites/5/2026/07/globalpaymentsdinner_sep2026.png
"Aug 22, 2026 @ 19:39:09.169",0c364a9730c65a876f2af715219af2de,https://www.glossy.co/beauty/wearables-that-track-sun-exposure-are-here-and-ready-to-disrupt-the-sun-care-market/,Wearables that track sun exposure are here and ready to disrupt the sun-care market,"On Thursday, wearable startup The90 launched a first-of-its-kind wearable sun exposure tracking device called Gem.",Lexy Lebsack,2026-06-15T04:00:00+00:00,,https://www.glossy.co/wp-content/uploads/sites/4/2026/06/CGC02202.jpg?w=8962
"Aug 22, 2026 @ 19:39:09.186",62e6597c8ccbcaf3545baf9868832f5f,https://www.glossy.co/events/glossy-pop-nyc-sep-2026/,Glossy Pop NYC,Glossy Pop NYC is the ultimate event for beauty lovers looking to get up close and personal with the industry’s most exciting brands and content creators.,,,,https://www.glossy.co/wp-content/uploads/sites/4/2025/03/glossy_pop_nyc_8-1.gif?w=1500
"Aug 22, 2026 @ 19:39:09.280",8ce0bf95916f76307a558f3e65789e31,https://www.glossy.co/beauty/tiktok-is-a-mafia-winning-on-tiktok-shop-means-playing-the-game/,'TikTok is a mafia’: Winning on TikTok Shop means playing the game,The social media platform has sold more than $4 billion worth of health and beauty products since its launch in 2023.,Emily Jensen,2026-06-15T04:00:00+00:00,,https://www.glossy.co/wp-content/uploads/sites/4/2025/01/tiktok-5064078_1280.jpg
"Aug 22, 2026 @ 19:39:09.297",989808a5e947ffd2c84876707011aa59,https://www.glossy.co/events/ai-marketing-strategies-sep-2026/,AI Marketing Strategies,Join us for AI Marketing Strategies as we map out the state of play of an industry being reshaped by AI.,,,,
"Aug 22, 2026 @ 19:39:09.306",0e7c7b9b870d8f9cc045212c4d3ac1d7,https://www.glossy.co/beauty/how-much-does-it-cost-to-advertise-around-the-world-cup/,What brands are paying to advertise around the World Cup,"One in three Americans is set to watch the World Cup this summer, leading many brands to look into last-minute partnerships, proximity marketing initiatives and social campaigns tied to the tournament.",Lexy Lebsack,2026-06-09T04:02:00+00:00,,https://www.glossy.co/wp-content/uploads/sites/4/2026/06/Modern-Retail-World-Cup-Banner-2-1.jpg
"Aug 22, 2026 @ 19:39:09.336",025b5763bc2ffbe003416d3eddafae55,https://www.glossy.co/beauty/perfume-brand-heretic-is-leaning-into-the-b-side-of-pop-culture-one-unexpected-collab-at-a-time/,"Glossy Pop Newsletter: Perfume brand Heretic is leaning into the 'B-side' of pop culture, one unexpected collab at a time","Heretic has expanded its collaboration strategy to include horror films like ""Nosferatu"" and ""The Bride,"" and creators such as Mars Chasolen.",Sara Spruch-Feiner,2026-06-12T04:00:00+00:00,,https://www.glossy.co/wp-content/uploads/sites/4/2026/06/Glossy-hero-0611.jpg
"Aug 22, 2026 @ 19:39:09.358",9f18912e3139e566b3ed9bb62860c761,https://www.glossy.co/beauty/saie-bets-on-education-with-the-makeup-class-to-create-new-brand-superfans/,Saie bets on education with 'The Makeup Class' to create brand 'superfans',"Saie is launching The Makeup Class, an ongoing series of digital programming meant to bring education to its community on a wider scale.",Sara Spruch-Feiner,2026-06-11T04:00:00+00:00,,https://www.glossy.co/wp-content/uploads/sites/4/2026/06/image002-e1781039642944.png
"Aug 22, 2026 @ 19:39:09.370",4dd4ee740fbffca3c50a8a2af225d59c,https://www.glossy.co/beauty/wellness/,Wellness Archives,,,,,
"Aug 22, 2026 @ 19:39:09.438",83ef2a011a9a382de22800f17b1f71f8,https://www.glossy.co/beauty/page/6/,Beauty Archives,"With a variety of technological innovations in the space, the beauty industry is rapidly evolving. Today, it’s common to use an augmented reality app to try on makeup, and relying on smart tools to guide applications and recommend products is set to be the next norm.",,,,
"Aug 22, 2026 @ 19:39:09.560",c0fde08917125c602346ac1c8641bf36,https://www.glossy.co/beauty/the-mens-grooming-opportunity-at-the-world-cup/,The men's grooming opportunity at the World Cup,Grooming brands are looking to leverage the World Cup's great reach to connect with the evolving male beauty consumer base.,Emily Jensen,2026-06-11T04:00:00+00:00,,https://www.glossy.co/wp-content/uploads/sites/4/2026/06/Modern-Retail-World-Cup-Banner-vertical-4.jpg
"Aug 22, 2026 @ 19:39:09.568",e6f1e790d2fff2cc2a367b6db615c43c,https://www.glossy.co/series/pop-newsletter/,Glossy Pop Newsletter Archives,,,,,
"Aug 22, 2026 @ 19:39:09.570",4f04087836025b3c7bf4de1538e3279f,https://www.glossy.co/pop/why-dove-is-betting-on-hundreds-of-creators-for-the-world-cup/,Dove is teaming with hundreds of creators to be 'unmissable' during the World Cup,"Dove Men is using hundreds of creators for the World Cup while balancing scale, brand safety and AI concerns.",Kimeko McCoy,2026-06-11T04:00:00+00:00,,
"Aug 22, 2026 @ 19:39:09.627",ba867123e44392f933ebf6e3b3aa90f0,https://www.glossy.co/beauty/beauty-briefing-how-good-is-the-perfumes-atomizer-tiktok-wants-to-know/,Beauty Briefing: How good is the perfume's atomizer? TikTok wants to know,"This week, I checked in on the growing genre of fragrance videos centered on the tactile and mechanical side of perfume packaging.",Emily Jensen,2026-06-09T04:01:00+00:00,,https://www.glossy.co/wp-content/uploads/sites/4/2026/06/Glossy-hero-0610.jpg
"Aug 22, 2026 @ 19:39:09.721",c44353409d78675a4fcd630c0e3987e4,https://www.glossy.co/beauty/wellness/wellness-briefing-are-made-to-order-custom-supplements-the-future-of-wellness-plus-news/,"Wellness Briefing: Are made-to-order, custom supplements the future of wellness? Plus, news","For the Wellness Briefing, Glossy sat down with Janelle Connell, RDN, a longtime project lead at Viome, the 9-year-old precision nutrition company behind at-home microbiome health tests and made-to-order precision supplements.",Lexy Lebsack,2026-06-10T04:00:00+00:00,,https://www.glossy.co/wp-content/uploads/sites/4/2026/06/pexels-shvetsa-3683049.jpg
"Aug 22, 2026 @ 19:39:09.735",0bd55fc68ac89b06550f368c26168b00,https://www.glossy.co/series/beauty-podcast/,The Glossy Beauty Podcast Archives,Each Glossy Beauty Podcast episode features candid conversations about how today’s trends are shaping the future of the beauty and wellness industries.,,,,
"Aug 22, 2026 @ 19:39:09.845",a5ab2744b53eac57c332c567c4cf2281,https://www.glossy.co/beauty/wellness/brands-are-catching-world-cup-fever-even-without-official-sponsorships/,Brands are catching World Cup fever even without official sponsorships,"Crumbl and Olipop are getting into the spirit of soccer this summer, with product releases and activations tied to the World Cup.",Gabriela Barkho,2026-06-08T04:02:00+00:00,,https://www.glossy.co/wp-content/uploads/sites/4/2026/06/Screenshot-2026-06-07-at-5.04.00-PM.png?w=2272
"Aug 22, 2026 @ 19:39:09.855",0f60f71293090a406b8bfc97ba390d50,https://www.glossy.co/beauty/how-shark-beauty-is-leveraging-community-to-reach-stunning-annual-growth/,How Shark Beauty is leveraging community to reach stunning annual growth,"Julie Bailey Blanche, vp of global marketing at Shark Beauty, joined the stage at Glossy’s annual E-Commerce Summit to discuss the secret sauce behind Shark Beauty’s industry disruption.",Lexy Lebsack,2026-06-08T04:01:00+00:00,,https://www.glossy.co/wp-content/uploads/sites/4/2026/06/JPG-R_FW300Series_InUse_Confidence_Group_1992.jpg?w=8256
"Aug 22, 2026 @ 19:39:09.905",75fd4fa94ad810c0021a8091e73403ce,https://www.glossy.co/beauty/the-influencers-fueling-the-mass-beauty-comeback/,Glossy Pop Newsletter: The influencers fueling the mass beauty comeback,Mass beauty sales rose 7% year over year in the first quarter of 2026 to $18.1 billion. It's no surprise to the creators in the category.,Sara Spruch-Feiner,2026-06-05T04:03:00+00:00,,https://www.glossy.co/wp-content/uploads/sites/4/2026/06/mass-beauty-influencers.jpg
"Aug 22, 2026 @ 19:39:09.987",d47da7020a2333fe8a728b2cda13f1a4,https://www.glossy.co/beauty/nest-new-york-brings-its-fragrance-layering-strategy-to-the-uk/,Nest New York brings its fragrance-layering strategy to the UK,"Nest New York is expanding in the U.K. through Cult Beauty, Harrods, Selfridges and John Bell & Croyden.",Zofia Zwieglinska,2026-06-04T04:04:00+00:00,,https://www.glossy.co/wp-content/uploads/sites/4/2026/06/Screenshot-2026-06-03-at-16.49.30.png?w=1292
"Aug 22, 2026 @ 19:39:10.086",b8a7767f2b09e2b45045cc709f1ae911,https://www.glossy.co/beauty/daniel-landver-knows-what-makes-an-influencer-brand-work/,Daniel Landver knows what makes an influencer brand work,"On the Glossy Beauty Podcast, we speak with Dan Landver, head of UTA's creators product group, about what makes a creator-brand launch buzzy.",Sara Spruch-Feiner,2026-06-04T04:03:00+00:00,,https://www.glossy.co/wp-content/uploads/sites/4/2026/06/GB_1140X520_0601-2.jpg
"Aug 22, 2026 @ 19:39:10.096",455e7a9f8fc35a624a5366ed9b040732,https://www.glossy.co/beauty/sephora-is-bringing-prestige-beauty-shopping-into-googles-ai-ecosystem/,Sephora is bringing prestige beauty shopping into Google’s AI ecosystem,"Sephora has long been known for its in-store beauty advisors, product discovery and loyalty-driven personalization. But as more consumers start their shopping journeys inside AI-powered platforms like ChatGPT and Claude, the retailer is moving to bring that same beauty expertise into new digital environments.",Zofia Zwieglinska,2026-06-03T04:05:00+00:00,,https://www.glossy.co/wp-content/uploads/sites/4/2026/06/River_Marketplace_2174_Interior_045-scaled-1200x630-1.webp
"Aug 22, 2026 @ 19:39:10.096",973dafa5970e13ec65f27741c6cda026,https://www.glossy.co/podcasts/the-ins-and-outs-of-branded-beauty-and-wellness-events-with-bilal-kaiser-founder-of-agency-guacamole/,"The ‘ins and outs’ of branded beauty and wellness events with Bilal Kaiser, founder of Agency Guacamole",Glossy Beauty Podcast host Lexy Lebsack interviews Agency Guacamole founder Bilal Kaiser about the ins and outs of branded beauty events.,Lexy Lebsack,2026-08-13T04:00:00+00:00,,https://www.glossy.co/wp-content/uploads/sites/4/2026/08/GB_1140X520_0811.jpg
"Aug 22, 2026 @ 19:39:10.105",31003f2a0aa5ddebb50f044f4a4133d9,https://www.glossy.co/beauty/how-awards-show-beauty-partnerships-between-artists-brands-and-celebs-come-together-with-prtnrs-marissa-alfe-and-lauren-fitzgerald/,"How awards show beauty partnerships between artists, brands and celebs come together, with PRTNRS’ Marissa Alfe and Lauren FitzGerald","In today’s episode of the Glossy Beauty Podcast, host Lexy Lebsack interviews beauty industry agents Marissa Alfe and Lauren FitzGerald, co-founders of PRTNRS Management.",Lexy Lebsack,2026-08-06T20:00:00+00:00,,https://www.glossy.co/wp-content/uploads/sites/4/2026/08/GB_1140X520_0805.jpg
"Aug 22, 2026 @ 19:39:10.121",1b414da81bd5807db467d622e6544ac0,https://www.glossy.co/beauty/how-ulta-beauty-is-reaching-gen-zalpha-teen-boys-through-first-mens-masstige-fragrance-launch/,How Ulta Beauty is reaching Gen Zalpha teen boys through first men’s masstige fragrance launch,"Teen boys have become an increasingly important consumer demographic over the past few years thanks to their insatiable appetite for fragrance. Now, Ulta Beauty is aspiring to capture their attention with its first masstige fragrance launch. Glossy reporters Zofia Zwieglinska and Emily Jensen join Glossy Beauty Podcast host Lexy Lebsack to unpack the rise of the Gen Zalpha fraghead and how Ulta Beauty is hoping to woo them.",Lexy Lebsack,2026-07-30T04:00:00+00:00,,https://www.glossy.co/wp-content/uploads/sites/4/2026/07/GB_1140X520_0729.jpg
"Aug 22, 2026 @ 19:39:10.139",62e6597c8ccbcaf3545baf9868832f5f,https://www.glossy.co/events/glossy-pop-nyc-sep-2026/,Glossy Pop NYC,Glossy Pop NYC is the ultimate event for beauty lovers looking to get up close and personal with the industry’s most exciting brands and content creators.,,,,https://www.glossy.co/wp-content/uploads/sites/4/2025/03/glossy_pop_nyc_8-1.gif?w=1500
"Aug 22, 2026 @ 19:39:10.141",ca047e018f066f9b3ce6d663f158a138,https://www.glossy.co/beauty/ulta-beauty-to-open-experiential-times-square-location-in-2027/,Ulta Beauty to open 'experiential' Times Square location in 2027,"On Tuesday's quarterly earnings call, Ulta CEO and president Kecia Steelman shared plans to expand its U.S. business, including a new fulfillment center in Salt Lake City and a Times Square location focused on events and customer experience. The store will join Ulta's existing three locations in Manhattan.",Emily Jensen,2026-06-03T04:04:00+00:00,,https://www.glossy.co/wp-content/uploads/sites/4/2026/06/bella-hadid-ulta.jpg?w=5366
"Aug 22, 2026 @ 19:39:10.148",492b78aa87b3c74a0c9a60478e76b046,https://www.glossy.co/events/brand-leaders-dinner-nyc-sep-2026/,Brand Leaders Dinner NYC,"The Glossy x Modern Retail Brand Leaders Dinner is an exclusive, invitation-only dinner bringing together influential brand executives to discuss their biggest challenges and industry opportunities.",Jennifer McCreary,,,https://www.modernretail.co/wp-content/uploads/sites/5/2026/07/globalpaymentsdinner_sep2026.png
"Aug 22, 2026 @ 19:39:10.156",989808a5e947ffd2c84876707011aa59,https://www.glossy.co/events/ai-marketing-strategies-sep-2026/,AI Marketing Strategies,Join us for AI Marketing Strategies as we map out the state of play of an industry being reshaped by AI.,,,,
"Aug 22, 2026 @ 19:39:10.163",e6f1e790d2fff2cc2a367b6db615c43c,https://www.glossy.co/series/pop-newsletter/,Glossy Pop Newsletter Archives,,,,,
"Aug 22, 2026 @ 19:39:10.209",2f4c1f49b40e51bfebe3b1aa038e5053,https://www.glossy.co/beauty/phlur-names-suni-lee-its-first-ever-celebrity-ambassador/,Phlur names Suni Lee its first-ever celebrity ambassador,"Nearly a year after fragrance brand Phlur was acquired by TSG Consumer Partners, it's tackling its most ambitious marketing campaign to date.",Sara Spruch-Feiner,2026-06-03T04:03:00+00:00,,https://www.glossy.co/wp-content/uploads/sites/4/2026/06/PHLUR_ICONS_260507_02_Suni_MissingPerson_00405_02-e1780433817802.jpg
"Aug 22, 2026 @ 19:39:10.309",3b06e77c499a66702cb0972814875cd7,https://www.glossy.co/beauty/wellness/how-top-brands-are-training-employees-to-use-ai-tools-plus-news/,"Wellness Briefing: How top brands are training employees to use AI tools, plus news","For the Wellness Briefing, Glossy is reporting from our annual E-Commerce Summit where brand leaders from Ulta Beauty, Supergoop!, SharkNinja, Tarte, Sephora, Beekman1802 and more shared tactics and tips to supercharge brand success with AI tools.",Lexy Lebsack,2026-06-03T04:00:00+00:00,,https://www.glossy.co/wp-content/uploads/sites/4/2026/06/pexels-tara-winstead-8386434.jpg
"Aug 22, 2026 @ 19:39:10.347",b3d6ebe5c7ebe1fc3059d69488b92c5c,https://www.glossy.co/beauty/page/8/,Beauty Archives,"With a variety of technological innovations in the space, the beauty industry is rapidly evolving. Today, it’s common to use an augmented reality app to try on makeup, and relying on smart tools to guide applications and recommend products is set to be the next norm.",,,,
"Aug 22, 2026 @ 19:39:10.387",db888a12c99eef71c532b00d75a0dca1,https://www.glossy.co/beauty/beauty-briefing-where-is-there-still-white-space-in-beauty/,Beauty Briefing: Where is there still white space in beauty?,"Glossy checked in on the new beauty categories that have emerged in the first half of 2026, from pet care to kids' skin-care.",Emily Jensen,2026-06-02T04:02:00+00:00,,https://www.glossy.co/wp-content/uploads/sites/4/2026/06/Glossy-hero-0529.jpg
"Aug 22, 2026 @ 19:39:10.433",349dbaa2333d6fa167b68d2c10c053e7,https://www.glossy.co/beauty/wellness/why-brands-are-running-to-strava/,Why brands are running to Strava,Consumers are seeking wellness at every turn and IRL activations to offset digital fatigue. Brands are looking for a way in through Strava.,Emily Jensen,2026-06-01T04:02:00+00:00,,https://www.glossy.co/wp-content/uploads/sites/4/2026/05/Starbucks-Weighted-Vest-X-RTD-Starbucks-Coffee-Protein.jpg?w=4041
"Aug 22, 2026 @ 19:39:10.536",d52543b71d1f4a9d774e8e7454701de7,https://www.glossy.co/beauty/why-beauty-brands-are-courting-readers-gardeners-and-art-world-insiders/,"Why beauty brands are courting readers, gardeners and art-world insiders","For The Outset and Nécessaire, the latest community-building efforts center on book clubs, floral workshops and contemporary art, all aimed at turning beauty consumers into lifestyle communities.",Sara Spruch-Feiner,2026-05-15T04:04:00+00:00,,https://www.glossy.co/wp-content/uploads/sites/4/2026/05/necessaire-outset.jpg
"Aug 22, 2026 @ 19:39:10.544",0bd55fc68ac89b06550f368c26168b00,https://www.glossy.co/series/beauty-podcast/,The Glossy Beauty Podcast Archives,Each Glossy Beauty Podcast episode features candid conversations about how today’s trends are shaping the future of the beauty and wellness industries.,,,,
"Aug 22, 2026 @ 19:39:10.549",e07a912426bb44209332f850135ae079,https://www.glossy.co/beauty/wellness/the-rise-of-body-composition-scales-as-value-add-in-gyms-and-resorts-plus-news/,"Wellness Briefing: The rise of body composition scales as value-adds in gyms and resorts, plus news",First movers in the growing body-scanning technology category are reaping the benefits.,Lexy Lebsack,2026-05-13T04:02:00+00:00,,https://www.glossy.co/wp-content/uploads/sites/4/2026/05/InBody_1M5A0249-2_1000x700.webp
"Aug 22, 2026 @ 19:39:10.594",8e286ab9b7281f96560cd87ea625708c,https://www.glossy.co/pop/glossy-pop-newsletter-how-the-outset-creates-social-buzz-without-its-famous-founder-on-social-media/,Glossy Pop Newsletter: How The Outset creates social buzz without its famous founder on social media,"Though Jennifer Aniston did not join Instagram until 2019, by the time she launched her hair-care brand Lolavie in 2021, she had millions of followers to announce it to. Scarlett Johansson, meanwhile, launched The Outset in March 2022. She still has yet to join social media.",Sara Spruch-Feiner,2023-11-03T17:27:51+00:00,,https://www.glossy.co/wp-content/uploads/sites/4/2023/11/Screenshot-2023-11-03-at-12.55.25-PM.png
"Aug 22, 2026 @ 19:39:10.596",4dd4ee740fbffca3c50a8a2af225d59c,https://www.glossy.co/beauty/wellness/,Wellness Archives,,,,,
"Aug 22, 2026 @ 19:39:10.609",ed5ab99cbf430de5688d8f478787b2e1,https://www.glossy.co/beauty/the-outset-founders-scarlett-johansson-and-kate-foster-lengyel-on-moving-past-representing-someone-elses-beauty-ideal/,The Outset's Scarlett Johansson and Kate Foster Lengyel are done 'representing someone else's beauty ideal’,"Scarlett Johansson and business partner Kate Foster Lengyel join the Glossy Beauty Podcast to share the details on their new skin-care brand, The Outset.",,2022-03-10T05:10:02+00:00,,https://www.glossy.co/wp-content/uploads/sites/4/2022/03/Screen-Shot-2022-03-08-at-8.34.16-PM.png
"Aug 22, 2026 @ 19:39:10.674",ef17cbfb46ec6ef176f9b343ee67d957,https://www.glossy.co/fashion/frieze-la-links-fashion-and-beauty-with-the-art-world-elite/,Frieze LA links fashion and beauty with the art world elite,"Alongside blue-chip art pieces and celebrities like Leonardo DiCaprio and Gwyneth Paltrow, fashion and beauty brands were among those joining in the Frieze LA festivities over the past week.",,2022-02-21T05:00:24+00:00,,https://www.glossy.co/wp-content/uploads/sites/4/2022/02/MatchesFashion_3066.jpg
"Aug 22, 2026 @ 19:39:10.745",317d5e3ab07883231fa59b2d5cf45412,https://www.glossy.co/beauty/wellness/can-google-win-the-wellness-data-collection-race-with-its-new-ai-health-coach/,Can Google win the wellness data collection race with its new AI Health Coach?,"On May 19, Google parent company Alphabet will begin a global rollout of its new AI-powered health coach in an effort to centralize a user’s health data collected through wearables, labs, telehealth and doctor visits.",Lexy Lebsack,2026-05-14T04:04:00+00:00,,https://www.glossy.co/wp-content/uploads/sites/4/2026/05/Screenshot-2026-05-13-at-4.05.51-PM.png
"Aug 22, 2026 @ 19:39:10.789",66e6008012a87c36069baf8f3bb993db,https://www.glossy.co/podcasts/amazon-wants-to-be-a-beauty-powerhouse-is-a-big-beauty-sale-the-answer/,Amazon wants to be a beauty powerhouse. Is a big beauty sale the answer?,"On this week’s episode of the Glossy Beauty Podcast, hosts Lexy Lebsack and Sara Spruch-Feiner are joined by senior beauty reporter Emily Jensen to discuss the strategy around Amazon's beauty sales and assortment, and how it's attempting to position itself as a prestige beauty retailer on par with the likes of Sephora and Ulta Beauty.",Emily Jensen,2026-05-14T04:02:00+00:00,,https://www.glossy.co/wp-content/uploads/sites/4/2026/05/GB_1140X520_0512.jpg
"Aug 22, 2026 @ 19:39:10.839",88a1aaeb21c635dc0d8dc2835014efea,https://www.glossy.co/beauty/exclusive-cerave-taps-carmelo-anthony-as-head-coach-of-its-new-dandruff-campaign/,Exclusive: CeraVe taps Carmelo Anthony as 'head coach' of its new dandruff campaign,CeraVe is launching its first hair-care campaign since becoming the NBA's official skin- and hair-care partner.,Sara Spruch-Feiner,2026-05-13T09:45:00+00:00,,https://www.glossy.co/wp-content/uploads/sites/4/2026/05/J126743_CEREVE-NBA5372_Carmelo-Salute_r7-e1778534515851.jpg
"Aug 22, 2026 @ 19:39:10.865",4b68bb9602c82e72f58e657c006bbda3,https://www.glossy.co/beauty/wellness/hims-hers-to-launch-an-ai-agent-focused-on-the-weight-loss-journey/,Hims & Hers to launch an AI agent focused on the weight-loss journey,"Company leaders said Hims & Hers would ""soon"" launch an AI companion designed to support users along their weight-loss journey.",Anna Hensel,2026-05-13T04:00:00+00:00,,https://www.glossy.co/wp-content/uploads/sites/4/2026/05/Screenshot-2026-05-12-at-6.03.33-PM.png
"Aug 22, 2026 @ 19:39:10.975",37fe54f5396bd7c7562c56f8415ebc85,https://www.glossy.co/beauty/beauty-briefing-what-to-know-about-sephoras-and-ultas-ai-partnerships/,Beauty Briefing: What to know about Sephora's and Ulta’s AI partnerships,"This week, I checked in on Sephora's and Ulta’s bets on AI through integrations with ChatGPT and Google Gemini. Additionally, Zara fires back at Estée Lauder’s lawsuit over its use of Jo Malone’s name on perfume, and Circana reports on the beauty sector’s growth in Q1.",Emily Jensen,2026-05-12T04:02:00+00:00,,https://www.glossy.co/wp-content/uploads/sites/4/2026/05/sephora-store.jpg
"Aug 22, 2026 @ 19:39:10.996",cdc79fd64a43aa3704b45507b6a8da9c,https://www.glossy.co/beauty/wellness/glossy-101-how-did-bpc-157-become-the-wellness-industrys-star-peptide/,Glossy 101: How did BPC-157 become the wellness industry’s star peptide?,"Glossy breaks down the basics on BPC-157, including its origin story, cultural rise and limited safety data.",Lexy Lebsack,2026-05-11T04:04:00+00:00,,https://www.glossy.co/wp-content/uploads/sites/4/2026/05/GB_1140X520_Retouched-4-1.webp
"Aug 22, 2026 @ 19:39:11.015",4c753f359e755340de69a5b71bf3ae4c,https://www.glossy.co/series/glossy-101/,Glossy 101 Archives,,,,,
"Aug 22, 2026 @ 19:39:11.072",8b97c857667ec69b3d6687a600626a5f,https://www.glossy.co/beauty/why-tiktoks-comment-section-is-driving-the-majority-of-first-purchases-right-now/,Why TikTok’s comments section is driving the majority of first purchases right now,"To find out what’s working for beauty and wellness brands now, Glossy sat down with TikTok exec Donte Murry to unpack the latest strategies implemented by the brands leading the platform’s runaway sales growth.",Lexy Lebsack,2026-05-07T04:04:00+00:00,,https://www.glossy.co/wp-content/uploads/sites/4/2025/01/tiktok-5064078_1280.jpg
"Aug 22, 2026 @ 19:39:11.082",973dafa5970e13ec65f27741c6cda026,https://www.glossy.co/podcasts/the-ins-and-outs-of-branded-beauty-and-wellness-events-with-bilal-kaiser-founder-of-agency-guacamole/,"The ‘ins and outs’ of branded beauty and wellness events with Bilal Kaiser, founder of Agency Guacamole",Glossy Beauty Podcast host Lexy Lebsack interviews Agency Guacamole founder Bilal Kaiser about the ins and outs of branded beauty events.,Lexy Lebsack,2026-08-13T04:00:00+00:00,,https://www.glossy.co/wp-content/uploads/sites/4/2026/08/GB_1140X520_0811.jpg
"Aug 22, 2026 @ 19:39:11.090",31003f2a0aa5ddebb50f044f4a4133d9,https://www.glossy.co/beauty/how-awards-show-beauty-partnerships-between-artists-brands-and-celebs-come-together-with-prtnrs-marissa-alfe-and-lauren-fitzgerald/,"How awards show beauty partnerships between artists, brands and celebs come together, with PRTNRS’ Marissa Alfe and Lauren FitzGerald","In today’s episode of the Glossy Beauty Podcast, host Lexy Lebsack interviews beauty industry agents Marissa Alfe and Lauren FitzGerald, co-founders of PRTNRS Management.",Lexy Lebsack,2026-08-06T20:00:00+00:00,,https://www.glossy.co/wp-content/uploads/sites/4/2026/08/GB_1140X520_0805.jpg
"Aug 22, 2026 @ 19:39:11.095",1b414da81bd5807db467d622e6544ac0,https://www.glossy.co/beauty/how-ulta-beauty-is-reaching-gen-zalpha-teen-boys-through-first-mens-masstige-fragrance-launch/,How Ulta Beauty is reaching Gen Zalpha teen boys through first men’s masstige fragrance launch,"Teen boys have become an increasingly important consumer demographic over the past few years thanks to their insatiable appetite for fragrance. Now, Ulta Beauty is aspiring to capture their attention with its first masstige fragrance launch. Glossy reporters Zofia Zwieglinska and Emily Jensen join Glossy Beauty Podcast host Lexy Lebsack to unpack the rise of the Gen Zalpha fraghead and how Ulta Beauty is hoping to woo them.",Lexy Lebsack,2026-07-30T04:00:00+00:00,,https://www.glossy.co/wp-content/uploads/sites/4/2026/07/GB_1140X520_0729.jpg
"Aug 22, 2026 @ 19:39:11.165",1b2e74c24876023b2ffa32cb443b4987,https://www.glossy.co/beauty/coty-is-pivoting-covergirl-to-gen-x-market-amid-1-decline-in-net-revenue/,Coty is pivoting CoverGirl to Gen X market amid 1% decline in net revenue,"The CoverGirl and Rimmel owner reported a 1% decline in net revenue to $1.28 billion, due in part to the Middle East conflict and poor sell-through. But the company is hoping to reinvigorate its classic drugstore brands by targeting the Gen X market.",Emily Jensen,2026-05-07T04:03:00+00:00,,https://www.glossy.co/wp-content/uploads/sites/4/2026/05/covergirl-wrap-coty.jpg
"Aug 22, 2026 @ 19:39:11.174",492b78aa87b3c74a0c9a60478e76b046,https://www.glossy.co/events/brand-leaders-dinner-nyc-sep-2026/,Brand Leaders Dinner NYC,"The Glossy x Modern Retail Brand Leaders Dinner is an exclusive, invitation-only dinner bringing together influential brand executives to discuss their biggest challenges and industry opportunities.",Jennifer McCreary,,,https://www.modernretail.co/wp-content/uploads/sites/5/2026/07/globalpaymentsdinner_sep2026.png
"Aug 22, 2026 @ 19:39:11.182",62e6597c8ccbcaf3545baf9868832f5f,https://www.glossy.co/events/glossy-pop-nyc-sep-2026/,Glossy Pop NYC,Glossy Pop NYC is the ultimate event for beauty lovers looking to get up close and personal with the industry’s most exciting brands and content creators.,,,,https://www.glossy.co/wp-content/uploads/sites/4/2025/03/glossy_pop_nyc_8-1.gif?w=1500
"Aug 22, 2026 @ 19:39:11.209",9f8768736d1a61619402720856a05467,https://www.glossy.co/beauty/bluemercury-is-taking-a-hands-on-approach-to-staying-ahead-in-a-competitive-beauty-retail-environment/,Bluemercury is taking a hands-on approach to staying ahead in a competitive beauty retail environment,"Amid a competitive landscape, emerging and established beauty retailers alike need to find compelling reasons to give consumers to shop beauty on their platforms. Bluemercury has prioritized curation and education, but more affordable retailers are taking up a similar playbook.",Emily Jensen,2026-05-06T04:05:00+00:00,,https://www.glossy.co/wp-content/uploads/sites/4/2026/05/bluemercury-brand-fair.jpg
"Aug 22, 2026 @ 19:39:11.215",d6dc7dac869ce6aa1b985abaaafdf04c,https://www.glossy.co/beauty/what-is-pdrn-and-how-did-it-get-so-popular/,What is PDRN and how did it get so popular?,"In this week's episode of the Glossy Beauty Podcast, co-host Sara Spruch-Feiner explores what PDRN is, what it purports to do for the skin, how it got so popular and how it is expanding beyond Korean beauty.",Sara Spruch-Feiner,2026-05-07T04:00:00+00:00,,https://www.glossy.co/wp-content/uploads/sites/4/2026/05/GB_1140X520_0505.jpg
"Aug 22, 2026 @ 19:39:11.219",989808a5e947ffd2c84876707011aa59,https://www.glossy.co/events/ai-marketing-strategies-sep-2026/,AI Marketing Strategies,Join us for AI Marketing Strategies as we map out the state of play of an industry being reshaped by AI.,,,,
"Aug 22, 2026 @ 19:39:11.318",7550861783e89f99e86d6c916d39c260,https://www.glossy.co/beauty/how-beauty-tapped-in-at-the-miami-grand-prix/,How beauty tapped in at the Miami Grand Prix,Formula 1 is increasingly becoming a vehicle for beauty brands to engage new customers and prove their cultural relevance.,Sara Spruch-Feiner,2026-05-06T04:04:00+00:00,,https://www.glossy.co/wp-content/uploads/sites/4/2026/05/Glossy-hero-0505-2-1.jpg
"Aug 22, 2026 @ 19:39:11.375",03ac3c2247918f05211a125f05169cb7,https://www.glossy.co/beauty/page/7/,Beauty Archives,"With a variety of technological innovations in the space, the beauty industry is rapidly evolving. Today, it’s common to use an augmented reality app to try on makeup, and relying on smart tools to guide applications and recommend products is set to be the next norm.",,,,
"Aug 22, 2026 @ 19:39:11.399",48611a304b9b7e15c9edeb359cd442c0,https://www.glossy.co/beauty/wellness/ritual-calls-on-consumers-to-pressure-dc-lawmakers-towards-supplement-regulation-reform-plus-news/,"Wellness Briefing: Ritual calls on consumers to pressure DC lawmakers towards supplement regulation reform, plus news","For the Wellness Briefing, Glossy spoke to Ritual CEO Kat Schneider and chief impact officer Lindsay Dahl about the company’s new ‘we’re expecting’ campaign that calls on D.C. lawmakers and Ritual consumers to advocate for stricter regulation over testing claims within consumer marketing materials.",Lexy Lebsack,2026-05-06T04:02:00+00:00,,https://www.glossy.co/wp-content/uploads/sites/4/2026/05/Glossy-hero-0505.jpg
"Aug 22, 2026 @ 19:39:11.407",0bd55fc68ac89b06550f368c26168b00,https://www.glossy.co/series/beauty-podcast/,The Glossy Beauty Podcast Archives,Each Glossy Beauty Podcast episode features candid conversations about how today’s trends are shaping the future of the beauty and wellness industries.,,,,
"Aug 22, 2026 @ 19:39:11.441",ef392e1ecda02d3157b52cf650d33486,https://www.glossy.co/beauty/the-met-gala-is-as-controversial-a-fashion-event-as-ever-beauty-wants-in/,Beauty Briefing: The Met Gala is as controversial a fashion event as ever. Beauty wants in.,"For this week's Beauty Briefing, Glossy explores how beauty brands showed up around the Met Gala.",Emily Jensen,2026-05-05T04:02:00+00:00,,https://www.glossy.co/wp-content/uploads/sites/4/2026/05/mac-met-gala-doja-cat.jpg?w=3000
"Aug 22, 2026 @ 19:39:11.552",417a203cb9b4ddb34e3db9204a55eb5f,https://www.glossy.co/beauty/facegym-takes-a-page-from-peloton-as-it-plans-u-s-expansion/,FaceGym takes a page from Peloton as it plans US expansion,"London-based FaceGym, known for its non-invasive facial ""workout"" massages, is gearing up for a rapid expansion in the U.S.",Emma Sandler,2019-01-14T05:00:34+00:00,,https://www.glossy.co/wp-content/uploads/sites/4/2019/01/facegym-yvonnetnt-bondst-2569.jpg
"Aug 22, 2026 @ 19:39:11.629",356185630cb47728e434c1b53befd028,https://www.glossy.co/beauty/facegym-and-isamaya-launch-a-face-tool-for-cool-girls/,FaceGym and Isamaya launch a face tool for 'cool girls',FaceGym partnered with French beauty brand Isamaya to launch a collection of sculpting tools. The collab kicks off with a tool that preps the face for makeup application.,Tatiana Pile,2024-05-15T04:07:00+00:00,,https://www.glossy.co/wp-content/uploads/sites/4/2024/05/Screen-Shot-2024-05-14-at-4.08.25-PM.png
"Aug 22, 2026 @ 19:39:11.649",b4a5ca12f9db4b4ffb702e27d58a3ab2,https://www.glossy.co/beauty/facegym-plots-international-growth-with-new-uk-franchise-model/,FaceGym plots international growth with new UK franchise model,FaceGym is taking its facial-workout concept beyond the U.S. through franchised studios in the U.K.,Zofia Zwieglinska,2026-05-29T04:02:00+00:00,,https://www.glossy.co/wp-content/uploads/sites/4/2026/05/Screenshot-2026-05-27-at-23.03.57.png?w=2922
"Aug 22, 2026 @ 19:39:11.677",2c177cfb120a5dcb4033fb8478610a62,https://www.glossy.co/beauty/facegyms-inge-theron-in-a-week-we-digitized-the-whole-experience/,"FaceGym's Inge Theron: 'In a week, we digitized the whole experience'","Beauty and wellness reporter Emma Sandler spoke with Inge Theron, founder and creative director of FaceGym, which offers non-invasive facial toning via “exercise.”",,2020-05-26T04:00:18+00:00,,https://www.glossy.co/wp-content/uploads/sites/4/2019/01/facegym-yvonnetnt-bondst-2569.jpg
"Aug 22, 2026 @ 19:39:11.683",4dd4ee740fbffca3c50a8a2af225d59c,https://www.glossy.co/beauty/wellness/,Wellness Archives,,,,,
"Aug 22, 2026 @ 19:39:11.775",120efef9c316305a66e0a59449471bb0,https://www.glossy.co/beauty/is-agentic-shopping-the-next-big-thing-in-beauty-sephora-and-ulta-are-betting-yes/,Is agentic shopping the next big thing in beauty? Sephora and Ulta are betting yes,"On this week’s episode of the Glossy Beauty Podcast, hosts Lexy Lebsack and Sara Spruch-Feiner are joined by senior beauty reporter Emily Jensen to discuss Sephora and Ulta’s recent investments into AI, and how agentic shopping is poised to evolve in the beauty industry.",Emily Jensen,2026-05-28T04:03:00+00:00,,https://www.glossy.co/wp-content/uploads/sites/4/2026/05/Screenshot-2026-05-27-at-5.30.58-PM.png
"Aug 22, 2026 @ 19:39:11.858",993d6bca339da8730b2264d26acb4f09,https://www.glossy.co/beauty/exclusive-patrick-ta-sets-the-record-straight-on-transition-blush/,Exclusive: Patrick Ta sets the record straight on 'transition blush',"An insider brand source speaks exclusively to Glossy about the viral ""transition blush"" controversy, plus a statement from Patrick Ta.",Sara Spruch-Feiner,2026-05-28T04:01:00+00:00,,https://www.glossy.co/wp-content/uploads/sites/4/2026/05/PT-blush.jpeg
"Aug 22, 2026 @ 19:39:11.858",acaf172f2e9c474b04c5b8e456e67763,https://www.glossy.co/beauty/wellness/ifit-bets-on-connected-pilates-with-10k-at-home-nordictrack-reformer-launch-plus-news/,iFit and NordicTrack bet on connected pilates with reformer expansion,"Glossy sat down with Yvette McGaffin, director of pilates product marketing for iFIT, parent company to NordicTrack, to learn about the company’s first consumer reformer machine launch.",Lexy Lebsack,2026-05-27T04:02:00+00:00,,https://www.glossy.co/wp-content/uploads/sites/4/2026/05/Screenshot-2026-05-22-at-10.27.25-AM.png?w=2676
"Aug 22, 2026 @ 19:39:11.865",e6f1e790d2fff2cc2a367b6db615c43c,https://www.glossy.co/series/pop-newsletter/,Glossy Pop Newsletter Archives,,,,,
"Aug 22, 2026 @ 19:39:11.915",7c257c411425c94bec7f24800893a39b,https://www.glossy.co/beauty/what-the-estee-lauder-jo-malone-lawsuit-means-for-eponymous-brands/,Beauty Briefing: What the Estée Lauder-Jo Malone lawsuit means for eponymous brands,"Glossy checked in on the ongoing lawsuit between Estée Lauder and Jo Malone, her Jo Loves brand and Zara.",Emily Jensen,2026-05-26T04:02:00+00:00,,https://www.glossy.co/wp-content/uploads/sites/4/2025/08/exclusive-how-jo-malone-london-is.jpg
"Aug 22, 2026 @ 19:39:11.995",be9953d1451629bcd6f23e5ae263450c,https://www.glossy.co/beauty/wellness/how-olly-is-updating-its-product-detail-pages-for-the-ai-era/,How Olly is updating its product detail pages for the AI era,"As more shoppers use AI chatbots for recommendations, supplement brand Olly is updating its product pages with clearer descriptions and FAQs to boost AI-driven sales.",Gabriela Barkho,2026-05-26T04:00:00+00:00,,https://www.glossy.co/wp-content/uploads/sites/4/2026/05/Screenshot-2026-05-26-at-9.12.46-AM.png?w=1992
"Aug 22, 2026 @ 19:39:12.085",c5422c822cbf804719031aef2b749a8a,https://www.glossy.co/beauty/glossy-pop-newsletter-from-tj-palma-to-cher-how-garnier-is-reinventing-mass-beauty-marketing/,From TJ Palma to Cher: How Garnier is reinventing mass beauty marketing,"Over the past year and a half, Garnier has increasingly embraced a culture-first marketing strategy aimed at ""Gen Zennials."" That has included building campaigns around internet humor, fandoms, reality television, dating culture and culturally-specific storytelling.",Sara Spruch-Feiner,2026-05-22T04:04:00+00:00,,https://www.glossy.co/wp-content/uploads/sites/4/2026/05/garnier-mousse.jpg
"Aug 22, 2026 @ 19:39:12.088",fbc54b9705b6d222139349bb4358d925,https://www.glossy.co/beauty/marc-jacobs-looks-to-the-daisy-fragrance-empire-in-the-relaunch-of-his-makeup-line/,Marc Jacobs looks to the Daisy fragrance empire in the relaunch of his makeup line,Marc Jacobs is back. Front and center in the new iteration of Marc Jacobs Beauty is a familiar favorite: the Daisy fragrance.,Emily Jensen,2026-05-25T04:02:00+00:00,,https://www.glossy.co/wp-content/uploads/sites/4/2026/05/MJBeauty_products_16x9-12.jpg
"Aug 22, 2026 @ 19:39:12.202",e46f3131e26f9bc073b563e2dd75aaae,https://www.glossy.co/research/glossy-research-the-marketers-2026-guide-to-a-shifting-ctv-landscape-including-youtube-peacock-and-roku/,"Glossy+ Research: The marketers’ 2026 guide to a shifting CTV landscape, including YouTube, Peacock and Roku",Glossy+ Research's fifth annual report analyzes the state of ad-supported streaming and the challenges streaming companies pose to marketers.,"Catherine Wolf, Li Lu",2026-05-25T04:00:00+00:00,,https://www.glossy.co/wp-content/uploads/sites/4/2026/05/Screenshot-2026-05-24-at-5.01.10-PM.png
"Aug 22, 2026 @ 19:39:12.230",30ec7bc2cd27c1e9d74a14bab7fdbd01,https://www.glossy.co/beauty/e-l-f-beauty-is-lowering-prices-to-respond-to-unit-sales-decline-offloading-keys-soulcare-brand/,"E.l.f. Beauty is lowering prices in response to unit sales decline, offloading Keys Soulcare brand","In August, E.l.f. Beauty took a $1 price increase across all E.l.f. SKUs as a response to tariffs and inflation. Announced today, this caused unit sales to drop dramatically, and CEO Tarang Amin is now testing price cuts.",Lexy Lebsack,2026-05-21T04:05:00+00:00,,https://www.glossy.co/wp-content/uploads/sites/4/2026/05/Screenshot-2026-05-20-at-1.35.00-PM.png?w=2530
"Aug 22, 2026 @ 19:39:12.243",973dafa5970e13ec65f27741c6cda026,https://www.glossy.co/podcasts/the-ins-and-outs-of-branded-beauty-and-wellness-events-with-bilal-kaiser-founder-of-agency-guacamole/,"The ‘ins and outs’ of branded beauty and wellness events with Bilal Kaiser, founder of Agency Guacamole",Glossy Beauty Podcast host Lexy Lebsack interviews Agency Guacamole founder Bilal Kaiser about the ins and outs of branded beauty events.,Lexy Lebsack,2026-08-13T04:00:00+00:00,,https://www.glossy.co/wp-content/uploads/sites/4/2026/08/GB_1140X520_0811.jpg
"Aug 22, 2026 @ 19:39:12.250",31003f2a0aa5ddebb50f044f4a4133d9,https://www.glossy.co/beauty/how-awards-show-beauty-partnerships-between-artists-brands-and-celebs-come-together-with-prtnrs-marissa-alfe-and-lauren-fitzgerald/,"How awards show beauty partnerships between artists, brands and celebs come together, with PRTNRS’ Marissa Alfe and Lauren FitzGerald","In today’s episode of the Glossy Beauty Podcast, host Lexy Lebsack interviews beauty industry agents Marissa Alfe and Lauren FitzGerald, co-founders of PRTNRS Management.",Lexy Lebsack,2026-08-06T20:00:00+00:00,,https://www.glossy.co/wp-content/uploads/sites/4/2026/08/GB_1140X520_0805.jpg
"Aug 22, 2026 @ 19:39:12.259",1b414da81bd5807db467d622e6544ac0,https://www.glossy.co/beauty/how-ulta-beauty-is-reaching-gen-zalpha-teen-boys-through-first-mens-masstige-fragrance-launch/,How Ulta Beauty is reaching Gen Zalpha teen boys through first men’s masstige fragrance launch,"Teen boys have become an increasingly important consumer demographic over the past few years thanks to their insatiable appetite for fragrance. Now, Ulta Beauty is aspiring to capture their attention with its first masstige fragrance launch. Glossy reporters Zofia Zwieglinska and Emily Jensen join Glossy Beauty Podcast host Lexy Lebsack to unpack the rise of the Gen Zalpha fraghead and how Ulta Beauty is hoping to woo them.",Lexy Lebsack,2026-07-30T04:00:00+00:00,,https://www.glossy.co/wp-content/uploads/sites/4/2026/07/GB_1140X520_0729.jpg
"Aug 22, 2026 @ 19:39:12.295",dd8767567cbc7d0fd5f19b57e158bce9,https://www.glossy.co/beauty/wellness/fiji-airways-new-in-flight-wellness-program-brings-wearables-red-light-and-wellness-shots-to-travel-plus-news/,"Wellness Briefing: Fiji Airways’ new in-flight wellness program brings wearables, red light and wellness shots to travel","For the Wellness Briefing, Glossy sat down with Fiji Airways CEO Paul Scurrah to learn about the airline’s new on-board wellness offerings, including health shots and wearables, plus red light therapy in airport lounges. It’s part of the airline's new strategy to stand out among competitors.",Lexy Lebsack,2026-05-20T04:00:00+00:00,,https://www.glossy.co/wp-content/uploads/sites/4/2026/05/Glossy-hero-Fiji.jpg
"Aug 22, 2026 @ 19:39:12.305",62e6597c8ccbcaf3545baf9868832f5f,https://www.glossy.co/events/glossy-pop-nyc-sep-2026/,Glossy Pop NYC,Glossy Pop NYC is the ultimate event for beauty lovers looking to get up close and personal with the industry’s most exciting brands and content creators.,,,,https://www.glossy.co/wp-content/uploads/sites/4/2025/03/glossy_pop_nyc_8-1.gif?w=1500
"Aug 22, 2026 @ 19:39:12.316",492b78aa87b3c74a0c9a60478e76b046,https://www.glossy.co/events/brand-leaders-dinner-nyc-sep-2026/,Brand Leaders Dinner NYC,"The Glossy x Modern Retail Brand Leaders Dinner is an exclusive, invitation-only dinner bringing together influential brand executives to discuss their biggest challenges and industry opportunities.",Jennifer McCreary,,,https://www.modernretail.co/wp-content/uploads/sites/5/2026/07/globalpaymentsdinner_sep2026.png
"Aug 22, 2026 @ 19:39:12.330",daf58c5b8a8bce188e929b403492c98b,https://www.glossy.co/beauty/loreal-owned-lancome-is-leveraging-longevity-in-prestige-skin-care-under-veteran-exec-vania-lacascade/,L'Oréal-owned Lancôme is leveraging longevity in prestige skin care under veteran exec Vania Lacascade,Veteran exec and Lancôme global brand president Vania Lacascade shares the strategy leading L'Oréal Group's next wave of product innovation.,Lexy Lebsack,2026-05-21T04:00:00+00:00,,https://www.glossy.co/wp-content/uploads/sites/4/2026/05/GB_1140X520_0520.jpg
"Aug 22, 2026 @ 19:39:12.415",f46313b684c8f0db75ee7dbfe74f2b16,https://www.glossy.co/beauty/how-makeup-by-mario-balances-paid-and-organic-content/,How Makeup by Mario balances paid and organic content,"Inside Makeup by Mario's community-building initiatives, including what it does to allow members of that community to feel close to its star founder, Mario Dedivanovic, and how it's (slowly) growing its paid social initiatives.",Sara Spruch-Feiner,2026-05-20T04:02:00+00:00,,https://www.glossy.co/wp-content/uploads/sites/4/2026/05/mbm.jpg
"Aug 22, 2026 @ 19:39:12.425",989808a5e947ffd2c84876707011aa59,https://www.glossy.co/events/ai-marketing-strategies-sep-2026/,AI Marketing Strategies,Join us for AI Marketing Strategies as we map out the state of play of an industry being reshaped by AI.,,,,
"Aug 22, 2026 @ 19:39:12.486",5666e88397e7683aa384d79ab67042fc,https://www.glossy.co/beauty/beauty-briefing-fragrance-layering-makes-its-way-to-the-mall/,Beauty Briefing: Fragrance layering makes its way to the mall,"As more U.S. consumers adopt fragrance wardrobes rather than a single signature scent, brands are finding ways to capitalize on the trend.",Emily Jensen,2026-05-19T04:02:00+00:00,,https://www.glossy.co/wp-content/uploads/sites/4/2026/05/BBW-inc-girl-with-travel-size-ffm-and-body-cream.jpeg
"Aug 22, 2026 @ 19:39:12.500",4d55bfac44b0b6bb2dd2732824921200,https://www.glossy.co/beauty/page/9/,Beauty Archives,"With a variety of technological innovations in the space, the beauty industry is rapidly evolving. Today, it’s common to use an augmented reality app to try on makeup, and relying on smart tools to guide applications and recommend products is set to be the next norm.",,,,
"Aug 22, 2026 @ 19:39:12.533",978ab452cdf0ebf8eb332bf88f0a87fa,https://www.glossy.co/beauty/sephora-strategies-with-its-launch-at-sephora-us-fugazzi-wants-to-bring-luxury-fragrance-to-the-masses/,"Sephora Strategies: With its launch at Sephora US, Fugazzi wants to bring luxury fragrance to the masses","Fugazzi was already on the upswing before launching at 100 U.S. Sephora stores in March. But founder Bram Niessink wants Fugazzi to make the kind of scents that you stop and recognize on the street. And for that, there’s no better platform than Sephora.",Emily Jensen,2026-05-18T04:02:00+00:00,,https://www.glossy.co/wp-content/uploads/sites/4/2026/05/sephora-strategies-fugazzi.jpg
"Aug 22, 2026 @ 19:39:12.541",e6f1e790d2fff2cc2a367b6db615c43c,https://www.glossy.co/series/pop-newsletter/,Glossy Pop Newsletter Archives,,,,,
"Aug 22, 2026 @ 19:39:12.630",f4dc38860bdb1ac14c5f1d1df2a808e3,https://www.glossy.co/series/sephora-strategies/,Sephora Strategies Archives,,,,,
"Aug 22, 2026 @ 19:39:12.638",0bd55fc68ac89b06550f368c26168b00,https://www.glossy.co/series/beauty-podcast/,The Glossy Beauty Podcast Archives,Each Glossy Beauty Podcast episode features candid conversations about how today’s trends are shaping the future of the beauty and wellness industries.,,,,
"Aug 22, 2026 @ 19:39:12.692",9b47cf3269006d9851a97ac4d0158ed6,https://www.glossy.co/beauty/the-estee-lauder-companies-will-reduce-department-store-footprint-as-it-focuses-on-high-growth-online-channels/,The Estée Lauder Companies will reduce department store footprint as it focuses on 'high-growth' online channels,"On Friday's earnings call, the company reported a 5% growth in net sales in Q3 2026. As part of its plan to streamline operations, the cosmetics giant said it will reduce its brands' footprint in department stores while it focuses on new channels, particularly online channels like Amazon and TikTok Shop.",Emily Jensen,2026-05-01T13:35:00+00:00,,https://www.glossy.co/wp-content/uploads/sites/4/2026/05/estee-lauder-macys.jpg?w=4000
"Aug 22, 2026 @ 19:39:12.714",1b72d61cb7908b21dbc56a27aa19ebdc,https://www.glossy.co/beauty/a-year-into-turnaround-plan-the-estee-lauder-companies-finds-steady-growth/,"A year into turnaround plan, the Estée Lauder Companies finds steady growth","A year after declining sales led the Estée Lauder Companies to launch its ""Beauty Reimagined"" turnaround plan, the beauty conglomerate has found a return to growth. The company posted a 6% increase in net sales for the second quarter of fiscal year 2026, to $4.2 billion, with gains in skin care and fragrance despite a soft makeup category.",Emily Jensen,2026-02-05T14:36:27+00:00,,https://www.glossy.co/wp-content/uploads/sites/4/2025/08/exclusive-how-jo-malone-london-is.jpg
"Aug 22, 2026 @ 19:39:12.769",7b07f9af7317ba19d53b1a6ac0723d54,https://www.glossy.co/beauty/thanks-to-double-digit-fragrance-growth-the-estee-lauder-companies-reports-optimistic-outlook-announces-shopify-partnership/,"Thanks to double-digit fragrance growth, The Estée Lauder Companies reports optimistic outlook, announces Shopify partnership","After successive quarters of slumping sales, The Estée Lauder Companies reported a 4% rise in net sales, with a 14% rise in fragrance sales offsetting struggles in makeup and hair care.",Emily Jensen,2025-10-30T13:47:05+00:00,,https://www.glossy.co/wp-content/uploads/sites/4/2025/10/Le-Labo_Eau-De-Parfum_Classic-Collection_Santal-33-100ml_300ppi_02.jpg?w=2000
"Aug 22, 2026 @ 19:39:12.837",205105c53a4893e103cb9da6b60a9dd0,https://www.glossy.co/beauty/the-estee-lauder-companies-will-lay-off-thousands-of-employees-amid-double-digit-sale-decline/,The Estée Lauder Companies will lay off thousands of employees amid double-digit sale decline,"The conglomerate is on a mission to restore sales growth, but faces challenges in a softening beauty market and uncertainty amid tariffs.",Emily Jensen,2025-05-02T04:05:00+00:00,,https://www.glossy.co/wp-content/uploads/sites/4/2025/05/GLO607372504-GLO-discover-article-NASA-carousel_01-2288x1278-1.webp
"Aug 22, 2026 @ 19:39:12.887",6e410af52a966f506019dfc7cdc3d880,https://www.glossy.co/beauty/president-laura-branik-on-loreal-paris-the-devil-wears-prada-2-partnership-strategy/,President Laura Branik on L’Oréal Paris' 'The Devil Wears Prada 2' partnership strategy,"Longtime L’Oréal Groupe executive Laura Branik joins The Glossy Beauty Podcast to discuss the strategy behind its “The Devil Wears Prada 2” partnership, including the goals, campaigns and best practices for navigating seamless product placement.",Lexy Lebsack,2026-04-30T04:02:00+00:00,,https://www.glossy.co/wp-content/uploads/sites/4/2026/04/GB_1140X520-2.jpg
"Aug 22, 2026 @ 19:39:12.911",42a294fdadec63bcc72f5a52e2c7e742,https://www.glossy.co/beauty/wellness/tally-health-is-acquired-as-vertical-integration-and-biological-age-trends-in-wellness/,"Wellness Briefing: Tally Health is acquired as 'biological age' trends in wellness, plus news","Glossy sat down with Tally Health CEO Melanie Goldey to discuss the announcement of its acquisition by Infinite Epigenetics, parent company to TruDiagnostic, maker of tools to track one’s biological age, a metric popular among biohackers to measure efficacy of longevity protocols. The acquisition announcement is part of a larger shift across wellness businesses toward vertical integration.",Lexy Lebsack,2026-04-29T13:00:00+00:00,,https://www.glossy.co/wp-content/uploads/sites/4/2026/04/Screenshot-2026-04-28-at-10.10.10-AM.png
"Aug 22, 2026 @ 19:39:12.970",ea6b18900b49e99237e2221bd9830e70,https://www.glossy.co/beauty/why-refy-handed-creators-full-control-no-approvals-for-its-latest-launch-campaign/,Why Refy handed creators full control — no approvals — for its latest launch campaign,"About a month ago, Refy launched its latest product, the Skin Base Skin Tint, with a smattering of paid creator posts, as many brands do. But it did something different: It did not ask to approve content it paid 12 creators to post.",Sara Spruch-Feiner,2026-05-01T04:04:00+00:00,,https://www.glossy.co/wp-content/uploads/sites/4/2026/05/refy-skin-tint.png?w=1874
"Aug 22, 2026 @ 19:39:13.045",1e016d0de9f71701468af918fb122308,https://www.glossy.co/beauty/inside-thayers-tiktoker-led-product-development-strategy-with-nina-pool-and-shelby-ann-bell/,"Inside Thayers' TikToker-led product development strategy, with Nina Pool and Shelby Ann Bell","Social media is increasingly serving as a product ideation and development engine. That was obvious in the lead-up to Thayer's newest product launch, the $14.99 Hydrating Milky Mist.",Sara Spruch-Feiner,2026-04-29T04:02:00+00:00,,https://www.glossy.co/wp-content/uploads/sites/4/2026/04/Thayers.png?w=1814
"Aug 22, 2026 @ 19:39:13.105",fafa4b024ff52f4ac8703c0e4b98adc2,https://www.glossy.co/beauty/beauty-briefing-the-rise-of-the-micro-influencer/,Beauty Briefing: The rise of the micro influencer,"This week, I checked in on how brands are leaning into smaller-scale creators with creator networks and “community” brand trips taking the place of mega-influencer campaigns and lavish influencer trips.",Emily Jensen,2026-04-28T04:04:00+00:00,,https://www.glossy.co/wp-content/uploads/sites/4/2024/01/Hero-Banner-Glossy-influencer.jpeg
"Aug 22, 2026 @ 19:39:13.120",2173e820ecb9300895031f048b94e343,https://www.glossy.co/beauty/exclusive-swan-beauty-ceo-on-the-acquiredstyle-bachelorette-party-that-broke-the-internet/,Exclusive: Swan Beauty CEO on the @acquiredstyle bachelorette party that broke the internet,"As of early last week, the 4-month-old AI mirror startup Swan Beauty was only known by beauty editors, insiders and a few others — it had under 3,000 followers on Instagram. But then, on Thursday, influencer Brigette Pheloung's bachelorette trip kicked off with the brand as the exclusive sponsor — and any awareness challenges it had were all but eliminated in a social media minute.",Sara Spruch-Feiner,2026-04-28T04:03:00+00:00,,https://www.glossy.co/wp-content/uploads/sites/4/2026/04/acquired.jpg
"Aug 22, 2026 @ 19:39:13.194",16e81b4c3701ede95a43ae99c1513ee2,https://www.glossy.co/beauty/the-estee-lauder-companies-is-investing-in-skin-care-technology-to-fight-sugars-impact-on-skin-for-new-longevity-offerings/,"The Estée Lauder Companies is investing in skin-care technology to fight sugar's impact on skin, for new longevity products",The Estée Lauder Companies’ new peer-reviewed study on ‘skin cell glycation’ is set to impact the conglomerate’s longevity-focused new product pipeline and marketing initiatives on existing products. Glossy sat down with longtime ELC executive Claude Saliou to learn more.,Lexy Lebsack,2026-04-27T04:04:00+00:00,,https://www.glossy.co/wp-content/uploads/sites/4/2026/04/ELC-brands.jpg
"Aug 22, 2026 @ 19:39:13.258",959f74e70fa2790c97944e7eea0dd6a1,https://www.glossy.co/beauty/procter-gamble-estimates-1-billion-in-headwinds-due-to-middle-east-conflict/,Procter & Gamble estimates $1 billion in headwinds due to Middle East conflict,The personal care company posted a 7% increase in net sales for Q3 of fiscal year 2026. Those gains come despite higher crude oil prices due to the ongoing U.S.-Iran conflict.,Emily Jensen,2026-04-24T13:41:26+00:00,,https://www.glossy.co/wp-content/uploads/sites/4/2026/04/procter-and-gamble-hair-care.jpg
"Aug 22, 2026 @ 19:39:13.264",973dafa5970e13ec65f27741c6cda026,https://www.glossy.co/podcasts/the-ins-and-outs-of-branded-beauty-and-wellness-events-with-bilal-kaiser-founder-of-agency-guacamole/,"The ‘ins and outs’ of branded beauty and wellness events with Bilal Kaiser, founder of Agency Guacamole",Glossy Beauty Podcast host Lexy Lebsack interviews Agency Guacamole founder Bilal Kaiser about the ins and outs of branded beauty events.,Lexy Lebsack,2026-08-13T04:00:00+00:00,,https://www.glossy.co/wp-content/uploads/sites/4/2026/08/GB_1140X520_0811.jpg
"Aug 22, 2026 @ 19:39:13.267",31003f2a0aa5ddebb50f044f4a4133d9,https://www.glossy.co/beauty/how-awards-show-beauty-partnerships-between-artists-brands-and-celebs-come-together-with-prtnrs-marissa-alfe-and-lauren-fitzgerald/,"How awards show beauty partnerships between artists, brands and celebs come together, with PRTNRS’ Marissa Alfe and Lauren FitzGerald","In today’s episode of the Glossy Beauty Podcast, host Lexy Lebsack interviews beauty industry agents Marissa Alfe and Lauren FitzGerald, co-founders of PRTNRS Management.",Lexy Lebsack,2026-08-06T20:00:00+00:00,,https://www.glossy.co/wp-content/uploads/sites/4/2026/08/GB_1140X520_0805.jpg
"Aug 22, 2026 @ 19:39:13.271",1b414da81bd5807db467d622e6544ac0,https://www.glossy.co/beauty/how-ulta-beauty-is-reaching-gen-zalpha-teen-boys-through-first-mens-masstige-fragrance-launch/,How Ulta Beauty is reaching Gen Zalpha teen boys through first men’s masstige fragrance launch,"Teen boys have become an increasingly important consumer demographic over the past few years thanks to their insatiable appetite for fragrance. Now, Ulta Beauty is aspiring to capture their attention with its first masstige fragrance launch. Glossy reporters Zofia Zwieglinska and Emily Jensen join Glossy Beauty Podcast host Lexy Lebsack to unpack the rise of the Gen Zalpha fraghead and how Ulta Beauty is hoping to woo them.",Lexy Lebsack,2026-07-30T04:00:00+00:00,,https://www.glossy.co/wp-content/uploads/sites/4/2026/07/GB_1140X520_0729.jpg
"Aug 22, 2026 @ 19:39:13.321",c1724a9bb57c0d3d573f3a9044c79f1a,https://www.glossy.co/beauty/glossy-pop-newsletter-a-viral-660-perfume-and-the-dupe-conversation-inspired-guerlains-first-paid-influencer-campaign/,Glossy Pop Newsletter: A viral $660 perfume and the dupe conversation inspired Guerlain’s first paid influencer campaign,"Guerlain is 198 years old and has created over 1,100 perfumes. Today, it sells around 100. And it is currently embarking on its first-ever paid influencer campaign to promote one of those fragrances — a $660 extrait, dubbed Vanille Planifolia.",Sara Spruch-Feiner,2026-04-24T04:04:00+00:00,,https://www.glossy.co/wp-content/uploads/sites/4/2026/04/Glossy-story-hero-image-phone.jpg
"Aug 22, 2026 @ 19:39:13.330",62e6597c8ccbcaf3545baf9868832f5f,https://www.glossy.co/events/glossy-pop-nyc-sep-2026/,Glossy Pop NYC,Glossy Pop NYC is the ultimate event for beauty lovers looking to get up close and personal with the industry’s most exciting brands and content creators.,,,,https://www.glossy.co/wp-content/uploads/sites/4/2025/03/glossy_pop_nyc_8-1.gif?w=1500
"Aug 22, 2026 @ 19:39:13.341",492b78aa87b3c74a0c9a60478e76b046,https://www.glossy.co/events/brand-leaders-dinner-nyc-sep-2026/,Brand Leaders Dinner NYC,"The Glossy x Modern Retail Brand Leaders Dinner is an exclusive, invitation-only dinner bringing together influential brand executives to discuss their biggest challenges and industry opportunities.",Jennifer McCreary,,,https://www.modernretail.co/wp-content/uploads/sites/5/2026/07/globalpaymentsdinner_sep2026.png
"Aug 22, 2026 @ 19:39:13.345",791d6e20c49931db643763a30441accd,https://www.glossy.co/beauty/loreal-groupe-ceo-unpacks-the-impact-of-middle-east-conflict-potential-price-increases/,"L’Oréal Groupe CEO unpacks the impact of Middle East conflict, potential price increases","L’Oréal Groupe CEO Nicolas Hieronimus and CFO Christophe Babule discuss the impact of the Middle East conflict, including the chance of price increases in Q2. By its CFO’s calculations, L’Oréal Groupe could lose between $105 million and $117 million from supply chain price increases caused by the conflict if it continues.",Lexy Lebsack,2026-04-23T04:05:00+00:00,,https://www.glossy.co/wp-content/uploads/sites/4/2026/04/1682157670810.webp
"Aug 22, 2026 @ 19:39:13.356",989808a5e947ffd2c84876707011aa59,https://www.glossy.co/events/ai-marketing-strategies-sep-2026/,AI Marketing Strategies,Join us for AI Marketing Strategies as we map out the state of play of an industry being reshaped by AI.,,,,
"Aug 22, 2026 @ 19:39:13.415",21d6a2a1084caa5e016390bacb922215,https://www.glossy.co/beauty/exclusive-noyz-partners-with-ella-langley-to-launch-first-celeb-fronted-scent-at-stagecoach/,Exclusive: Noyz partners with Ella Langley to launch its first celeb-fronted scent at Stagecoach,"On Thursday, country music star Ella Langley will announce the upcoming launch of the scent she co-created with Noyz. The fragrance is dubbed ""Be Her,"" and it will soft-launch at Stagecoach before its official, wide release on May 10 at all Ulta Beauty stores.",Sara Spruch-Feiner,2026-04-23T04:04:00+00:00,,https://www.glossy.co/wp-content/uploads/sites/4/2026/04/Glossy-hero-0422.jpg
"Aug 22, 2026 @ 19:39:13.475",04f2c8feefd58b9cc4a68aa90a0c9336,https://www.glossy.co/beauty/can-a-diffusion-beauty-line-work-indie-lee-hopes-to-prove-it-can/,Can a diffusion beauty line work? Indie Lee hopes to prove it can,"Indie Lee launched her namesake beauty brand — a pioneer of the ""clean"" beauty movement — in 2010. Now owned by parent company American Exchange, the brand is embarking on a new chapter: a diffusion line, Indie Lee Botanicals, which launched at Whole Foods in February with four products.",Sara Spruch-Feiner,2026-04-23T04:02:00+00:00,,https://www.glossy.co/wp-content/uploads/sites/4/2026/04/GB_1140X520_0421.jpg
"Aug 22, 2026 @ 19:39:13.570",bdd46ec102c2bab50764c60cf117fd3d,https://www.glossy.co/beauty/page/10/,Beauty Archives,"With a variety of technological innovations in the space, the beauty industry is rapidly evolving. Today, it’s common to use an augmented reality app to try on makeup, and relying on smart tools to guide applications and recommend products is set to be the next norm.",,,,
"Aug 22, 2026 @ 19:39:13.577",800c69171c701e66358c5faef0863247,https://www.glossy.co/beauty/were-not-looking-for-brand-exclusivity-how-amazon-is-looking-to-win-over-beauty-consumers/,'We're not looking for brand exclusivity': How Amazon is looking to win over beauty consumers,"The retailer will be offering steep sales to beauty consumers as part of its fourth-annual Summer Beauty Event. But in a competitive beauty retail environment, the e-commerce giant wants to be known for more than just discounting.",Emily Jensen,2026-04-22T04:02:00+00:00,,https://www.glossy.co/wp-content/uploads/sites/4/2025/07/delivery-station-of-the-future-1-dnz3-delivering-the-future.jpg?w=4000
"Aug 22, 2026 @ 19:39:13.661",680f897896bad3f0105b047f8d4a9f95,https://www.glossy.co/beauty/wellness/the-wellness-hospitality-opportunity-is-growing-plus-news/,"Wellness Briefing: The wellness hospitality opportunity is growing, plus news","Glossy unpacks the growing wellness hospitality opportunity, which includes longevity-, sleep- and fitness-focused activations, and offerings across hotels and spas.",Lexy Lebsack,2026-04-22T04:00:00+00:00,,https://www.glossy.co/wp-content/uploads/sites/4/2026/04/image.jpeg
"Aug 22, 2026 @ 19:39:13.715",08cefd2c8340331f82ad2d80fd9ecb3b,https://www.glossy.co/beauty/beauty-briefing-how-mind-games-achieved-double-digit-sales-growth-with-no-hero-fragrance/,Beauty Briefing: How Mind Games achieved double-digit sales growth with no hero fragrance,"This week, I checked in on the growth of chess-inspired fragrance brand Mind Games.",Emily Jensen,2026-04-21T04:02:00+00:00,,https://www.glossy.co/wp-content/uploads/sites/4/2026/04/mind-games-growth.jpg
"Aug 22, 2026 @ 19:39:13.727",e6f1e790d2fff2cc2a367b6db615c43c,https://www.glossy.co/series/pop-newsletter/,Glossy Pop Newsletter Archives,,,,,
"Aug 22, 2026 @ 19:39:13.783",0b2f67fa2d7de7e1514e2a726fdafc03,https://www.glossy.co/beauty/beauty-briefing-the-fragrance-consumer-is-experimental-as-ever-why-snif-is-going-even-weirder-with-its-latest-ulta-launch/,Beauty Briefing: 'The fragrance consumer is experimental as ever’: Why Snif is going 'even weirder' with its latest Ulta launch,"This week, I checked in on fragrance brand Snif’s launch of pizza- and Swedish-candy-inspired scents at Ulta.",Emily Jensen,2026-02-03T05:02:00+00:00,,https://www.glossy.co/wp-content/uploads/sites/4/2026/02/snif-ulta-secret-menu.jpg?w=8192
"Aug 22, 2026 @ 19:39:13.806",d09531de88622713410d6a3f9dafa186,https://www.glossy.co/beauty/beauty-wellness-briefing-fragrance-continues-stunning-growth-across-an-increasingly-bifurcated-category/,Beauty & Wellness Briefing: Fragrance continues stunning growth across an increasingly bifurcated category,"This week, Glossy checked in with industry analysts to better understand the phenomenal growth happening in the fragrance category, which appears to be further bifurcated across mass and luxury offerings. Additionally, the latest celebrity hair-care and sunscreen launches and the executive moves worth watching.",Lexy Lebsack,2024-05-14T04:10:00+00:00,,https://www.glossy.co/wp-content/uploads/sites/4/2024/05/pexels-mart-production-8450539.jpg?w=1024
"Aug 22, 2026 @ 19:39:13.806",0bd55fc68ac89b06550f368c26168b00,https://www.glossy.co/series/beauty-podcast/,The Glossy Beauty Podcast Archives,Each Glossy Beauty Podcast episode features candid conversations about how today’s trends are shaping the future of the beauty and wellness industries.,,,,
"Aug 22, 2026 @ 19:39:13.886",69671ebc40ce18e717d8278ee46a67d7,https://www.glossy.co/beauty/how-fragrance-brands-are-digitally-adapting-to-a-pandemic-holiday-season/,How fragrance brands are digitally adapting to a pandemic holiday season,"To drive sales during the holiday gifting season, fragrance brands are looking to digital tools, rather than department store salespeople.",,2020-12-09T05:00:26+00:00,,https://www.glossy.co/wp-content/uploads/sites/4/2020/12/SNIF2020-35125.jpg
"Aug 22, 2026 @ 19:39:13.931",3316379f8998224b43bfc325f801bde7,https://www.glossy.co/beauty/the-beauty-industry-welcomes-a-flood-of-new-peptide-products-as-peptide-therapy-trends-online/,The beauty industry welcomes a flood of new peptide products as 'peptide therapy' trends online,"In many ways, 2026 is the year of peptides. Now, after a topical peptide surge in 2023 that included peptide skin care from Goop, Glow Recipe and Naturium, it seems the beauty industry is in for another wave. Glossy sat down with several brand founders and execs betting on the rise of new peptide products.",Lexy Lebsack,2026-04-20T04:04:00+00:00,,https://www.glossy.co/wp-content/uploads/sites/4/2026/04/0107-YSE-BEAUTY3973.jpg?w=9160
"Aug 22, 2026 @ 19:39:14.005",ff45b513b56c634a77e2d30abd140b95,https://www.glossy.co/beauty/glossy-pop-newsletter-the-devil-wears-prada-2-is-the-movie-collaborator-fashion-and-beauty-brands-were-waiting-for/,Glossy Pop Newsletter: Why 'The Devil Wears Prada 2' is the collaborator fashion and beauty brands have been waiting for,"Unlike ""Barbie,"" ""Wicked"" and ""Wicked: For Good"" before it, ""The Devil Wears Prada 2"" has presented a unique opportunity to beauty and fashion brands, in that the film itself is about their very industries.",Sara Spruch-Feiner,2026-04-17T04:04:00+00:00,,https://www.glossy.co/wp-content/uploads/sites/4/2026/04/Glossy-49.jpg
"Aug 22, 2026 @ 19:39:14.015",e40e74c3ec1ce2e9197952dabb937256,https://www.glossy.co/beauty/whats-that-smell-its-akigalawood/,What's that smell? It's Akigalawood,"The biotech-derived molecule has become a star player in hit fragrances like Amouage Guidance and Essential Parfums Bois Impérial, speaking to today's fragrance consumers who are as familiar with innovative ingredients as brand names. That’s good news for Givaudan, the Swiss fragrance giant that developed Akigalawood and retains exclusive rights to the ingredient.",Emily Jensen,2026-04-20T04:02:00+00:00,,https://www.glossy.co/wp-content/uploads/sites/4/2026/04/bois-imperial-essential-parfums-akigalawood.jpg
"Aug 22, 2026 @ 19:39:14.105",b75284949c7e3b8824654f44f765ecd3,https://www.glossy.co/beauty/at-capital-markets-day-kering-outlines-next-step-for-beauty-business-loreal-partnership/,"At Capital Markets Day, Kering outlines next step for beauty business, L’Oréal partnership","At its Capital Markets Day, Kering detailed how its L’Oréal partnership will scale its beauty business, signaling a broader change in how luxury groups approach growth and infrastructure.",Zofia Zwieglinska,2026-04-16T10:11:37+00:00,,https://www.glossy.co/wp-content/uploads/sites/4/2026/04/IMG_9245.jpg
"Aug 22, 2026 @ 19:39:14.159",66ebbb45440f31d77a0fdcc5b197399f,https://www.glossy.co/beauty/exclusive-dr-joyce-park-enters-hair-care-with-science-backed-brand-kerativ/,Exclusive: Dr. Joyce Park enters hair care with science-backed brand Kerativ,"Dermatologist-founded brands are nothing new: Dr. Dennis Gross launched his namesake line 26 years ago, while Dr. Muneeb Shah debuted Remedy Skin in 2024 and Dr. Shereene Idriss launched her brand in 2022. But while those brands focus on skin care, Dr. Joyce Park — known as @teawithmd — is entering hair care.",Sara Spruch-Feiner,2026-04-16T04:02:00+00:00,,https://www.glossy.co/wp-content/uploads/sites/4/2026/04/Glossy-0414.jpg
"Aug 22, 2026 @ 19:39:14.202",0ab1ae6c56d42c2ea07127125533dfca,https://www.glossy.co/beauty/wonderskin-ceo-michael-malinsky-on-turning-a-viral-product-into-a-thriving-beauty-brand/,Wonderskin CEO Michael Malinsky on turning a viral product into a thriving beauty brand,"Michael Malinsky’s 6-year-old brand Wonderskin could have easily become a one-hit wonder. The brand’s $22 peel-off lip stain went viral on TikTok for its metallic blue formula and social media-friendly reveal and has since sold more than 6 million units. But what happened next is the rare part: The brand successfully launched into several more categories, including eye and complexion; took on $50 million in funding led by Insight Partners; and launched into traditional retail with Sephora. Malinsky joined the Glossy Beauty Podcast to share just how he did it.",Lexy Lebsack,2026-04-16T04:03:00+00:00,,https://www.glossy.co/wp-content/uploads/sites/4/2026/04/GB_1140X520_0415.jpg
"Aug 22, 2026 @ 19:39:14.216",480523c955afa315e20ce7cc0b337538,https://www.glossy.co/beauty/cosrx-booth-fire-at-ulta-beauty-world-puts-orlando-consumer-show-opening-in-question/,Cosrx booth fire at Ulta Beauty World rattles Orlando consumer show,"The overnight fire at Ulta Beauty World in Orlando will not prevent the consumer show from opening for consumers, according to a representative from Ulta Beauty.",Lexy Lebsack,2026-04-15T17:58:59+00:00,,https://www.glossy.co/wp-content/uploads/sites/4/2026/04/Screenshot-2026-04-15-at-10.53.33-AM.png?w=2354
"Aug 22, 2026 @ 19:39:14.326",cd7a36e0212ad99fe61cf2366127863d,https://www.glossy.co/beauty/wellness/why-every-wellness-company-wants-your-blood-sample-plus-news/,"Wellness Briefing: Why every wellness company wants your blood sample, plus news","Glossy is unpacking the evolving market of blood panel diagnostics, which were traditionally only ordered by one’s physician but have quickly become big business in the wellness industry. This includes Function Health’s acquisition of Getlabs, announced last week.",Lexy Lebsack,2026-04-15T04:00:00+00:00,,https://www.glossy.co/wp-content/uploads/sites/4/2026/04/pexels-karola-g-4040561.jpg
"Aug 22, 2026 @ 19:39:14.331",973dafa5970e13ec65f27741c6cda026,https://www.glossy.co/podcasts/the-ins-and-outs-of-branded-beauty-and-wellness-events-with-bilal-kaiser-founder-of-agency-guacamole/,"The ‘ins and outs’ of branded beauty and wellness events with Bilal Kaiser, founder of Agency Guacamole",Glossy Beauty Podcast host Lexy Lebsack interviews Agency Guacamole founder Bilal Kaiser about the ins and outs of branded beauty events.,Lexy Lebsack,2026-08-13T04:00:00+00:00,,https://www.glossy.co/wp-content/uploads/sites/4/2026/08/GB_1140X520_0811.jpg
"Aug 22, 2026 @ 19:39:14.339",31003f2a0aa5ddebb50f044f4a4133d9,https://www.glossy.co/beauty/how-awards-show-beauty-partnerships-between-artists-brands-and-celebs-come-together-with-prtnrs-marissa-alfe-and-lauren-fitzgerald/,"How awards show beauty partnerships between artists, brands and celebs come together, with PRTNRS’ Marissa Alfe and Lauren FitzGerald","In today’s episode of the Glossy Beauty Podcast, host Lexy Lebsack interviews beauty industry agents Marissa Alfe and Lauren FitzGerald, co-founders of PRTNRS Management.",Lexy Lebsack,2026-08-06T20:00:00+00:00,,https://www.glossy.co/wp-content/uploads/sites/4/2026/08/GB_1140X520_0805.jpg
"Aug 22, 2026 @ 19:39:14.345",1b414da81bd5807db467d622e6544ac0,https://www.glossy.co/beauty/how-ulta-beauty-is-reaching-gen-zalpha-teen-boys-through-first-mens-masstige-fragrance-launch/,How Ulta Beauty is reaching Gen Zalpha teen boys through first men’s masstige fragrance launch,"Teen boys have become an increasingly important consumer demographic over the past few years thanks to their insatiable appetite for fragrance. Now, Ulta Beauty is aspiring to capture their attention with its first masstige fragrance launch. Glossy reporters Zofia Zwieglinska and Emily Jensen join Glossy Beauty Podcast host Lexy Lebsack to unpack the rise of the Gen Zalpha fraghead and how Ulta Beauty is hoping to woo them.",Lexy Lebsack,2026-07-30T04:00:00+00:00,,https://www.glossy.co/wp-content/uploads/sites/4/2026/07/GB_1140X520_0729.jpg
"Aug 22, 2026 @ 19:39:14.351",492b78aa87b3c74a0c9a60478e76b046,https://www.glossy.co/events/brand-leaders-dinner-nyc-sep-2026/,Brand Leaders Dinner NYC,"The Glossy x Modern Retail Brand Leaders Dinner is an exclusive, invitation-only dinner bringing together influential brand executives to discuss their biggest challenges and industry opportunities.",Jennifer McCreary,,,https://www.modernretail.co/wp-content/uploads/sites/5/2026/07/globalpaymentsdinner_sep2026.png
"Aug 22, 2026 @ 19:39:14.355",62e6597c8ccbcaf3545baf9868832f5f,https://www.glossy.co/events/glossy-pop-nyc-sep-2026/,Glossy Pop NYC,Glossy Pop NYC is the ultimate event for beauty lovers looking to get up close and personal with the industry’s most exciting brands and content creators.,,,,https://www.glossy.co/wp-content/uploads/sites/4/2025/03/glossy_pop_nyc_8-1.gif?w=1500
"Aug 22, 2026 @ 19:39:14.377",be42184770d25d5817dd59f744662671,https://www.glossy.co/beauty/homecourt-doubles-down-on-luxe-hand-care-with-new-exfoliating-hand-soap/,Courteney Cox's Homecourt doubles down on luxe hand care with new exfoliating product,"When Courteney Cox launched Homecourt in 2022, she did so with a lineup of three products. The brand's hand care has become a runaway hit — it now accounts for 20% of the brand's business. Given the category's success, the brand is building on it, starting this week.",Sara Spruch-Feiner,2026-04-14T04:04:00+00:00,,https://www.glossy.co/wp-content/uploads/sites/4/2026/04/Glossy-hero-0409-1.jpg
"Aug 22, 2026 @ 19:39:14.381",989808a5e947ffd2c84876707011aa59,https://www.glossy.co/events/ai-marketing-strategies-sep-2026/,AI Marketing Strategies,Join us for AI Marketing Strategies as we map out the state of play of an industry being reshaped by AI.,,,,
"Aug 22, 2026 @ 19:39:14.417",53f69d5fad7e45e2ef1d02d005640b56,https://www.glossy.co/beauty/sol-de-janeiros-director-of-global-influence-and-brand-advocacy-on-the-rise-of-non-followers-and-the-new-rules-of-social-engagement/,Sol de Janeiro’s director of global influence on the rise of 'non-followers' and the new rules of social engagement,"During a live discussion for the new Glossy Campus creator network, Glossy caught up with Sol de Janeiro's Avrielle Cortes to discuss the brand's creator partnership strategy, how creators can get the most out of their brand deals and more.",Emily Jensen,2026-04-13T04:00:00+00:00,,https://www.glossy.co/wp-content/uploads/sites/4/2025/06/sol-de-janeiro-2.jpg
"Aug 22, 2026 @ 19:39:14.421",a04dfedbe2c49be586813b8e03bdf3f8,https://www.glossy.co/beauty/beauty-briefing-the-business-of-being-rachel-zoe/,Beauty Briefing: The business of being Rachel Zoe,"This week, I checked in on Rachel Zoe’s return to the spotlight and how she's leveraging value of the “Real Housewives” empire.",Emily Jensen,2026-04-14T04:05:00+00:00,,https://www.glossy.co/wp-content/uploads/sites/4/2026/04/rachel-zoe-real-housewives-reality-tv.jpg?w=6000
"Aug 22, 2026 @ 19:39:14.587",8113b370eea513b2db9a16719d278fdc,https://www.glossy.co/beauty/its-a-10-haircare-taps-khloe-kardashian-as-ambassador-plots-packaging-rebrand-book-release-to-celebrate-20th-anniversary/,"It’s a 10 Haircare taps Khloé Kardashian as ambassador, plots packaging rebrand, book release for 20th anniversary","It's a 10 CEO and founder Carolyn Aronson is leveraging the company’s $500 million annual retail sales revenue into its first spokesperson, a packaging rebrand planned for summer 2026, and an autobiographical book release.",Lexy Lebsack,2026-04-10T12:30:00+00:00,,https://www.glossy.co/wp-content/uploads/sites/4/2026/04/Glossy-0413-1.jpg
"Aug 22, 2026 @ 19:39:14.607",9d4317f599917b1b2fc5dd86f0eee189,https://www.glossy.co/beauty/page/11/,Beauty Archives,"With a variety of technological innovations in the space, the beauty industry is rapidly evolving. Today, it’s common to use an augmented reality app to try on makeup, and relying on smart tools to guide applications and recommend products is set to be the next norm.",,,,
"Aug 22, 2026 @ 19:39:14.636",86908d5ef4fe946c84965653064447e8,https://www.glossy.co/podcasts/glossier-built-the-modern-beauty-playbook-now-what/,Glossier built the modern beauty playbook — now what?,"The latest Glossy Beauty Podcast explores the state and future of Glossier, which famously helped pioneer the modern ""clean girl"" aesthetic.",Sara Spruch-Feiner,2026-04-09T04:03:00+00:00,,https://www.glossy.co/wp-content/uploads/sites/4/2026/04/GB_1140X520-0408.jpg
"Aug 22, 2026 @ 19:39:14.636",2ca8db2ef92d4b0461905fff35088bda,https://www.glossy.co/beauty/ipsy-joins-the-wnba-craze-as-the-official-beauty-partner-of-the-las-vegas-aces/,Ipsy joins the WNBA craze as the official beauty partner of the Las Vegas Aces,"Another beauty brand is stepping into the sports arena. On Wednesday, the beauty subscription service announced a new partnership with the 2025 WNBA champions as it seeks to reach audiences outside of traditional beauty channels.",Emily Jensen,2026-04-08T09:45:00+00:00,,https://www.glossy.co/wp-content/uploads/sites/4/2026/04/ipsy-las-vegas-aces-wnba.jpg
"Aug 22, 2026 @ 19:39:14.652",e6f1e790d2fff2cc2a367b6db615c43c,https://www.glossy.co/series/pop-newsletter/,Glossy Pop Newsletter Archives,,,,,
"Aug 22, 2026 @ 19:39:14.822",4e5318ba463d5d538ae04af33c60e6e8,https://www.glossy.co/shop/sustainable-fashion-and-beauty-brands-that-give-back-year-round/,Sustainable fashion and beauty brands that give back year-round,"Some of the simplest ways consumers fight against climate change and global warming are by recycling, saving energy at home and taking public transportation. In addition, beauty, fashion and wellness enthusiasts can choose to support brands and retailers that are actively doing the work to reduce greenhouse gas emissions year-round.",Tatiana Pile,2023-04-24T04:00:00+00:00,,https://www.glossy.co/wp-content/uploads/sites/4/2023/04/glossybanner_22.jpg?w=1024
"Aug 22, 2026 @ 19:39:14.838",5845849beb340d45c130d21bd1c196e8,https://www.glossy.co/beauty/origins-and-saies-new-initiatives-reflect-a-change-in-beautys-approach-to-sustainability/,Origins' and Saie's new initiatives reflect a change in beauty's approach to sustainability,"In 2025, Reuters reported that political backlash against ESG policies pushed companies to scale back public commitments while continuing to invest more cautiously. This is changing how brands approach sustainability, with some moving away from broad, global messaging toward more targeted, visible initiatives.",Zofia Zwieglinska,2026-04-08T09:43:00+00:00,,https://www.glossy.co/wp-content/uploads/sites/4/2026/04/ORIGINS_04162024_GREENTHEPLANET_0006_v1_0-1.jpg?w=6000
"Aug 22, 2026 @ 19:39:14.849",788928a51f87dba2b2e064ce81ec242a,https://www.glossy.co/beauty/confessions-of-a-sustainable-beauty-brand-founder-there-is-greenwashing-in-every-corner-of-the-industry/,Confessions of a sustainable beauty brand founder: 'There is greenwashing in every corner of the industry',"Although the sustainability conversation within beauty grows stronger every day, there is still a lack of transparency. Glossy spoke with an environmentally-friendly brand founder about just how much the industry is greenwashing, how sustainability begins with the ingredient supply chain and what customers have to say about the issue.",Emma Sandler,2020-02-07T05:00:02+00:00,,https://www.glossy.co/wp-content/uploads/sites/4/2018/10/adult-beauty-cosmetic-1029896.jpg
"Aug 22, 2026 @ 19:39:14.849",0bd55fc68ac89b06550f368c26168b00,https://www.glossy.co/series/beauty-podcast/,The Glossy Beauty Podcast Archives,Each Glossy Beauty Podcast episode features candid conversations about how today’s trends are shaping the future of the beauty and wellness industries.,,,,
"Aug 22, 2026 @ 19:39:14.855",40baf242eef4b393ff5679d9f784315b,https://www.glossy.co/series/shoptalk/,Shoptalk Archives,,,,,
"Aug 22, 2026 @ 19:39:14.875",c0caa1518b83d2f8b68a26bf77e9ecd8,https://www.glossy.co/beauty/innovation-hasnt-come-far-enough-how-indie-beauty-retailers-are-tackling-sustainability/,How indie beauty retailers are tackling sustainability,"Indie retailers that trade on a clean beauty stance, such as Follain and Detox Market, have begun dedicating resources to sustainability programs ranging from TerraCycle partnerships to environmental commitments. However, despite the hot topic of sustainability within the beauty industry, attempts at integrating sustainable practices underscore existing limitations in making an impact.",Emma Sandler,2020-01-30T05:00:42+00:00,,https://www.glossy.co/wp-content/uploads/sites/4/2020/01/DETOX_2020_0006.jpg
"Aug 22, 2026 @ 19:39:15.065",b6e89d50ae26f9ac462b43cb3835fbd7,https://www.glossy.co/beauty/beauty-briefing-the-billion-dollar-business-of-bath-body-works-japanese-cherry-blossom/,Beauty Briefing: The billion-dollar business of Bath & Body Works’ Japanese Cherry Blossom,"This week, I checked in on how the 20th anniversary of the hit scent Japanese Cherry Blossom ties into Bath & Body Works’ turnaround plan.",Emily Jensen,2026-04-07T09:45:00+00:00,,https://www.glossy.co/wp-content/uploads/sites/4/2026/04/japanese-cherry-blossom-.jpg
"Aug 22, 2026 @ 19:39:15.072",e574eaf5dd1bfcae81b57f418686c9fa,https://www.glossy.co/beauty/alix-earles-ceo-says-reale-actives-prepared-for-a-mixed-response-to-the-brand-launch/,Glossy Pop Newsletter: Alix Earle's CEO says Reale Actives prepared for a mixed response to the brand launch,"There were two things that could be all but certain when Alix Earle finally launched her brand on March 31: that it would sell out — which it did, in a matter of hours — and that it would be picked apart.",Sara Spruch-Feiner,2026-04-03T04:05:00+00:00,,https://www.glossy.co/wp-content/uploads/sites/4/2026/04/251210_AE_REALE_S2_0806-e1775166248150.jpg
"Aug 22, 2026 @ 19:39:15.095",2534dcf7e630a6d4d6374c699ec0d00d,https://www.glossy.co/beauty/why-ai-powered-wellness-chatbots-will-be-table-stakes-for-supplement-brands-with-thorne-cso-dr-nathan-price/,"Why AI-powered wellness chatbots will be 'table stakes' for supplement brands, with Thorne CSO Dr. Nathan Price","Thorne CSO Dr. Nathan Price joined The Glossy Beauty Podcast to break down the strategy, implementation and future of generative AI wellness chatbots – and why they’ll soon be table stakes for every supplement brand.",Lexy Lebsack,2026-04-02T04:01:00+00:00,,https://www.glossy.co/wp-content/uploads/sites/4/2026/04/Screenshot-2026-04-01-at-7.43.08-PM.png
"Aug 22, 2026 @ 19:39:15.116",e4db8d9347d77ee3ae42f7c6ac80368a,https://www.glossy.co/beauty/how-batiste-turned-a-viral-tiktok-into-a-campaign-in-5-days/,How Batiste turned a viral TikTok into a campaign in 5 days,"On March 16, creator Rebecca Pousma posted a TikTok with the headline ""SLOMW needs a dry shampoo collab,"" referring to the Hulu show ""The Secret Lives of Mormon Wives."" By March 26, Batiste brought such a collab to life.",Sara Spruch-Feiner,2026-04-02T04:03:00+00:00,,https://www.glossy.co/wp-content/uploads/sites/4/2026/03/Screenshot-2026-04-01-at-7.30.57-PM.png
"Aug 22, 2026 @ 19:39:15.298",852addcffc37338a5a4f0dace2cf3803,https://www.glossy.co/beauty/exclusive-fenty-beauty-launches-whatsapp-ai-advisor-as-messaging-becomes-beautys-next-commerce-channel/,Exclusive: Fenty Beauty launches WhatsApp AI advisor as messaging becomes beauty’s next commerce channel,"Fenty Beauty debuts its “Rose Amber” AI advisor on WhatsApp, as brands like L’Oréal push into chat-based shopping and conversational commerce gains traction globally.",Zofia Zwieglinska,2026-04-01T09:45:00+00:00,,https://www.glossy.co/wp-content/uploads/sites/4/2026/04/Screenshot-2026-04-02-at-7.57.47-AM.png
"Aug 22, 2026 @ 19:39:15.299",0c5fafe0e8faf68ffff35200587e5995,https://www.glossy.co/beauty/culture-is-moving-at-the-speed-of-swipe-why-e-l-f-beauty-considers-itself-an-entertainment-company-as-much-as-a-beauty-brand/,‘Culture is moving at the speed of swipe’: Why E.l.f. Beauty considers itself an entertainment company as much as a beauty brand,"With consumers turning more and more to platforms like TikTok Shop and ChatGPT to do their shopping, the beauty giant is hoping to stay ahead of a fast-evolving digital sphere.",Emily Jensen,2026-04-01T09:47:00+00:00,,https://www.glossy.co/wp-content/uploads/sites/4/2026/03/Screenshot-2026-03-31-at-5.09.36-PM-1.png?w=2200
"Aug 22, 2026 @ 19:39:15.316",687ba4dd6adf6cbed46f3c45cde9d574,https://www.glossy.co/beauty/wellness/service-based-businesses-are-attracting-new-customers-through-wellness-offerings-plus-news/,"Wellness Briefing: Service-based businesses are attracting new customers through wellness offerings, plus news","Glossy checked in with Jeff Bladt, svp of pricing and marketplace at Playlist, parent company to ClassPass, MindBody and Booker, to learn how fitness studios and gyms are attracting new customers through wellness offerings.",Lexy Lebsack,2026-04-01T04:00:00+00:00,,https://www.glossy.co/wp-content/uploads/sites/4/2026/03/pexels-olly-3967280.jpg
"Aug 22, 2026 @ 19:39:15.342",37f256781e1496dd01c0a231a05cebea,https://www.glossy.co/beauty/beauty-briefing-how-fragrance-is-winning-on-tiktok-shop/,Beauty Briefing: How fragrance is winning on TikTok Shop,"This week, I checked in on Snif’s explosive sales day on TikTok Shop thanks to Mikayla Nogueira, and what it means for the category and the retailer as a whole.",Emily Jensen,2026-03-31T04:04:00+00:00,,https://www.glossy.co/wp-content/uploads/sites/4/2026/03/snif-mikayla-noeguiera-tiktok-shop.jpg?w=6445
"Aug 22, 2026 @ 19:39:15.351",973dafa5970e13ec65f27741c6cda026,https://www.glossy.co/podcasts/the-ins-and-outs-of-branded-beauty-and-wellness-events-with-bilal-kaiser-founder-of-agency-guacamole/,"The ‘ins and outs’ of branded beauty and wellness events with Bilal Kaiser, founder of Agency Guacamole",Glossy Beauty Podcast host Lexy Lebsack interviews Agency Guacamole founder Bilal Kaiser about the ins and outs of branded beauty events.,Lexy Lebsack,2026-08-13T04:00:00+00:00,,https://www.glossy.co/wp-content/uploads/sites/4/2026/08/GB_1140X520_0811.jpg
"Aug 22, 2026 @ 19:39:15.495",a63eb14ba73554b785f4eb0249208e6a,https://www.glossy.co/beauty/wnba-player-lexie-hull-launches-forta-aimed-at-creating-a-new-category-of-performance-driven-makeup/,"WNBA player Lexie Hull launches Forta, aimed at creating a new category of performance-driven makeup","In food and beverage, brands like Clif Bar and Gatorade were built to cater to athletes' needs and then became mainstream; the same is true for Lululemon and Athleta. But in beauty, no one has approached products this way. This is the thesis for a new brand called Forta, a play on ""for the active.""",Sara Spruch-Feiner,2026-03-31T04:00:00+00:00,,https://www.glossy.co/wp-content/uploads/sites/4/2026/03/Glossy-0331.jpg
"Aug 22, 2026 @ 19:39:15.504",31003f2a0aa5ddebb50f044f4a4133d9,https://www.glossy.co/beauty/how-awards-show-beauty-partnerships-between-artists-brands-and-celebs-come-together-with-prtnrs-marissa-alfe-and-lauren-fitzgerald/,"How awards show beauty partnerships between artists, brands and celebs come together, with PRTNRS’ Marissa Alfe and Lauren FitzGerald","In today’s episode of the Glossy Beauty Podcast, host Lexy Lebsack interviews beauty industry agents Marissa Alfe and Lauren FitzGerald, co-founders of PRTNRS Management.",Lexy Lebsack,2026-08-06T20:00:00+00:00,,https://www.glossy.co/wp-content/uploads/sites/4/2026/08/GB_1140X520_0805.jpg
"Aug 22, 2026 @ 19:39:15.510",f2f61c31e886c18b158032f60e1d7b4c,https://www.glossy.co/beauty/dupe-fragrance-has-hit-the-mainstream-now-what/,Dupe fragrance has hit the mainstream. Now what?,"When dupe perfumes first hit the market, they existed largely on the periphery of the fragrance industry. Since then, dupe fragrance brands have exploded into the mainstream, entering major retailers, partnering with celebrities and occupying prime real estate. But within the fragrance industry, the term still elicits a certain hesitation — and in some cases, outright legal challenges.",Emily Jensen,2026-03-30T04:02:00+00:00,,https://www.glossy.co/wp-content/uploads/sites/4/2026/03/dupe-perfume-fragrance-mco.jpg?w=6007
"Aug 22, 2026 @ 19:39:15.514",1b414da81bd5807db467d622e6544ac0,https://www.glossy.co/beauty/how-ulta-beauty-is-reaching-gen-zalpha-teen-boys-through-first-mens-masstige-fragrance-launch/,How Ulta Beauty is reaching Gen Zalpha teen boys through first men’s masstige fragrance launch,"Teen boys have become an increasingly important consumer demographic over the past few years thanks to their insatiable appetite for fragrance. Now, Ulta Beauty is aspiring to capture their attention with its first masstige fragrance launch. Glossy reporters Zofia Zwieglinska and Emily Jensen join Glossy Beauty Podcast host Lexy Lebsack to unpack the rise of the Gen Zalpha fraghead and how Ulta Beauty is hoping to woo them.",Lexy Lebsack,2026-07-30T04:00:00+00:00,,https://www.glossy.co/wp-content/uploads/sites/4/2026/07/GB_1140X520_0729.jpg
"Aug 22, 2026 @ 19:39:15.517",62e6597c8ccbcaf3545baf9868832f5f,https://www.glossy.co/events/glossy-pop-nyc-sep-2026/,Glossy Pop NYC,Glossy Pop NYC is the ultimate event for beauty lovers looking to get up close and personal with the industry’s most exciting brands and content creators.,,,,https://www.glossy.co/wp-content/uploads/sites/4/2025/03/glossy_pop_nyc_8-1.gif?w=1500
"Aug 22, 2026 @ 19:39:15.525",492b78aa87b3c74a0c9a60478e76b046,https://www.glossy.co/events/brand-leaders-dinner-nyc-sep-2026/,Brand Leaders Dinner NYC,"The Glossy x Modern Retail Brand Leaders Dinner is an exclusive, invitation-only dinner bringing together influential brand executives to discuss their biggest challenges and industry opportunities.",Jennifer McCreary,,,https://www.modernretail.co/wp-content/uploads/sites/5/2026/07/globalpaymentsdinner_sep2026.png
"Aug 22, 2026 @ 19:39:15.537",989808a5e947ffd2c84876707011aa59,https://www.glossy.co/events/ai-marketing-strategies-sep-2026/,AI Marketing Strategies,Join us for AI Marketing Strategies as we map out the state of play of an industry being reshaped by AI.,,,,
"Aug 22, 2026 @ 19:39:15.542",fb897e95cea2bf95d0b7d1dd2cae94b3,https://www.glossy.co/beauty/glossy-pop-newsletter-whats-driving-the-beauty-bag-charm-trend/,What's driving the beauty bag charm trend,"It was nearly 10 years ago, in 2017, that Glossier first released a sweatshirt. It was simple, with the name of the brand emblazoned across the front. And then, in 2024, Hailey Bieber reinvented the beauty merch wheel with the invention of the Rhode Lip Case. Now, charms are a booming beauty trend.",Sara Spruch-Feiner,2026-03-27T04:04:00+00:00,,https://www.glossy.co/wp-content/uploads/sites/4/2026/03/Glossy-0326.jpg
"Aug 22, 2026 @ 19:39:15.555",e22dcad1411a50e639e1a5a62f8fbf4c,https://www.glossy.co/beauty/wellness/lancome-takes-longevity-to-dermatologists-raising-the-bar-for-beautys-buzziest-category/,Lancôme gets serious about longevity with new skin-care line,"Longevity has quickly become one of beauty’s most crowded areas, fueled by demand for preventative health, supplements and clinic treatments. Now, Lancôme is making its play, and it’s doing so in a way that puts its claims under immediate scrutiny.",Zofia Zwieglinska,2026-03-27T04:02:00+00:00,,https://www.glossy.co/wp-content/uploads/sites/4/2026/03/lan_skprem_absolue_longevity_MD_26-sv-products-trio-INTER-full.jpg?w=3730
"Aug 22, 2026 @ 19:39:15.728",3944e74c3c97a73088fdcd88096e5bef,https://www.glossy.co/beauty/page/12/,Beauty Archives,"With a variety of technological innovations in the space, the beauty industry is rapidly evolving. Today, it’s common to use an augmented reality app to try on makeup, and relying on smart tools to guide applications and recommend products is set to be the next norm.",,,,
"Aug 22, 2026 @ 19:39:15.748",f4135f8dde705100d0b95eddb5b44d3d,https://www.glossy.co/beauty/wellness/the-wellness-patch-brands-leading-the-categorys-explosive-growth-plus-news/,"Wellness Briefing: The wellness patch brands leading the category's explosive growth, plus news","The stunning online growth of the wellness patches includes 2,700% year-over-year growth in NAD+ patches.",Lexy Lebsack,2026-03-25T04:02:00+00:00,,https://www.glossy.co/wp-content/uploads/sites/4/2026/03/Glossy-Hero-Image-0324.jpg
"Aug 22, 2026 @ 19:39:15.755",81276243aeed7a9087e94943005c5fd4,https://www.glossy.co/beauty/julie-cartwright-on-pvolves-prolific-partnership-strategy-with-beauty-wellness-and-fashion-brands/,"Julie Cartwright on Pvolve’s prolific partnership strategy with beauty, wellness and fashion brands","Since its launch in 2017, fitness brand Pvolve has partnered with dozens of companies including beauty brands like Tower28 and Lolavie; supplement makers Armra, Nutrafol and Tally Health; apparel brands like Lululemon and Beyond Yoga; F&B companies including Erewhon and Smart Water; global giants like Amex and Amazon; plus Weight Watchers and Hers from the health sector. Pvolve founding president Julie Cartwright joined the Glossy Beauty Podcast to discuss her in-depth partnership strategy, including national and regional collabs, that are driving awareness, sales and subscriptions.",Lexy Lebsack,2026-03-26T04:01:00+00:00,,https://www.glossy.co/wp-content/uploads/sites/4/2026/03/GB_1140X520_93d990.jpg
"Aug 22, 2026 @ 19:39:15.785",79b42967e2638272e2e6277178beb577,https://www.glossy.co/beauty/what-a-potential-puig-and-estee-lauder-merger-means-for-fragrance/,What a potential Puig and Estée Lauder merger means for fragrance,A combined Puig and Estée Lauder would create one of the most powerful fragrance portfolios in the industry. But it also raises questions for what happens to creativity and innovation in a fragrance market that looks to be increasingly dominated by mega-corporations.,Emily Jensen,2026-03-24T21:13:51+00:00,,https://www.glossy.co/wp-content/uploads/sites/4/2026/03/byredo-puig-estee-lauder.jpg
"Aug 22, 2026 @ 19:39:15.951",c9f4ab90e624de60141c69eb629e1f92,https://www.glossy.co/beauty/what-recent-investments-from-estee-lauder-and-lvmh-say-about-the-fragrance-market/,Beauty Briefing: What recent investments from Estée Lauder and LVMH say about the fragrance market,"This week, I checked in on the spate of investments from major conglomerates into niche fragrance brands. Additionally, Gap taps Summer Fridays for its latest collab, and Black Friday data points to cautious purchasing.",Emily Jensen,2025-12-09T05:02:00+00:00,,https://www.glossy.co/wp-content/uploads/sites/4/2025/12/bdk-lvmh-1.jpg
"Aug 22, 2026 @ 19:39:15.953",8465c78ba0d585c83958ca5404a277e9,https://www.glossy.co/beauty/what-puigs-acquisition-of-charlotte-tilbury-means-for-beauty/,What Puig's acquisition of Charlotte Tilbury means for beauty,"After speculation, privately held Spanish company Puig confirmed a majority stake acquisition of Charlotte Tilbury.",Emma Sandler,2020-06-05T18:16:48+00:00,,https://www.glossy.co/wp-content/uploads/sites/4/2020/06/charlotte-tilbury.jpg
"Aug 22, 2026 @ 19:39:15.959",0bd55fc68ac89b06550f368c26168b00,https://www.glossy.co/series/beauty-podcast/,The Glossy Beauty Podcast Archives,Each Glossy Beauty Podcast episode features candid conversations about how today’s trends are shaping the future of the beauty and wellness industries.,,,,
"Aug 22, 2026 @ 19:39:15.979",30417c910c3ad4d3186adbfc3c028abb,https://www.glossy.co/beauty/whats-behind-loreals-niche-fragrance-investments/,What's behind L’Oréal's niche fragrance investments,"With recent investments in niche perfumers like Amouage and Borntostandout, L’Oréal is looking to capitalize on a growing appetite for fragrance brands built on craftsmanship, particularly in hot markets like China and the Middle East. But that also means facing stiff competition and winning over savvy consumers.",Emily Jensen,2025-02-26T05:05:00+00:00,,https://www.glossy.co/wp-content/uploads/sites/4/2025/02/240924_AMOUAGE_040_KV_DUO_053-V3.png?w=11347
"Aug 22, 2026 @ 19:39:16.018",188a1f23770a84d880c79c224d60073b,https://www.glossy.co/beauty/exclusive-tarte-founder-maureen-kelly-enters-nootropics-with-finnsul-co-founded-with-her-gen-z-sons/,"Exclusive: Tarte founder Maureen Kelly enters nootropics with Finnsul, co-founded with her Gen-Z sons","Maureen Kelly famously launched Tarte from her one-bedroom apartment in 1999. Twenty-six years later, she's debuting a second brand, Finnsul, with her two sons, Finn and Sully McDonough. The founders have bootstrapped the brand from Kelly's renovated garage. Finn is 18 and will be heading to college soon; Sully is 19 and a freshman at the University of Miami.",Sara Spruch-Feiner,2026-03-24T04:04:00+00:00,,https://www.glossy.co/wp-content/uploads/sites/4/2026/03/finnsul.jpg
"Aug 22, 2026 @ 19:39:16.157",ca9499ce070dac2aebe14e4dd3014d9a,https://www.glossy.co/beauty/beauty-briefing-the-monobrand-perfume-store-boom/,Beauty Briefing: What's behind the monobrand perfume store boom,"This week, I looked into the spate of perfume stores opening in New York and across the globe. Additionally, Puig shakes up its C-suite with a new CEO and CFO, and both L’Oréal and Estée Lauder have their eye on the Indian beauty market.",Emily Jensen,2026-03-24T04:02:00+00:00,,https://www.glossy.co/wp-content/uploads/sites/4/2026/03/amouage-soho-boutique-monobrand-perfume.jpg?w=4927
"Aug 22, 2026 @ 19:39:16.205",f0bd699878fdeb97ddfe46a98b5bee67,https://www.glossy.co/beauty/inside-sephorias-return-to-los-angeles-this-weekend/,Inside Sephoria’s return to Los Angeles this weekend,"Sephoria, Sephora’s large-scale consumer event that launched in 2018, opened in Los Angeles on Friday for two days of ticketed, immersive activations from more than 65 brands for around 8,000 consumers. Glossy sat down with Sephora CMO Zena Arnold at the event on Friday to learn about the goals, challenges and future plans for the 8-year-old event.",Lexy Lebsack,2026-03-20T20:55:08+00:00,,https://www.glossy.co/wp-content/uploads/sites/4/2026/03/DSC04052.jpg
"Aug 22, 2026 @ 19:39:16.213",20118046afe5c1b7b2b37d5ebd482210,https://www.glossy.co/beauty/wellness/remedy-place-launches-a-smart-nad-injection-pen-and-smart-peptide-pens-could-be-next/,Remedy Place launches a 'smart NAD injection pen' — and 'smart peptide pens' could be next,"Glossy sat down with Remedy Place founder Dr. Jonathan Leary to learn about the bi-coastal wellness club’s first NAD ""smart injection pen"" launch. A partnership with U.K.-based NADclinic, the new pens allow users to order online and inject the popular coenzyme several times per week over the course of a month, replacing IV drips and supplements. Now, Dr. Leary is planning peptide and vitamin smart pens, like BPC-157 and vitamin D, as demand surges.",Lexy Lebsack,2026-03-23T04:00:00+00:00,,https://www.glossy.co/wp-content/uploads/sites/4/2026/03/Screenshot-2026-03-19-at-11.18.27-AM.png?w=2860
"Aug 22, 2026 @ 19:39:16.235",1c7b98c1d5d134abdfe42610e53da427,https://www.glossy.co/beauty/wellness/wellness-briefing-how-top-uk-wellness-brand-ancient-brave-is-cracking-the-u-s-market-one-city-at-a-time-plus-news/,"Wellness Briefing: How top UK wellness brand Ancient + Brave is cracking the U.S. market one city at a time, plus news","This week, I checked in with U.K. wellness leader Ancient + Brave for takeaways from its official U.S. launch, which included a multi-week pop-up in Los Angeles, influencer partnerships, OOH advertising and more.",Lexy Lebsack,2026-03-18T04:02:00+00:00,,https://www.glossy.co/wp-content/uploads/sites/4/2026/03/Screenshot-2026-03-17-at-10.08.17-AM.png?w=2570
"Aug 22, 2026 @ 19:39:16.248",e6f1e790d2fff2cc2a367b6db615c43c,https://www.glossy.co/series/pop-newsletter/,Glossy Pop Newsletter Archives,,,,,
"Aug 22, 2026 @ 19:39:16.393",76b570b8a263e7645437f2d1d1c8638f,https://www.glossy.co/beauty/bloomeffects-founder-kim-van-haasters-7-year-journey-to-ulta/,Bloomeffects founder Kim van Haaster's 7-year journey to Ulta,"On this week’s episode of the Glossy Beauty Podcast, co-host Sara Spruch-Feiner sits down with Kim van Haaster, founder of Bloomeffects, to discuss the brand’s seven-year journey to Ulta Beauty. Bloomeffects officially launched at the retailer in February, but the journey was years in the making — and included multiple rejections, a brand redesign and a social post that transparently documented the whole process, including those rejections.",Sara Spruch-Feiner,2026-03-19T04:00:00+00:00,,https://www.glossy.co/wp-content/uploads/sites/4/2026/03/GB_1140X520-1.jpg
"Aug 22, 2026 @ 19:39:16.425",a47c8660e41a374ee80776d19ba1c359,https://www.glossy.co/beauty/beauty-briefing-why-botox-is-showing-up-everywhere-from-your-home-to-planned-parenthood/,"Beauty Briefing: Why Botox is showing up everywhere, from your home to Planned Parenthood","This week, I checked in on the rise of Botox and aesthetic treatments outside of the traditional dermatologist’s office.",Emily Jensen,2026-03-17T09:46:00+00:00,,https://www.glossy.co/wp-content/uploads/sites/4/2026/03/botox-planned-parenthood-erewhon-home.jpg
"Aug 22, 2026 @ 19:39:16.445",04e6c02cb3736aaaaf7c676ce6359ffc,https://www.glossy.co/beauty/macys-inc-is-looking-to-leverage-ai-ahead-of-a-cautious-outlook-for-2026/,"Macy's, Inc. is looking to leverage AI ahead of a cautious outlook for 2026","The department store giant and Bloomingdale's and Bluemercury owner reported a 1.5% growth in comparable sales for 2025. Looking ahead to 2026, however, the company is projecting sales to remain flat as consumers take a cautious approach to spending.",Emily Jensen,2026-03-18T13:04:45+00:00,,https://www.glossy.co/wp-content/uploads/sites/4/2025/11/2246553555.jpg?w=4000
"Aug 22, 2026 @ 19:39:16.455",973dafa5970e13ec65f27741c6cda026,https://www.glossy.co/podcasts/the-ins-and-outs-of-branded-beauty-and-wellness-events-with-bilal-kaiser-founder-of-agency-guacamole/,"The ‘ins and outs’ of branded beauty and wellness events with Bilal Kaiser, founder of Agency Guacamole",Glossy Beauty Podcast host Lexy Lebsack interviews Agency Guacamole founder Bilal Kaiser about the ins and outs of branded beauty events.,Lexy Lebsack,2026-08-13T04:00:00+00:00,,https://www.glossy.co/wp-content/uploads/sites/4/2026/08/GB_1140X520_0811.jpg
"Aug 22, 2026 @ 19:39:16.455",31003f2a0aa5ddebb50f044f4a4133d9,https://www.glossy.co/beauty/how-awards-show-beauty-partnerships-between-artists-brands-and-celebs-come-together-with-prtnrs-marissa-alfe-and-lauren-fitzgerald/,"How awards show beauty partnerships between artists, brands and celebs come together, with PRTNRS’ Marissa Alfe and Lauren FitzGerald","In today’s episode of the Glossy Beauty Podcast, host Lexy Lebsack interviews beauty industry agents Marissa Alfe and Lauren FitzGerald, co-founders of PRTNRS Management.",Lexy Lebsack,2026-08-06T20:00:00+00:00,,https://www.glossy.co/wp-content/uploads/sites/4/2026/08/GB_1140X520_0805.jpg
"Aug 22, 2026 @ 19:39:16.462",1b414da81bd5807db467d622e6544ac0,https://www.glossy.co/beauty/how-ulta-beauty-is-reaching-gen-zalpha-teen-boys-through-first-mens-masstige-fragrance-launch/,How Ulta Beauty is reaching Gen Zalpha teen boys through first men’s masstige fragrance launch,"Teen boys have become an increasingly important consumer demographic over the past few years thanks to their insatiable appetite for fragrance. Now, Ulta Beauty is aspiring to capture their attention with its first masstige fragrance launch. Glossy reporters Zofia Zwieglinska and Emily Jensen join Glossy Beauty Podcast host Lexy Lebsack to unpack the rise of the Gen Zalpha fraghead and how Ulta Beauty is hoping to woo them.",Lexy Lebsack,2026-07-30T04:00:00+00:00,,https://www.glossy.co/wp-content/uploads/sites/4/2026/07/GB_1140X520_0729.jpg
"Aug 22, 2026 @ 19:39:16.473",2771d0d9233de74c8ea9f03bfbbe4653,https://www.glossy.co/beauty/after-exiting-cvs-dermatologist-founded-fig-1-heads-to-sephora/,"After exiting CVS, dermatologist-founded Fig.1 heads to Sephora","In 2023, the dermatologist-founded skin care brand Fig. 1 launched across over 3,200 CVS locations. Now, having pulled out of the drugstore last August, it is debuting online at Sephora.",Sara Spruch-Feiner,2026-03-17T04:02:00+00:00,,https://www.glossy.co/wp-content/uploads/sites/4/2026/03/TDAVIS_Fig1_1252-copy-6-e1773693824142.jpeg
"Aug 22, 2026 @ 19:39:16.477",492b78aa87b3c74a0c9a60478e76b046,https://www.glossy.co/events/brand-leaders-dinner-nyc-sep-2026/,Brand Leaders Dinner NYC,"The Glossy x Modern Retail Brand Leaders Dinner is an exclusive, invitation-only dinner bringing together influential brand executives to discuss their biggest challenges and industry opportunities.",Jennifer McCreary,,,https://www.modernretail.co/wp-content/uploads/sites/5/2026/07/globalpaymentsdinner_sep2026.png
"Aug 22, 2026 @ 19:39:16.487",62e6597c8ccbcaf3545baf9868832f5f,https://www.glossy.co/events/glossy-pop-nyc-sep-2026/,Glossy Pop NYC,Glossy Pop NYC is the ultimate event for beauty lovers looking to get up close and personal with the industry’s most exciting brands and content creators.,,,,https://www.glossy.co/wp-content/uploads/sites/4/2025/03/glossy_pop_nyc_8-1.gif?w=1500
"Aug 22, 2026 @ 19:39:16.615",56eefe9e01a3efe096d5da7599e53b81,https://www.glossy.co/beauty/are-beauty-trade-shows-still-worth-it-for-brands-in-2026/,Are beauty trade shows still worth it for brands in 2026?,"What role do beauty trade shows play in modern business models? Glossy sat down with business leaders from established, heritage and emerging brands, including Dossier, Manic Panic and Santu Beauty, to unpack the risks and rewards of showing at trade shows like Cosmoprof North America in 2026.",Lexy Lebsack,2026-03-16T04:05:00+00:00,,https://www.glossy.co/wp-content/uploads/sites/4/2026/03/GlossyHeroImage.jpg
"Aug 22, 2026 @ 19:39:16.622",989808a5e947ffd2c84876707011aa59,https://www.glossy.co/events/ai-marketing-strategies-sep-2026/,AI Marketing Strategies,Join us for AI Marketing Strategies as we map out the state of play of an industry being reshaped by AI.,,,,
"Aug 22, 2026 @ 19:39:16.652",c1c576981739722439206737a44f313d,https://www.glossy.co/beauty/glossy-pop-newsletter-clinique-launches-first-ever-creator-led-campaign/,Glossy Pop Newsletter: Clinique launches first-ever 'creator-led' campaign,"The campaign, dubbed ""Unstoppable Together,"" stars married Olympic long-jumper Tara Davis-Woodhall and Paralympic sprinter Hunter Woodhall. The concept positions the couple as a dynamic duo, mirroring Clinique’s own hero pairing: Moisture Surge Active Glow Serum and Moisture Surge 100H Hydrator.",Sara Spruch-Feiner,2026-03-13T04:05:00+00:00,,https://www.glossy.co/wp-content/uploads/sites/4/2026/03/Glossy-banner-1.png
"Aug 22, 2026 @ 19:39:16.677",a643c204d2f5e81f814d52dc3d36f59c,https://www.glossy.co/beauty/ulta-beauty-ceo-announces-tiktokshop-launch-11-8-net-sales-jump-we-got-our-swagger-back/,"Ulta Beauty CEO announces TikTok Shop launch, 11.8% net sales jump: 'We got our swagger back'",Ulta Beauty will soon launch on TikTok Shop.,Lexy Lebsack,2026-03-13T04:04:00+00:00,,https://www.glossy.co/wp-content/uploads/sites/4/2024/03/Ulta-Beauty-Herald-Square.jpg
"Aug 22, 2026 @ 19:39:16.695",09bdfa5319915bb3e7c44e1fd72500a5,https://www.glossy.co/beauty/page/13/,Beauty Archives,"With a variety of technological innovations in the space, the beauty industry is rapidly evolving. Today, it’s common to use an augmented reality app to try on makeup, and relying on smart tools to guide applications and recommend products is set to be the next norm.",,,,
"Aug 22, 2026 @ 19:39:16.835",d5c992843a72717dbed314483a7ae4aa,https://www.glossy.co/beauty/sephora-announces-partnership-with-f1-academy/,Sephora announces partnership with F1 Academy,"The LVMH-owned beauty giant is the latest brand to partner with F1 Academy, the women’s racing championship founded by Formula One Group. It joins the likes of Charlotte Tilbury and Wella Professionals in seeing the growing opportunity in the emerging sports league.",Emily Jensen,2026-03-12T04:04:00+00:00,,https://www.glossy.co/wp-content/uploads/sites/4/2026/03/sephora-formula-1-f1-academy.jpg?w=4000
"Aug 22, 2026 @ 19:39:16.859",42d3bdc098b16c9cc0bbb32265d4bd65,https://www.glossy.co/beauty/exclusive-fat-mascara-is-back/,Exclusive: Fat Mascara is back,"When Jessica Matlin announced what was then the final episode of Fat Mascara in May 2025, she didn't know what she would do with the podcast she had built over nearly 10 years and 580 episodes. Now, the beloved beauty podcast is back, with People Inc. and Milani on board as partners of its new era.",Emily Jensen,2026-03-12T04:03:00+00:00,,https://www.glossy.co/wp-content/uploads/sites/4/2026/03/fat-mascara-announcement.jpg
"Aug 22, 2026 @ 19:39:16.868",98806db944e8f6174e4600ed1c171cde,https://www.glossy.co/beauty/wellness/health-secretary-rfk-jr-teases-deregulation-of-injectable-peptides-as-the-category-swells-and-battles-counterfeits-plus-news/,"Wellness Briefing: Health Secretary RFK, Jr. teases deregulation of injectable peptides as the category swells, plus news","This week, I’m breaking down new changes coming to the injectable peptide market, including FDA’s proposed deregulation announced by health czar RFK, Jr. and how it is likely to impact the supplement and wellness spaces.",Lexy Lebsack,2026-03-11T04:05:00+00:00,,https://www.glossy.co/wp-content/uploads/sites/4/2026/03/pexels-thirdman-5922100.jpg
"Aug 22, 2026 @ 19:39:16.925",800eca968180d2fa9597d3af1d7d42da,https://www.glossy.co/beauty/injectable-peptide-therapy-went-mainstream-in-2025-priming-consumers-for-the-next-big-wave-in-wellness/,"Injectable peptide therapy went mainstream in 2025, priming consumers for the next big wellness wave","Empowered by the blessing of the Health Secretary, RFK. Jr., TikTok biohackers ushered peptide therapy into the mainstream online in 2025. Now the controversial treatment is primed to shake up the wellness industry thanks to a wave of educational and anecdotal social content, business investments, and new technology set to drive its reach in the U.S. in the next two years.",Lexy Lebsack,2026-01-05T05:07:00+00:00,,https://www.glossy.co/wp-content/uploads/sites/4/2025/12/pexels-thirdman-5922104.jpg
"Aug 22, 2026 @ 19:39:17.037",692f59b0de0d7abe0c8d1d3415913c32,https://www.glossy.co/podcasts/peptides-101-how-bpc-157-and-peptide-stacks-are-driving-wellness-culture-with-nyts-david-dodge-and-mcgills-jonathan-jarry/,"Peptides 101: How BPC-157 and 'peptide stacks' are driving wellness culture, with NYT's David Dodge and McGill's Jonathan Jarry","Injectable peptide therapy, a controversial wellness trend that caught fire online in 2025, shows no signs of slowing down in 2026.",Lexy Lebsack,2026-02-12T05:01:00+00:00,,https://www.glossy.co/wp-content/uploads/sites/4/2026/02/GB_1140X520_Retouched-4-1.jpg
"Aug 22, 2026 @ 19:39:17.045",4dd4ee740fbffca3c50a8a2af225d59c,https://www.glossy.co/beauty/wellness/,Wellness Archives,,,,,
"Aug 22, 2026 @ 19:39:17.051",922166f00b4638613fc13d3b869edee0,https://www.glossy.co/beauty/inside-the-new-era-of-long-wear-makeup/,Glossy Pop Newsletter: Inside the new era of long-wear makeup,"Long-lasting makeup — able to withstand face masks, meetings, dinners and dates — is increasingly top of mind for everyday consumers; it's no longer solely the concern of celebrities being photographed on the red carpet.",Sara Spruch-Feiner,2026-03-06T05:04:00+00:00,,https://www.glossy.co/wp-content/uploads/sites/4/2026/03/Group3-e1772764605677.jpg
"Aug 22, 2026 @ 19:39:17.058",e6f1e790d2fff2cc2a367b6db615c43c,https://www.glossy.co/series/pop-newsletter/,Glossy Pop Newsletter Archives,,,,,
"Aug 22, 2026 @ 19:39:17.068",c2c1fda88753902c738a6c3cffda1297,https://www.glossy.co/beauty/beauty-wellness-briefing-how-rfk-jr-s-health-secretary-appointment-could-impact-the-wellness-industry/,Beauty & Wellness Briefing: How RFK Jr.’s health secretary appointment could impact the beauty and wellness industries,"This week, I checked in with experts to learn about potential changes to the beauty and wellness industries under Robert F. Kennedy Jr., who was recently appointed Health Secretary under president elect Donald Trump pending Senate approval. Additionally, Ulta Beauty rethinks its return policy, The Inkey List hires its first CMO, and recently-acquired Violet Grey expands its brick-and-mortar footprint.",Lexy Lebsack,2024-11-19T05:10:00+00:00,,https://www.glossy.co/wp-content/uploads/sites/4/2024/11/Beauty-briefing-banner1.png
"Aug 22, 2026 @ 19:39:17.075",553aee5183928a0dcb6ca79162f855dc,https://www.glossy.co/beauty/exclusive-phlur-to-expand-to-mexico-and-europe/,Exclusive: Phlur to expand to Mexico and Europe,"Following its rollout to the Middle East and Australia in 2025, the fragrance brand is entering Mexico and 15 European countries via Sephora in April. But it will need to convince more traditional fragrance consumers to try its new-wave hits like Vanilla Skin and Matcha Milk.",Emily Jensen,2026-03-11T04:01:00+00:00,,https://www.glossy.co/wp-content/uploads/sites/4/2026/03/Screenshot-2026-03-10-at-9.37.07-PM.png
"Aug 22, 2026 @ 19:39:17.170",e57099c62e27dbbb9c36e9a13312dd3e,https://www.glossy.co/beauty/milk-remains-hot-in-fragrance-dedcool-aims-to-own-the-trend/,Milk remains hot in fragrance — Dedcool aims to own the trend,"Next week, fragrance brand Dedcool will introduce the fourth entry in its bestselling Milk franchise — Mineral Milk, a perfume featuring notes of nectar, lavender and amber milk.",Sara Spruch-Feiner,2026-03-11T04:02:00+00:00,,https://www.glossy.co/wp-content/uploads/sites/4/2026/03/dedcool.png
"Aug 22, 2026 @ 19:39:17.175",0bd55fc68ac89b06550f368c26168b00,https://www.glossy.co/series/beauty-podcast/,The Glossy Beauty Podcast Archives,Each Glossy Beauty Podcast episode features candid conversations about how today’s trends are shaping the future of the beauty and wellness industries.,,,,
"Aug 22, 2026 @ 19:39:17.295",231dbe7759cf240f0f7d10311ab4bbc6,https://www.glossy.co/beauty/beauty-briefing-how-walmart-became-a-beauty-destination/,Beauty Briefing: How Walmart became a beauty destination,"This week, I checked in on the battle between Walmart and Target for beauty consumers.",Emily Jensen,2026-03-10T04:03:00+00:00,,https://www.glossy.co/wp-content/uploads/sites/4/2026/03/walmart-target-beauty-1.jpg?w=6000
"Aug 22, 2026 @ 19:39:17.301",fc8b6083afc137c9b6520f14dbe07ab8,https://www.glossy.co/beauty/wellness/vitamin-shoppe-debuts-suppie-awards-and-suppco-unveils-certification-program-as-third-party-validation-drives-category-growth-plus-news/,"Vitamin Shoppe debuts 'Suppie Awards' and SuppCo unveils certification program as third-party validation drives category growth, plus news","This week, I checked in with Muriel Gonzalez, president of The Vitamin Shoppe, and Steve Martocci, founder and CEO of supplement tracking app SuppCo. The former debuted its inaugural ""Suppie Awards"" last week through a sponsored partnership with Hearst Magazines, while SuppCo unveiled a new ""Tested by SuppCo"" certification program on Tuesday with a who’s who of supplement brand participants.",Lexy Lebsack,2026-03-04T05:02:00+00:00,,https://www.glossy.co/wp-content/uploads/sites/4/2026/03/Glossy-48.jpg
"Aug 22, 2026 @ 19:39:17.309",effb8ece2bf26519b2c365f811b749e0,https://www.glossy.co/beauty/retailers-are-taking-a-more-complex-approach-to-loyalty/,Retailers are taking a more complex approach to loyalty,"Eighty-nine percent of top retailers currently have a free or paid loyalty program, up from 79% last year. According to Jen Jones, CMO of Commercetools, brand loyalty will become even more crucial as AI engines become more effective at facilitating purchases.","Li Lu, Catherine Wolf",2026-03-09T04:02:00+00:00,,https://www.glossy.co/wp-content/uploads/sites/4/2025/12/Target-Sustainability-Governance-Report.png
"Aug 22, 2026 @ 19:39:17.315",50be68d6029cb34cf80f1ff95f9f56a7,https://www.glossy.co/beauty/wellness/kim-kardashians-update-is-the-latest-brand-to-give-energy-drinks-a-refresh-with-women-in-mind/,Kim Kardashian's Update is the latest brand to give energy drinks a refresh with women in mind,Kim Kardashian is the latest name to dive into the energy drink sector. The celebrity mogul was announced as the co-founder of energy startup Update in February as more brands target young women interested in wellness and better-for-you products.,Gabriela Barkho,2026-03-09T04:00:00+00:00,,https://www.glossy.co/wp-content/uploads/sites/4/2026/03/Screenshot-2026-03-08-at-7.34.31-PM.png?w=1702
"Aug 22, 2026 @ 19:39:17.390",7d45c8419c804f2d608d5299eed09eac,https://www.glossy.co/beauty/wellness/how-brands-are-showing-up-around-the-la-marathon-this-weekend/,How brands are showing up around the LA Marathon this weekend,"Glossy checked in with brand leaders at Asics, Hoka, Strava, Therabody, Lululemon and more to learn about the planned activations, including official sponsorships and proximity-based events, in Los Angeles ahead of this weekend’s big race.",Lexy Lebsack,2026-03-06T05:03:00+00:00,,https://www.glossy.co/wp-content/uploads/sites/4/2026/03/HOKA_S26_Cielo-X1-3.0_DAY1_0108257120.jpg?w=8402
"Aug 22, 2026 @ 19:39:17.395",973dafa5970e13ec65f27741c6cda026,https://www.glossy.co/podcasts/the-ins-and-outs-of-branded-beauty-and-wellness-events-with-bilal-kaiser-founder-of-agency-guacamole/,"The ‘ins and outs’ of branded beauty and wellness events with Bilal Kaiser, founder of Agency Guacamole",Glossy Beauty Podcast host Lexy Lebsack interviews Agency Guacamole founder Bilal Kaiser about the ins and outs of branded beauty events.,Lexy Lebsack,2026-08-13T04:00:00+00:00,,https://www.glossy.co/wp-content/uploads/sites/4/2026/08/GB_1140X520_0811.jpg
"Aug 22, 2026 @ 19:39:17.399",31003f2a0aa5ddebb50f044f4a4133d9,https://www.glossy.co/beauty/how-awards-show-beauty-partnerships-between-artists-brands-and-celebs-come-together-with-prtnrs-marissa-alfe-and-lauren-fitzgerald/,"How awards show beauty partnerships between artists, brands and celebs come together, with PRTNRS’ Marissa Alfe and Lauren FitzGerald","In today’s episode of the Glossy Beauty Podcast, host Lexy Lebsack interviews beauty industry agents Marissa Alfe and Lauren FitzGerald, co-founders of PRTNRS Management.",Lexy Lebsack,2026-08-06T20:00:00+00:00,,https://www.glossy.co/wp-content/uploads/sites/4/2026/08/GB_1140X520_0805.jpg
"Aug 22, 2026 @ 19:39:17.410",1b414da81bd5807db467d622e6544ac0,https://www.glossy.co/beauty/how-ulta-beauty-is-reaching-gen-zalpha-teen-boys-through-first-mens-masstige-fragrance-launch/,How Ulta Beauty is reaching Gen Zalpha teen boys through first men’s masstige fragrance launch,"Teen boys have become an increasingly important consumer demographic over the past few years thanks to their insatiable appetite for fragrance. Now, Ulta Beauty is aspiring to capture their attention with its first masstige fragrance launch. Glossy reporters Zofia Zwieglinska and Emily Jensen join Glossy Beauty Podcast host Lexy Lebsack to unpack the rise of the Gen Zalpha fraghead and how Ulta Beauty is hoping to woo them.",Lexy Lebsack,2026-07-30T04:00:00+00:00,,https://www.glossy.co/wp-content/uploads/sites/4/2026/07/GB_1140X520_0729.jpg
"Aug 22, 2026 @ 19:39:17.528",797b9a6272b1f3081d1acf77e5a6979a,https://www.glossy.co/beauty/evereden-co-founder-and-ceo-kimberley-ho-on-giving-equity-to-gen-alpha/,Evereden co-founder and CEO Kimberley Ho on giving equity to Gen Alpha,"As influencer marketing evolves beyond one-off paid posts, brands are finding new ways to build relationships that last, and go deeper than a hashtag-sponsored post.",Sara Spruch-Feiner,2026-03-05T05:00:00+00:00,,https://www.glossy.co/wp-content/uploads/sites/4/2026/03/GB_1140X520.jpg
"Aug 22, 2026 @ 19:39:17.529",96ee6e856b40da1bca158445521d2ed7,https://www.glossy.co/beauty/bath-body-works-is-leaning-on-content-creators-reworking-packaging-and-formulations-to-recoup-sales/,"Bath & Body Works is leaning on content creators, reworking packaging and formulations to recoup sales","As part of its Consumer First Formula turnaround plan announced in November, the Ohio-based personal care company is implementing new strategies to reinvigorate consumers in a competitive market. That includes modernizing its packaging and formulations to keep up with new demands.",Emily Jensen,2026-03-04T15:46:22+00:00,,https://www.glossy.co/wp-content/uploads/sites/4/2026/03/bath-and-body-works.jpg?w=7000
"Aug 22, 2026 @ 19:39:17.537",08f430e3fb2fe03fa1a99579cabaeca9,https://www.glossy.co/beauty/sephora-doubles-down-on-k-beauty-hair-care/,Sephora doubles down on K-Beauty hair care,"This year, Sephora does not plan to slow its investment in K-Beauty. On April 1, the retailer will launch its second K-beauty hair-care brand, LG-owned Dr. Groot, online. That will be followed by an in-store rollout on April 15.",Sara Spruch-Feiner,2026-03-05T05:05:00+00:00,,https://www.glossy.co/wp-content/uploads/sites/4/2026/03/Glossy-0303.jpg
"Aug 22, 2026 @ 19:39:17.545",62e6597c8ccbcaf3545baf9868832f5f,https://www.glossy.co/events/glossy-pop-nyc-sep-2026/,Glossy Pop NYC,Glossy Pop NYC is the ultimate event for beauty lovers looking to get up close and personal with the industry’s most exciting brands and content creators.,,,,https://www.glossy.co/wp-content/uploads/sites/4/2025/03/glossy_pop_nyc_8-1.gif?w=1500
"Aug 22, 2026 @ 19:39:17.553",492b78aa87b3c74a0c9a60478e76b046,https://www.glossy.co/events/brand-leaders-dinner-nyc-sep-2026/,Brand Leaders Dinner NYC,"The Glossy x Modern Retail Brand Leaders Dinner is an exclusive, invitation-only dinner bringing together influential brand executives to discuss their biggest challenges and industry opportunities.",Jennifer McCreary,,,https://www.modernretail.co/wp-content/uploads/sites/5/2026/07/globalpaymentsdinner_sep2026.png
"Aug 22, 2026 @ 19:39:17.561",989808a5e947ffd2c84876707011aa59,https://www.glossy.co/events/ai-marketing-strategies-sep-2026/,AI Marketing Strategies,Join us for AI Marketing Strategies as we map out the state of play of an industry being reshaped by AI.,,,,
"Aug 22, 2026 @ 19:39:17.648",d400b8138c34672351dc999ff66ca421,https://www.glossy.co/beauty/target-makes-the-case-for-how-it-will-reclaim-its-merchandising-authority-at-annual-investor-day/,Target makes the case for how it will 'reclaim its merchandising authority' at annual investor day,"During an investor meeting that Target hosted at its Minneapolis headquarters on Tuesday, senior leaders spelled out the company's plans to reclaim its merchandising authority in key areas including food and beauty.",Anna Hensel,2026-03-04T05:00:00+00:00,,https://www.glossy.co/wp-content/uploads/sites/4/2025/12/Target-Sustainability-Governance-Report.png
"Aug 22, 2026 @ 19:39:17.800",b8683d9cdbb571efc643dc20a316654c,https://www.glossy.co/beauty/how-schwarzkopf-is-winning-pop-culture-from-sarah-pidgeons-cbk-transformation-to-alysa-lius-halo-hair/,"How Schwarzkopf is winning pop culture, from Sarah Pidgeon’s CBK transformation to Alysa Liu’s halo hair","Showing up in the right pop culture moments is paramount for heritage hair brand Schwarzkopf Professional. Most recently, this includes Sarah Pidgeon’s Carolyn Bessette Kennedy transformation for FX’s “Love Story,” earned through a partnership with celebrity hair colorist Kari Hill, and Alysa Liu’s halo hair refresh ahead of her Olympics win. Glossy sat down with Schwarzkopf GM Michelle Chandler to learn more.",Lexy Lebsack,2026-03-02T05:04:00+00:00,,https://www.glossy.co/wp-content/uploads/sites/4/2026/02/Glossy-47.jpg
"Aug 22, 2026 @ 19:39:17.815",7beb34072c6140142d326632b8698889,https://www.glossy.co/beauty/beauty-briefing-why-everyone-wants-a-piece-of-carolyn-bessette-kennedy/,Beauty Briefing: Why everyone wants a piece of Carolyn Bessette Kennedy,"This week, I checked in on the beauty brands and consumers tapping into CBK’s ‘90s style — and the brewing pushback.",Emily Jensen,2026-03-03T05:05:00+00:00,,https://www.glossy.co/wp-content/uploads/sites/4/2026/03/carolyn-bessette-kennedy-style-love-story.jpg
