crawl_timestamp,uniq_id,page_url,article_title,sub_title,author_name,post_date,article_content,image_url
"Apr 19, 2026 @ 01:07:04.175",a4e63d66af3c1c373d8957dc64070440,https://fashionunited.in/news/fashion/fashion-institute-of-technology-gala-2026-strengthening-industry-education-connections/2026041654073,Fashion Institute of Technology gala 2026: Strengthening industry-education connections,The 2026 Fashion Institute of Technology gala in New York City focused on strengthening industry-education connections and fundraising for student scholarships.,Kelly Press,2026-04-16T12:51:38.860856Z,"Fashion Institute of Technology hosted its 2026 annual gala in New York City, with Ciara serving as host and a live performance by Aloe Blacc. 
 The event brought together fashion and industry leaders to support educational initiatives and fundraising efforts for students. The gala also honoured Richard Dickson, recognising his leadership and contribution to the retail sector. 
 Held at the Cathedral of St. John the Divine in New York, the evening focused on strengthening connections between industry and education while raising funds for scholarships and academic programmes. Organisers emphasised the role of the gala in expanding opportunities for emerging creatives and supporting the next generation of fashion professionals. 
 The programme featured tributes, networking opportunities and entertainment, culminating in a performance by Aloe Blacc. The event also highlighted mentorship and career-development initiatives designed to connect students with professionals from across the fashion and retail industries. 
 For fashion students and educators, the annual gala underscores how partnerships between education institutions and industry leaders can create scholarships, mentorship programmes and professional pathways within the fashion sector.",https://r.fashionunited.com/qNkfgeryqkuTc0ckGz4TZI5OQ5GX9TjcV3QsSV2TQ7g/resize:fit:1200:630:0/gravity:ce/quality:70/aHR0cHM6Ly9mYXNoaW9udW5pdGVkLmNvbS9pbWcvdXBsb2FkLzIwMjMvMTIvMjEvbWljaGFlbC1sYXJvc2EtbWpqLWNwcXdpaGEtdW5zcGxhc2gteTl1dGx4czEtMjAyMy0xMi0yMS5qcGVn.jpeg
"Apr 19, 2026 @ 01:07:04.215",56be514549d689eafc738fab2b3af7f3,https://fashionunited.in/news/fashion/individual-and-versatile-denim-trends-for-aw26-womenswear/2026041854033,Individual and versatile: Denim trends for AW26 womenswear,From new jacket silhouettes to trains and adaptable pieces: these are the key denim trends for autumn/winter 2026.,Ole Spötter,2026-04-18T04:00:01.000000Z,"Denim, with its roots in workwear, is often regarded as the basis of a simple everyday uniform, where volume, length and embellishment usually mark the greatest extremes. Yet the durable fabric offers more scope than it might initially suggest. 
 Rather than revisiting the old question of whether women will wear skinny or wider trousers this winter, designers from London to New York presented several standout pieces that made conventional denim treatments such as stonewashing look dated. 
 Statement jackets 
 
             
   FW26 (v.l.n.r.): Diesel, Anrealage and Di Petsa  Credits: ©Launchmetrics/spotlight   
 
 The denim jacket is a true classic that, over recent decades, has evolved primarily through different washes, lengths and customisation details such as embroidery and patches. However, this type of piece has far more to offer than serving as a simple trans-seasonal jacket, as designers demonstrated across their AW26 collections. 
 
             
   FW26 (v.l.n.r.): Burc Aykol, Balenciaga and Diesel  Credits:  ©Launchmetrics/spotlight  
 
 The options ranged from an oversized collar, draped around the neck almost like a towel, to added shoulder tabs and ruching, as well as asymmetric cuts and layered constructions. Also on show were a knee-length coat with ruching; a sharply cropped, rock-inspired version with long sleeves; and an elegant style finished with an additional denim train. 
 Adaptable 
 
             
   FW26 (v.l.n.r.): Stella McCartney, Tibi, Eckhaus Latta and JW Anderson  Credits: ©Launchmetrics/spotlight   
 
 Not only denim jackets stand out from the crowd this season; trousers and skirts also offer several alternatives to standard silhouettes. Adaptability is at the centre of the story. 
 Designers presented various approaches to transformable pieces with different styling options. British designer Stella McCartney, for example, showed jeans featuring two vertical zips running from the waistband down the full length of each leg. This allows the silhouette to be adjusted symmetrically on both legs or asymmetrically on one side. 
 New York label Eckhaus Latta, meanwhile, played with multiple layers. Two long denim legs with cut-outs at the crotch sat over brief shorts, to which they were attached. US brand Tibi also offered extra versatility through a loincloth-style panel worn over long jeans. British brand JW Anderson presented a piece that sits somewhere between a skirt and capri trousers, complete with additional layers. 
 Between palazzo trousers and long skirts 
 
             
   FW26 (v.l.n.r.): Diesel, Masha Popova, Private Policy and 7 For All Mankind  Credits: ©Launchmetrics/spotlight  
 
 Wearers gain even more movement through the choice of a long denim skirt, from high-waisted to low-waisted, or wide palazzo trousers. In some of these denim looks, it is even difficult to tell whether the garment features two wide trouser legs or simply the opening of a skirt. 
 Other brands such as Masha Popova explored a similar shape more directly. The London-based label combined regular jeans with a wide, floor-length train, echoing the silhouette of skirts and palazzo trousers. 
 Mini 
 
             
   FW26 (v.l.n.r.): Keburia, Diesel and 7 For All Mankind   Credits: ©Launchmetrics/spotlight   
 
 A long train also appeared at US denim brand 7 For All Mankind, this time paired with a very brief pencil miniskirt. The look was styled with a matching denim jacket and dark tights. 
 Overall, the message for autumn/winter 2026 appears to be that when skirts get shorter, at least a long-sleeved top is worn on top. Brands such as Keburia and Diesel reflected this approach, sending a pleated skirt and extremely short legless shorts down the runway. 
 Floral embellishments 
 
             
   FW26 (v.l.n.r.): Ermanno Scervino, Blumarine and Cucculelli Shaheen  Credits: ©Launchmetrics/spotlight  
 
 A true classic and recurring trend is the floral motif, which once again decorated several pairs of jeans and denim jackets this season. What stood out, however, was that in most cases a subtle pattern was barely an option. On many looks, the flora climbed up the leg of the jeans or was repeated boldly across the entire piece. Styles ranged from understated embroidery and single-colour prints to full colour and ornate detailing. 
 
             
   FW26 (v.l.n.r.): Antonio Marras, Masha Popova and Roberto Cavalli  Credits: ©Launchmetrics/spotlight  
 
     This article was translated to English using an AI tool.     
 
 
 FashionUnited uses AI language tools to speed up translating (news) articles and proofread the translations to improve the end result. This saves our human journalists time they can spend doing research and writing original articles. Articles translated with the help of AI are checked and edited by a human desk editor prior to going online. If you have questions or comments about this process email us at info@fashionunited.com",https://r.fashionunited.com/aDW2_ta1iVLLc86e4zYgpQvC88g8MfNHnExmBQf7YAE/resize:fit:1200:630:0/gravity:ce/quality:70/aHR0cHM6Ly9mYXNoaW9udW5pdGVkLmNvbS9pbWcvdXBsb2FkLzIwMjYvMDQvMDkva3Nlbmlhc2NobmFpZGVyLWYyNi0wNDQtc3J1bHZpd3ctMjAyNi0wNC0wOS5qcGVn.jpeg
"Apr 19, 2026 @ 01:07:04.233",27890bd641f32b633f237f4525abc7a1,https://fashionunited.in/news/fashion/fw26-womens-denim-trend-report-diesel-dior-balenciaga-and-more/2026041554044,"FW26 Women’s denim trend report: Diesel, Dior, Balenciaga and more","This report details women's denim trends for FW26, including slim-leg jeans, surface interest, full-leg styles, and coordinated denim-on-denim looks.",Jayne Mountford,2026-04-15T16:00:00.000000Z,"The big news in denim for FW26 is the return of the slim-leg jean, signaling a shift toward more refined silhouettes in ready-to-wear. The collection features a full spectrum of washes, from light blue to deep indigo, with a continued emphasis on distressing and abrasion. Embellishments like diamante and studs remain prominent, while the trend for coordinated sets continues with new matching denim tops and bottoms. 
 Surface Interest 
 Designers employed a variety of techniques to enhance denim&#39;s visual appeal. Key methods included intricate embroidery and appliqués, alongside burnished or metallic finishes, heavy distressing, and artisanal patchworking. 
 Diesel FW26 by Glenn Martens 
 
             
    Credits: Diesel clp F26 155 ©Launchmetrics/spotlight   
 
 Highly distressed denim jeans with diamante studs and an integrated sheer, floor-length tulle overlay. 
 Christian Dior FW26 by Jonathan Anderson 
 
             
    Credits: Christian Dior clp F26 156 ©Launchmetrics/spotlight   
 
 Pale blue denim jeans featuring scalloped patterns of crystal embroidery inspired by Dior’s ‘Junon’ dress of 1949. 
 Stella McCartney FW26 
 
             
    Credits: Stella McCartney clp F26 114 ©Launchmetrics/spotlight   
 
 Relaxed-fit patchwork denim jeans with contrasting light and medium blue washes. 
 Ann Demeulemeester FW26 by Stefano Gallici 
 
             
    Credits: Ann Demeulemeester clp F26 075 ©Launchmetrics/spotlight   
 
 Light blue relaxed, wide-leg denim jeans with patches and heavy distressing. 
 Slim Jeans 
 The classic five-pocket jean with a slim leg is making a comeback for the FW26 season. Channeling the early 2000s, designers showed high-waisted silhouettes and occasional ankle-zip details. This trend spans a broad spectrum of washes, from light stonewashed finishes to deep, dark indigos. 
 Balenciaga FW26 by Pierpaolo Piccioli 
 
             
    Credits: Balenciaga F26 048 ©Launchmetrics/spotlight  
 
 High-waisted, slim-fit dark wash jeans with a cropped, olive-green utility-style jacket. 
 Gucci FW26 by Demna 
 
             
    Credits: Gucci F26 054 ©Launchmetrics/spotlight   
 
 Slim, high-waisted denim jeans in a light blue wash with a black leather turtleneck and fur stole. 
 7 For All Mankind FW26 by Nicola Brognano 
 
             
    Credits: 7 For All Mankind FW26 012 ©Launchmetrics/spotlight   
 
 Light blue wash jeans with ankle zips, a grey henley and black coat. 
 Isabel Marant FW26 by Kim Bekker 
 
             
    Credits: Marant F26 017 ©Launchmetrics/spotlight   
 
 Classic medium-wash straight-leg denim with a mid-rise fit. bright red faux fur jacket featuring a boxy silhouette and an oversized collar. 
 Full Leg Jeans 
 While slender legs were prominent, fuller silhouettes remained a staple on the FW26 runways. Designers refreshed this enduring trend by tapering the denim at the ankle, creating a more defined and contemporary shape. 
 AWGE FW26 by A$AP Rocky 
 
             
    Credits: AWGE F26 017 ©Launchmetrics/spotlight   
 
 Wide-leg, barrel-shaped blue jeans with structured seam details and a tapered ankle. A cropped, quarter-zip AWGE leather racing jersey. 
 Dolce &amp; Gabbana FW26 
 
             
    Credits: Dolce &amp; Gabbana F26 022 ©Launchmetrics/spotlight    
 
 Dark-wash, ultra-wide-leg &quot;puddle&quot; jeans with distressed detailing, rips at the knees, and strategic fading and a long sleeved black satin bustier top. 
 Moschino F26 by Adrian Appiolaza 
 
             
    Credits: Moschino F26 009 ©Launchmetrics/spotlight  
 
 High-waisted, light-wash denim trousers with a baggy, &quot;balloon&quot; leg silhouette and distinct front pleats with a blue and white vertical striped puff sleeved shirt. 
 Tom Ford FW26 Haider Ackermann 
 
             
    Credits: Tom Ford PO F26 045 ©Launchmetrics/spotlight   
 
 Deep blue wash denim jeans with fading at the knees, featuring a tapered or &quot;low slung&quot; boyfriend-style fit with cuffed hems, a black mesh top and tweed blazer 
 Denim-on-Denim 
 Designers have expanded on the classic denim-on-denim look this season, introducing an array of sophisticated, coordinated sets that go beyond the traditional jacket and jean pairing. 
 Conner Ives FW26 
 
             
    Credits: Conner Ives F26 012 ©Launchmetrics/spotlight   
 
 A light-wash denim jacket featuring gold frog knot embellishments and straight-leg, medium-rise pants accented with golden embroidery and trim along the pockets and side seams. 
 Kseniaschnaider FW26 by Ksenia &amp; Anton Schnaider 
 
             
    Credits: Kseniaschnaider F26 001 ©Launchmetrics/spotlight   
 
 A cropped bustier with horizontal paneling and seam detailing, with a matching mini-skirt and knee-high boots. 
 Tolu Coker FW26 
 
             
    Credits: Tolu Coker F26 008 ©Launchmetrics/spotlight   
 
 A denim jacket in a dark indigo wash with an asymmetrical zipper, dramatic pleated peplum detail, and architectural sleeves with matching wide-leg denim pants. 
 Zadig &amp; Voltaire FW26 
 
             
    Credits: Zadig &amp; Voltaire F26 049 ©Launchmetrics/spotlight   
 
 A high-neck denim jacket paired with a coordinating knee-length skirt. The skirt is detailed with intricate floral-like rhinestone and bead appliqués and a raw, frayed hem. 
 
 Read more: 
    FW26 trend: Statement dressing, ‘80’s style
  
  
    FW26 trend: Designers use the peplum for a sculpted silhouette
  
  
    For SS26 Denim looks that go beyond basic jeans",https://r.fashionunited.com/piT2Vkdh284PTOQKIcFDlrHd1GQy1DpSg3i3IxV5FCI/resize:fit:1200:630:0/gravity:ce/quality:70/aHR0cHM6Ly9mYXNoaW9udW5pdGVkLmNvbS9pbWcvdXBsb2FkLzIwMjYvMDQvMDUvZncyNi1kZW5pbS1jb3B5LXBjcDZvY2ppLTIwMjYtMDQtMDUuanBlZw.jpeg
"Apr 19, 2026 @ 01:07:04.250",e034b273c91f2649d0df8bc56b747322,https://fashionunited.in/news/fashion/first-look-h-m-unveils-new-collection-with-stella-mccartney/2026041654057,First Look: H&M unveils new collection with Stella McCartney,"H&M reveals its new collection with Stella McCartney, featuring apparel, bags, footwear, and jewelry made with recycled and organic materials.",Danielle Wightman-Stone,2026-04-16T07:00:19.000000Z,"Swedish fashion retailer H&M have unveiled the first look at its upcoming collaboration with Stella McCartney, some twenty years after its first partnership with the British designer, which launches on May 7. In 2005, the collaboration marked H&M’s second-ever design collaboration, following the sellout success of the inaugural collection with Karl Lagerfeld. McCartney’s original collection with the high street retailer focused on workwear staples and wearable separates, and this time around, the collection highlights the designer and activist’s 25-year history of design, prioritising recycled materials and innovative usage of feedstock for coated materials, such as industrial corn and recycled vegetable oil, as well as certified organic cottons and wool. Spanning apparel, bags, footwear and jewellery for women, the collection “unites past and present,” combining beloved current signatures, such as oversized shirting, trenches and sharp tailoring, with playful iconic hits from McCartney’s early archive, including bejewelled prints and slogan tops. Commenting on the collaboration, McCartney said in a statement: “I see this collection as a journey through my fashion history. It is a true mix of current classics and some of my old favourites that showcase my first forays into fashion and the development of my signatures. It’s playful, strong, sparkling, joyful, refined.” Key items in the ready-to-wear collection include a classic trench coat in light beige-khaki made from 100 percent ROC certified cotton, meaning that farms must restore farm soil and biodiversity and use no artificial pesticides and fertilisers, alongside a semi-sheer lace mini dress adorned with crystal-like beads crafted from 80 percent recycled glass, matching pyjama style trousers and shirts in organic cotton, and a triangle bra featuring dangle glass beads, made from 80 percent post-consumer glass. Other items include rib-knitted dresses and tops with McCartney’s signature Falabella chain at the neck, a long white gown with a cape-like sleeve, sparkling partywear, separates and denims, as well as mesh dresses and tops in an archival cherry print. There is also a cropped bomber with a smock detail at the cuff in a snakeskin-inspired print and finish, where the coated material is made in part from recycled vegetable oils and agricultural crops, such as straw. The line also has casual pieces, including hoodies and T-shirts decorated with Stella’s name, or an airbrush-style white horse that nods to the tongue-in-cheek aesthetic and vibrancy of McCartney’s celebrated years designing in Paris in the late 90s and early 00s. There is even a white mini-T-shirt embellished with ‘Rock Royalty' in studs, for a dose of nostalgia and a homage to a style worn by McCartney herself at the 1999 Met Gala. Alongside the apparel, the accessories include six bags, ranging from small, branded shoulder bags to giant totes featuring McCartney’s famous spherical logo and a timeless chocolate-toned bag with a chain-detail strap. Some pieces incorporate McCartney’s signature Falabella chain, including necklaces and earrings, crafted in recycled metal in mixed tones, ballerina flats in an animal print, white slingback heels with McCartney’s signature sculptural curved heels, and loafers with chain detailing on the front. For a playful touch, the collection also includes keyrings, one in a bold resin cherry-shaped design and the other in rubber red Stella lettering, as well as GOTS-certified, distinct silk scarves that showcase the collection’s key cherry and horse prints and motifs. Ann-Sofie Johansson, creative advisor and head of design womenswear at H&M, added: “Stella has always had a bold vision for fashion, and this collection tracks her journey from a young, rule-breaking voice to a master of timeless design. “Every single piece in the collection is desirable and tells a unique and bold story.” Prices for the apparel range from 27.99 pounds / 29.99 euros / 39.99 US dollars for a ‘Stella’ branded white bodysuit to 279.99 pounds / 299 euros / 329 US dollars for the oversized car coat in grey melange RWS-certified wool. The accessories range from 27.99 pounds / 29.99 euros / 39.99 US dollars for the Stella McCartney red keyring to 189.99 pounds / 199 euros / 219 US dollars for the Falabella chain-detailed bag, which has been partly crafted from recycled polyamide.",https://r.fashionunited.com/o8jHY7-kcXQRE8uQcHyu6714ze72WYQ1HxoltPyQl6M/resize:fit:1200:630:0/gravity:ce/quality:70/aHR0cHM6Ly9mYXNoaW9udW5pdGVkLmNvbS9pbWcvdXBsb2FkLzIwMjYvMDQvMTUvMjAyMy1oYW5kbS1zbWMtcHItcG9ydHJhaXQtYTQtcmdiLTI2MDIxNy00LTR1aGtxcnNrLTIwMjYtMDQtMTUuanBlZw.jpeg
"Apr 19, 2026 @ 01:07:04.395",6c3b03a4b3562463d1f4655197a25649,https://fashionunited.in/news/fashion/plc-detroit-launches-free-costume-design-course-with-ruth-e-carter/2026041554053,PLC Detroit launches free costume design course with Ruth E. Carter,"PLC Detroit launches a free online costume design course with Ruth E. Carter and Adidas, focusing on Afrofuturism and storytelling.",Danielle Wightman-Stone,2026-04-15T10:20:46.435013Z,"Pensole Lewis College of Business and Design (PLC Detroit), America’s only design-focused historically Black college and university (HBCU), is making costume design education accessible with a free digital learning course, developed in collaboration with two-time Academy Award-winning costume designer Ruth E. Carter and sportswear brand Adidas. 
 The PLC Detroit x Adidas x Ruth E. Carter costume design programme is accessible through the college’s ePLC platform and features four video modules, offering insight into storytelling and costume design. 
 Carter, an HBCU graduate of Hampton University and PLC Detroit&#39;s first artist-in-residence, has developed the curriculum around her approach to Afrofuturism, blending culture, imagination, and storytelling to demonstrate how design informs character and world-building, drawing from her more than three-decade career spanning over 70 credits across film, television, and theatre, including films such as ‘Sinners’ and the ‘Black Panter’ films. 
 The four-part course covers Carter&#39;s creative methodologies, including character development, research techniques, visual storytelling, and strategic problem-solving, to give students practical tools to translate ideas into compelling visual narratives, strengthen their creative decision-making, and develop a deeper understanding of how storytelling shapes both career pathways and personal voice across disciplines. 
 Commenting on the course, Carter said in a statement: &quot;Afrofuturism has always been about expanding our imagination, about seeing ourselves in worlds that honour our past while designing the future. Costume design is storytelling. It requires research, cultural respect, and the courage to continually evolve your craft. I&#39;m proud to be part of a collaboration like this. 
 “Support from institutions like PLC Detroit and partners like Adidas is critical because it invests in the growth and development of artists. When brands champion creative education, they help open doors for the next generation of designers to discover their voice, shape their vision, and step fully into their purpose.&quot; 
 D’Wayne Edwards, president of PLC Detroit, added: &quot;Our relationship with Ruth E. Carter began with a Masterclass, where she guided four PLC students in designing dresses for her awards ceremonies. 
 &quot;In 2025, she collaborated with PLC alumni on the Ruth E. Carter Apparel Creation Stu/Deo by adidas. Today, we invite aspiring creatives worldwide to learn from her through our online platform, ePLC. Her groundbreaking career inspires us to open doors for the next generation to shape the future of design.&quot;",https://r.fashionunited.com/fI_CILovsfKCkJsTp2SVl_xWasNAXu1g4oL1UwN74t0/resize:fit:1200:630:0/gravity:ce/quality:70/aHR0cHM6Ly9mYXNoaW9udW5pdGVkLmNvbS9pbWcvdXBsb2FkLzIwMjYvMDQvMTUvc2NyZWVuc2hvdC0yMDI2LTA0LTAyLWF0LTItMzctNDItcG0tOTBwb2lqNW4tMjAyNi0wNC0xNS5qcGVn.jpeg
"Apr 19, 2026 @ 01:07:04.429",021cdc64ba1f1a7c4cf92961d233c7e1,https://fashionunited.in/news/fashion/gap-inc-launches-new-mentorship-initiative-with-fit/2026041554049,Gap Inc. launches new mentorship initiative with FIT,"Gap Inc. partners with the Fashion Institute of Technology (FIT) to launch the Doris Fisher Creators Programme, a mentorship initiative for students.",Danielle Wightman-Stone,2026-04-15T08:55:54.926507Z,"American retail group Gap Inc., which includes Gap, Old Navy, Banana Republic, and Athleta, is partnering with the Fashion Institute of Technology (FIT) in New York City to launch a new mentorship programme designed to bridge the opportunity gap for emerging fashion talent. 
 The Doris Fisher Creators Programme has been named in honour of Gap Inc. co-founder Doris Fisher, to reflect “her legacy of creativity, curiosity, and belief in people,” while also building on the retail group’s commitment to create “stronger connections between education and careers in the fashion industry”. 
 Richard Dickson, president and chief executive of Gap Inc., said in a statement: “Gap Inc. is a house of iconic American brands guided by our purpose, to bridge gaps to create a better world. That includes bridging the opportunity gap. 
 “FIT embodies that same spirit, bringing education and industry together to unlock talent and expand what’s possible. We’re committed to opening doors, investing in emerging creatives, and building meaningful pathways into this industry for the next generation.” 
 The Doris Fisher Creators Programme will launch in fall 2026 and run through the academic year, connecting FIT students with Gap Inc. leaders and creatives through a structured mentorship experience to provide exposure to the fashion business, industry insights and professional connections. 
 The inaugural cohort of students will be selected from fashion design, graphic design (apparel) and fabric styling. 
 Amy Thompson, chief people officer at Gap Inc., said: “Supporting emerging talent is a core expression of Gap Inc.’s purpose in action. Through initiatives such as The Doris Fisher Creators Programme, alongside This Way ONward, the Rotational Management Programme, and our broader internship and mentorship efforts, the company continues to bridge the opportunity gap for young people looking to start meaningful careers in fashion and retail.” 
 Jason S. Schupbach, president of FIT, added: “We are incredibly proud to be the first public college to partner with Gap Inc. on this groundbreaking mentorship programme. This remarkable opportunity with one of the world’s most iconic brands will support 30 talented FIT students over the next year, placing them at the intersection of innovation and impact.”",https://r.fashionunited.com/dKC4whNpIDWFAV67NilL2ZTrpwf1P3-0VeNcoDFOEIE/resize:fit:1200:630:0/gravity:ce/quality:70/aHR0cHM6Ly9mYXNoaW9udW5pdGVkLmNvbS9pbWcvdXBsb2FkLzIwMjYvMDQvMTUvZG9yaXMtYW5kLWRvbi1maXNoZXItMi04NzJ6enFpZC0yMDI2LTA0LTE1LmpwZWc.jpeg
"Apr 19, 2026 @ 01:07:04.445",04098ef3e4ba3962c82478dd148ef4e8,https://fashionunited.in/news/fashion/streetwear-brand-hoodrich-to-launch-footwear-in-the-us/2026041554050,Streetwear brand Hoodrich to launch footwear in the US,"Hoodrich, a British streetwear brand, is launching its first footwear collection in the US exclusively with JD Sports, in partnership with Eastman Group.",Danielle Wightman-Stone,2026-04-15T09:24:14.256289Z,"British streetwear brand Hoodrich, founded by Jay Williams from his bedroom in Birmingham, is launching its inaugural footwear collection in the US exclusively with JD Sports, in partnership with the Eastman Group, a global footwear and apparel licensing company. 
 Hoodrich, which became part of the Iconix International group in November 2023, has been accelerating its global expansion strategy, and its US footwear launch marks a key milestone in its next phase of growth. 
 The streetwear brand’s founder, Williams, worked closely with Eastman’s design team to ensure that the footwear line stayed true to the brand’s roots, while drawing on inspiration from London, Los Angeles, Miami, and New York City “to reflect the mindset of today’s consumer,” as well as a differentiated offering for the US market. 
 “Hoodrich entering the footwear market is a natural next step for the brand, and an exciting opportunity for continued global growth,” said Williams in a statement. 
 The debut footwear collection for men has been engineered to “stand apart in a crowded marketplace,” and features sneakers and sandals designed to complement Hoodrich apparel. At the centre of the collection is the Recon, a bold, chunky cupsole sneaker, which retails at an accessible 100 US dollar price point and is available in three colourways. The sneakers sit alongside two city-inspired sandal styles. 
 The brand is launching with a menswear offering, and adds that a women’s collection “is expected to follow”. 
 Bob Galvin, chief executive of Iconix International, added: “Expanding Hoodrich into footwear is a strategic evolution of the brand and a direct response to what our customers have been asking for. 
 “This launch allows us to meet that demand while delivering product that stays true to Hoodrich’s DNA, authentic, elevated, and rooted in culture.” 
 Williams founded Hoodrich in 2014, built it around the mantra “From Nothing to Something,” as he started the brand with just 200 pounds and sold T-shirts from the boot of a car. Now it is one of the fastest-growing streetwear brands, distributed in nearly 1,000 retail locations across 24 countries, and has partnerships with JD Sports and Footasylum.",https://r.fashionunited.com/vvjER81ovVMpYDbYV41DZpn3NLVKrMxpBh9wJa0JgPk/resize:fit:1200:630:0/gravity:ce/quality:70/aHR0cHM6Ly9mYXNoaW9udW5pdGVkLmNvbS9pbWcvdXBsb2FkLzIwMjYvMDQvMTUvaG9vZHJpY2gtZm9vdHdlYXItMmh6bWRpZngtMjAyNi0wNC0xNS5qcGVn.jpeg
"Apr 19, 2026 @ 01:07:04.508",690bfc10b2f6eb0ad9eba08390d23370,https://fashionunited.in/news/fashion/kane-footwear-signs-its-first-partnership-with-an-nfl-athlete/2026041554045,Kane Footwear signs its first partnership with an NFL athlete,"Kane Footwear partners with NFL athlete Will Anderson Jr., Houston Texans defensive end, for its first professional sports endorsement.",Danielle Wightman-Stone,2026-04-15T08:36:56.071584Z,"Kane Footwear, which focuses on active recovery shoes, is strengthening its ties to professional sports after naming Will Anderson Jr., Houston Texans defensive end and 2023 NFL defensive Rookie of the Year, as its first NFL athlete. 
 John Gagliardi, founder and chief executive of Kane Footwear, said in a statement: “We’ve waited a long time to find the right professional partner for Kane, and we wanted to work with an athlete that understood the benefits of our shoes and already wore Kane as part of their preparation. 
 “We couldn’t have asked for a more talented and dedicated athlete to join our roster and set the bar for performance at Kane. Kane has always been inspired by elite athletes; we take their feedback seriously, and it helps us build better products. Having Will Anderson Jr. as a part of the team will give us even further insight on where we can improve and innovate to make recovery seamless and impactful for athletes everywhere.” 
 The American footwear brand adds that the partnership with Anderson Jr. originates “organically” from the NFL player&#39;s personal recovery journey, where he wore Kane Footwear’s ‘Revive’ products in his post-activity recovery routine. 
 Anderson Jr. added: “Kane has been an integral part of my recovery routine for years. Prioritising recovery in all off-field moments is vital for me to stay healthy and perform at my best. Kane makes the process of recovering my feet and legs easy, even when I&#39;m on the move.” 
 
             
   Kane Footwear x Will Anderson Jr   Credits: Kane Footwear  
 
 The partnership follows Kane Footwear’s Revive OB launch, the brand’s first open-backed recovery shoe, inspired by professional athletes and the team sports world, and designed for “in-between activity moments”. 
 Kane Footwear’s recovery shoes are designed with Dr Daniel Geller, the brand’s chief medical officer, podiatrist, and foot and ankle surgeon, to provide active recovery benefits for the feet and legs. Key features include raised footbed nodes to activate blood flow and pressure points, a lightweight slip-on design that comfortably captures the heel, arch, and instep, smooth transferability and energy from heel to toes, dual-density construction for generous cushioning and active support, and oversized channels and siped soles to provide flexibility and traction.",https://r.fashionunited.com/uuUNJFDpVfBhTbaxgW5mrk_xEypmNUfyTtoftJ-b0iE/resize:fit:1200:630:0/gravity:ce/quality:70/aHR0cHM6Ly9mYXNoaW9udW5pdGVkLmNvbS9pbWcvdXBsb2FkLzIwMjYvMDQvMTUva2FuZS14LXdqYS0yNy0xLXZveTVuZnA5LTIwMjYtMDQtMTUuanBlZw.jpeg
"Apr 19, 2026 @ 01:07:04.617",ce07422eea726128da6139067831e31b,https://fashionunited.in/news/fashion/kent-state-university-school-of-fashions-2026-annual-fashion-show-what-to-expect/2026041554038,Kent State University School of Fashion's 2026 annual fashion show: What to expect,"Details on Kent State University School of Fashion's 2026 Annual Fashion Show, featuring student designs, awards, and related events.",Kelly Press,2026-04-15T08:14:00.000000Z,"Kent State University School of Fashion has announced its 2026 Annual Fashion Show, set to take place from April 30 to May 2 in Crawford Hall on the Kent campus. 
 The showcase will feature 173 looks created by 48 student designers, selected by a panel of industry critics. Collections span categories including childrenswear, knitwear, streetwear and avant-garde design, highlighting the breadth of work developed across the programme. 
 According to director Mourad Krifa, the event aims to celebrate student creativity and innovation while providing a platform for emerging talent. The production is led by student co-producers Ryan Gibson and Ana Beatriz Fonseca Ribas Martins, with support from faculty co-directors Joanne Arnett and Sue Yoder. 
 The show forms part of the school’s broader Fashion Week programme, running April 27 to May 2, which includes multiple student-led events such as knitwear presentations, virtual showcases and portfolio exhibitions. 
 On May 2, the school will also host its Hall of Fame induction ceremony, honouring Fern Mallis as the 2026 inductee. The industry figure will deliver a public lecture during the week, offering students and educators additional opportunities for engagement with professional practice. 
 Awards presented during the event include Best in Show, Sustainable Design Award, Innovation Award and Market Ready Award, among others, recognising achievements in design, construction and industry readiness. For fashion students and educators, the event serves as both a creative showcase and a practical learning platform combining design, merchandising and production experience.",https://r.fashionunited.com/S67HtbykIkMWyAmShbe_UKYBM7IV0NywFLL6rEa001E/resize:fit:1200:630:0/gravity:ce/quality:70/aHR0cHM6Ly9mYXNoaW9udW5pdGVkLmNvbS9pbWcvdXBsb2FkLzIwMjYvMDQvMTQvMjAyNTA0MjUtYmMtZmFzaGlvbi1zaG93LWZyaWRheS01MTgtMG5meWw3ZGItMjAyNi0wNC0xNC5qcGVn.jpeg
"Apr 19, 2026 @ 01:07:04.646",b8cfba09abd517d88eaadad6022cf532,https://fashionunited.in/news/fashion/design-academy-eindhoven-to-present-inframezzo-at-milan-design-week/2026041554041,Design Academy Eindhoven to present ‘Inframezzo’ at Milan Design Week,"Design Academy Eindhoven will present ""Inframezzo,"" an exhibition of graduate works exploring themes of pause and transition, at Milan Design Week 2026.",Kelly Press,2026-04-15T08:07:00.000000Z,"Design Academy Eindhoven will present “Inframezzo,” an exhibition of graduate works, during Milan Design Week 2026, taking place from April 20 to 26 at Alcova Milano. 
 The exhibition brings together recent alumni projects that explore themes of pause, transition and change across design, education and everyday life. Framed around the idea of the “intermezzo,” the show examines moments of recalibration where reflection and participation intersect. 
 Presented through a collective scenography, the works address material, social and ecological conditions as evolving systems open to reinterpretation. The projects propose both subtle and more radical shifts in how these conditions are understood and engaged. 
 “Inframezzo” will be part of Alcova Milano’s 2026 edition, which features more than 120 international designers, studios and institutions across the Baggio Military Hospital complex. Known for staging exhibitions in historically layered sites, Alcova provides a platform for experimental and emerging design practices. 
 The exhibition includes work by a range of graduates, including Alice Moretto, Christos Voutsas, Dana Elmi Sarabi and Natali Aguirre Montaña, among others. 
 “Inframezzo” will be open daily from 11:00 to 19:00 at Via Giovanni Labus 10 in Milan.",https://r.fashionunited.com/2XNOCAq0hFcUhSTDGHys-amGWdRAtx5Y8ShNqKo6i0g/resize:fit:1200:630:0/gravity:ce/quality:70/aHR0cHM6Ly9mYXNoaW9udW5pdGVkLmNvbS9pbWcvdXBsb2FkLzIwMjYvMDQvMTUvcGhvdG8tam9zZWZpbmEtZWlrZW5hYXItdGV4dGllbG11c2V1bS0yMDI1LTAwMS0wMDYtdHBpbnZkZXItMjAyNi0wNC0xNS5qcGVn.jpeg
"Apr 19, 2026 @ 01:07:04.707",59c72601b1e031a89610ff683448afaa,https://fashionunited.in/news/fashion/generations-of-weavers-uphold-aso-oke-tradition-in-southwestern-nigeria/2026041554040,Generations of weavers uphold Aso-Oke tradition in Southwestern Nigeria,"This text describes how weavers in Iseyin, Nigeria, maintain the traditional handweaving of Aso-Oke fabric despite increasing demand.",AFP,2026-04-15T06:49:20.946950Z,"In Iseyin, a sleepy town in
southwestern Nigeria, shaded spaces under trees, makeshift sheds and narrow
alleys double as production hubs for aso-oke, a handwoven fabric indigenous to
the Yoruba ethnic group. 
 Demand for the fabric has recently soared at home and abroad, boosted by
Nigerians in the diaspora and the rising global popularity of the country&#39;s
fashion and music culture. 
 Yet the artisans making it are resisting mechanisation, insisting that
handweaving is what makes it unique.
Located about 200 kilometres (130 miles) from the cultural and fashion
centre that is Lagos, Iseyin is considered the home of aso-oke. 
 Under a sweltering sun on a muggy morning, yards of yarn and freshly woven
fabrics stretch and tangle across a dusty space, surrounded by weathered sheds
where weavers labour behind wooden looms. 
 Young people, including university graduates, flock to Iseyin to learn a
craft that has become an economic lifeline for many. 
 Bare-chested, his tattooed biceps glistening, Franscisco Waliu sat at his
wooden loom, its steady click-clack filling the air as he wove a
cream-and-blue fabric. 
 A decade ago, Waliu ditched his career as a singer in Lagos nightclubs to
learn aso-oke weaving. 
 He admits he initially struggled with the physical demands of weaving but
doesn&#39;t regret his move. 
 &quot;Now I earn a decent living from weaving aso-oke and I&#39;m satisfied,&quot; the
34-year-old told AFP. 
 Old looms, new generations 
 Aso-oke, which loosely translated means &quot;the cloth from up country&quot;, is a
thick fabric, often vibrantly multicoloured, which has become a staple in
Nigeria, Africa&#39;s fashion capital. 
 It is used in traditional ceremonial wear, as well as statement fashion
garments and casual wear.
Strips get sewn onto other types of fabric outfits, giving them a touch of
colour and class. 
 Meghan Markle donned an aso-oke wrapper and a shoulder shawl during a visit
to Nigeria two years ago with her husband, Britain&#39;s Prince Harry.
In Iseyin, the steady rhythm of old, wooden looms is the soundtrack to a
tradition passed down through generations. 
 Aso-oke remains both a cultural symbol and a marker of identity.
In the past, production included preparing threads from cotton or silk.
The fibres were cleaned, spun into yarn and dyed, often using traditional
methods, before being set out on looms. 
 Colour options were limited then. 
 Today, weavers increasingly rely on loom-ready threads in a variety of
colours &quot;mostly imported from China&quot;, said 42-year-old weaver Abdulhammed
Ajasa. 
 Artisans work for hours setting threads on looms to create narrow, tightly
patterned strips, which are later sewn together into wider cloths for garments
and accessories. 
 &quot;This is what Iseyin is known for,&quot; Kareem Adeola, 35, said from behind his
loom. &quot;We inherited it from our forefathers.&quot;
While many weavers in Iseyin are middle-aged men, younger people like Waliu
are entering the trade, bringing new ideas and skills.
Some engage graphic artists to develop new designs. 
 &#39;Meant to be handwoven&#39; 
 Despite rising demand, the craft has largely stuck to its rudimentary roots.
Attempts to mechanise production have been limited or largely failed.
&quot;If you use a machine to weave aso-oke, it won&#39;t come out as nice as if it
was handwoven,&quot; said Adeola, weaving a yellow-and-olive piece. 
 &quot;People have tried it before and it did not work. It is meant by God to be
handwoven.&quot; 
 Sticking to traditional weaving methods means strain and comes with health
risks linked to prolonged sitting, one weaver remarked. 
 Yet weavers insist the painstaking process defines the fabric&#39;s
authenticity. 
 Traditionally worn by the Nigerian rich and ruling class on special
occasions, it now adorns designer studios in major cities, is exhibited on
runways in London and Paris and is crafted into shoes, bags and purses.
&quot;It is no longer reserved for special occasions,&quot; Isiaq Yahaya, a
45-year-old mathematician, told AFP. 
 Global opportunities 
 Designers say aso-oke&#39;s growing international exposure has catapulted it
into a global fabric but has also raised concerns about cultural ownership.
&quot;There is nothing wrong with your culture being worn by other people,&quot; said
Ayomitide Okungbaye, the 31-year-old creative director of Lagos-based Tide
Chen, who has exhibited aso-oke designs in London. 
 &quot;Where we start to have a problem is when there&#39;s misappropriation or
people start to claim ownership.&quot; 
 Adire, another Yoruba fabric produced using the tie-dye technique, is
already reeling under the effect of Chinese counterfeiting.(AFP)",https://r.fashionunited.com/fGOcrGrbOzy8vN1ih4VGsFW2_caCDD5H4_NCZEdi1Wo/resize:fit:1200:630:0/gravity:ce/quality:70/aHR0cHM6Ly9mYXNoaW9udW5pdGVkLmNvbS9pbWcvdXBsb2FkLzIwMjUvMTEvMjYvbnNmZHctcGhvdG8tMzZlb2wzeTUtMjAyNS0xMS0yNi5qcGVn.jpeg
"Apr 19, 2026 @ 01:07:04.769",58c082c923d01d3f41eadfe17b5a965b,https://fashionunited.in/news/fashion/hugo-boss-continues-push-into-tennis-with-its-biggest-sports-partnership/2026041454032,Hugo Boss continues push into tennis with its biggest sports partnership,"Boss becomes the official lifestyle outfitter for the Australian Open from 2027, replacing Ralph Lauren.",Danielle Wightman-Stone,2026-04-14T11:51:31.642089Z,"Hugo Boss first made its mark in tennis in the 1980s when it sponsored men’s team competition, the Davis Cup, for 15 years, and now the German fashion brand has secured its biggest partnership as the official lifestyle outfitter for the Australian Open from 2027. 
 The move is described as a “landmark partnership” for the German fashion group’s flagship brand, Boss, as part of its ongoing brand strategy to position itself at the intersection of sport, lifestyle, and global fan engagement. 
 Boss will replace the Australian Open’s longtime partner, Ralph Lauren, which also sponsors Wimbledon, and will dress up to 4,000 staff, officials, umpires, and ball kids, while also transforming “the visual identity of the Australian Open like never before”. 
 The German brand said in a statement that Boss’ “unified, elevated, and distinctly modern aesthetic will be visible across every corner of Melbourne Park,” with a curated palette of refined shades, including subtle nods to the brand&#39;s tailoring expertise, and easy-wear silhouettes engineered for the Melbourne heat. 
 Daniel Grieder, chief executive of Hugo Boss, said in a statement: “We are absolutely excited to partner with the Australian Open, which is one of the most dynamic and globally followed sporting events worldwide. This collaboration is a natural fit for us, as it brings together two brands that share the same commitment to excellence, innovation, and creating extraordinary experiences. 
 “Tennis is part of Boss’s DNA.” 
 
             
   Boss named the official lifestyle outfitter for the Australian Open  Credits: Boss  
 
 Boss named the official lifestyle outfitter for the Australian Open 
 Boss branding will also be displayed around the venue, including inside the tournaments&#39; Rod Laver Arena, and the fashion group also plans to open dedicated pop-up stores, immersive on-site fan activations, and an elevated guest experience. 
 The collaboration is much more than just visual branding on and off the court; the partnership also extends to exclusive replica teamwear, merchandise, and off-court capsules, as Boss looks to make the Australian Open a cornerstone of its cultural strategy to connect with fans at scale and unlock new and younger consumers. 
 Boss’ deal with the Australian Open adds to it being the title sponsor of the Boss Open (ATP 250) in Stuttgart, Germany, and having star ATP players including Taylor Fritz and Matteo Berrettini on its elite athlete roster, alongside rising talents Noma Noha Akugue and Ella Seidel. The brand has also previously utilised its tennis stars to debut new innovations, including using an innovative degradable recycled polyester yarn, called NovaPoly, for their on-court jerseys, shorts, and caps.",https://r.fashionunited.com/kpTNljOghFLBtFQ_eLNk6zQLl1P4kYq-3u-knLCFI_U/resize:fit:1200:630:0/gravity:ce/quality:70/aHR0cHM6Ly9mYXNoaW9udW5pdGVkLmNvbS9pbWcvdXBsb2FkLzIwMjYvMDQvMTQvMjAyNi1ib3NzLWF1c3RyYWxpYW4tb3Blbi1wYXJ0bmVyc2hpcC1hbm5vdW5jZW1lbnQtMDEtMTZ4OS1vcmlnaW5hbC11aGVpc29uNC0yMDI2LTA0LTE0LmpwZWc.jpeg
"Apr 19, 2026 @ 01:07:04.849",daf62352849726f79f57e598834d2f47,https://fashionunited.in/news/retail/metro-boutique-brings-topshop-to-switzerland/2026041754090,Metro Boutique brings Topshop to Switzerland,"British brand Topshop is making its brick and mortar comeback in Switzerland, available at Metro Boutiques.",FashionUnited,2026-04-17T12:13:26.112512Z,"Following a period of international repositioning, the brand will be available from April 18, 2026, in four selected stores – Glattzentrum, Spreitenbach, Basel and Bern. Metro announced on Friday that the launch will feature a curated selection of key pieces and denim. 
 “Topshop is back – and with it, a brand that shaped the high street of the 2000s like no other,” explained Julia Brotschi, buyer for Topshop at Metro Boutiques AG. The aim is to make the iconic looks directly accessible again for both a new and the “old” generation of customers. According to Kevin Brunner, offline marketing manager, the company wants to “create an emotional connection to the brand” through targeted activations and stage the launch as a genuine experience, going beyond mere visibility. 
 The market entry in Switzerland is part of a comprehensive European expansion strategy. Topshop recently expanded its presence significantly through strategic partnerships with the Danish fashion group Bestseller in wholesale and the Dutch multi-brand retailer Wehkamp in e-commerce. The cult brand has also recently returned to brick and mortar retail in Austria, celebrating its comeback at Kastner &amp; Öhler in Graz. 
  This article was created with the help of artificial intelligence.  
     This article was translated to English using an AI tool.     
 
 
 FashionUnited uses AI language tools to speed up translating (news) articles and proofread the translations to improve the end result. This saves our human journalists time they can spend doing research and writing original articles. Articles translated with the help of AI are checked and edited by a human desk editor prior to going online. If you have questions or comments about this process email us at info@fashionunited.com",https://r.fashionunited.com/orec_5l_chmS2cSmJjbFo0tTVYfXUasZJ7Y1xxCjgww/resize:fit:1200:630:0/gravity:ce/quality:70/aHR0cHM6Ly9mYXNoaW9udW5pdGVkLmNvbS9pbWcvdXBsb2FkLzIwMjQvMDYvMDYvMTAtY25uMGd2bW8tMjAyNC0wNi0wNi5wbmc.jpeg
"Apr 19, 2026 @ 01:07:04.859",6d7677a68205b7cc862be8010ab9bafb,https://fashionunited.in/news/retail/sporthaus-schuster-adopts-head-to-toe-approach-for-cycling-apparel/2026041754078,Sporthaus Schuster adopts head-to-toe approach for cycling apparel,"Sporthaus Schuster is realigning its bike segment, focusing on the road bike lifestyle and community. Managing director Rentrop explains the strategy.",Ole Spötter,2026-04-15T07:51:06.472747Z,"Community rides, new brands and a growing interest in races beyond the Tour de France show that cycling has become a trend sport, much like running. It inspires both city dwellers and people in the countryside. Sporthaus Schuster - a renowned, family-owned sporting goods retailer based in Munich, Germany - has recognised this and realigned its bike category. Until now, the approximately 400 square metre retail space, dedicated to a head-to-toe approach for road cycling, mountain biking and commuting, was not so clearly divided into these individual themes. This changed with the reopening this week, which will also see the “road bike” segment grow by 50 percent. A total of 50 brands can be found in the cycling department, eleven of which are in the textile sector. These include Café du Cycliste from France and the German brands Gonso and Fingerscrossed. However, bicycles are not part of the range. Managing director Konstantin Rentrop explains why the Munich-based sporting goods retailer has decided to reorganise its range right now. He also discusses which other sports are currently popular and how the company is dealing with competition from large sports chains. We have been covering the bike theme holistically for a long time. What is new, however, is the sharpening of our profile. As a sports house in Munich city centre with 5,000 square metres of space and an associated online shop, our focus is strongly on the metropolitan region. Our philosophy is that during the week you do sport to stay fit, and at the weekend you look for adventure in the Alps. Cycling has always been a mainstay, from performance-orientated road bikes and mountain bikes to urban commuting. However, we have observed that the road bike segment has developed enormous momentum towards community and lifestyle in recent years. This is exactly where we come in. We are now focusing much more on the road bike type and the local scene. We follow a consistent “head-to-toe” approach. This means we offer a curated range of textiles, hardgoods and equipment. What we deliberately leave out are the bicycles themselves. In Munich city centre, space is limited and not available for this. If you offer bicycles, you must also provide the corresponding service and a workshop. Instead, we concentrate on the apparel and equipment niche. While we cover the entry-level segment, we are expanding the top end of the range to be much more lifestyle-orientated. We don't want to copy the sheer mass of a huge e-commerce player. We curate strictly and focus on selected brands, including local heroes like Fingerscrossed from Traunstein. In terms of equipment, the spectrum ranges from high-end shoes to modern glasses. In the end, it is a four-part harmony of range, advice, service and community approach. We are seeing very current trends such as Padel or the indoor fitness competition Hyrox, which is currently shaking up the fitness and running market. The trend towards running continues unabated, experiencing a strong pull from the lifestyle sector. The target group is becoming younger, more urban and the gender distribution more equal. An important sub-segment is trail running. If you look at the number of participants at events like the UTMB [Trail Ultramarathon, ed.] in Chamonix, you can see the huge potential. In addition, wellbeing, health and longevity are major topics, from nutrition and supplements to recovery products. The first brands with new product types are entering the market here. Consumers today lead a much more active lifestyle than they did 15 years ago and therefore have a great interest in this area. However, it is not yet a major topic in sales. On the one hand, there are digital services that we group under “push-to-store”, such as digital appointment booking for a running analysis. When the customer has a fixed appointment and a specialist advisor is available, the conversion rate is over 90 percent. Click and collect is also growing steadily. On the other hand, I see enormous opportunities in digital consulting through artificial intelligence (AI). This allows us to significantly improve the digital customer experience. For a family-run, medium-sized company like us, AI also offers opportunities that we would otherwise hardly be able to afford financially. Of course, sustainability remains a central theme. Customers specifically ask about production chains and fair working conditions. We need to constantly expand our expertise in this area. The preliminary information is absolutely there. The purchase intention of visitors to the store is probably higher today than it used to be. We also experience so-called “consultation theft”. The ROPO (Research Offline, Purchase Online) effect has been around for a long time. There is a counter-trend, however: the need for community and personal encounters, especially after the pandemic. The more digital our lives become, the more people are interested in personal exchange. You can no longer simply convert consumers today; we are convinced that real connections must be created. This is where brick and mortar retail can hold its own against e-commerce. We founded a running community four years ago. Events have always been an important anchor for us, as we believe in the value of personal encounters. We concentrate on the Munich region and try to create added value that others cannot offer in the same way.
While many brands have their own communities, we see ourselves as a platform. Every two to three weeks, we organise running events with 100 to 150 participants, where products from different brands can be tested. This multi-brand approach is our advantage. We want to merge the online experience with the local community and the in-house consultation to create a consistent experience. A forecast is difficult due to the current geopolitical situation. The outdoor and sports market was largely flat last year and is only expected to grow by around two to three percent annually until 2030. We had a very strong year last year, also due to special effects, which we can now compensate for well with new product range themes and more quality in many areas. Despite the consumer mood, I believe that moderate growth will continue, as health and sport remain basic themes. High-quality and durable products will continue to be in demand, as customers want to avoid making bad purchases. Whether the sports trade will grow overall this year remains to be seen, as external effects such as the economic recession are very acute. I have a very positive view of it. We are specialists in a niche and differentiate ourselves through quality and advice. Discounters or large chains are the ones who get people into sport in the first place. We benefit from this indirectly. When someone gets into sport and later wants to invest in more durable products, we come into play. Even when large chains or brand flagship stores open, it makes the ‘Munich marketplace’ more attractive and creates a pull effect for the city centre, which ultimately helps us. FashionUnited uses AI language tools to speed up translating (news) articles and proofread the translations to improve the end result. This saves our human journalists time they can spend doing research and writing original articles. Articles translated with the help of AI are checked and edited by a human desk editor prior to going online. If you have questions or comments about this process email us at info@fashionunited.com",https://r.fashionunited.com/QJd9sqSy8Q2GJ2ritLVqt3olJH36KWppjbIE-LlQloc/resize:fit:1200:630:0/gravity:ce/quality:70/aHR0cHM6Ly9mYXNoaW9udW5pdGVkLmNvbS9pbWcvdXBsb2FkLzIwMjYvMDQvMTUvZmFzc2FkZS1zY2h1c3Rlci15djBpbThuci0yMDI2LTA0LTE1LmpwZWc.jpeg
"Apr 19, 2026 @ 01:07:04.950",8ea61c6c609ad06b1afb733952128cc2,https://fashionunited.in/news/retail/inditex-expands-retail-strategy-with-new-pop-up-stores-for-zara-man-and-massimo-dutti/2026041754089,Inditex expands retail strategy with new pop-up stores for Zara Man and Massimo Dutti,These temporary stores are part of a broader commercial strategy to strengthen the business model and explore new ways of interacting with customers after a period of store closures.,Jaime Martinez,2026-04-17T10:20:08.398738Z,"Madrid – Spanish fashion multinational the Inditex group has welcomed the new spring/summer 2026 season. It has done so not only by updating its product offering but also by launching new pop-up stores. While this format is not new for the company, these activations appear to be taking root and solidifying as a new pillar of its commercial strategy. 
 As the latest example of this &#39;change of hand&#39; with which Inditex seems to be energising its &#39;game&#39; in the global retail scene, we find the opening of an exclusive Zara Man pop-up in New York on April 8. This is followed by a Massimo Dutti pop-up in Paris on Friday, April 17. With these two temporary stores, Inditex is demonstrating its willingness to explore different retail formats to continue offering a unique shopping experience to its growing customer base. 
 These aspirations align with Inditex&#39;s strategy to strengthen its business model during 2026. The company&#39;s chief executive officer, Óscar García Maceiras, outlined the key aspects of this strategy during a press conference on March 11. The conference was held to present Inditex&#39;s annual results for the 2025 financial year. During the presentation, Maceiras highlighted that in the new financial year, “we will continue to devise new ways of interacting with our customers”. This will be achieved through opening different types of retail spaces, including a prominent focus on “exclusive menswear spaces”. These initiatives are part of the goal to “continue strengthening some of the key elements of our business model”. 
 
             
   Massimo Dutti pop-up at 7 Rue Froissart in Paris, France, from April 17 to 26, 2026.  Credits: Massimo Dutti.  
 
 From a broader perspective, Inditex&#39;s commitment to pop-up spaces and experiences is linked to two key factors. These factors appear decisive in driving these strategies for marketing its products. The first is an internal factor, a direct consequence of the &#39;correction&#39; the Spanish fashion multinational has made to its sales structures in recent years. This has led the company to reduce its store count from 7,490 at the end of the 2018 financial year to 5,460 at the close of its latest 2025 fiscal year. This represents a loss of 2,030 stores. It has also resulted in a loss of 241,378 square metres of retail space over the same period, a 4.86 percent decrease. The total area has shrunk from 4,962,081 square metres in 2018 to 4,720,703 square metres in 2025, leading to a more concentrated retail network for Inditex. 
 As a result of this exercise, the company now operates larger stores with more sales area. These stores also function as small, local logistics centres through their own warehouses. This change in model is not without risks. These include a loss of market penetration and the potential to alienate consumers who are not attracted to such large spaces. These customers were also familiar with the experience offered by the medium-sized stores Inditex previously operated. Inditex hopes to mitigate these tensions with its audience first through its online channel. Secondly, it aims to do so through more curated and experiential store openings, such as the new Zara Man locations and the increasingly popular pop-up format among the group&#39;s brands. 
 
             
   Massimo Dutti pop-up at 7 Rue Froissart in Paris, France, from April 17 to 26, 2026.  Credits: Massimo Dutti.  
 
 A second key factor driving this temporary store format is external: the growing rise of new urban fashion firms emerging in key markets for the company, such as Spain. These brands have already begun to internationalise. They are relying on strategies based on experiential pop-ups that allow them to offer disruptive, dynamic shopping experiences and test the potential for permanent entry into these international markets. These tactics have earned them recognition and applause from both their audience and industry professionals for their ability to rewrite the rules of fashion retail. This has enabled them to compete with major industry giants like Inditex. It is clear that Inditex has now decided to play the new game introduced by these urban fashion firms. These brands are creating a real buzz among the new generations of fashion consumers. 
 Zara Man: pop-up in New York, until the end of June 
 Focusing on Inditex&#39;s latest actions in this area, Zara, the group&#39;s largest chain by turnover, opened a pop-up store in New York on April 8 dedicated exclusively to its menswear offering. The space, located at 73 Spring Street in the heart of New York&#39;s SoHo, allows Zara and Inditex to further their menswear segmentation strategy in the US. This follows the opening last November of its first Zara Man store in the country, at the South Coast Plaza shopping centre in Costa Mesa, California. 
 
             
   Zara Man store at the South Coast Plaza shopping centre, Costa Mesa, California.  Credits: Zara.  
 
 Unlike the permanent store, the space opened this month in New York is expected to remain open only until the end of June, as reported a week ago by US news outlet WWD. During this time, the pop-up, for which neither Zara nor Inditex have officially released information, will offer an exclusive, curated selection of Zara&#39;s men&#39;s collections. This follows its initial opening weeks, when the store was dedicated to an exclusive pop-up for the &#39;Vatisimo&#39; capsule collection designed for Zara by American designer Willy Chavarria. From April 8, this offering was expanded to include a wider range of items from Zara&#39;s collections. Customers will find these products distributed throughout the nearly 200 square metre pop-up in New York. 
 With its opening, it seems clear that Zara, following the &#39;change of hand&#39; mentioned earlier, is testing the potential for opening a second permanent Zara Man store in the US. The country has been Inditex&#39;s largest market after Spain since 2021. At the close of the 2025 financial year, it operated 103 stores there: 102 from Zara and one from Massimo Dutti. This retail network is set to expand further during 2026, with plans including the opening of the first two Bershka stores and another two Massimo Dutti stores. 
 Massimo Dutti: pop-up in Paris, from April 17 to 26 
 The new pop-up opened today in Paris by Massimo Dutti, the Inditex group&#39;s premium brand, will be much more short-lived. The temporary store will be located at 7 Rue Froissart in the heart of the Le Marais district from April 17 to 26. For a few days, it will share the retail scene with brands like Isabel Marant, American Vintage and Ami Paris. Spanish fashion brand Scuffers has also just set up its pop-up just a few steps away from the Massimo Dutti location. While Massimo Dutti does not initially share the same target audience as this brand, it is clear they share a similar strategy, as mentioned at the beginning of this article. 
 
             
   Massimo Dutti pop-up at 7 Rue Froissart in Paris, France, from April 17 to 26, 2026.  Credits: Massimo Dutti.  
 
 
             
   Massimo Dutti pop-up at 7 Rue Froissart in Paris, France, from April 17 to 26, 2026.  Credits: Massimo Dutti.  
 
 
             
   Massimo Dutti pop-up at 7 Rue Froissart in Paris, France, from April 17 to 26, 2026.  Credits: Massimo Dutti.  
 
 According to Massimo Dutti&#39;s management, the pop-up has been opened to coincide with this week&#39;s launch of its new men&#39;s and women&#39;s &#39;Limited Edition&#39; collections for the spring/summer 2026 season. These collections feature some of the brand&#39;s signature codes, such as the use of materials like leather, suede, silk and linen. They are constructed from patterns with clean lines inspired by traditional tailoring and will be sold in a carefully curated, experiential atmosphere. To create this atmosphere, Massimo Dutti has drawn on the bohemian essence of this specific part of Le Marais, which is filled with art galleries, cafés and stylish boutiques. The brand has established several collaborations, including with the Yvon Lambert bookshop; chef Rose Chalalai; photographer Saskia Lawaks; the Jacques Lacoste and Laffanour art galleries; florist Nina Charles; and Café Nuances, which will operate a small coffee space inside the pop-up. 
 Massimo Dutti has conceived this pop-up experience as “a natural extension of a way of understanding the product”, and of seeing it “not only as a design object, but as a meeting point between ‘savoir-faire’, curation and creative affinities”, the fashion brand&#39;s management highlights. From this perspective, “the activation in Paris thus underscores a vision in which the collection expands through precisely selected collaborations, capable of bringing context, depth and cultural value to the brand experience”. This activation allows Massimo Dutti to “consolidate a way of ‘building collections’ in which the product is at the centre, but is enriched through exchange with other creative perspectives”. Thus, as a benchmark to watch for future evolution, “the Paris pop-up becomes the expression of a special edition” of its &#39;Limited Edition&#39; collections, “conceived from collaboration, aesthetic sensitivity and a vocation for permanence”. 
  In summary   Inditex is boosting its commercial strategy by opening pop-up stores, such as the latest ones for Zara Man in New York and Massimo Dutti in Paris, to offer unique shopping experiences and strengthen its business model.  This commitment to pop-up openings is part of the restructuring of Inditex&#39;s store network, which now features fewer but larger stores, and aims to compensate for the loss of market penetration and attract new customer profiles.  While the New York pop-up seems to be testing the potential expansion of the Zara Man store model in the country, the Massimo Dutti pop-up in Paris, open from April 17 to 26, presents its &#39;Limited Edition&#39; spring/summer 2026 collections in an &#39;experiential&#39; environment, with artistic and gastronomic collaborations, highlighting a vision of the product as a creative &#39;meeting point&#39;.   
     This article was translated to English using an AI tool.     
 
 
 FashionUnited uses AI language tools to speed up translating (news) articles and proofread the translations to improve the end result. This saves our human journalists time they can spend doing research and writing original articles. Articles translated with the help of AI are checked and edited by a human desk editor prior to going online. If you have questions or comments about this process email us at info@fashionunited.com",https://r.fashionunited.com/hC3YFY-j9T399s2FOKUhIifhirlW2z7xR0s0CSvk6zE/resize:fit:1200:630:0/gravity:ce/quality:70/aHR0cHM6Ly9mYXNoaW9udW5pdGVkLmNvbS9pbWcvdXBsb2FkLzIwMjYvMDQvMTcvbWFzc2ltby1kdXR0aS1wYXJpcy1wb3AtdXAtMS0xdmoyczk2Zy0yMDI2LTA0LTE3LmpwZWc.jpeg
"Apr 19, 2026 @ 01:07:04.996",a39dbf5fce72e5c93d7701b387fdf618,https://fashionunited.in/news/retail/expansion-into-switzerland-birkenstock-opens-first-store-in-zurich/2026041754083,Expansion into Switzerland: Birkenstock opens first store in Zurich,"Birkenstock is opening its first store in Zurich, Switzerland. The store concept is inspired by Swiss nature and craftsmanship.",FashionUnited,2026-04-17T07:25:10.681458Z,"With its new location in the historic old town, the brand is opening its first store in Switzerland, Birkenstock announced on Friday. The company is continuing its expansion, having just opened a new store in Bordeaux at the end of March, and now operates over 30 European stores. Additionally, the first concept store in Osaka opened at the beginning of the month, marking its 12th store in Japan. 
 The store concept at Storchengasse 23 in Zurich focuses on a design-led environment intended to reflect the brand&#39;s values of quality, function, and tradition. Swiss nature and craftsmanship served as the central inspiration for the interior. Materials such as pine wood, end-grain parquet flooring, and natural stone define the aesthetic, aiming to recreate the experience of a “hike through Switzerland”. 
 Special attention is paid to the combination of history and modernity. For instance, the design of the seating is inspired by a listed guild sign from 1357. “The new store is designed as a touchpoint where consumers can experience the brand promise first-hand,” the company stated. The assortment includes classics such as the Arizona and Boston models, the “Care Essentials” range, and the eponymous “Zürich” model, which was designed by Karl Birkenstock in 1964. 
 With this move, Birkenstock underscores its commitment to “unlocking the region&#39;s potential” and engaging directly with the local community. 
  This article was created with the help of artificial intelligence.  
     This article was translated to English using an AI tool.     
 
 
 FashionUnited uses AI language tools to speed up translating (news) articles and proofread the translations to improve the end result. This saves our human journalists time they can spend doing research and writing original articles. Articles translated with the help of AI are checked and edited by a human desk editor prior to going online. If you have questions or comments about this process email us at info@fashionunited.com",https://r.fashionunited.com/K0Nv26_L3qq7OE7I2TSrMCfIvxBfp9c2j6n1wUqS9c4/resize:fit:1200:630:0/gravity:ce/quality:70/aHR0cHM6Ly9mYXNoaW9udW5pdGVkLmNvbS9pbWcvdXBsb2FkLzIwMjYvMDQvMTcvYmlya2Vuc3RvY2stMi1zdG9yZS1vcGVuaW5nLXp1cmljaC1sci1kdms0ZTl1dy0yMDI2LTA0LTE3LmpwZWc.jpeg
"Apr 19, 2026 @ 01:07:05.058",f46c2892eb2482229df6377d63b73dc4,https://fashionunited.in/news/retail/topshop-returns-to-austrian-high-street/2026041754079,Topshop returns to Austrian high street,British apparel brand Topshop has celebrated another significant step in its revival. The label is now available in Austrian brick and mortar stores once again.,Jan Schroder,2026-04-17T00:28:00.000000Z,"British apparel brand Topshop has taken another significant step in its revival. The label is now available in Austrian brick and mortar stores once again. According to media reports, it has been available for several days at the Graz branch of textile retailer Kastner &amp; Öhler. 
 The comeback was orchestrated by Danish apparel group Bestseller Group. Its parent company, Heartland, acquired a majority stake in Topshop in 2024 and has been driving the brand&#39;s expansion ever since. This involved not only restructuring the online business but also seeking collaborations with brick and mortar retailers. A collaboration with British retail chain John Lewis was announced last September. For several weeks now, Topshop has been available in numerous of the company&#39;s stores. 
 The brand has now also made the move into physical retail space in Austria. “With Kastner &amp; Öhler, we have found a strong partner to bring the Topshop experience back to brick and mortar retail in Austria,” explained Thomas Ott, the responsible country manager at Bestseller, according to media reports. 
     This article was translated to English using an AI tool.     
 
 
 FashionUnited uses AI language tools to speed up translating (news) articles and proofread the translations to improve the end result. This saves our human journalists time they can spend doing research and writing original articles. Articles translated with the help of AI are checked and edited by a human desk editor prior to going online. If you have questions or comments about this process email us at info@fashionunited.com",https://r.fashionunited.com/4CcBiYSS6pktb-xYMBfAgPA4sKctXkML36yk-vZHfc0/resize:fit:1200:630:0/gravity:ce/quality:70/aHR0cHM6Ly9mYXNoaW9udW5pdGVkLmNvbS9pbWcvdXBsb2FkLzIwMjYvMDIvMjYvdG9wc2hvcC1zcHJpbmctc3VtbWVyLTIwMjYtb3JpZ2luYWwtdG9wLTMxMDAwODQ0LXNraXJ0LTMxMDAwODcxLXYxLXQ0eWQ2OTlqLTIwMjYtMDItMjYuanBlZw.jpeg
"Apr 19, 2026 @ 01:07:05.095",685984b9db815bcd73e4697d338b0643,https://fashionunited.in/news/retail/lisa-yang-to-open-first-store-in-stockholm/2026041654064,Lisa Yang to open first store in Stockholm,"Lisa Yang will open its first physical store in Stockholm in the second half of 2026, located at Birger Jarlsgatan 8.",Danielle Wightman-Stone,2026-04-16T08:36:51.458752Z,"Swedish cashmere label Lisa Yang is opening its first-ever physical store in its home city of Stockholm in the second half of 2026. 
 The 1,400 square foot store will be located in the heart of Stockholm at Birger Jarlsgatan 8, and the brand has secured Architectural firm Studio Anne Holtrop to develop its first retail concept. 
 Lisa Yang, founded in 2014 by Lisa Yang and Samuel Stenberg, has become known for offering a complete cashmere wardrobe for women, men and the home, by bridging Scandinavian simplicity with the cashmere legacy of Inner Mongolia with its designs. 
 Commenting on the opening, Lisa Yang, founder and creative director, said in a statement: “We took our time to quietly build a brand grounded in material intelligence and modernity. Translating this sensibility into a physical environment that unites creativity, craftsmanship and connection, is a deliberate and exciting step we have waited for.” 
 
             
   Lisa Yang  Credits: Lisa Yang  
 
 Samuel Stenberg, founder and chief executive of Lisa Yang, added: “This flagship store marks an important milestone for our brand, reflecting our growth and vision for the future. Our first physical destination will not only allow us to showcase our brand strengths, but it allows us to build deeper relationships with our clients. 
 “We are excited to start this journey in our home market where we have an established and loyal customer base.”",https://r.fashionunited.com/IIm9sCwukpO2j5O2RzTgcl8PSWQGDQb5_DorXuEARNY/resize:fit:1200:630:0/gravity:ce/quality:70/aHR0cHM6Ly9mYXNoaW9udW5pdGVkLmNvbS9pbWcvdXBsb2FkLzIwMjYvMDQvMTYvMjUwNTA4LWxpc2EteWFuZy1zczI1LTA4LTAwNDktazMwOGZ3NnotMjAyNi0wNC0xNi5qcGVn.jpeg
"Apr 19, 2026 @ 01:07:05.191",5ef975d182954a8e5eb35ab2f4366a1c,https://fashionunited.in/news/retail/norrona-drives-expansion-with-new-london-flagship/2026041554051,Norrøna drives expansion with new London flagship,"Norrøna is opening its first British flagship store in London, Regent Street. The store will stock the outdoor brand's entire range.",Ole Spötter,2026-04-15T09:03:10.895114Z,"Automated translation Norrøna is expanding its network of locations and opening its first dedicated flagship store in the United Kingdom. The new ‘Norrøna Hub’ is opening at 15 Regent Street, Cunard House, London. The Norwegian outdoor brand announced this on Tuesday via the professional networking site LinkedIn. “London is one of the most important and inspiring cities in the world,” said Norrøna CEO Jørgen Jørgensen. According to the brand’s website, it was already represented by several retailers in the region. These included Outside Ltd in Hope Valley; The Outdoors Company in Congleton; Biketreks in Kandal; and Nordic Outdoor in Edinburgh. However, Norrøna did not appear to have a presence in London until now. The exact opening date for the store is not yet clear. However, it will stock the complete range of apparel and equipment, including ski/snowboard, outdoor/hiking, mountaineering, mountain biking, trail running, and surfing. “For all of us at Norrøna, opening a flagship store in London is of extraordinary importance,” said Bård Kvamme, retail director at Norrøna, in his own LinkedIn post. “This is not only because Norwegians and Britons are closely connected, but also because we can now truly affirm our presence in one of the world’s most significant centres for shopping and experiences.” The family-run company, led by Jørgensen in its fourth generation, operates more than 40 proprietary stores. The majority are in its home market. However, there are also stores in other European cities such as Munich, Zurich, Chamonix, and Stockholm, as well as in the US – New York, Boston, and Boulder – and in Beijing, China. Additionally, the brand opened a new showroom in Austria early last year. This was to respond to “the strong demand and significant growth” in that market, the company announced at the time. FashionUnited uses AI language tools to speed up translating (news) articles and proofread the translations to improve the end result. This saves our human journalists time they can spend doing research and writing original articles. Articles translated with the help of AI are checked and edited by a human desk editor prior to going online. If you have questions or comments about this process email us at info@fashionunited.com",https://r.fashionunited.com/LSAEKIRxK3fZKZnLEoWJ_PopqVeSEiqntvF1o27ym34/resize:fit:1200:630:0/gravity:ce/quality:70/aHR0cHM6Ly9mYXNoaW9udW5pdGVkLmNvbS9pbWcvdXBsb2FkLzIwMjUvMDYvMTAvbm9ycm9uYS1vc2xvLWgyMmxqMTJxLTIwMjUtMDYtMTAuanBlZw.jpeg
"Apr 19, 2026 @ 01:07:05.250",d78d767592410eca0b4c74feaabc507f,https://fashionunited.in/news/retail/a-look-inside-max-maras-new-avenue-montaigne-flagship/2026041554048,A look inside Max Mara's new Avenue Montaigne flagship,"Discover the renovated Max Mara flagship on Avenue Montaigne, Paris. The article details the store's architecture and interior design.",FashionUnited,2026-04-15T08:26:34.893501Z,"Italian house Max Mara has unveiled its completely renovated flagship at 31 Avenue Montaigne in Paris. The reopening, which coincides with the brand&#39;s 75th anniversary, is not just a simple aesthetic update. It also illustrates the desire to reaffirm the brand&#39;s identity within the Parisian Golden Triangle. 
 To redesign the 745 square metre space, Max Mara enlisted architect Sophie Hicks. The project is distinguished by a bold approach: revealing the original concrete structure of a 1970s building. This choice of raw sobriety contrasts with the refinement of traditional Italian materials, creating a visual tension characteristic of contemporary luxury. 
 
             
   Max Mara store at 31 Avenue Montaigne.   Credits: Max Mara.   
 
 
             
   Max Mara store at 31 Avenue Montaigne.   Credits: Max Mara.   
 
 The interior design is a chromatic study centred around the house&#39;s emblematic shade: camel. Sophie Hicks has taken this exploration to the extreme, shifting the hue towards a bright orange, which is used as a visual thread. 
 The store&#39;s centrepiece is undoubtedly the helical staircase. Designed in collaboration with the engineering firm Arup, the structure was conceived to be visible from the outside, acting as a strong beacon on Avenue Montaigne. 
 
             
   Max Mara store at 31 Avenue Montaigne.   Credits: Max Mara.   
 
 
             
   Max Mara store at 31 Avenue Montaigne.   Credits: Max Mara   
 
 In a market where a physical point-of-sale must offer more than just a catalogue, Max Mara integrates sensory and technological elements to strengthen its connection to its roots in Reggio Emilia. A backlit linen screen broadcasts the atmospheric conditions of the house&#39;s headquarters in Italy in real time. The wind, mist, or sun from the home region are superimposed on images from the  Collezione Maramotti , the founding family&#39;s contemporary art collection. 
 
             
   Max Mara store at 31 Avenue Montaigne.   Credits: Max Mara.   
 
Founded in 1951, Max Mara is now a powerful group with a claimed annual turnover of over 1.9 billion euros.
   This article was partly written with the support of an artificial intelligence tool before being completed and edited by a FashionUnited journalist.   
     This article was translated to English using an AI tool.     
 
 
 FashionUnited uses AI language tools to speed up translating (news) articles and proofread the translations to improve the end result. This saves our human journalists time they can spend doing research and writing original articles. Articles translated with the help of AI are checked and edited by a human desk editor prior to going online. If you have questions or comments about this process email us at info@fashionunited.com",https://r.fashionunited.com/Gqv_58FE36-kjPTjo3cehtNymN_fpT1UfqloSisUmZc/resize:fit:1200:630:0/gravity:ce/quality:70/aHR0cHM6Ly9mYXNoaW9udW5pdGVkLmNvbS9pbWcvdXBsb2FkLzIwMjYvMDQvMTUvcGFyaWdpLWF2LW1vbnRhaWduZS1zdG9yZS1pbWFnZXMtbG93My02OW16bzh1Ni0yMDI2LTA0LTE1LmpwZWc.jpeg
"Apr 19, 2026 @ 01:07:05.259",126a63f0a07045e1c8da465376a6b5a7,https://fashionunited.in/news/retail/skechers-opens-inaugural-flagship-store-in-copenhagen/2026041053996,Skechers opens inaugural flagship store in Copenhagen,"Skechers opens its first flagship store in Copenhagen, Denmark, expanding its retail presence in the Nordic region.",Rachel Douglass,2026-04-10T11:11:03.972591Z,"On the back of strong growth in the Nordics, US footwear specialist Skechers is doubling down on its presence in the Danish market with the opening of its first flagship store in Copenhagen. 
 Located in Amagertorv, the 700 square metre space provides an extensive offering of Skechers goods, including products worn by leading athletes and innovations such as the Skechers Hands Free Slip-ins. 
 The interior is defined by digital LED screens and Copenhagen-inspired graphics, introducing a modernised take on the brand identity and its lifestyle footwear collections. A dedicated Skechers Performance area, meanwhile, serves as a gallery of the brand’s innovations. 
 The flagship adds on four Skechers concept stores already operating in Copenhagen, as well as 27 locations across Denmark as a whole. The brand is also stocked in around 5,300 retail stores and has its own e-commerce site dedicated to the country. 
 The choice to open up in Amagertorv is in part due to the area’s high-traffic, as well as responding to growth from the Nordic region in general, Michael Greenberg, president of Skechers, said in a statement. 
 He added: “This all-encompassing flagship store joins our most prominent Skechers destinations around the globe–presenting Nordic consumers with the innovations, comfort, convenience and value that have made Skechers one of Europe’s fastest-growing names in footwear.”",https://r.fashionunited.com/EWcpeEVvtROLz_0g_BVMEb-TkLBCaxdNZ8gwORdz77k/resize:fit:1200:630:0/gravity:ce/quality:70/aHR0cHM6Ly9mYXNoaW9udW5pdGVkLmNvbS9pbWcvdXBsb2FkLzIwMjYvMDQvMTAvc2tlY2hlcnMtY29wZW5oYWdlbi1leHRlcmlvci14ajZocmhhdC0yMDI2LTA0LTEwLmpwZWc.jpeg
"Apr 19, 2026 @ 01:07:05.303",3b60032948f215e112246deff4c3f62c,https://fashionunited.in/news/retail/abercrombie-fitch-and-sperry-announce-heritage-collaboration/2026041354007,Abercrombie & Fitch and Sperry announce heritage collaboration,"The collection, inspired by coastal American aesthetics, includes seven apparel styles and five exclusive footwear designs, reimagining classic boat shoes.",Prachi Singh,2026-04-13T04:57:12.231969Z,"US retail group Abercrombie &amp; Fitch, has confirmed a global partnership with American footwear brand Sperry. The collaboration marks a renewal of a commercial relationship that first began in the 1930s, when the retailer served as a premier outdoor outfitter. 
 The Sperry x Abercrombie collection features a range of apparel and footwear inspired by coastal American aesthetics and the archival histories of both entities. The product line-up includes seven apparel styles, such as a long sleeve rugby polo, a cardigan, and relaxed pull on swim shorts, with price points ranging from 55 dollars to 150 dollars. 
 The launch introduces five exclusive footwear designs. These styles reimagine the Sperry Authentic Original two eye boat shoe and the Authentic Original mule by incorporating nautical-inspired removable beading and charm details. 
 Strategic expansion of footwear assortment 
 The partnership is rooted in a historical wholesale agreement established in 1935, when founder Paul Sperry secured one of his first major orders from Abercrombie. This relationship continued through the 1970s, leaving a legacy of archival pieces that influenced the current design direction. 
 Abercrombie &amp; Fitch chief product officer, Corey Robinson, stated that the decision to reconnect with Sperry was driven by consumer demand for a comprehensive lifestyle offering. Robinson noted that footwear is a critical component of the brand strategy as customers increasingly seek a complete wardrobe from the retailer. 
 Modernizing classic American icons 
 The collaboration aims to showcase the versatility of the boat shoe through a contemporary lens. Jonathan Frankel, president of Aldo Product Services, which manages Sperry in North America, emphasized that the collection brings together two brands that have historically defined timeless American style. 
 The Sperry x Abercrombie collection was made available online on April 9, 2024, at the brand e-commerce site. Select apparel items are also stocked across the brick and mortar network of Abercrombie.",https://r.fashionunited.com/-hFqXd_DEDuM3EfFtA18OnCapleqwQdolO60dY3votw/resize:fit:1200:630:0/gravity:ce/quality:70/aHR0cHM6Ly9mYXNoaW9udW5pdGVkLmNvbS9pbWcvdXBsb2FkLzIwMjYvMDQvMTMvYWFuZGYxLW90a2xoemlwLTIwMjYtMDQtMTMuanBlZw.jpeg
"Apr 19, 2026 @ 01:07:05.440",5a3b55fa6d73840329877b8dfbd38b3b,https://fashionunited.in/news/retail/french-jewellery-brand-charlotte-chesnais-expands-globally-with-tokyo-store/2026041053993,French jewellery brand Charlotte Chesnais expands globally with Tokyo store,"Charlotte Chesnais opens its first international boutique in Tokyo, a space designed for contemplation, integrating art and fine jewellery.",FashionUnited,2026-04-10T09:39:09.594246Z,"French jewellery brand Charlotte Chesnais has announced the opening of its first international boutique, located in the Aoyama district of Tokyo. This space, which took three years to design, marks an important milestone in the company&#39;s global development. 
 For this new retail space, the brand once again called on Dutch architect Anne Holtrop, with whom it had previously collaborated on the design of its two Parisian locations. Unlike the French boutiques, which featured recyclable acrylic, the Tokyo store favours different materials such as cast glass, made in an art foundry in Shanghai, and silver leaf. These silver leaves have been strategically placed near the windows to oxidise naturally over time. 
 Conceived as a place of contemplation, the space will function as both a boutique and a gallery, offering a platform to exhibit the work of artists close to the creative director. The creative director, who gained her experience in the 2000s at the Balenciaga studio, describes this retail project as a bridge between French sensibility and Japanese minimalism. 
 
             
   Charlotte Chesnais boutique in Tokyo.   Credits: Charlotte Chesnais   
 
 Beyond the geographical expansion of its distribution network, this Japanese opening accompanies an evolution in the commercial offering. The brand is introducing an extensive fine jewellery collection for the occasion. The designer, who had previously repositioned vermeil as a sustainable and luxurious material, sees this foray into fine jewellery as a natural extension of her sculptural approach. “It allows for precision, intimacy and another kind of permanence,” she explained in a statement. 
 
             
   Charlotte Chesnais boutique in Tokyo.   Credits:  Charlotte Chesnais   
 
   This article was partly written with the support of an artificial intelligence tool before being supplemented and edited by a FashionUnited journalist.   
     This article was translated to English using an AI tool.     
 
 
 FashionUnited uses AI language tools to speed up translating (news) articles and proofread the translations to improve the end result. This saves our human journalists time they can spend doing research and writing original articles. Articles translated with the help of AI are checked and edited by a human desk editor prior to going online. If you have questions or comments about this process email us at info@fashionunited.com",https://r.fashionunited.com/8no_M-B-Dsf3d63K6E_VABFsSyEr-47j1Zd6Bsi0h10/resize:fit:1200:630:0/gravity:ce/quality:70/aHR0cHM6Ly9mYXNoaW9udW5pdGVkLmNvbS9pbWcvdXBsb2FkLzIwMjYvMDQvMTAvMjYtMDQtMDQtOTc3MC0yLXViMHQ1c3A0LTIwMjYtMDQtMTAuanBlZw.jpeg
"Apr 19, 2026 @ 01:07:05.469",074789bbafaf8e62dc9a7ee1a3edf4a8,https://fashionunited.in/news/business/richemont-forgives-100-million-euros-of-debt-for-belgian-brand-delvaux/2026041754088,Richemont forgives 100 million euros of debt for Belgian brand Delvaux,"Belgian luxury brand Delvaux has had 100.6 million euros of its debt forgiven by parent company Richemont, reports De Tijd. The debt has now been converted into shares.",Caitlyn Terra,2026-04-17T10:50:50.523191Z,"Belgian luxury brand Delvaux has had its financial burden lightened. Parent company Richemont has forgiven 100.6 million euros (118.7 million dollars) of its debt, according to a report by Belgian business-focussed newspaper De Tijd. The debt has been converted into shares. 
 This move strengthens Delvaux&#39;s balance sheet. It is not the first time the Belgian brand has received help from its Swiss parent company. A loan of 90 million euros was provided in 2022, shortly after Richemont acquired Delvaux in 2021. 
 Founded in 1829, Delvaux is known as the world&#39;s oldest luxury leather goods company. 
  At the time of publication, neither Richemont nor Delvaux had commented on the debt restructuring.  
     This article was translated to English using an AI tool.     
 
 
 FashionUnited uses AI language tools to speed up translating (news) articles and proofread the translations to improve the end result. This saves our human journalists time they can spend doing research and writing original articles. Articles translated with the help of AI are checked and edited by a human desk editor prior to going online. If you have questions or comments about this process email us at info@fashionunited.com",https://r.fashionunited.com/nudzL-xIwjzgGqG-XRiZgLtvVXQY4PSZnnGw18wXxb0/resize:fit:1200:630:0/gravity:ce/quality:70/aHR0cHM6Ly9mYXNoaW9udW5pdGVkLmNvbS9pbWcvdXBsb2FkLzIwMjYvMDQvMTcvZGVsdmF1eC1oaXJlcy0xNC0wLTI4cHhrMTI2LTIwMjUtMTAtMDMtcXFpZHc5M3MtMjAyNi0wNC0xNy5qcGVn.jpeg
"Apr 19, 2026 @ 01:07:05.519",b65ff2f19d08e755fa551ab19f84d53f,https://fashionunited.in/news/retail/spanish-brand-nude-project-opens-pop-up-in-los-angeles/2026041053999,Spanish brand Nude Project opens pop-up in Los Angeles,"Nude Project opens a pop-up in Los Angeles, its second temporary store in the US, scaling up its commitment to the American market.",Jaime Martinez,2026-04-10T06:57:37.645798Z,"Automated translation Madrid – Following the success of its first pop-up in the Americas, Spanish streetwear brand Nude Project is renewing and elevating its commitment to the US market with the opening of a brand-new temporary store in the heart of Los Angeles. This is a particularly demanding and coveted retail location where the brand is showcasing the unique aspects of its DNA. Through considerable talent and effort, this has helped position the brand as one of the main “cult brands” among new generations of fashion lovers. As mentioned, Nude Project finally ventured into the Americas last October 2025 with the opening of its first temporary physical point-of-sale across the Atlantic in Miami's Design District. This was its first store in the Americas and the US. Its launch should be seen in the context that the US market had long been the brand's second-largest market in terms of turnover. Bruno Casanovas, who co-founded the brand with Alex Benlloch, cited this as one of the main reasons for their decision to finally cross the Atlantic. The venture was a remarkable success, not only because of the buzz generated by the opening. After the first pop-up closed, Nude Project, through Casanovas himself, announced its ambitions to “bring Nude Project to the United States permanently”. It is against this backdrop that the brand opened its new pop-up in the US this past Saturday, April 4. The temporary store will remain open until April 19 at 8451 Melrose Avenue in Los Angeles. This location is far from the Miami Design District where Nude Project first began to gauge the US retail scene. Two conclusions can be drawn from this choice. First, true to its strategy of selectively opening temporary points-of-sale, the streetwear brand continues to explore potential locations within the US for a definitive move. Second, Nude Project is clear about the “cult brand” aura it wants to convey, which is why it is setting up in unique commercial areas of the US market. This strategy was evident when it placed its commercial offering alongside brands like Balenciaga, Chanel and Prada in the Miami Design District. It is now repeating this by setting up its Los Angeles pop-up just a few steps away from the Adidas flagship in West Hollywood, and more importantly, from stores like Golden Goose, Isabel Marant and The Row. “In the first weekend alone, the city's response has been overwhelming,” Nude Project highlighted, offering an initial assessment of the Los Angeles pop-up opening. This success was evident from the “endless queues” that formed at the pop-up's entrance, marking “the beginning of an experience that goes far beyond purchasing a garment,” they argued. As is customary for the streetwear brand's international activations, the experience has been enjoyed first-hand by figures such as, they note, “Becky G, who hosted a private dinner to inaugurate the space”. Other notable attendees included “makeup artist Ariel Tejada, a close collaborator of celebrities like Kylie Jenner and Kim Kardashian; actor Moises Arias, known for his role in Hannah Montana, and his brother Mateo; and footballer Riqui Puig”. Focusing on the pop-up itself, this temporary Los Angeles store is undoubtedly the best crystallisation to date of Nude Project's “selling without selling” strategy, which the brand has executed so well. It is a balancing act where the experience offered to the customer takes centre stage in the entire shopping journey. This experience ultimately masks and dilutes the commercial aspect to the point where it is no longer the main objective but rather a complement to a customer's visit to a Nude Project store, especially this Los Angeles pop-up. In this carefully studied venture, which is yielding great returns for Bruno Casanovas and Alex Benlloch's brand, the Los Angeles pop-up's design features a space bathed in the brand's signature colour palette, with beige, chocolate brown and baby blue as the dominant shades. This colour scheme has been used to define a series of themed areas that reinterpret some of the most stereotypical concepts of US youth culture and the Los Angeles metropolitan area, such as arcades, the Santa Monica Pier and a typical fraternity house. These atmospheres come together within the pop-up, helping to create an immersive and genuine environment for showcasing and selling Nude Project's fashion offering. The offering also includes a series of unique and original pieces to celebrate the Los Angeles launch, including a T-shirt, a cap, a lighter and postcards. Within this setting, the brand has created an immersive shopping experience by installing various vintage-style arcade machines, “claw machines” with customised brand prizes, a basketball hoop for free throws and even a coffee shop area. This coffee spot, developed in collaboration with specialty coffee brand A.M. Radio Coffee, has become a particularly busy area of the store during the various activations that have been taking place since its opening. These are part of a full calendar of events run in partnership with the Fever platform. The programme includes almost daily activities, with meet-ups, running groups, talks and live DJ sets. It will conclude on Sunday, April 19 with a closing party organised with A.M. Radio Coffee. The “pop-up offers a total immersion in a retro-futuristic aesthetic that breaks with traditional retail codes,” by offering on one hand an atmosphere “inspired by classic Californian iconography and the lo-fi imagery of the late 90s,” and on the other, a full “cultural agenda,” Nude Project stated. This allows the pop-up to offer an experience that “goes beyond the visual” and the commercial. For three weeks, the space “will become an epicentre of cultural activity with a dynamic programme” designed “for those looking for more than just a simple visit” to a store. This is all thanks to a calendar of activations that, they detail, will feature “guests such as Lucas Barbosa, director of Rimas Label, and Daniela Matos, creative director,” as well as “exclusive musical showcases” and “the participation of renowned artists such as DJ Chase B”. “Every day will be different,” they remarked, “reinforcing the idea that Nude Project not only creates clothes, but also living spaces where creativity, community and urban culture converge”. FashionUnited uses AI language tools to speed up translating (news) articles and proofread the translations to improve the end result. This saves our human journalists time they can spend doing research and writing original articles. Articles translated with the help of AI are checked and edited by a human desk editor prior to going online. If you have questions or comments about this process email us at info@fashionunited.com",https://r.fashionunited.com/Rmd4R1wwd3ipJPjKT7cYBgg9IxljqVDWG2RfBBjquE4/resize:fit:1200:630:0/gravity:ce/quality:70/aHR0cHM6Ly9mYXNoaW9udW5pdGVkLmNvbS9pbWcvdXBsb2FkLzIwMjYvMDQvMTAvbnVkZS1wcm9qZWN0LWxvcy1hbmdlbGVzLTEtbjBiOGQxcTEtMjAyNi0wNC0xMC5qcGVn.jpeg
"Apr 19, 2026 @ 01:07:05.529",cb9946ffbb0eb1ad23040a84e544e8c5,https://fashionunited.in/news/business/fashion-pulse-india-march-2026/2026041754087,Fashion pulse: India - March 2026,"Analysis of India's fashion market in March 2026, covering consumer prices, retail sales, and macroeconomic indicators.",FashionUnited,2026-04-17T10:32:39.454269Z,"Consumer prices (March) 
 Fashion prices in India rose 2.81 percent year-on-year in March, below the overall inflation rate of 3.40 percent, according to India’s National Statistical Office (NSO). The clothing and footwear category, which carries a 6.53 percent weight in India’s consumer price index, has remained relatively stable, with inflation well contained despite broader price pressures.
Rural areas saw slightly higher overall inflation at 3.63 percent compared to 3.11 percent in urban areas, according to the NSO. The divergence reflects different consumption patterns and supply chain dynamics between India’s urban centres and its vast rural market. 
 Retail sales (February) 
 India’s retail sector grew 9 percent year-on-year in February, according to the Retailers Association of India (RAI). The apparel and clothing segment emerged as the top-performing category with 12 percent growth, outpacing all other retail segments.
Western and eastern India led with 10 percent growth each, followed by northern India at 9 percent and southern India at 8 percent, according to RAI. The strong apparel performance reflects India’s growing consumer market and expanding middle class. 
 Macro context (March) 
 Unemployment rose to 5.1 percent in March, a five-month high, according to the Periodic Labour Force Survey (PLFS) published by India’s National Statistical Office. Urban unemployment stood at 6.8 percent compared to 4.3 percent in rural areas. The Reserve Bank of India (RBI) held its repo rate at 5.25 percent, while the rupee traded at approximately 93.39 to the dollar.
Upstream in the supply chain, wholesale prices for textile manufacturing rose 4.91 percent in March according to the Wholesale Price Index (WPI), while finished wearing apparel wholesale inflation was a more moderate 1.81 percent, according to the Department for Promotion of Industry and Internal Trade (DPIIT). The gap suggests manufacturers are absorbing rising input costs. 
  The bottom line:  India’s fashion retail is one of the strongest growth stories in the Fashion pulse series, with apparel sales growing 12 percent while consumer inflation remains moderate at 2.81 percent. The gap between textile input inflation at 4.91 percent and finished garment inflation at 1.81 percent signals margin pressure for manufacturers, even as retail demand remains robust. 
 Note: The figures in this article are based on different reporting periods. Some indicators are already available for March, while others are reported with a time lag due to survey and publication cycles. This is common practice in official statistics and nevertheless allows for a reliable assessment of current market trends.",https://r.fashionunited.com/BxnaQvIQ-1smhzqWQTsAfO1qNZCGDAztQVsBVE79Xps/resize:fit:1200:630:0/gravity:ce/quality:70/aHR0cHM6Ly9mYXNoaW9udW5pdGVkLmNvbS9pbWcvdXBsb2FkLzIwMjYvMDQvMTcvZ2VtaW5pLWdlbmVyYXRlZC1pbWFnZS13OWp2M3F3OWp2M3F3OWp2LTQ5cHh2NXMxLTIwMjYtMDQtMTcucG5n.jpeg
"Apr 19, 2026 @ 01:07:05.678",998830c7db34fea4e339d498f41d15e2,https://fashionunited.in/news/business/associated-british-foods-signals-potential-primark-demerger/2026041754084,Associated British Foods signals potential Primark demerger,"Associated British Foods considers separating its fashion retail division, Primark, from its food businesses to boost shareholder value.",Prachi Singh,2026-04-17T08:51:46.364559Z,"UK-based group Associated British Foods (ABF) is anticipated to present a strategy to decouple its Primark fashion business from its diversified food portfolio this Tuesday, according to Reuters. The move follows a comprehensive structural assessment intended to enhance long-term shareholder value. 
 Primark currently maintains a retail footprint of 486 stores across 19 international markets. Despite its scale, the fashion retailer experienced a 2.7 percent decline in underlying sales during the Christmas quarter. 
 Primark separation remains working assumption 
 The London-based parent company initiated the structural review last year, supported by advisory firm Rothschild. ABF chief executive officer, George Weston, indicated in November that the findings are scheduled for release by April 21, 2026, to align with the announcement of first-half results. 
 Weston noted that the separation of the clothing chain is the “working assumption” for the board. This strategic shift is being coordinated with Wittington Investments, the holding company for the Weston family, which intends to retain majority control over both business units post-separation. 
 The structural evaluation arrives as ABF shares have recorded a 14 percent decrease over the last year. By separating the high street retailer from the broader group, the board aims to address valuation discrepancies between its retail and food segments. 
 Management restructured ahead of transition 
 ABF has formalised the leadership at the fashion division by appointing Eoin Tonge as the permanent CEO of Primark. Tonge, formerly the group finance chief for ABF, has led the retailer in an interim capacity since March 10, 2025, following the sudden departure of Paul Marchant. 
 The executive team has been further expanded with the recruitment of Filip Ekvall, a former executive at Swedish brand H&amp;M. Ekvall joins the company in the newly established position of chief commercial officer. 
 These appointments mark a significant reinforcement of the Primark leadership structure as the brand prepares for a potential standalone future.",https://r.fashionunited.com/_C_rif2jEEh2gGVf3JZLIFt5ehdDpOLdv8-yKkky0rw/resize:fit:1200:630:0/gravity:ce/quality:70/aHR0cHM6Ly9mYXNoaW9udW5pdGVkLmNvbS9pbWcvdXBsb2FkLzIwMjYvMDMvMjcvcHJpbWFyay1lcHNvbS0xLXc1bDd5dzl2LTIwMjYtMDMtMjcuanBlZw.jpeg
"Apr 19, 2026 @ 01:07:05.689",7f7daaf1c1e783092c8a41e3d376175d,https://fashionunited.in/news/business/association-ships-in-gulf-region-to-remain-insured/2026041754082,Association: ships in Gulf region to remain insured,German ships in the Gulf region remain insurable despite adjusted terms and higher prices due to the war with Iran.,DPA,2026-04-16T16:45:00.000000Z,"Despite the war with Iran, German ships in the Gulf region can continue to be insured. This was announced by the German Insurance Association (GDV). “Insurers are adjusting terms and prices, but are not pulling out,” said Jörg Asmussen, general manager of the GDV. War risk insurance, which typically covers damage from incidents such as mines, is also still being offered by insurers. According to the German Shipowners' Association (VDR), shipping companies generally take out war risk insurance for voyages through and stays in high-risk areas. The VDR also represents shipping companies whose vessels are stranded in the Persian Gulf, where traffic in the Strait of Hormuz has largely come to a halt. The association states that at least 50 ships from German shipping companies are currently stranded in the Gulf. In early March, shortly after the war with Iran began at the end of February, the GDV announced that marine insurers were exercising their termination rights on war risk policies. According to the VDR, insurers subsequently offered coverage at significantly higher prices. This is “a standard procedure when the risk situation changes at short notice,” the VDR stated. This has resulted in high additional costs for shipowners. For large merchant vessels, six to seven-figure sums must be paid to insure them against war damage. Raik Becker, who works for the insurance broker Marsh Risk and negotiates with insurers on behalf of shipping companies, told the German Press Agency on Wednesday that the price of war risk insurance has multiplied since the war began. He noted that, based on experience, they are on average five to six times higher than before. Becker added that shipping companies must pay approximately 3 to 7 percent of a vessel's value for an insured voyage through a high-risk area such as the Gulf. War risk insurance is also available for ships stranded in the Gulf. In such cases, a specific time frame is agreed upon for the policy's validity. The Strait of Hormuz is a sea passage south of Iran and one of the most important routes for the oil and gas trade. Iran is threatening free navigation in the strait and has largely brought traffic to a standstill. The US established a naval blockade on Monday. FashionUnited uses AI language tools to speed up translating (news) articles and proofread the translations to improve the end result. This saves our human journalists time they can spend doing research and writing original articles. Articles translated with the help of AI are checked and edited by a human desk editor prior to going online. If you have questions or comments about this process email us at info@fashionunited.com",https://r.fashionunited.com/DB9RYr2WSEW84WYptR_fi8CUd43T6J1NO3j1hvgVcB0/resize:fit:1200:630:0/gravity:ce/quality:70/aHR0cHM6Ly9mYXNoaW9udW5pdGVkLmNvbS9pbWcvdXBsb2FkLzIwMjQvMDIvMjgvcGV4ZWxzLXRvbS1maXNrLTE1NTQ2NDYtc2o4OXpocDctMjAyNC0wMS0xNi1zbHhkdXJpNi0yMDI0LTAyLTI4LmpwZWc.jpeg
"Apr 19, 2026 @ 01:07:05.740",9ec9deea8f309e81834760df696f2820,https://fashionunited.in/news/business/strategic-partnership-kering-and-chinas-iccf-to-strengthen-icicle-brand/2026041654069,Strategic partnership: Kering and China's ICCF to strengthen Icicle brand,French luxury group Kering announced on Thursday during its Capital Markets Day that it will acquire a minority stake in the Chinese group ICCF (Icicle Carven China France).,Jan Schroder,2026-04-16T11:16:40.761779Z,"French luxury group Kering announced on Thursday during its Capital Markets Day that it will acquire a minority stake in the Chinese group ICCF (Icicle Carven China France). The investment is part of the “House of Wonders” initiative, through which Kering aims to support selected “emerging luxury brands”. 
 According to the group, the transaction is part of a “strategic partnership” aimed specifically at strengthening the fashion brand Icicle, which belongs to ICCF. The plan is to drive the label&#39;s international expansion and expand its range with additional product categories, Kering explained. 
 Founded in Shanghai in 1997, the brand combines sustainable materials with subtle tailoring and traditionally represents a “quiet luxury” aesthetic. Icicle offers ready-to-wear collections for men and women, as well as accessories, and currently operates more than 200 stores, including flagship stores in the major cities of Beijing, Shanghai and Paris. 
 The investment also underscores the French group&#39;s strategic goal of strengthening its presence in the Chinese market. “This partnership combines ICCF&#39;s deep understanding of the Chinese luxury ecosystem and cultural landscape with Kering&#39;s long-standing expertise in craftsmanship, operations and brand development in Europe,” a statement read. 
     This article was translated to English using an AI tool.     
 
 
 FashionUnited uses AI language tools to speed up translating (news) articles and proofread the translations to improve the end result. This saves our human journalists time they can spend doing research and writing original articles. Articles translated with the help of AI are checked and edited by a human desk editor prior to going online. If you have questions or comments about this process email us at info@fashionunited.com",https://r.fashionunited.com/Yt20-WFSLOn_BJsrwCaofVT2VysvoxfaqOyAWutIZpM/resize:fit:1200:630:0/gravity:ce/quality:70/aHR0cHM6Ly9mYXNoaW9udW5pdGVkLmNvbS9pbWcvdXBsb2FkLzIwMjIvMDMvMDIvaWNpY2xlLWJvdXRpcXVlLWZzaC1jb3B5cmlnaHQtcm9tYWluLWxhcHJhZGUtMy03ZG5zNjF3Zy0yMDIyLTAzLTAyLmpwZWc.jpeg
"Apr 19, 2026 @ 01:07:05.767",f8f897c651f4186408e3244395037323,https://fashionunited.in/news/business/inditex-suffers-cyberattack/2026041654071,Inditex suffers cyberattack,The Spanish fashion multinational has suffered an unauthorised access to customer databases across various markets.,Jaime Martinez,2026-04-16T12:00:17.903959Z,"Madrid – Spanish fashion giant the Inditex has become the latest major corporation to fall victim to a cyberattack. An “unauthorised access” to the company&#39;s computer databases, containing customer information from various markets, has been reported. However, it is specified that this breach has not affected customers&#39; personal or banking information. 
 According to a statement from Inditex&#39;s management, the breach of customer databases was detected on the servers of one of its technology providers. These infrastructures suffered a cyberattack that affected both Inditex and other companies with international operations. Following the attack, the Spanish fashion multinational, parent company of chains such as Zara, Bershka, Pull&amp;Bear and Massimo Dutti, “immediately” implemented its security protocols. It also notified the relevant authorities. This was the result of a security breach on the servers of that third-party technology provider, where the company&#39;s compromised databases are hosted. Inditex reiterates that the incident “in no case” affected the personal and banking information of customers, who “can continue to access and operate with complete security”. 
 “Inditex has identified an unauthorised access to its organisation&#39;s databases hosted by a third party. These databases contain information about the commercial relationship with customers from different markets, but in no case do they contain data such as first and last names, telephone number, address, passwords, bank cards or other means of payment,” stated the Spanish fashion multinational in the aforementioned statement. Once the breach was detected, “Inditex immediately applied its security protocols and has initiated the notification to the corresponding authorities about this unauthorised access, which originates from an incident suffered by a former technology provider that has affected several companies with international operations”. In the case of Zara&#39;s owner, “Inditex&#39;s operations and systems have not been affected in any way” as a result of the cyberattack, and therefore, it is assured, “customers can continue to access and operate with complete security”. 
 A growing risk for companies 
 With this breach of its databases containing commercial information from customers in different markets, Inditex joins the growing list of companies and groups in the sector that have recently fallen victim to similar cybersecurity breaches, both in their own and third-party structures. Recent examples include breaches detected by Nike, Mango, El Corte Inglés and Tendam. In the case of the three Spanish companies, a breach of customers&#39; personal data was reported. 
 Aware of this growing potential risk, especially within a multinational company like Inditex that has adopted an omnichannel business model, the company created and launched a Cybersecurity Advisory Committee in 2023. This is an independent body from its Audit and Compliance Committee. Its purpose is to advise the company on matters related to information security and cybersecurity. These are included among the potential technological risks for the company, given the “high degree of digitalisation and technological integration of Inditex&#39;s business model”. This nature leads the company to estimate, as stated in its 2025 Annual Report, that “the eventual materialisation of technological incidents—arising from factors such as infrastructure failures; cybersecurity incidents; application errors or difficulties in interacting with third-party technologies—could have a cross-cutting impact on the Group&#39;s activity, affecting the normal development of operational and commercial processes”. 
 To continue mitigating these potential risks, “throughout 2025, we continued to strengthen our defence capabilities to improve detection and response to threats such as DDoS attacks, credential stuffing and third-party vulnerabilities,” such as the one just identified, the Report adds. To achieve these objectives, the company has a specialised cyber-intelligence team responsible for continuous monitoring and early detection of risks and threats. It also has a Security Operations Centre (SOC) available 24 hours a day, seven days a week, which is responsible for the detection, analysis, notification and resolution of potential “security events” that may affect Inditex. 
 In 2025, a total of 66 “events of interest” were recorded. “The most relevant” of these were “reported to the Information Security Committee”. However, “none of these events” had a “significant impact on our operations or our financial statements”. This highlights how cybersecurity has become an increasingly critical area for companies. Therefore, in addition to the above, during 2025, Inditex carried out intrusion prevention measures and individual cybersecurity training programmes, providing specialised training to more than 4,000 team members. 
  In summary   Inditex has been the victim of a cyberattack, following unauthorised access to the company&#39;s customer databases hosted on the servers of an external technology provider.  The company has assured that the security breach did not compromise customers&#39; personal or banking information, stating that they can continue to operate with complete security.  Inditex immediately implemented its security protocols and notified the relevant authorities of the breach. This is in line with measures to mitigate and stop this series of attacks, which are monitored by its cyber-intelligence team, its security operations centre, and its Cybersecurity Advisory Committee.   
     This article was translated to English using an AI tool.     
 
 
 FashionUnited uses AI language tools to speed up translating (news) articles and proofread the translations to improve the end result. This saves our human journalists time they can spend doing research and writing original articles. Articles translated with the help of AI are checked and edited by a human desk editor prior to going online. If you have questions or comments about this process email us at info@fashionunited.com",https://r.fashionunited.com/8fk7s3XuihxZKJzhcQC6dnLwi88N2Q2LWPt79Yub1f0/resize:fit:1200:630:0/gravity:ce/quality:70/aHR0cHM6Ly9mYXNoaW9udW5pdGVkLmNvbS9pbWcvdXBsb2FkLzIwMjYvMDEvMDcvYWZwLTIwMjUxMjI2LWhsLWViZXJhY2Fzc2F0LTMwMDI0NDItdjEtaGlnaHJlcy1mcmFuY2VwdXRlYXV4emFyYXN0b3Jlc2hvcHBlcnMtemluajAzMTktMjAyNi0wMS0wNy5qcGVn.jpeg
"Apr 19, 2026 @ 01:07:05.915",953cc37b9a6a267976a3d073bfb312ba,https://fashionunited.in/news/business/from-shoe-company-to-ai-allbirds-stock-surge-loses-steam/2026041754081,From shoe company to AI: Allbirds' stock surge loses steam,"The shoe company Allbirds was on the brink of collapse and suddenly decided to switch to the AI infrastructure business. The stock initially soared, but the fireworks didn't last long.",DPA,2026-04-17T06:45:44.850991Z,"The stock market surge of the former shoe company Allbirds, following its surprising pivot to the artificial intelligence (AI) business, is losing steam. The stock fell by more than 35 percent on Thursday after its price had previously increased approximately sevenfold. 
 Allbirds was once a popular shoe brand, particularly in tech circles, which originally started in New Zealand. Following its stock market debut in 2021, Allbirds was temporarily valued at around four billion US dollars. A few weeks ago, however, the business was valued at less than 40 million dollars and was on the brink of collapse. 
 New start as an AI specialist? 
 The company then suddenly announced a new start as a provider of artificial intelligence infrastructure under the name NewBird AI. A previously unnamed investor announced plans to invest up to 50 million dollars in the company. The share price subsequently jumped from around 3 dollars to approximately 21 dollars. On Thursday, it fell back to the 10-dollar mark. 
 Analysts attributed the rise, in part, to investors&#39; tendency to jump on anything related to AI. The development is reminiscent of the situation a few years ago when simply announcing something related to digital currencies like Bitcoin was enough to trigger stock price increases. Gene Munster of Deepwater Asset Management told the financial service Bloomberg that even if the Allbirds announcement lacks substance, enthusiasm and potential are enough for investors. He added that the plans also have a “healthy dose of absurdity”. 
     This article was translated to English using an AI tool.     
 
 
 FashionUnited uses AI language tools to speed up translating (news) articles and proofread the translations to improve the end result. This saves our human journalists time they can spend doing research and writing original articles. Articles translated with the help of AI are checked and edited by a human desk editor prior to going online. If you have questions or comments about this process email us at info@fashionunited.com",https://r.fashionunited.com/Aanc-0_8wV43p24504jr6spRFuQN-5XqZU0fSUYwYQ0/resize:fit:1200:630:0/gravity:ce/quality:70/aHR0cHM6Ly9mYXNoaW9udW5pdGVkLmNvbS9pbWcvdXBsb2FkLzIwMjMvMDgvMDkvYWxsYmlyZHMtZ3JlZW5oaWxscy0wMnItY29weS1yNjdmbnNoMC0yMDIyLTA1LTE3LWVvZHVzYW11LTIwMjItMTEtMjEtZjJqZTRkd3gtMjAyMy0wNS0xNS05NjlreTJkYS0yMDIzLTA4LTA5LmpwZWc.jpeg
"Apr 19, 2026 @ 01:07:05.952",8bb664601a6469cdaa135d8d2c8bb0fe,https://fashionunited.in/news/business/how-nothink-shoes-solves-the-high-heel-vs-comfort-dilemma/2026041754075,How Nothink Shoes solves the high heel vs. comfort dilemma,An interview with the creator of a footwear line that allows wearers to switch between high and low heels.,Isabella Naef,2026-04-17T04:00:50.000000Z,"&quot;I wanted a product that would eliminate the compromise between beauty and practicality, helping women to live with more freedom and light-heartedness,&quot; says Asia Pellegrini, the under-30 founder of Nothink Shoes, the brand for all heel lovers. 
 The idea came from Asia Pellegrini, the under-30 founder of this shoe label. It was made possible by the Heelchanger system, the result of over ten years of research and development. The shoes allow the wearer to easily switch from high to low heels, or vice versa, choosing between heights of 3 centimetres, 7 centimetres and 10 centimetres and seven types of heels.
The collection is produced in Spain by artisans with over 30 years of experience using high-quality Italian materials. It is sold on the brand&#39;s e-commerce site and includes versatile models.
By reducing the need to buy multiple pairs of shoes, the brand also promotes a sustainable approach to fashion. 
 FashionUnited interviewed Asia Pellegrini, the brand&#39;s founder, to understand the genesis and strategy of the company Nothink srl, which is based in Azzano San Paolo, in the province of Bergamo, Italy. 
 
             
   Asia Pellegrini, founder of Nothink Shoes  Credits: Nothink Shoes  
 
 How did this idea come about? 
 I was living in London and I saw girls and women who, after getting off the tube and arriving at their destination, would take their heeled shoes out of their bags to replace their trainers or flat shoes. The fact is, as we know, that outfits designed for high heels are often not flattering with flat or athletic footwear. So I started thinking about a solution. I envisioned a shoe that could transform from high-heeled to more comfortable, at least enough to avoid carrying a &#39;spare&#39; pair, which is also complicated. I searched the market and found the German brand Mime et moi, which sold a type of shoe that allowed you to change the heel. No sooner said than done: I bought them because I wanted to see if they &#39;worked well&#39; and were aesthetically pleasing. They were indeed comfortable and functional, both in the high and low heel versions. Most importantly, once on, you couldn&#39;t tell it was a shoe with an interchangeable heel. The only thing that left me a little perplexed was the aesthetic; some had velcro, in short, not my ideal shoe. So I tried to contact the company to propose a collaboration. They never replied. 
 So you decided to go it alone? 
 Yes, I contacted two engineering firms and asked if it was feasible to patent a mechanism that would not conflict with the existing patent. The answer was that it would not be easy and there would be difficulties. Some time passed and I received a newsletter from the German brand announcing that the company was closing down. I seized the opportunity and wrote again to see if they intended to sell the patent rights. After six months of negotiations, we reached an agreement. It was a long process because, unfortunately, it involved three partners who had decided to abandon the brand as they no longer got along. In the meantime, I went to Spain to visit the company that produced them. 
 
             
   Asia Pellegrini  Credits: Nothink Shoes  
 
 Where exactly are the shoes produced? 
 In Alicante, Spain. It is actually three different factories: one produces the sole components; another produces the heels; and the third assembles the shoes. These three facilities are all located in the same small town and had been collaborating with the German company for over 10 years. They had been involved from the very beginning, first in the creation of the prototype and then in the actual production. So in 2023, we started creating the new models and did some testing. In 2024, we were ready and launched on the market with our e-commerce site, which is still our main channel for selling shoes in Europe, America and South America. We recently attended a trade fair in Dubai, the International Apparel and Textile Fair, and the response was very positive. 
 The price of the shoe, around 250-280 euros, includes one high and one low heel. This is in line with this market, as are the current models. If you want to buy other heels, a set starts from 35 euros. Today, in fact, the shoe has a structural limitation in that the sole has to move, so it cannot be completely closed. The central part must remain open. Therefore, it is obviously not wearable in Italy or where it is cold in winter. We are currently looking into developing a boot, but we are in the early stages. 
 What was the initial investment? 
 The initial investment was around 100,000 euros to acquire the patents, i.e. the patent registered in several countries, and some stock. 
 What was your turnover last year? 
 Around 50,000 euros, and we expect to double that in 2026. 
 
             
   The Singapore model with the different heels  Credits: Nothink Shoes  
 
 What are the primary markets? 
 The market that is currently responding best is Spain. This is because I have a Spanish partner. In fact, in 2024, a girl who had the same idea as me contacted me. She is a 22-year-old girl from Valencia: Luna Talavera Garcia. She is very good and dedicates herself to this brand full-time, while I also have another job. Luna manages the Tik Tok and Instagram channels; today we have almost 250,000 followers. She creates content in Spanish, explaining how the mechanism actually works. She also explains that the price is justified by the fact that the sole has 20 components and it is an artisanal shoe, as it is made entirely by hand with high-quality Italian leather. The collection also includes models in faux leather and fabric, always of high quality as the material must be flexible and durable. 
 Germany is the second market for us and Italy is the third, followed by England, where my idea originated. With Brexit, unfortunately, those who order online have to pay high duties. The goal, therefore, is to find a partner in the country. 
 So at the moment, digital and e-commerce are the preferred channels in your strategy? 
 Yes, in the future we are also thinking of participating in some trade fairs in Italy. Last year we opened a temporary pop-up in Milan and involved the press and potential customers who wanted to try on the shoe. The next pop-up will be opened in Paris. Shops often ask us for the footwear, but stock management can be a bit complex, also because of the set of additional heels that need to be kept. 
 
             
   The Tulum model  Credits: Nothink Shoes  
 
     This article was translated to English using an AI tool.     
 
 
 FashionUnited uses AI language tools to speed up translating (news) articles and proofread the translations to improve the end result. This saves our human journalists time they can spend doing research and writing original articles. Articles translated with the help of AI are checked and edited by a human desk editor prior to going online. If you have questions or comments about this process email us at info@fashionunited.com",https://r.fashionunited.com/r-i6UUV-DB_0HjbMNKjLKjl_FimAEFucYH-U9F008_s/resize:fit:1200:630:0/gravity:ce/quality:70/aHR0cHM6Ly9mYXNoaW9udW5pdGVkLmNvbS9pbWcvdXBsb2FkLzIwMjYvMDQvMTYvaG9sbHl3b29kLXJhc28tYXp1bC1wYWNrLXBsdGc4N2NqLTIwMjYtMDQtMTYuanBlZw.jpeg
"Apr 19, 2026 @ 01:07:05.974",4553cb22fa34a2b238216be0cf021eff,https://fashionunited.in/news/business/backcountry-launches-brand-incubator-and-acquires-coalatree/2026041654066,Backcountry launches brand incubator and acquires Coalatree,"Backcountry launches a brand incubator, Backcountry Garage, and acquires eco-focused outdoor brand Coalatree as its first portfolio addition.",Danielle Wightman-Stone,2026-04-16T09:04:03.325209Z,"Backcountry, the premium retailer of outdoor gear and apparel, has launched a brand incubator, designed to accelerate and grow the next generation of outdoor brands, and has acquired Utah-based eco-focused Coalatree as the first brand for the platform&#39;s portfolio. 
 The incubator platform is called Backcountry Garage, and has been designed to advance Backcountry’s vision to provide the best outdoor gear, curate innovative products, and make them accessible to a growing community of outdoor enthusiasts, while investing in “the next generation of brands shaping the outdoor industry”. 
 “By creating space and support for new builders and tinkerers, Backcountry taps back into its entrepreneurial roots and encourages new voices to enter the fray,” explained the brand in a statement. 
 Kevin Lenau, president of Backcountry, said: “At Backcountry, we believe constant innovation is the most powerful way to improve our customers’ experience outside. 
 “Backcountry Garage is how we keep pushing when much of the industry is waiting, partnering with builders and founders who are rethinking how great gear should perform so our community feels the difference every day on the trail, at the crag, and in their own backyards.” 
 The first brand acquired for the Backcountry Garage platform is the eco-minded outdoor apparel and gear brand Coalatree, founded in 2010, which has become known for its popular trailhead pants and 3-in-1 Kachula blankets. 
 With the new partnership, Coalatree will continue to sell through its direct-to-consumer site, “preserving its distinct voice and community,” while select key styles will also be available at Backcountry.com. 
 JM Fabrizi, president of Coalatree, has been appointed as the director of Backcountry Garage, where he will oversee Coalatree’s next stage of growth, while also establishing the incubator as the hub for “differentiated, community‑focused products and brands that reflect Backcountry’s values of quality, sustainability, and access”. 
 “The Coalatree community has helped shape every product we make, from our best‑selling Trailhead Pants to packable layers and 3‑in‑1 Kachula blankets,” added Fabrizi. “Partnering with Backcountry means Coalatree can stay close to that community, obtain feedback on a larger scale, and bring new ideas to life that were too big for Coalatree to tackle alone.”",https://r.fashionunited.com/hffkH5yMlIY1HXPkmJvySzK6J4fmHhRF31xFG620T2I/resize:fit:1200:630:0/gravity:ce/quality:70/aHR0cHM6Ly9mYXNoaW9udW5pdGVkLmNvbS9pbWcvdXBsb2FkLzIwMjYvMDQvMTYvYmFja2NvdW50cnktbG9nby10eTBxazV5eS0yMDI2LTA0LTE2LnBuZw.jpeg
"Apr 19, 2026 @ 01:07:05.986",0432f8e0444e7a8767aefe0a5073d6b7,https://fashionunited.in/news/business/kering-unveils-recovery-plan-aims-to-more-than-double-profit-margin/2026041654062,"Kering unveils recovery plan, aims to more than double profit margin","Kering's recovery plan includes more targeted local strategies, a stronger leather goods offering and faster execution, all aimed at doubling its operating margin.",AFP,2026-04-16T06:16:38.181146Z,"French luxury giant Kering has announced a recovery plan as the group continues to struggle. On Thursday, it revealed measures that include more than doubling its operating margin rate in the medium term. 
 The group began a transformation last year under its new chief executive officer, Luca de Meo. It now aims to achieve an operating margin rate of at least 22 percent in the medium term, it said in a statement, without specifying an exact timeline. 
 Kering&#39;s strategy for its revival 
 Kering also plans to dedicate 5 to 6 percent of its turnover to developing sustainable organic growth for its houses. The group is also considering targeted acquisitions, particularly to secure its raw material supplies. 
 The group aims for a “progressive outperformance of the market,” it said, without providing further details.
Changes are also being implemented for Gucci, which has particularly struggled in recent years. The Italian brand generates approximately 40 percent of the group&#39;s turnover.
For Gucci, Kering plans “a strengthened leather goods offering” and “higher quality standards”. 
 “More targeted local strategies and an optimised distribution model will allow the brand to be more relevant in its markets, strengthen its exclusivity and guarantee its speed of execution,” Kering stated. 
 Furthermore, the company is considering acquisitions “aimed primarily at strengthening know-how, vertical integration and securing raw materials,” it specified. The group did not disclose the amount that could be dedicated to these operations. 
 These announcements were made just before Luca de Meo presented Kering&#39;s new strategy to investors in Florence, the birthplace of Gucci, on Thursday morning. 
 Like other companies in the sector, Kering has suffered from a slowdown in recent years. This was caused in particular by weaker demand in China, one of the main luxury markets. 
 The group has also suffered from a significant decline in Gucci&#39;s popularity. The Italian house has a new CEO and a new artistic director, Demna Gvasalia, who presented his first collection in the autumn. However, these efforts have yet to yield results. 
 In the first quarter, Gucci&#39;s sales fell by 14 percent, or 8 percent on a like-for-like basis, which was below expectations. Kering&#39;s total turnover for the period fell by 6 percent, remaining stable on a like-for-like basis. 
     This article was translated to English using an AI tool.     
 
 
 FashionUnited uses AI language tools to speed up translating (news) articles and proofread the translations to improve the end result. This saves our human journalists time they can spend doing research and writing original articles. Articles translated with the help of AI are checked and edited by a human desk editor prior to going online. If you have questions or comments about this process email us at info@fashionunited.com",https://r.fashionunited.com/DoisLTyi8NFIFDecJu7HzvSDla03Vk6KuprsUBBoo_8/resize:fit:1200:630:0/gravity:ce/quality:70/aHR0cHM6Ly9mYXNoaW9udW5pdGVkLmNvbS9pbWcvdXBsb2FkLzIwMjYvMDQvMTYva2VyaW5nLWxhZW5uZWMtMi1jb3B5cmlnaHRlcmljLXNhbmRlci1yazgwZjcxNy0yMDI2LTA0LTE2LmpwZWc.jpeg
"Apr 19, 2026 @ 01:07:06.156",6e24bce39f344c74e6656f95c1293e7f,https://fashionunited.in/news/business/kering-ceo-details-strategy-for-guccis-return-to-growth/2026041654067,Kering CEO details strategy for Gucci's return to growth,Luca de Meo intends to make Gucci a “must-have” brand again.,AFP,2026-04-16T08:50:16.387456Z,"Florence, Italy - French luxury group Kering is at a “turning point”, its chief executive officer Luca de Meo said on Thursday. He was presenting the company&#39;s new strategic plan in Florence, Italy. 
 To return to growth, the executive highlighted a series of measures, particularly for its flagship brand Gucci, with a “significant” move “upmarket in quality”. 
 “Our priority is to make Gucci a must-have again,” said de Meo. The double-G brand has seen poor results for the past three years. 
 “You have to recognise it&#39;s Gucci in a second. That doesn&#39;t mean covering the world in GGs (the brand&#39;s logo, ed.). It can also be discreet,” said de Meo, who spoke of a “renewed identity”. 
 Kering (which also owns Yves Saint Laurent, Bottega Veneta, Kering Eyewear, Boucheron, etc.) aims “to generate an additional one billion euros in revenue from leather goods by 2030” for the brand, the executive stated. 
 “Customers notice quality, they notice consistency and they remember it,” he assured, adding that the house would have 30 percent fewer points-of-sale by 2030. 
 According to figures published on Tuesday, Gucci&#39;s sales continued to decline in the first quarter (down 14 percent over the period) to 1.35 billion euros (1.59 billion dollars), down 8 percent excluding currency effects. 
 Kering will also implement measures for the Chinese market across all its houses. This is a key region for the luxury sector. The group plans to significantly increase marketing and sales budgets and close points-of-sale there. 
 The essentials of the fashion business, delivered directly to your inbox.   Subscribe to the FashionUnited newsletter.   
     This article was translated to English using an AI tool.     
 
 
 FashionUnited uses AI language tools to speed up translating (news) articles and proofread the translations to improve the end result. This saves our human journalists time they can spend doing research and writing original articles. Articles translated with the help of AI are checked and edited by a human desk editor prior to going online. If you have questions or comments about this process email us at info@fashionunited.com",https://r.fashionunited.com/e_Nl2AXgbgoTBLFZkFp1wOTmrYigfBg4aok9apTp2us/resize:fit:1200:630:0/gravity:ce/quality:70/aHR0cHM6Ly9mYXNoaW9udW5pdGVkLmNvbS9pbWcvdXBsb2FkLzIwMjYvMDIvMDUvYWZwLTIwMjUwOTA5LTczdzczeWItdjEtaGlnaHJlcy1mcmFuY2VpdGFseWx1eHVyeWtlcmluZy1hb3hub2xrMS0yMDI2LTAyLTA1LmpwZWc.jpeg
"Apr 19, 2026 @ 01:07:06.170",fc1a285942468c13a295f3300d772a0e,https://fashionunited.in/news/business/allbirds-rebrands-as-newbird-ai-stock-jumps-400-percent/2026041654061,"Allbirds rebrands as NewBird AI, stock jumps 400 percent","The footwear company transitions to an AI compute infrastructure provider, divesting its brand and assets to American Exchange Group.",Prachi Singh,2026-04-16T06:31:39.974030Z,"US sustainable footwear company Allbirds has announced a radical shift in corporate strategy, transitioning from a fashion retailer to an artificial intelligence (AI) compute infrastructure provider. The San Francisco-based firm, which recently divested its brand assets, intends to rename itself NewBird AI as part of a pivot toward the technology sector. 
 The announcement triggered a significant reaction on the Nasdaq, where shares surged more than five-fold on Wednesday. The stock increased 435 percent to 13.33 dollars, resulting in a market valuation of 116 million dollars. Despite this recent rally, the company has experienced a substantial decline since its 2021 debut, where it reached a valuation of 3 billion dollars before losing approximately 99 percent of its market value. 
 Divestment of footwear assets and brand legacy 
 This strategic overhaul follows the company entering into a definitive agreement to sell the Allbirds brand and footwear assets to US-based American Exchange Group. The asset sale, valued at 39 million dollars, marks the end of the firm&#39;s tenure as an independent footwear operator. 
 The company has executed a definitive agreement with an institutional investor for a 50 million dollars convertible financing facility. This capital is earmarked for the acquisition of high-performance graphics processing units (GPUs) to serve the growing demand for AI compute capacity. 
 Independent retail consultant Bruce Winder told Reuters that the move appears to be an attempt to capitalise on the current AI movement. Winder expressed skepticism regarding the company&#39;s competitive advantage in the sector beyond its existing name recognition. The pivot comes as Allbirds has been closing the majority of its brick and mortar stores due to muted consumer demand and a strategic shift toward online partnerships. 
 NewBird AI aims to address the global shortage of specialised, high-performance compute resources. The long-term objective for NewBird AI is to evolve into a fully integrated neocloud platform.",https://r.fashionunited.com/2J8bFkyylX151VTQRlMYcnHC2dicaARipYIpve0E0cY/resize:fit:1200:630:0/gravity:ce/quality:70/aHR0cHM6Ly9mYXNoaW9udW5pdGVkLmNvbS9pbWcvdXBsb2FkLzIwMjQvMDcvMTgvYWxsYmlyZHMtY2FtYnJpZGdlLXN0b3JlZnJvbnQtMDAxNi1iLTRlNDgxZ3I0LTIwMjEtMTAtMTgtdDlqN3d3N2wtMjAyNC0wNy0xOC5qcGVn.jpeg
