crawl_timestamp,uniq_id,page_url,article_title,sub_title,author_name,post_date,article_content,image_url
"Apr 01, 2026 @ 00:19:48.451",4c41ae4bef0aace2f699e05109e5f2a6,https://www.vogue.in/gallery/this-couples-haute-couture-inspired-wedding-in-california-was-an-ode-to-the-brides-love-for-fashion,This couple’s haute couture-inspired wedding in California was an ode to the bride’s love for fashion,"From crafting some of her own wedding jewellery to working with an assortment of Indian designers for custom ensembles, Pearl and Milan’s nuptials weaved in meaningful gestures throughout the celebrations",Arzoo Dina,2025-10-26T06:30:00.000Z,,"https://assets.vogue.in/photos/68fca657d59521ec392d1814/16:9/w_1280,c_limit/NVP_M&P_Wedding75.jpg"
"Apr 01, 2026 @ 00:19:56.473",ecc76e764f5b6ce727bb3eddf40a8ca4,https://www.vogue.in/content/your-bridal-skincare-guide-for-glowing-healthy-skin-before-the-wedding,"Your bridal skincare guide for glowing, healthy skin before the wedding","If you’re planning your wedding, start planning your skincare too. Here’s Dr Harshna Bijlani’s expert bridal skincare guide, month by month",Gauri Dadhich,2025-10-20T13:42:05.085Z,"You’ve probably curated moodboards, picked your palette and maybe even finalised your dream lehenga and chandbalis. But while the playlists and outfits fall into place, there’s one element that deserves equal attention: your skin. “Your bridal glow is not built in a day,” says Dr Harshna Bijlani, aesthetic physician, celebrity skin expert and founder of AgeLess Clinic. “It’s layered inside out with science, consistency and a little bit of soul care.” With six months to go, the focus is not just on looking flawless but on building a foundation that lasts, starting with lifestyle changes, skincare habits and treatments that work over time. A thoughtful bridal skincare routine begins here. This is the ideal moment to get serious about your skin prep. “The first step is always to fix your foundation, and I don’t mean makeup. I mean your lifestyle,” says Bijlani. She recommends consistent sleep (ideally by 11 pm), cutting back on sugar and dairy if you’re acne-prone, and using sunscreen daily. “Sunscreen is your skincare insurance policy. It protects your treatments, prevents pigmentation and keeps your glow intact.” Begin a personalised routine with actives like vitamin C for brightness, niacinamide to strengthen your barrier and retinoids (if suitable) for smoother texture. You can also start in-clinic treatments such as pigmentation correction through peels, Q-switch lasers or mesotherapy, and The three-month mark is peak treatment season. This window allows enough time for procedures that deliver long-term results but may need recovery. Energy-based options like Ultherapy, Fotona 4D or RF microneedling gradually lift and tone skin, with results appearing closer to the wedding. Regular IV drips containing glutathione, If you’re open to injectables, this is the right time for baby Botox to soften expression lines, subtle fillers for contour and hydration, and skin boosters for luminosity. “The three-month mark is when your skincare routine, workouts and diet need to go on autopilot,” says Bijlani. “Consistency now equals confidence later.” With a month left, avoid new products or aggressive treatments. “Your focus now is on maintenance, hydration and keeping inflammation down,” warns Bijlani. Skip first-time peels, strong actives or lasers. Stick to trusted facials such as hydra facials, LED light therapy and This final stretch is about calming the chaos. Stress and poor sleep can raise cortisol levels, leading to puffiness, dullness and breakouts. Bijlani recommends a simple routine: a gentle double cleanse, a hydrating serum with hyaluronic acid, peptides or ceramides, followed by SPF in the morning and a nourishing barrier cream at night. Cold water dunking can help tone and depuff, while The day before your wedding, give your skin a break. Avoid exfoliants, masks or new products. A gentle hydration mist, barrier cream and nourishing lip balm are enough. Stay away from waxing, shaving or picking at pimples. Use a cold compress if needed and focus on rest. A cup of On your wedding day, simplicity works best. Hydrate, then use only what your skin knows and loves–a mild cleanser, hydrating serum, moisturiser and SPF. Bijlani stresses the importance of at least one makeup trial, ideally a month before. “It’s not just about finalising your look. It’s about testing how your skin reacts to the products, especially base makeup and eyelash glue.” If you plan distinct looks for different events, schedule two separate trials. “More than two can confuse you more than help,” she adds. The calmest brides are always the most radiant. Don’t chase perfection. Focus on balance, breath and feeling beautiful in your own skin. Skincare doesn’t stop at your jawline. What’s on your plate matters as much as what’s in your products. Aim for 2.5 to 3 litres of water daily to keep skin plump and hydrated. Add antioxidant-rich vegetables like carrots, tomatoes and greens, and include Regular movement, breath work and proper sleep complete the picture. Trust the lasers and facials, but also trust the journalling, the tea, the deep breaths before bed. At the heart of every bridal skincare plan is calmness, the kind that no product can replicate. ","https://assets.vogue.in/photos/68b5722fa6350234cccfd2ea/16:9/w_1280,c_limit/VWB_Coverstory4%20(1).jpg"
"Apr 01, 2026 @ 00:20:04.499",a1c6c95b6abe923519642045eb06d48a,https://www.vogue.in/gallery/a-bumble-match-a-hot-air-balloon-proposal-and-a-four-day-wedding-in-dubai,A wedding in Dubai celebrated a love story that began with a Bumble match and a hot-air-balloon proposal,Amandeep Kaur Gill and Sandeep Singh Bains’ four-day destination wedding unfolded like a luxury holiday,Palak Godara,2025-10-19T06:30:00.000Z,,"https://assets.vogue.in/photos/68ea0f4667cbab4efdae9a98/16:9/w_1280,c_limit/427-4copyfb.jpg"
"Apr 01, 2026 @ 00:20:12.531",5f4beb81696d7ef7f9b8f7d94f563c50,https://www.vogue.in/content/a-guide-to-bridal-makeup-for-minimal-brides,A guide to bridal makeup for minimal brides,Makeup can feel intimidating if you rarely wear it. Two experts share how to create a bridal look that feels effortless and true to you,Palak Godara,2025-10-13T11:16:19.862Z,"For some women, makeup is second nature, the winged liner drawn with the ease of signing one’s name, a lipstick always rolling at the bottom of the handbag, a multi-step skincare-meets-makeup ritual that’s as natural as Then comes the wedding day, when every eye and every camera is on you. Makeup may be part of the day, but it should never make you feel like a stranger in your own Shradha Luthra, a bridal makeup artist, says it all begins with a conversation. “The most important thing to communicate is your comfort level. Tell your artist how much or how little makeup you usually wear. Even if that answer is ‘none’, it gives your artist a baseline. Share what makes you feel most like yourself, whether it is keeping your lips natural or avoiding anything heavy on the eyes. That is the starting point.” Eshwar Log, leading makeup artist, agrees. “Choosing the right makeup artist is everything. Look for someone skilled at skin work and minimal beauty. Have a meeting ahead of time to share your expectations for the wedding day and other events. Even sharing images of looks you do not want helps us understand your taste.” Both experts say skincare is the foundation. “A well-layered routine is key to achieving that glow from within,” says Log. Think lightweight ceramide moisturisers, brightening serums with Log suggests starting early. “Hydrate well, moisturise daily and use SPF. Simple steps that make any makeup sit beautifully on your skin.” The consultation or trial can help the non-makeup bride gain confidence. “It is about understanding each other’s energy,” says Log. “A trial of two looks—a skin-focused one and a subtle glam—helps the bride see how the makeup evolves over a few hours and how it holds up.” The most requested look for brides who rarely wear makeup is the elusive no-makeup makeup. Barely-there tint, soft blush, brushed-up brows and a coat of mascara. Luthra defines it as bridal makeup that feels invisible but is carefully crafted. “Evened-out skin tone, a natural flush, eyes defined just enough to look awake, and lips close to your natural shade—polished but never obvious.” Log adds, “Focus on enhancing one feature: skin, eyes or lips. If it is lips, pick shades that match your undertone, like peach or brown nudes, or a stain topped with gloss. Minimalism does not mean skipping steps. It means thoughtful choices that let the bride shine.” For brides who have never worn makeup, the process can feel daunting. “Explain each step, keep a mirror handy and let the bride see what each product does,” says Log. Music, at a comfortable volume, turns getting ready into a ritual. Luthra adds, “I start with the lightest touches—a hint of blush, sheer “Think of makeup not as a mask but as an enhancer,” says Luthra. The right products and techniques will not change you; they will just bring out what is already there. Whether you wear ","https://assets.vogue.in/photos/68e003c63fad05269c8ccd71/16:9/w_1280,c_limit/SnapInsta.to_327437701_863716918171649_7478342693298148154_n.jpg"
"Apr 01, 2026 @ 00:20:20.564",3937d88a95b9262d5e6cf51ec3c4c57f,https://www.vogue.in/gallery/at-this-multicultural-wedding-in-napa-valley-240-guests-blessed-the-rings-before-the-vows,"At this multicultural wedding in Napa Valley, 240 guests blessed the rings before the vows","For Madeleine Kelley and Amar Singh, South Asian rituals met Surrealist design in California wine country",Shelby Wax,2025-10-05T06:30:00.000Z,,"https://assets.vogue.in/photos/68dd09a4733de9842c29c516/16:9/w_1280,c_limit/madeleine-amar_041.jpg"
"Apr 01, 2026 @ 00:20:28.587",011d60ed55a19b580189ad796da67c45,https://www.vogue.in/promotion/this-four-day-georgia-wedding-featured-flower-grandmas-a-haldi-jewellery-bar-and-sun-kissed-celebrations,"This four-day Georgia wedding featured flower ‘grandmas’, a haldi jewellery bar and sun-kissed celebrations","From a chance meeting to a romantic proposal in Lake Como, Roshni and Jeel’s wedding was filled with special touches, joyful rituals and unforgettable moments",Sanjana Subramanian,2025-10-10T11:46:30.690Z,"Whether or not you’re a romantic at heart, there’s no denying that fate works in the most magical ways. Case in point? Roshni and Jeel. After their paths crossed at a family wedding many years ago, Roshni and Jeel went their separate ways. Little did they know that fate was already conspiring to bring them together again and that one day, they’d be planning their own fairytale wedding. “It wasn’t until I got into law school that Jeel and I truly connected.”Roshni reminisces. “He slid into my DMs and after years of love and laughter, he proposed in Lake Como. We had the most splendid holiday there, lounging on a private boat, visiting villas, soaking in the Italian sun and creating one of the most unforgettable memories of our lives.” Wedding planning began soon after. Roshni was determined to make every event feel like a beautiful story brought to life. So, she enlisted the help of Hailey Shah of RHS Events to plan an elaborate four-day affair in Georgia, wonderfully captured for posterity by P.Taufiq Photography and his dream team. “The brief was that no two moments could look or feel the same. So, Hailey and I worked closely and came up with every detail from scratch.” Roshni says. The festivities began with Roshni’s Day two unspooled in a glow of golden-yellow at the For the wedding ceremony, Roshni drew inspiration from Indian royalty, with an ethereal twist. She wore a custom ivory-and-gold Seema Gujral The wedding ceremony was filled with many more such meaningful touches. They swapped flower girls for flower ‘grandmas’ welcoming them down the aisle, while guests were given dainty bells to ring during the For the reception, the couple embraced the timeless elegance of black and white, choosing to stand out in royal blue themselves. Dramatic, rigging-style florals cascaded from the ceiling, transforming the space into a dreamlike setting. Even the seating chart was personalised, with each table being named after a city that held meaning for the couple. Throughout the wedding, every little detail was thoughtfully curated. Think custom tees, monogrammed napkins, specialty drinks and even a playful Wedding Design & Decor transformed each area into a visual dream, Chowpatty delighted guests with a delectable spread, Moh Jewellers designed exquisite jewellery, Sumiyah crafted flawless bridal looks and M4U kept the weekend’s energy alive and buzzing from start to finish—ensuring that Roshni and Jeel had their perfect fairytale wedding. “Our wedding was more than a celebration—it was a reflection of us. Every moment felt honest and full of heart, just like we’d always imagined it to be.” concludes Roshni. ","https://assets.vogue.in/photos/68e60da4fcdb1a4f275ee04b/16:9/w_1280,c_limit/ABC02253-Edit.jpg"
"Apr 01, 2026 @ 00:20:36.617",051e5913122b2f250ad7831a03aae872,https://www.vogue.in/gallery/this-wedding-in-lake-como-was-a-family-affair-with-only-nine-guests,This wedding in Lake Como was a family affair with only nine guests,"From a proposal on the Mallorcan coast to vows in the rain, Kinjal Patel and Dr Herit Vachhani’s wedding carried heritage and intimacy",Shelby Wax,2025-10-05T06:30:00.000Z,,"https://assets.vogue.in/photos/68e11a34b75868a15f2918cd/16:9/w_1280,c_limit/kinjal_herit_030.jpg"
"Apr 01, 2026 @ 00:20:44.640",1080d46c708eba378f230f586ae46605,https://www.vogue.in/content/anaita-shroff-adajania-for-me-my-wedding-sari-remains-timeless-infused-with-my-story,"Anaita Shroff Adajania: “For me, my wedding sari remains timeless, infused with my story.”","Over two decades after her wedding, Anaita Shroff Adajania reflects on the sari she wore, the values that shaped her marriage and what truly lasts in a bridal trousseau",Anaita Shroff Adajania,2025-10-01T10:33:23.152Z,"I’m not a delicate person by nature. My style has always reflected that—strong and a little rough around the edges. For my wedding, lacy pastels were never in the running. I didn’t want the traditional Parsi sari; I wanted to live my white-gown fairy tale in an unmistakably Indian silhouette. On a tight budget and harbouring a dream, I went to Dhiren and Hemant Trivedi at Sheetal Design Studio with an idea that was unheard of 25 years ago—a sari that wasn’t quite a sari. They created a fixed lehenga with a hidden zipper, a fluid drape and a pallu that dissolved into a veil. It moved like a gown, yet carried the grace of a I met Homi [Adajania] at St. Xavier’s College. We were We married at my mother-in-law’s home in Our marriage has always been rooted in trust. When we travel separately, we’re present where we are, knowing the other will hold down the fort—home and kids. In our early years, we’d hide little scraps of paper in each other’s luggage and pockets of our packed clothes—fragments of affection discovered in faraway places. We rarely argue and if we do, When I work with brides now, my aim is the same as it was for myself—to make a dream tangible. No two brides are alike. Some want quiet sensuality, others want tradition. My process is instinctive, shaping a look that belongs only to her, whether it’s for a grand wedding or a simple puja at home. My own ","https://assets.vogue.in/photos/68d51b3a38952e9cb5a4c11c/16:9/w_1280,c_limit/Anaita%20Shroff_02_Aug_25_15285_01_01_retouched_tiff_v01%20(1).jpg"
"Apr 01, 2026 @ 00:20:52.662",75117639e0cefee610345a5dffab2639,https://www.vogue.in/gallery/a-wedding-in-montenegro-where-the-sea-mountains-and-two-ceremonies-told-one-story,"A wedding in Montenegro where the sea, mountains and two ceremonies told one story","From a private Christian service by the water to an Anand Karaj on a hidden terrace, Simren Kaur Jasuja and Akarsh Narang’s celebrations in Kotor Bay wove faith, family and fantasy into five days of joy",Sara Hussain,2025-09-28T06:30:00.000Z,,"https://assets.vogue.in/photos/68d7a6709d6e6e11ad57b36b/16:9/w_1280,c_limit/Wedding-524.jpg"
"Apr 01, 2026 @ 00:21:00.697",52c75ac379806ff29075456d79dd3706,https://www.vogue.in/content/the-bridal-photography-tips-every-bride-needs-on-her-wedding-day,The bridal photography tips every bride needs on her wedding day,"From what to do with your hands to how to skip stiff poses, here is House on the Clouds founder, Siddharth Sharma's advice that will help you look and feel like yourself",Palak Godara,2025-09-26T11:53:28.558Z,"The wedding décor will be dismantled and the So what do you do when the camera is everywhere, when you are battling humidity, high emotions and twelve-kilo embroidery, and are still expected to look flawless? We built a survival kit of bridal photography tips to help you navigate the day without awkwardness, or worse, your ‘resting stress face’ preserved forever in a high-resolution Google Drive. To do it, we teamed up with Siddharth Sharma, wedding photographer and founder of House on the Clouds, known for his dreamy, cinematic style. He has built a career coaxing nervous brides into looking effortlessly chic. For Sharma, it is not about the perfect angle or smile. His first rule is simple: stop performing. Sharma believes mimicry often dulls authenticity. “There’s no wrong way to be photographed, it’s your day, your personality, and that’s what truly matters,” he says. “The only time things feel off is when brides copy poses that they’ve seen online. That’s when photos can end up looking stiff or unlike you.” He adds that trusting your photographer helps create portraits that feel effortless and timeless: “The best thing is to let your own personality shine through while also trusting your photographer, they’re constantly observing you, your body language and your energy, and they know what will flatter you best.” Nerves show in the hands first. “Hands are sometimes a tricky part of posing but the secret is to give them something natural to do,” says Sharma. He suggests simple movements that feel like you: adjust your When you are juggling heels, emotions and missed calls, the lens can feel invasive. Sharma’s advice is to shift the focus back to the moment: “It is completely normal to feel camera-shy. A lot of brides aren’t used to being photographed this much. But the best way to look natural is to forget the camera sometimes and focus on the moment. Think of it less as posing and more as just being in the moment: small, genuine gestures photograph beautifully.” This mindset underpins his bridal photography tips throughout. Multiple outfit changes might sound exciting in theory, but they can quickly start to feel like a quick-change marathon. Between outfit changes, hair touch-ups and a rapidly ticking schedule, brides often feel like they’re caught in a wardrobe change montage. “The best way to Editing your schedule means you actually get to live in your outfits, not just change in and out of them. It’s better to slow down, savour each look, and give yourself space to enjoy the day. Should you go full Colgate or opt for a subtle Mona Lisa smirk? “The best kind of smile in photos is the one that feels natural to them. There isn’t a rule about showing teeth versus keeping it subtle. It’s more about what looks and feels authentic.”There’s no algorithm for this. You smile like you. That’s where the good photos live. The myth says the ideal bride knows every angle. Sharma disagrees. “The ideal bride is someone who trusts the team she’s hired. Once you’ve chosen your photographer, giving them creative freedom is the best gift you can offer. It makes the entire process flow effortlessly.” As he puts it, “It’s not that much about knowing how to pose or where to look, and more about being present, relaxed and open.” Bridal shoots are not fashion campaigns. Real emotion needs gentle direction. “Posing for models is very different from posing for What separates stiff from timeless often comes down to forgetting the camera. “The best moments happen when couples forget the camera and just enjoy each other,” Sharma says. “When you are present in the moment, the love and ease show up naturally.” Share a private joke, breathe, notice the flowers. The camera will find what is real. So, if anyone offers you cheese in the form of ‘say cheese,’ skip it. Stay real and let the camera catch you. With these bridal photography tips, your wedding album will read like a memory rather than a rehearsal. ","https://assets.vogue.in/photos/68d67a46ccb33ee7ba1e636a/16:9/w_1280,c_limit/083A9191-2Editedcopy.jpg"
"Apr 01, 2026 @ 00:21:08.731",e07810778d98ac0006709dc013f39d86,https://www.vogue.in/promotion/this-couples-botanical-wedding-was-a-love-letter-to-ritual-context-and-modern-grace,"This couple’s botanical wedding was a love letter to ritual, context, and modern grace","Shradha and Nagarajan Chandrasekharan’s Bengaluru wedding was a gilded world of meaningful rituals, personal touches and botanical dreams, orchestrated by The Mogra Collective",Sanjana Subramanian,2025-09-23T05:20:39.679Z,"Set against the backdrop of the scenic Nandi Hills, Shradha and Nagarajan Chandrasekharan tied the knot in their own special way. Theirs was more than just a union of two people. It was a celebration of their heritage, imbued with modern values. Complementing the heart of each ritual was a riot of colourful blooms and quaint personal touches that invited guests into their world. To put together their dream wedding, this Chennai and Bengaluru-based couple enlisted The Mogra Collective—a boutique event planning firm—renowned for their layered, luxury-focused and design-forward approach. The idea was simple yet profound: to honour their cultural roots while maintaining contemporary sensibilities. What followed was a series of five meticulously-planned events that felt truly personal and moreover, deeply theirs. The For their nuptials, they chose a neutral ritual that paid homage to both their backgrounds, without being shadowed by rigid patriarchal customs. Honouring the bride’s love for all things floral, the team at The Mogra Collective put together an extensive network of flowers around the The celebrations came to a close with a grand, twilight dinner held at Amita Rasa. A pale-green-and-earth-toned affair, the event sparkled with a 100-foot mirrored floor that reflected the hills and the stars. Inspired by Shradha’s sculptural Gaurav Gupta ensemble, this event was designed to exude luxury—a trademark of The Mogra Collective. Soft greens and muted earth tones of the floral palette were chosen to echo both the ensemble and the surrounding landscape. A memorable part of the decor, the 100-foot mirror served as a runway of light and movement. As the day melted into dusk, candlelight, stars, and a spectacular firework display shimmered across its surface. Every detail, from botanical urns to sculpted topiary forms, was calibrated to create a space that felt like a living installation. The five-course menu, curated by Chef Manu Chandra, was a true cherry on top. Spotlighting the couple’s travels and favourite flavours, it created an immersive experience for every guest—bringing them closer to Shradha and Nagarajan Chandrasekharan’s beautiful journey. Shradha, a children’s mental health professional with a passion for policy reform, lent her creative touch by designing her own outfits and rethinking all the stationery. Nagarajan Chandrasekharan, who leads a LiDAR-based technology firm, managed logistics with precision, turning spreadsheets into a quiet kind of art. Working as a team, they drew from each other’s strengths to ensure that their vision was brought to life. From hand-embroidered napkins depicting the couple’s pets to customised menus inspired by their favourite date spots, each element was chosen not to chase trends, but to hold meaning. The outfits, too, were a fitting mix of shimmering Kanjeevarams and elegant Sabyasachis, each with its own personal touch. As Karuna Reddy, founder of The Mogra Collective says, “We don’t design for spectacle. We design for feeling. For context. For story.” This philosophy is precisely why couples turn to them—to bring their stories and visions to life with honesty and authenticity. Every event is approached with precision and a keen eye for detail, making your big day a true reflection of your story—one where love always takes centre stage. ","https://assets.vogue.in/photos/68cd3f4a07f9e1a52d3d6113/16:9/w_1280,c_limit/SN-2536.JPG"
"Apr 01, 2026 @ 00:21:16.781",a92400f0febc35d9be9b010f35c4f4b8,https://www.vogue.in/gallery/this-long-distance-love-story-found-its-home-in-a-wedding-in-dar-es-salaam-with-oceanfront-vows,A long-distance love story came full circle in a wedding in Dar es Salaam with vows by the ocean,Vishal Vithlani and Dhwani Rajani’s journey across continents came full circle in a celebration of love at home,Palak Godara,2025-09-21T07:58:22.039Z,,"https://assets.vogue.in/photos/68cc824eb258c428ea3e27b3/16:9/w_1280,c_limit/SNEAKPEAK%2059%20%20SD203834%2059.jpg"
"Apr 01, 2026 @ 00:21:24.819",4984d8f0c184e356ccb8b9db8b9ab2e9,https://www.vogue.in/content/engagement-nails-ideas-youll-want-to-steal-from-celebrities,26 engagement nails to try with celebrity inspiration,"From timeless neutrals to bold designs, these engagement nail ideas will have your ring finger ready for its close-up","Audrey Noble,Margaux Anbouba",2025-09-17T10:10:02.683Z,"Engagement nails are often minimalist–think French manicures or neutral shades–which makes sense in the era of Instagram announcement posts, with your ring finger hand on full display, says celebrity manicurist Tom Bachik, whose clientele includes Jennifer Lopez and Selena Gomez. But it's your special day (or, the run-up to your special day), so we say the rules are yours to make. Nail artist Brittney Boyce counts Olivia Rodrigo, Megan Fox and Kim Kardashian as regular clients, and she reports seeing more experimentation with colour and design. The best engagement nail, she says, is the one you love. “This all just comes down to personal style,” she says. For some, that's a short natural nail. For others, it's the Swarovski-encrusted nails JLo recently wore (scroll on for the inspiration, of course). So whether you’ve already found your forever person or are still using those crystals to attract him, her, or them into your life, it’s never too early to start brainstorming. Below are 27 engagement nail ideas to get those glam creative juices flowing. You’ll need this for when you book that nail salon appointment. A throwback to Margot Robbie's Oscar nails in 2021, manicurist Tom Bachik went with a natural shade. If you want length but don't have natural nails, try Apres Gel-X Extensions. When it comes to engagement manicures, neutral shades are foolproof—they match everything. This creamy tan acrylic will make any engagement ring stand out. But as with any mani, good grooming is essential. If you’re seeking a subtle design to elevate a bare base, opt for the classic French mani. Bachik painted thick white lines along the tips of Nicola Peltz Beckham’s long square nails for a dynamic look. We’re all about metallic sheens, but there’s something really warm about bronze. Choose this if you’re looking to put a unique spin on a basic bare or brown nail shade. Looking for some colour? Vibrant and alluring, Bachik’s cherry red nail look on Michelle Williams makes for the ideal engagement mani. Another subtle way to dress up any mani is with tiny nail art details, as seen here on JLo. We love Bachik’s addition of a small silver curve hugging the bottom of the French tip for an unexpected spin on a timeless look. More Jennifer Lopez inspo. This rich chocolate brown with grey undertones not only makes for a great neutral nail, but it also provides the perfect contrast to coloured engagement rings. Her green diamond just pops. It may seem too on-the-nose to wear white engagement nails before you get proposed to. But there’s no arguing that white nails make your engagement ring shine a tiny bit more. (Plus, there’s nothing wrong with expecting that ring; gotta manifest!). For just a hint of chrome, dress your French mani with textured silver tips. As a base, Boyce likes to use a milky neutral over something opaque and recommends something like the Aprés Nail’s Colour Extend Gel Bottle in Carla. Married lady Jennifer Lopez wore these Swarovski nails in her This modern take on a nail trend popular in the 1940s feels crisp and fresh—a bit of nail art, but nothing to distract from the main attraction. For something more unexpected and trendy, mix white and black streaks for a bolder engagement nail. Set these designs against a bare nail to ground the look. This super-shiny mani has a bit of edge in just the way we like it. Ethereal and romantic, milk bath nails evoke inviting calm and a sense of wanderlust (and they’re super-pretty). Blake Lively wears a creamy milk bath base with delicately placed floral decals that accentuate her ring. This Tiffany blue is a rich turquoise with a glossy sheen that will take your IG engagement photo to the next level. In true “quiet luxury” fashion, Sofia Richie Granger wears her natural short nails with her engagement ring. If you want to keep it bare but still polished, swipe on a clear coat like the OPI Brilliant High-Shine Top Coat, or the Dior Nail Glow Polish that gives you a hint of pink. Once upon a time, the black mani was reserved for Halloween and/or angsty teens. No longer: black nails are a modern classic, and one of the chicest options for an engagement nail look. Just take a cue from Kourtney Kardashian. Dark, edgy, yet still very much romantic—we’re here for it. If you’re still looking to get that glazed doughnut-inspired look, add some iridescent shine. Serena Williams goes for sparkly light pink nails that shine bright like her engagement ring. Ciara proves that mauve makes for a great go-to nail colour. The mix of purple and pink with cool undertones works for every skin tone. We love this warm gold-orange shade Beyoncé sports. It’s got sheer coverage and a light metallic sheen that doesn’t overpower the stunning ring on her finger. The creamy shade of this Essie pink polish (it's Bubble Away, a classic shade) is bold but still feels like a neutral. This is basically the red nail theory’s final boss (if you subscribe to that philosophy, of course). Celebrity nail artist Julie Kandalec credits one of her clients for the idea and describes it as “a deep brick-ish red with white chrome over it.” Striking yet chic, there’s nothing like a classic red to pair with your new ring. A look Kandalec recently did for Emily Blunt, this cool-toned champagne nail with silver French tips is an easy way to elevate a classic mani. (And we're loving the ever-popular almond-shaped nail that just elongates the fingers). Mixing two different shades in the same colour family can add some needed dimension and depth to your engagement nails. “Subtle, yet visually very interesting close up,” says Kandalec of the look. A two-toned nail is a classic (and easy to do, which is always a major plus). With its velvety feel and mesmerising shimmers, cat-eye nails are one of the most fun looks you can try—especially for an engagement mani. Either go all out with a full cat-eye or find a happy medium. Kandalec recommends a more subtle variation and suggests starting up top with the cat-eye effect before gradually transitioning it to a more neutral shade at the base. Looking for a deep infusion of colour? Kandalec says to go for jewel tones. “They’re rich in tone and luxurious,” she says. Her favourite is a cranberry red. But you can also opt for a deep emerald or purple to really make your engagement nails pop. ","https://assets.vogue.in/photos/68ca5edc04329a7aff51ea1a/16:9/w_1280,c_limit/SnapInsta.to_305582120_823373185486091_6473894762026282050_n.jpg"
"Apr 01, 2026 @ 00:21:32.976",f60a648d49514b04253d25e475cfa399,https://www.vogue.in/content/best-wedding-destinations-for-brides-who-want-their-venue-to-match-their-personality,16 best wedding destinations for brides who want their venue to match their personality,"Whether it’s a pristine sandbar in the middle of the Indian Ocean or a family-owned vineyard in the south of France—no matter how unconventional your tastes, we’ve found you a wedding destination to match",Arzoo Dina,2025-09-20T04:30:00.000Z,"Can there be more to the best wedding destinations than just pretty backdrops to frame one of life’s biggest At this quaint sixth-century château hotel, you’ve got the glamour of the French Riviera but in a bucolic, secluded setting. Indulge in the French art de vivre with excursions to the Riviera, local markets and Provençal villages where you can tailor your celebrations with bespoke wine tastings and the best of gastronomy that the region has to offer. Sign up for a treatment at the award-winning Spa Saint-Martin by La Prairie, that can also be arranged in the hotel’s gardens under a flower-strewn cabana. This stately hotel overlooking the Arno river exudes an old-world charm, thanks in part to the fact that it is a Renaissance-era palace. Weddings here aren’t just opulent, they are also highly personalised—be it an afternoon tea ritual with your closest, a walking tour in the city guided by an art historian or events at venues with grand frescoes and gilded ceilings within the property. Ask the concierge team to put together a romantic dinner on the historic Ponte Vecchio bridge or set up a picnic at sunset for your family. Nestled inside 20 acres of gardens lined with olive and fruit trees, this palace hotel has hosted everyone from Alfred Hitchcock to Moroccan royalty in its century-long existence. There are grand salons in which to host parties and traditional Moroccan or Nhaza-style picnics and hammams to relax in with your bridesmaids. If you do somehow end up with time to spare, ask the concierge team to curate a visit to the local souks and medina, or an insider’s tour of the city on vintage motorcycles. This hotel might be contemporary in design but it is steeped in the cultural nuances of Kyoto. The an 800-year-old heritage pond garden at its heart forms the pièce de résistance for a tranquil wedding celebration. Culinary experiences are a big focus: the chefs can design custom menus for a relaxed welcome dinner or a farewell brunch. Thrill your guests with thoughtful, hands-on experiences—whether it’s a workshop in kintsugi (the Japanese art of mending ceramics with gold) or a quiet tea ceremony led by a local tea master. Framed by pine-clad mountain slopes, green meadows and snow-capped peaks, this 85-key boutique ski resort makes for an intimate escape with your closest—especially if food drives much of your relationship. Let the landscaped gardens and breathtaking views from the amphitheatre lawns act as the backdrop for your picture-perfect wedding, while you savour an authentic wazwan spread­—and then head to The Khyber Spa by L’Occitane to recover. For those interested in a tasteful wedding without too much flash and bang, this heritage family-run property offers the perfect mix of quiet charm and refined elegance, paired with bespoke dining destinations and renowned local boutiques and jewellery stores. Trust the team to tailor a wedding celebration after your heart, whether it’s a sit-down dinner for 100 guests featuring classic Rajasthani delicacies or a large meet-and-greet at the majestic Amarbagh ballroom. Everything about this 16th-century palace hotel, just 45 kms from Jaipur, speaks restrained glamour. It remains one of the finest examples of Indo-Saracenic architecture; its vintage charm preserved in hand-painted murals, bougainvillea-fringed courtyards and terrace gazebos. Sheesh Mahal is the crown jewel, featuring hundreds of hand-cut mirrors, jewel-toned glass work and delicate frescoes—an apt setting for that one big reception you want after a quick court wedding, ending in a spectacular display of fireworks. Is your wedding just an excuse to unwind in the midst of nature with your inner circle? Consider this boutique resort overlooking the backwaters of the Moira River. Here you’ll find a curated selection of rooms and villas with plunge pools—the perfect canvas for an intimate wedding where you’re surrounded by a forest and the sound of birdsong. The villa and poolside lawns make for a breezy setting for your nuptials and reception, while the Storii Lounge can host a a quiet welcome dinner or mehendi celebration. For adventure lovers, this boutique safari camp in Rajasthan’s leopard country offers unbridled luxury. With just 10 tented suites, the entire property can be your canvas for an intimate, unusual celebration—where guests can be treated to breakfast in the wild, sundowners by the lake, wildlife safaris, a walk with a Rabari herdsman and dinners in the company of folk musicians under starlit skies surrounded by the soft glow of thousands of lanterns. Imagine hosting your wedding at one of the largest natural islands in the UAE, where you get a vantage view of free-roaming wildlife. At this luxury resort, with just 30 pool villas overlooking the savannah (and gazelles grazing in the distance), host a cozy cocktail soiree in the wadi, enjoy a barbecue under the stars, say your vows at the beach at sunset and throw in a few safari experiences—life moves at its own pace here, promising a wedding unlike anywhere else. Set on the fringes of the Siswan forest, this sprawling resort with a striking traditional façade, serene gardens, fountains and reflection pools offers luxurious tented accommodation as well as rooms. Have your guests make the most of the tranquil beauty with guided treks and forest trails, raise a toast under the stars on the private poolside deck with glasses of bubbly and canapés and indulge in farm-to-fork dining and authentic Punjabi fare. Looking to truly go off-the-grid for your wedding? How about this far-flung private island resort in the middle of the Indian Ocean which involves chartering a 25-minute flight? At this resort in East Africa, there are just 50 private pool villas and abundant barefoot luxury. Ask the concierge team to plan things for you—whether it’s sunset pheras overlooking the ocean, chartering a catamaran or paddle boarding with sea turtles. It could be the adventure of a lifetime. This 200-year-old fort turned boutique hotel boasts an impressive Jaipur gharana-style architecture—a great backdrop for your wedding. What’s more: the resort’s practices are rooted in sustainability, from the use of natural elements like local flowers, upcycled materials and earthen lamps in wedding decor, to encouraging guests to plant trees. Give your wedding party a sensorial experience with rooftop dinners, riverbed walks, village safaris and sunset high teas. This newly opened hotel, with its water conservation practices and use of live food counters instead of buffets to lower food wastage, is a perfect example of how luxury and sustainability can coexist. The spectacular Chand Baori, inspired by Rajasthan’s stepwells, would be great for your pheras; and there are several terraces to host a mehfil by moonlight. Spring for the Fairmont thaal experience—a feast showcasing lost Rajasthani recipes and heirloom cooking techniques. Designed as an homage to the sacred water palaces of Java, Jumeirah Bali is an elegant all-villa beach resort that captures the allure of island living. They prioritise seasonal menus, sustainably sourced produce, low-waste and plastic-free decor, compostable florals and supporting local artisans with guest-driven experiences like making Balinese ceremonial offerings and personalised Batik art. Couple that with luxurious accommodation and sweeping views of the ocean for a truly immersive experience. Weddings at this 19th-century manor—overlooking vine-covered terraces and the Douro river—are enhanced by their sustainable practices, such as the use of seasonal produce in their curated menus and upcycled materials in decor. Plan your nuptials under the shade of ancient olive trees in the garden, have your guests indulge in private wine tastings with local vintners or attend workshops in making their own cosmetics with local ingredients and essential oils—these memories will be etched in time. ","https://assets.vogue.in/photos/68cd86515fd4239f8bdac04a/16:9/w_1280,c_limit/KYO_2607.jpeg"
"Apr 01, 2026 @ 00:21:41.005",3d8bef609a7012fc8dd45f1ce01abd26,https://www.vogue.in/content/marriage-tips-to-keep-the-spark-alive-long-after-i-do,26 marriage tips to keep the spark alive long after ‘I do’,"The best weddings might be straight out of fairy tales, but the best marriages are fuelled by hard work, deep wells of patience and abundant empathy",Nidhi Gupta,2025-09-16T05:00:00.000Z,"The most enchanting weddings often feel like they’ve leapt straight out of a fairy tale, with glittering lights, tear-jerking vows and storybook romance. But once the confetti has run out and the cake has been eaten, the marriage that truly begins—a commitment that’s built on something far deeper. The strongest marriages demand hard work, the kind that shows up even when it’s inconvenient. Because while weddings may sparkle, it’s the quiet, consistent tending of love that makes a marriage last. Below, So you’re a double income household run by a power couple with soaring careers and sky-high ambitions? Between income-based power play, stealth overspending and a mismatch in financial values, “The sage Vatsayana wrote that for good sex, the genitals have to be fairly matching in size,” says mythologist and author of Begin by “sharing what family means to you from a space of understanding context, not from a space of blame,” suggests Mumbai-based psychotherapist Anusha Manjani. “In South Asia, we marry into networks of duty and history. Often what we call ‘interference’ by in-laws is unresolved enmeshment or unconscious loyalty. Partners are often trying to mature from fused roles like the ‘good child’, ‘dutiful son’, ‘obedient daughter-in-law’ and that can create conflict.” So what can you do about this? “Keep the focus on ‘we’—align as a team and be clear on what is okay and not okay when it comes to spending time with family. For example, how do we want to spend our holidays and festivals?” Come to this conversation not with rigid expectations, but patience while being firm and clear. “Think of this not as rebellion, but repair.” To begin with, says Mohan, pre-nups are not legally recognised in India and can get thrown out of court easily. And secondly, wouldn’t you rather enter a marriage, even one with a wealth imbalance, with openness and clarity? “This may be unsettling, but you’d rather do the hard work of tackling wealth planning early on,” says Mohan. “And if your partner or partner’s family is the one insisting on legalities, don’t be dismissive or look at it as an accusation. Try to understand what’s going on instead and consult your own lawyers on the whys and the whats. This is where you really get to know who you’re marrying, so don’t take this experience for granted.” Between endless tasks, a mountain of paperwork and a million Zoom calls (that could’ve been an email), it can be hard to take out time for each other when you’re both at work. Harder still when there’s an Instagram reel or Twitter storm always at hand to distract you. “Little updates during breaks like ‘I just ate’ or ‘having such a tough day’ can help you stay connected even when you’re apart,” says New Delhi-based psychologist Divija Bhasin. Memes or emoji work too, if those are your love language. Screens in bed and when we wake up—who are we really married to? “Create intentional screen free rituals,” says Manjani. “Ask them: what was especially joyful or challenging about your day?” It could be at a device-free dinner, while making a cup of coffee or reconnecting at the end of the day while doing chores. “It is not about the amount of time or money spent on dates but more about creating room for daily presence and connection with each other.” Anand recommends carving out 15 minutes at the end of every day for “very close, intimate, non sex time” and building it into your daily routine. “Lie down with each other naked and cuddle but don’t talk about sexy stuff. Talk about your day. The rule is, this does not lead to sex. This is to remind yourself how good and comforting and nice it feels to touch each other, to truly be with each other.” Of course, it isn’t fair that one partner becomes the default chef/maid/ house manager if the other is on a faster growth trajectory. “Sit down to ask: What does a functioning home look like to both of us? What tasks do we hate? What do we not mind? What can we afford to outsource so we don’t end up totally hating each other?” says Mohan. You can also draw up a joint chore schedule. “One person has late-night meetings on Tuesdays? Cool—maybe the other handles dinner that day and they swap on Friday. The idea is to be equitable (different from equal).” Maybe you’re so swamped with your partner track, you actually can’t do the laundry. “But then, perhaps you can handle all the bill payments or weekend grocery runs,” says Mohan. “The point is to demonstrate intent and to say, ‘I see this as our shared load and I want to carry my part’.” Anand suggests practising “relationship foreplay”. The key to good intimacy, she says, is transition: You have to be in the right frame of mind, not still thinking about that email you’re drafting or that contract you need to sign. She suggests watching a comedian together in bed (and naked, if you like) because “you can’t imagine what laughing together can do for your relationship.” Or the very tactile, sensory act of cooking. “Either you turn it into a game or it’s just a simple meal,” says Anand. “Think about the transitions that you actually use so it’s not like cooking with a friend.” “We all have core needs of being seen and heard, and listening with intention and attention is a big part of what is needed to build intimacy today,” says Manjani. A screen-less weekend can do wonders, she says: Stay in and read to each other or play strip Scrabble, go out and explore the city, but take time away from work and your screens. It can “ground, reconnect and bring more care to what the relationship needs”. Hit the padel court, go hiking once a week, ride the Peloton—whatever it is, make a habit of getting out of the house and into spaces where you can kick things up a notch, even allow your competitive side to come out and play. “Anything other than that mandatory weekly candlelight dinner date which comes with so much pressure to perform,” says Anand. They love going on road trips with their friends, you could spend the whole weekend knitting through re-runs of It’s never easy: An unexpected anxiety attack while getting ready for work or living under a black cloud for weeks. It’s not easy on them—or you. “But try to learn more about your partner’s mental health problems by reading about it,” says Bhasin. “We often tell people to be positive or be grateful to try and cheer them up but can end up invalidating their feelings in the process.” Instead, seek professional help but also understand that actually taking that help will be their call. “A long hug, holding their hand during a tough conversation, placing your palm gently on their back or leaning into each other can signal ‘I’m here with you, I care for you, I see you’ to your partner’s nervous system,” says Manjani. Maybe you don’t want sex after a harrowing week at work, but you do want… something. Set a 15-minute timer for judgement-free play, says Anand, and tell them to give you the neck massage or kisses on your stomach that you’ve been craving. Or, maybe you don’t like how they kiss you. Lack of courage, meet role-play. “A friend in the kink community came up with this wonderful idea,” says Anand, “try light sub and dom play. It’s like a verbal script where you basically issue directions. Plus, you can be sure that your partner is listening at this point because, I’m sorry to say, but a lot of the time they are not.” The reality of contemporary life is that we assess the world (and ourselves) in terms of productivity and can end up assigning value based on numbers. Manjani sees a lot of couples “keeping track of who did what or earned how much”. “It is important to use a shared language of respect and not comparison when talking about time and contribution. Try to name—and value the invisible labour and reclaim rest.” Sex toys, says Anand, are great to experiment with together because “they can help take the pressure off and then this time can just be for the sheer pleasure of being together. On days when you’re not up to it, it’s wonderful to have mutual masturbation.” And if all of that is too uncomfortable, then play with toys by yourself, she says, without the guilt. “The more you understand your body, the more you can guide your partner. It’s not their job to discover your pleasure points.” Maybe it’s real estate, or maybe it’s a joint retirement fund that you will sink into that round-the-world cruise you’ve dreamt of your whole life—but creating a long-term asset or goal together, says Mohan, is a powerful way of showing commitment. “You want to convey that the money you make is not ‘your’ money, but ‘our’ money. If you’re the earning or significantly higher earning partner, proactively include your partner in your financial decision-making process so he or she feels like you’re working towards a joint future.” Things change. You change. You might have realised you aren’t enjoying something you thought you were flexible about—or the opposite. Anand suggests having monthly talks about boundaries which, just like consent, is not a one-time thing set in stone—and this isn’t even restricted to sex. To make it a conversation, not confrontation, Anand and her partner would gather daisies on walks in the meadows behind their house, and then offer a daisy to each other for each new rule they wanted to set. “Create a ritual. It softens the edges.” Every once in a while, leave them a note noticing the everyday or unsaid gestures, says Manjani. Things like “thank you for always making me laugh at awkward family gatherings” or “thank you for making the reservations whenever we go out to eat.” They’ll love that you’re paying attention. Think you might be bisexual? Want to try cuckolding? “Don’t go try it and then come back and say, I enjoyed that,” says Anand. “You have to remember that marriage is like a contract that you sign. There are certain unwritten rules and the main one of monogamy is fidelity.” Talk about it with your partner, she says—you might be surprised at just how willing they are to go along with it. If you or your partner want to try polyamory or an open marriage, Anand’s advice is to look up the subject to understand what questions need to be asked. “It’s not as simple as deciding that one wants to also sleep with somebody else at the same time. There are some basic questions you need to deal with that don’t even fall in the emotional paradigm—things like STIs, living arrangements, financial arrangements, legal repercussions. Remember: this requires even higher levels of trust than being monogamous.” Maybe it’s not even Tinder; maybe they’re just talking—to ChatGPT. “Even though AI can become a proxy for unmet needs, the actual work is in facing what those needs are—was it emotional availability, curiosity, lack of judgement or distraction? Is it a symptom of loneliness or disconnection, or is one partner trying to reclaim something they have lost—desire, aliveness or validation? In therapy, we don’t rush to close or repair the relationship but create space to understand these needs and check if it is possible to reconnect and repair,” says Manjani. “Create time to check in with the other,” says Manjani. “Ask: do you need Comfort (need for support and rest), Connection (time to spend together, affection, touch) or Celebration (need to be appreciated or to celebrate a small win)?” And then follow through with action, however small. On one side is rhythm and habit (or worst case, total monotony). On the other is discovery and reconnection. “Try new things: dance or doodle, introduce your favourite childhood games and activities to each other,” suggests Manjani. “Find ways to create joy—because that joy is glue. ","https://assets.vogue.in/photos/68c52a4106372df69eda7b33/16:9/w_1280,c_limit/VWB_Coverstory11%20(1)%20copy.jpeg"
"Apr 01, 2026 @ 00:21:49.042",c87401deb74be7ff3959311e1c231477,https://www.vogue.in/gallery/this-model-brides-wedding-in-italy-featured-lake-como-views-and-a-sabyasachi-lehenga,This model bride’s wedding in Italy featured Lake Como views and a Sabyasachi lehenga,"Arya Bendkhale and Federico Perego celebrated with an intimate ceremony on Lake Como and a second at his family’s horse farm in Brianza, blending Italian and Indian traditions",Ruman Baig,2025-09-14T06:30:00.000Z,,"https://assets.vogue.in/photos/68c548b656a2c7407c1f2bba/16:9/w_1280,c_limit/SV234060%20(1).jpg"
"Apr 01, 2026 @ 00:21:57.073",1ae00033873fc1cdd539370f0dc2f6b9,https://www.vogue.in/promotion/a-rajkot-wedding-inspired-by-travel-heritage-and-a-touch-of-retro-glam,"A Rajkot wedding inspired by travel, heritage, and a touch of retro glam",Naiya and Sidd Chhayani’s wedding had strong Gujarati influences alongside picturesque backdrops and 1920s elegance,Yoshita Rao,2025-09-10T05:20:25.599Z,"Their first date in Boston unfolded without pretence—two creative spirits talking about travel, culture, food, and their shared love for dogs. That conversation marked the beginning of a relationship shaped by curiosity and connection. Over the next two years, Naiya and Sidd explored the world together, turning travel dreams into shared memories and strengthening their bond with every adventure. It was there that they decided their story would return to Rajkot, Gujarat, where love, heritage, and artistry would converge in a wedding captured by Planning a wedding across continents required the couple to make multiple trips to India. From selecting the floral arrangements and curating exquisite menus to working directly with artisans, every decision was guided by their vision. The process, though meticulous, was filled with joy. Their advice to other couples: “Enjoy the process and don’t get lost in the details. Communicate, set realistic expectations, and remember it’s about celebrating your love.” The festivities began at Regency Lagoon Resort, Rajkot. The mehndi ceremony, enhanced with green accents and tropical arrangements, echoed the couple’s love for cultural detail. The following day, the haldi and sangeet unfolded with a Greek-inspired aesthetic—blue and sunlit yellow elements setting a festive tone. Guests embraced the colour palette, while the couple stood out in striking pink tie-dye. By nightfall, the sangeet transformed into a Bollywood-inspired celebration, complete with custom posters, a red-carpet entrance, a Filmfare-style frame, and spirited performances from friends and family. The wedding ceremony itself was envisioned as a balance of tradition and contemporary design. A pastel palette, accented with peach, softened the grandeur, while floral installations, reminiscent of Singapore’s Gardens by the Bay, evoked the couple’s shared passion for travel. The groom, dressed in regal attire with a sharply tailored ivory sherwani paired with a white turban and a ceremonial sword, channelled a maharaja-inspired ensemble. His arrival began in a vintage Rolls-Royce before he mounted a white horse for the final stretch, accompanied by dhol, a live DJ, and dancing. The bride wore a crimson lehenga, embroidered with zari and resham. Her look was completed by traditional jewellery and a Sabyasachi mangalsutra with a lion motif—an auspicious symbol of strength and prosperity in Gujarati culture. While the ceremony was steeped in tradition, the couple introduced intimate Western elements: handwritten vows and the bride walking down the aisle with a white bouquet in hand. The reception shifted into a world of retro glamour. Black-and-gold decor, sweeping gowns, and tuxedos set the tone for a celebration reminiscent of the Great Gatsby era. Champagne toasts and high-energy performances by the newlyweds and their loved ones brought the festivities to a dazzling close—a fitting finale to a wedding that honoured both heritage and modernity. For those who will be journeying down the aisle, the couple reminds them to delegate when needed so they can be fully present for their special day—something they credit to the artistry of ","https://assets.vogue.in/photos/68c100f0782682b5e0f0a606/16:9/w_1280,c_limit/0D3A9741.jpg"
"Apr 01, 2026 @ 00:22:05.104",a65bee01d814185518a176e0cd6bc86d,https://www.vogue.in/gallery/this-couples-wedding-in-cannes-unfolded-at-a-seaside-chateau-with-couture-lehengas-and-golden-hour-vows,This couple’s wedding in Cannes unfolded at a seaside château with couture lehengas and golden-hour vows,"Sarina Vaswani and Lavine Hemlani’s wedding in Cannes featured custom Manish Malhotra couture, bohemian beachside revelry, Sheesh Mahal-inspired celebrations and live performances from Jason Derulo, Sukhbir and more",Arzoo Dina,2025-09-07T04:30:00.000Z,,"https://assets.vogue.in/photos/68bad1ab10bc5fc8470f4b2d/16:9/w_1280,c_limit/SBJR_SLStoryFull-440.jpg"
"Apr 01, 2026 @ 00:22:13.140",61d53c029394412fa84fdeb9fb87796c,https://www.vogue.in/content/vogues-a-to-z-wedding-directory-will-fully-prep-you-for-your-special-day,Vogue’s A to Z wedding directory will fully prep you for your special day,The one-size-fits-all kind of wedding is a thing of the past. Let this A-Z directory be your guide for crafting a celebration that is authentic to you,Ruman Baig,2025-09-06T03:57:24.513Z,"The era of cookie-cutter weddings is over. Today, it’s all about creating a celebration that feels like it was designed for you from start to finish. Whether you’re dreaming of an intimate garden soirée or a three-day destination spectacle, the possibilities are as limitless as your imagination. To help you navigate it all, we’ve put together an A to Z wedding directory covering everything that injects personality into your nuptials. Think of it as your blueprint for a wedding that is equal parts stylish, personal and unforgettable. From handwoven textiles to locally-sourced seasonal Bachelorette trips are trading late nights for early mornings: think sunrise Pilates and sound baths. Unwind with barre classes and post-class matcha at MAJA Canggu, Bali, SHA Wellness Clinic, Spain or The Farm at San Benito in the Philippines. Cold feet? Stick them in a From saffron crème brûlée to mini gulab jamun cheesecake, Sage & Saffron by Aditi Dugar, Single Thread by Manu Chandra and Gaia Gourmet by Shilarna Vaze create vertitable edible art installations where Indian classics meet global favourites. Save paper (and your sanity)—digital invites are eco-friendly, elegant and will spare you the stress of awkward small talk when visiting relatives. Posh Invites by Gauri Agrawal and The Murphy Studio take away your logistical troubles by designing personalised wedding invitations. Roses and hydrangeas for a touch of romance; marigolds and jasmine for a traditional aesthetic; tulips and ranunculus for minimalists—trust Weddings by Gurleen M Puri and Interflora India to design your dream wedding space. Deep-cleansing facials to signature shaves, self-care for men has levelled up. Grooms can turn to Truefitt & Hill for luxury barbering or indulge in treatments like a Korean hair spa and face gym at Florian Hurel Hair Couture & Spa. No bridal trousseau is truly complete without at least one heritage weave. A Banarasi silk or a rich Kanjeevaram, passed down through generations, carries stories woven into every thread. Invest in an heirloom from Advaya, Tilfi or Ekaya. The infrared sauna penetrates deep into the skin to flush out toxins, soothe muscles and promote blood circulation. Sign up for a quick session at The Wellness Co. in Delhi, Salt World in Bengaluru or Reaviva Holistic Health in Mumbai. The technical artistry involved in the making of a piece of jadau jewellery—uncut diamonds, precious stones and pearls set in gold—gives it the stature of art. Tyaani, Jaipur Gems and The House of MBJ have you covered. The humble kolhapuris were the subject of much debate recently after they walked onto the Prada runway, but there’s no question about their comfort value. Designers like Aprajita Toor, The Sole Sisters and Sandalwali reimagine them for the wedding wardrobe: think zari, mirrorwork and pearl embellishments. A few days before the big day, sign up for this miracle treatment that can sculpt the face and reduce water retention at the Quan Spa, JW Marriott Mumbai, Kaya Kalp Spa, ITC Maurya New Delhi or Jiva Spa, Taj West End Bengaluru. From high-octane sangeet nights to a sundowner mehendi, mirrorwork is the playful alternative to an otherwise zardozi-heavy wedding wardrobe. Find your piece at Arpita Mehta, Abu Jani Sandeep Khosla or JJ Valaya. Add a pop-up manicure station to your mehendi festivities to queue up for some fun. Nail Rituals in Delhi, Studio Nails by Anisha Mulchandani in Mumbai and Nailbox in Bengaluru bring glamour and polish straight to your venue. In the intricate art of fragrance layering, oud is that versatile element that pairs well with vanilla, sandalwood and more. Luxury fragrance houses like Maison Francis Kurkdjian and Ajmal Perfumes are known for their refined takes on oud—elegant, addictive and as timeless as your vows. Does an intimate pre-ceremony to exchange vows and inside jokes without a crowd watching sound nice? Take a good photographer along—the folks at House On The Clouds, Joseph Radhik or The Wedding Filmer—to capture the moment. Rose quartz’s association with healing, love and emotional clarity makes it a befitting beauty companion to keep close in the lead-up to your wedding—especially for a glow that goes beyond skin-deep. RAS Luxury Oils and Dromen & Co offer beautifully crafted rose quartz facial tools. Pastels and neutral hues may often take centre stage, but rani pink’s unmistakable vibrance guarantees it a spot in a bride’s trousseau, like that fun cousin in your bridesquad. Find your bold fashion moment for the sangeet at Frontier Raas or House of Masaba. Kokum-urrak spritzers for a summer soirées, toddy-based nightcaps for winter sangeets: Master mixologists like Yangdup Lama and Pankaj Balachandran can keep things lush with potions highlighting Indian brands and local ingredients. Sculptural centrepieces, softly glowing taper candles, place settings in elegant calligraphy: The tablescape is emerging as the canvas to tell a visual story of togetherness. Designers like Altair by Janki Desai and Eeshaan Kashyap specialise in crafting immersive experiences—styling food, cocktails, tableware and decor to create cohesive and memorable sit-down dinners. If you’re looking to recreate that timeless Mughal charm through your bridal jewellery, look no further than uncut diamonds—or polki. Jaipur-based Raniwala 1881, Hazoorilal Legacy and Indriya by Aditya Birla can help you find the right pieces that carry the perfect balance of craftsmanship and modern elegance. There’s something about the Indianised bridal veil—lightweight tulle with intricate embroidery—that elevates your whole bridal look like little else. Designers like Sabyasachi, Gaurav Gupta and Falguni Shane Peacock know how to balance tradition with wearability. Whether it’s a quiet affair or a 700-person spectacle on your vision board, pulling it off needs a seasoned planner—like Devika Narain (known for detail-rich weddings) or Motwane Entertainment & Weddings (who can whip up larger-than-life productions). For that secret element that can take your wedding to a whole other level, craft a signature scent together—one that captures your story and lives on in memory. Brands like Jo Malone and Maison 21G offer bespoke fragrance experiences where you can co-create a scent to wear, gift or even diffuse throughout your celebration. After all the madness of wedding planning, unwind and recharge with a short yoga retreat at Dharana at Shillim or Ananda in the Himalayas—nothing like a weekend of vinyasa flows, gut-cleansing meals and natural quietude to reenergise you before the big show. Astrology likely played a role early in your relationship to help you spot red flags—so why leave the zodiac factor out of your big day? From Fizzy Goblet’s zodiac sandal heels and Mrinalini Chandra’s customised kaliras to Outhouse Jewellery’s celestial-inspired pieces, the stars truly align in the last alphabet of this wedding directory. ","https://assets.vogue.in/photos/68bbad81d024a4a0695ec97f/16:9/w_1280,c_limit/Alia-Ranbir.jpg"
"Apr 01, 2026 @ 00:22:21.227",2040e3fd846ed3a7fff558fdf8ff6d74,https://www.vogue.in/content/janhvi-kapoors-dream-wedding-reflects-a-new-era-of-intimate-celebrity-unions,Janhvi Kapoor’s dream wedding reflects a new era of intimate celebrity unions,"Across India and beyond, celebrities are stepping away from grand productions for ceremonies that feel private, personal and true to them",Vogue Staff,2025-09-01T10:24:03.320Z,"When Janhvi Kapoor talks about her dream wedding, concepts like drone shots, elephant processions and endless pre-functions aren’t in the frame. In her It’s not about capability—Kapoor could command a stadium if she chose—but about intent. What she desires is an intimate ritual, not a production. “I know I want to get married in Tirupati. I definitely don’t want too many people there. I want it to be quick and I want the honeymoon to be very long,” she tells us. And she’s not alone. Across industries and time zones, stars are turning away from maximalist “all eyes on me” weddings in favour of something private, spiritual and stripped back. Aditi Rao Hydari and Siddharth tied the knot this year in a 400-year-old Telangana temple, announcing it with a single set of photographs. Alia Bhatt and Ranbir Kapoor married at The mood extends beyond India. Charli XCX married musician George Daniel at Hackney Town Hall in London with 20 close guests, in a Vivienne Westwood The draw of the big fat celebrity wedding hasn’t disappeared. But in an age of constant exposure—when even an airport look gets dissected–the wedding is the one moment stars want wholly for themselves. Kapoor’s generation in particular sees resonance in what feels genuine, not staged. That shift shows up in clothes, too. Kapoor imagines herself in a Manish Malhotra creation but wants something familiar and comfortable. Alia Bhatt wore an This doesn’t mean extravagance is dead. But the definition of “dreamy” has widened. For Janhvi Kapoor, it’s vows at Tirupati and the freedom of comfort. For others, it’s a balcony, a farmhouse or a restaurant. What’s appealing now is not scale but sincerity. So in the absence of any need to prove anything to the world, what’s left is the privilege of being present with oneself, your partner and those who truly matter. Isn’t that what marriage is about, anyway? ","https://assets.vogue.in/photos/68b5722fa6350234cccfd2ea/16:9/w_1280,c_limit/VWB_Coverstory4%20(1).jpg"
"Apr 01, 2026 @ 00:22:29.252",6d0ee384244c4b60d2496d9562881e7f,https://www.vogue.in/gallery/this-multicultural-wedding-in-tuscany-had-two-ceremonies-and-a-live-millefoglie-cake,This multicultural wedding in Tuscany had two ceremonies and a live millefoglie cake,"From rituals to revelry, Emily Shah and Mena Massoud’s wedding was a vibrant meeting of cultures, flavours and music",Kriti Saraswat-Satpathy,2025-08-31T08:30:00.000Z,,"https://assets.vogue.in/photos/68b19e371811cb86b37d81ac/16:9/w_1280,c_limit/EMILY%20-%20MENA%20INDIAN%20CEREMONY%20066%20(1).jpg"
"Apr 01, 2026 @ 00:22:37.281",99d8667c8d984bac52d2c629215cd55e,https://www.vogue.in/promotion/two-fine-jewellery-ateliers-that-are-reimagining-indian-heritage,Two fine jewellery ateliers that are reimagining Indian heritage,"From rare gemstones and distinctive design to a hundred years of legacy craftsmanship, Anjali Bhimrajka Fine Jewels and Mehta & Sons create bespoke creations that tell stories across generations",Vaidehi Joshi ,2025-08-29T08:57:01.538Z,"Jewellery is a reflection of the wearer. The necklace you pick to wear on a special day to the simple studs that adorn your ears on the daily—every trinket you choose tells your story. Two distinguished jewellery brands, Anjali Bhimrajka Fine Jewels and Mehta & Sons, celebrate this individuality with their pieces—the unique cuts, gemstones and designs ensuring that there is something for every discerning customer. Scroll further to know more about the two brands, their design sensibilities, their founders and more. Since its inception in 2005, Anjali Bhimrajka Fine Jewels has become synonymous with intricate craftsmanship, rare gemstones, and distinctive design. From heirloom classics to contemporary statements, each jewel is brought to life using a curated palette of the world’s finest treasures—Golconda diamonds, Colombian emeralds, Burmese rubies, Basra pearls, Kashmir sapphires, Paraiba tourmalines, and Baltic amber, set in 18K and 22K gold, often finished with unique polishes and textures. The founder, Dr. Anjali Bhimrajka’s journey into fine jewellery was shaped by artistic instinct and passion. With academic accolades including a Ph.D. in Alternative Medicine, Dr. Bhimrajka is a true polymath. She turned her childhood fascination into a lifelong calling, taking herself to the Gemological Institute of America, where she trained in jewellery design and diamond grading—formally setting the foundation for her namesake label. Every jewel at Anjali Bhimrajka Fine Jewels begins with ethically sourced diamonds and gemstones—selected not only for their brilliance, but for their integrity. Age-old techniques are not just preserved—they are reinterpreted through a modern lens, creating designs that feel timeless yet distinctly contemporary. Their latest collection, Rêve Parisien is an ode to the romance of Paris. It translates the charm of a bygone era into radiant elegance and modern sophistication.The collection introduces neckpieces, ear pendants, and rings with vibrant coloured and uncut diamonds, enhanced by blue sapphires and tanzanites—highlighted by mandarin garnets and colourful sapphires. For a hundred years, Mehta & Sons has been more than a jeweller—it has been a custodian of tradition, artistry, and trust. An ancestral house built on values passed down through generations, the brand remains deeply rooted, humble, and true to its heritage, even as it evolves to meet the aspirations of the modern world. Mehta & Sons began its journey almost a hundred years ago, in 1931, and to this day, every piece at the atelier brings with it this legacy of craftsmanship and quality. Carrying forward his ancestral heritage, Mr. Narendra Mehta has shaped Mehta & Sons into one of India’s most trusted names in fine jewellery. A man of vision and quiet strength, he believes that every creation must reflect not only artistry but also soul. For him, a jewel is more than design—it is emotion, value, and legacy, to be cherished by generations. His philosophy ensures that every piece leaving the atelier carries with it the same integrity and devotion that has defined the brand for a century. The artisans of Mehta & Sons honour tradition while embracing innovation. Known for their intricate gold-work, mastery in diamond settings, and the rare art of blending vibrant gemstones with precision, the house has perfected its craft over a century. Each jewel reflects the devotion of both artisan and founder—where craftsmanship is not just skill, but an inheritance. To mark its centenary, Mehta & Sons unveil their latest collections, Strata and Eterna—paying homage to their legacy while embracing modern luxury. The bridal line captures the grandeur and sentiment of Indian tradition, crafted as heirlooms of love. The collections feature diamond creations elevated with rare gemstones, exuding bold elegance and timeless charm. Both these brands are a celebration of heritage—tested by time, yet created for today. They aim to bridge the legacy of Indian heritage with a global sensibility, crafting modern heirlooms that transcend trends and generations. ","https://assets.vogue.in/photos/68abf0c84c404c23c74f6cdd/16:9/w_1280,c_limit/IMG_2047_1.jpg"
"Apr 01, 2026 @ 00:22:45.306",e622b88af3e9e17093bc997e7e69d4cc,https://www.vogue.in/weddings/content/makeup-products-every-bride-needs-to-have-in-her-wedding-day-beauty-kit,9 bridal makeup products that belong in every wedding day kit,Call it your bridal toolkit for everything from toasts to tears,Nupur Sarvaiya,2020-01-06T12:35:45.937Z,"Some brides wouldn't dream of their ideal beauty look without enlisting the help of a We have curated a ready reckoner with the key makeup products in any kit along with tips on how to use them, so that you're well prepared for your big day. When you get down to brass tacks, Without proper prep, your skin can be something of a blotched nightmare. After all, you’ll want your makeup to hold up through the last selfie, toast and twirl. This makes primer extremely essential. The thumb rule is to use a You probably won’t get enough shut-eye during your wedding festivities, but this is the one time when you want to look your fresh-faced best. This requires a seriously heavy-duty A Lock in your base with a pressed or loose setting powder. One swipe of a brush will absorb excess oils to give a visibly flawless finish. A compact size will also be handy for touch-ups later. Your wedding day is the perfect opportunity to pack some punch with your eye makeup. Look for a palette that combines neutrals and metallic shades. Warm, earthy tones work best with Indian skin. Shades of gold, bronze and copper also do well together, and the modern Indian bride can opt for these colours without a second thought. A waterproof formula is the only answer to smudge-proof, sweat-proof and even tear-proof your eye makeup. Make sure to add a highly pigmented long-wear eyeliner to your makeup kit. Another non-negotiable? A mascara. But before you buy one, decide whether you’re looking for length or volume. A highlighter can serve as the perfect pick-me-up for your complexion, and provide a lit-from-within glow when applied to the high points of the face (cheekbones, tip of the nose, brow bones, and Cupid’s bow). Choose your formula according to the look you want to achieve—a powder highlighter will give you a matte look, a cream or balm version will leave you with dewy face, while a liquid highlighter will provide the most intense colour pay-off. The last step to your bridal makeup, lipstick is a staple. Keep a red, pink and a nude at the ready. While matte formulas will last the longest, don’t have any qualms about opting for a creamy option. ","https://assets.vogue.in/photos/63777e2babfaf7db94442ae9/16:9/w_1280,c_limit/AVISHKAR%20JADON%20Vogue%20India.jpg"
"Apr 01, 2026 @ 00:22:53.341",c1547dafd184c2c87f6b6a360540ae9a,https://www.vogue.in/content/a-closer-look-at-taylor-swifts-engagement-ring-with-the-designers-details,A closer look at Taylor Swift’s engagement ring—with the designer's details,That’s Mrs. Americana to you! Taylor Swift is in excellent company with her bezel-set engagement ring,Hannah Jackson,2025-08-27T09:19:44.947Z,"America's pop-culture sweethearts are The pair announced their engagement news earlier today, August 26. Or, as they put it in a joint Swift wore a black-and-white striped Ralph Lauren halter dress, brown Louis Vuitton heeled sandals, and a gold Cartier Santos Demoiselle Quartz watch with a diamond-encrusted face for her flower-filled engagement to the Kansas City Chiefs tight end. But, unsurprisingly, our eyes were trained on her Kelce worked with Kindred Lubeck of Swift is in excellent company with her bezel-set engagement ring. Earlier this year, Zendaya arrived at the 2025 Golden Globes wearing a button-back Jessica McCormack ring; Charlie McDowell proposed to Lily Collins with a rose-cut bezel from designer Irene Neuwirth. Now, Taylor Swift's engagement ring is joining their ranks. (Do we sense the next big The pop superstar already set the internet ablaze earlier this month when she announced her 12th studio album, Congratulations to the happy couple! It’s a love story, baby, and Taylor Swift said “yes!” ","https://assets.vogue.in/photos/68aecb77bc65fbc362694a17/16:9/w_1280,c_limit/Your%20English%20teacher%20and%20your%20gym%20teacher%20are%20getting%20married%20%F0%9F%A7%A8.jpg"
"Apr 01, 2026 @ 00:23:01.367",7b703721a6fd4fecef4e4d11e7fc31c6,https://www.vogue.in/content/taylor-swift-and-travis-kelce-are-engaged,Taylor Swift and Travis Kelce are engaged,"With a striped Ralph Lauren dress, a cushion-cut diamond ring and a caption that charmed the internet, Taylor Swift announced her engagement to Travis Kelce",Vogue,2025-08-26T17:56:39.633Z,"Congratulations are in order for Taylor Swift and Travis Kelce. The pop superstar shared the news in an Instagram post on August 26, with a photograph of the couple surrounded by flowers. The caption read simply: “Your English teacher and your gym teacher are getting married.” Across the photos, Swift wore a striped Ralph Lauren dress and showed off her engagement ring, which featured a dazzling, elongated The news comes nearly two years after they made their first public appearance as a couple in September 2023 at a Kansas City Chiefs game. Since then, the two have been constantly in the spotlight: Kelce is often in the audience during Swift’s blockbuster Eras Tour concerts, while Swift memorably embraced Kelce on national television after he won the Super Bowl. (“When you say a relationship is public, that means I’m going to see him do what he loves, we’re showing up for each other, other people are there and we don’t care,” Yet, despite their high profile, the two have been relatively low-key about their relationship itself. They’ve refrained from posting much on social media and have only briefly mentioned each other in interviews. “Obviously, I’ve never dated anyone with that kind of aura about them…. I’ve never dealt with it,” Kelce told JR Moehringer during an interview with Most recently, the couple made a joint appearance on the ","https://assets.vogue.in/photos/68adf3da38b288b40478b772/16:9/w_1280,c_limit/Your%20English%20teacher%20and%20your%20gym%20teacher%20are%20getting%20married%20%F0%9F%A7%A8%20(1).jpg"
"Apr 01, 2026 @ 00:23:09.392",4e919c373371ca9e4d1c2d8131c77125,https://www.vogue.in/gallery/this-couples-wedding-in-mexico-city-was-a-blend-of-couture-mariachi-music-and-bollywood-revelry,"This couple’s wedding in Mexico City was a blend of couture, mariachi and Bollywood revelry","A haldi alive with colour, a sangeet set in a gothic chapel and vows in a Barragán estate",Arzoo Dina,2025-08-23T06:30:00.000Z,,"https://assets.vogue.in/photos/68a89bcf83442c83ef0ca97a/16:9/w_1280,c_limit/_SL_8247%20(1).jpg"
"Apr 01, 2026 @ 00:23:17.420",718292def65d1a94c226970c2c9dbd77,https://www.vogue.in/promotion/this-couples-wedding-celebrated-their-love-for-travel,This couple’s wedding celebrated their love for travel,Jasmin Parikh and Hiren Babaria’s wedding highlighted their Indian heritage and unfolded over various cities in the US,Mansi Shah,2025-08-22T06:53:58.960Z,"There’s something special about tying the knot at a place that is replete with history and tradition. For this couple, it was Naples—a favourite from one of their weekend getaways in Florida encouraged by her parents ‘Sunday Fundays’ tradition. It was only fitting then, that Jasmin Parikh and Hiren Babaria, chose to have their wedding at the newly renovated  Ritz-Carlton Naples in Florida. The venue’s quiet sophistication was the ideal backdrop, featuring swaying palms and turquoise waters, an amalgamation of tranquility and celebration. Quiet, joyful and endearing, Jasmin and Hiren's love story was the kind that revelled in a slower pace, unfolding gently over multiple dates. It started off with a message sent by Jasmin with the help of her aunt, and a reply from Hiren days later while he was on a trip to Hawaii. And then the conversations began, and translated to dates. Their first date in Dallas was cinematic, thoughtful and the connection was natural and instant. They had sushi at Uchi, spent time taking long walks in the rain, and cute gestures like holding an umbrella over her head had Jasmin convinced this could lead to more. Jasmin is from New Jersey and Florida, and Hiren is from Dallas. Their long-distance relationship certainly drove up airline ticket sales with the couple taking over 30 trips between cities like New York, Chicago, Orlando and Dallas. The proposal on a secluded beach in Oahu was much like their relationship, quiet and a celebration of their love. Jasmin had an inkling and got her nails done and got them matching outfits, a girl can never be too prepared. As they walked onto the beach during sunset hour, feeling the sand on their toes, Jasmin saw the flowers and the “Will You Marry Me” sign. Jasmin describes the feeling as surreal and although Hiren was fairly certain about the answer, he wanted to make a meaningful yet grand gesture. The celebrations began with an intimate welcome dinner at The Ritz-Carlton Naples. The property, which was recently renovated, provided the perfect backdrop with everything looking brand new. The couple’s interests found translation in the decor, food and the personalised details. The menu, curated by chef Satish, had a mix of traditional Gujarati dishes and international staples like sushi, incorporating all the flavours the couple loved. The following morning, the couple had the traditional Grah Shanti, a ritual to mark an auspicious beginning of the celebrations. This was followed by the Haldi ceremony where the couple was showered with turmeric and petals, with laughter and joy filling the air. The couple then took a dip in the ocean with their friends and family cheering them on. This sentiment was captured beautifully by P.Taufiq Photography. Sangeet night saw enthusiastic performances by friends and family, and a dance floor that was buzzing into the early morning with Foram Shah at the console. It ended with garba, a nod to their roots. The wedding ceremony had the couple promising each other a lifetime of love and happiness under a lush floral mandap, and in the background, the sound of waves and swaying palms. With that,  Ritz-Carlton Naples hosted a big Indian wedding, planned by Bharati Shah, Electric Karma International and supported ably by the floral decor work of Utopian events. The band, a favourite with the guests and the couple alike, and at the console was Empire Entertainment. Serenading the guests with melodies on her violin was Amy Serrano. A nod to her roots, the bride wore Tarun Tahiliani for the sangeet, wedding, and reception. She wore a custom Mani Jassal outfit for welcome night, and a custom-designed Haldi outfit by the bride’s sister. The groom wore Siddesh Chauhan for the welcome night. He wore a Tarun Tahiliani outfit for the sangeet, and his sherwani for the wedding was by Shyamal & Bhumika. He wore a soft pista green gently complementing the bride’s pink bridal lehenga. For the reception, he wore a deep maroon tuxedo to contrast with the bride’s ivory outfit. All of this was captured beautifully by PTaufiq Photography. Brought together by chance, this love story was etched in the memory of everyone who attended, and certainly made a case for finding love in the unlikeliest of places. ","https://assets.vogue.in/photos/68a2d1f4cd22d0869303ae59/16:9/w_1280,c_limit/3N6A9978.jpg"
"Apr 01, 2026 @ 00:23:25.454",f3e489a8f466676c6d9267c624efa0bb,https://www.vogue.in/promotion/expressions-of-joy,Expressions of joy,"Izzhaar, a gifting solutions brand is turning emotions into mementos for you and your loved ones",Vaidehi Joshi ,2025-08-08T10:56:45.208Z,"Finding the right gift that conveys the love, regard and care you have for someone can be a herculean task. Be it an anniversary, a wedding, or a festival—special moments like these deserve to be commemorated with thoughtful gifts. Taking the onus of giving your emotions a tangible form is Izzhaar, a brand born in 2014, that promises to make gifting emotional and intentional. Founded by Ruchita Bansal, a designer with a deep love for thoughtful aesthetics, Izzhaar began with one goal: to craft gifts and invitations that speak the language of the heart. Bansal’s brainchild wasn’t born because the world needed another gifting brand—it was because the founder thought that something was amiss. Izzhaar wanted to capture that feeling when a gift lights up someone's eyes, not because of how much it was worth, but because of its meaning. What started as a passion project soon evolved into a thriving business—one where every design is a reflection of affection, culture, and connection. Offering value for money gifting solutions, Izzhaar is known for its bespoke wedding hampers, artisanal invitations, home décor, and festive hampers. The brand offers exclusive options to their customers—be it a pastel-toned invitation inspired by a couple’s journey, or a sustainable hamper to reward hard-working employees; no two pieces are ever the same, because no two stories are the same. At the heart of it all is Bansal’s creative vision—guided by soul, not trend. “Luxury gifting isn’t about grandeur. It’s about care, connection, and meaning. We don't create to impress, we create to express,” she says. Izzhaar collaborates with artisans who believe in slow, impactful creation and are meticulous about the small details. The brand cares deeply about the planet, creating consciously with sustainable materials and focusing on pieces that become lasting keepsakes, not disposable gestures. With sustainability at its core and curated creativity in every detail, Izzhaar continues to create an impact in the modern Indian gifting scene. ","https://assets.vogue.in/photos/68820016ab73c3d2a880174f/16:9/w_1280,c_limit/Ruchi%20Goyal-4.jpg"
"Apr 01, 2026 @ 00:23:33.480",f37016ba824f1ca9a79b4cfc19288887,https://www.vogue.in/content/this-brides-classic-red-vision-came-alive-with-a-sabyasachi-lehenga-for-her-california-wedding,This bride's classic red vision came alive with a Sabyasachi lehenga for her California wedding,"Dr Jasmine Singh's lehenga was hand-stitched and embroidered with traditional gold and silver threads, while the borders of her two veils featured handmade kiran fringing in hand-beaten gold and copper",Rebecca Cope,2025-07-31T08:28:36.484Z,"For many brides, their wedding day is a unique opportunity to honour their heritage, often through fashion. Such was the case for Indian-American bride Dr Jasmine Singh, a psychiatrist based in California. “Even as a child, I knew – without a doubt – that no matter who I married, or when I married, I would have a Sikh wedding ceremony, and I would wear a traditional red Indian lehenga with gold embroidery,” she explains. “My mother has countless photos of me as a little girl dressed in a tiny red lehenga, adorned with a gold mathapatti and haathphool, and proudly wearing a bold red lip.” When the time came for Jasmine to curate her own wedding day looks for her marriage to Dr Sandeep Mann, she knew immediately that she wanted to work with Indian designers, especially on a red lehenga – that instantly recognisable Indian bridal outfit. “It mattered to me that my wedding outfit was made by hands and minds that understood the symbolism embedded in every motif and stitch,” she explains. “I wanted to wear something that wasn’t just beautiful, but meaningful; something that connected me to my culture and heritage.” Having become familiar with his work decades earlier, Jasmine immediately thought of turning to the celebrated Indian designer Sabyasachi (who memorably dressed Priyanka Chopra for her wedding celebrations) for her lehenga and jewellery. “I first heard about him when I was a student at UC San Diego,” she explains. “I remember being captivated by the news that an Indian designer had shown at Milan Fashion Week. Since then I’ve followed his career, watching him dress countless brides – including many of India’s most celebrated actresses.” Jasmine started by selecting her wedding day jewellery from Sabyasachi, while she went back and forth on which of his red lehenga to wear and how to customise it to suit her bridal vision – often having two-hour long video calls with his team in India. “The first piece I selected was the necklace, followed by the earrings and then the bangles – my mother insisted I include Sabyasachi polki bangles,” she says. “Then came the custom mathapatti, nath, and haathphool. Somewhere in between, I found myself gravitating towards a floral motif lehenga from the Red Collection in the Heritage series. I waited before making a final decision, wanting to be certain. Shortly after meeting Sabyasachi in person during a visit to Los Angeles, I knew it was the one.” The mathapatti was inspired by one of Sabyasachi’s first famous brides, the actress Anushka Sharma – though she wanted hers to feature South Sea pearls, to match the rest of her look. “I was told by the Sabyasachi jewellery director that any changes such as this would have to be approved by Sabyasachi Mukherjee himself,” she explains. “I was delighted when I learned that he had signed off on the changes. The piece was also custom made to the measurements of my head, which I thought was a great attention to detail, as it was custom-fitted to frame my face perfectly from ear to ear.” Indeed, Sabyasachi as a rule does not allow customisation, so it was up to Jasmine to convince him of her vision for the lehenga too. “After explaining my reasoning, some customisation was allowed,” she shares. “I discussed with him that I wanted my second veil for my head to be different from the first that would be wrapped around my body, so that it could add more visual interest, which they agreed to.” One particularly special touch was the floral motif on the skirt – a brand new design. “It resonated with me on a personal level – my name is Jasmine, after all – and it beautifully complemented the wedding’s setting,” she explains. “Alongside my production team, we built a custom structure on my family’s estate, nestled within the estate’s gardens, and centred our design concept around an enchanted garden of wildflowers. This lehenga echoed that vision perfectly, and wearing it felt like stepping into a dream I had helped create.” The Sabyasachi team also crafted a custom silk organza palla for the ceremony, finished with gold sequins and a tilla thread border. “In Sikh tradition, the groom wears the palla, which is handed to the bride by her father – symbolising the start of the couple’s spiritual journey,” explains Jasmine. “Sabyasachi graciously completed this bespoke piece in record time, and it arrived just days before the wedding. I was later told it had only been made once before – for the actress Katrina Kaif – making it all the more meaningful.” Unsurprisingly, a lot of craftwork went into Jasmine’s lehenga, which was hand-stitched and embroidered with traditional gold and silver threads, while the borders of her two veils featured handmade kiran fringing in hand-beaten gold and copper. “My lehenga arrived in California a few weeks before the wedding,” recalls Jasmine. “The first time I wore it was late at night, with my mother by my side. I slipped it on – it fit like a glove – and when I saw myself in the full-length mirror, I cried. I was on the phone with Sabena, the head of Sabyasachi, and she was deeply moved by my reaction. In that moment, it truly felt like my vision and dream had come to life.” With so much love and detail going into the look, it’s unsurprising that Jasmine intends to wear the pieces again. “I believe fashion should be both enjoyed in the present and preserved for future generations,” she says. “And I don’t think preservation should come at the cost of fully experiencing the joy of wearing something now.” For her, the entire process was a pinch-me moment. “I see myself as someone who embodies two cultures: born and raised in the United States, yet deeply in touch with my Indian heritage,” she says. “That duality, what I call biculturalism, can sometimes bring difficulties with identity and with managing the two opposing cultures, but sometimes the juxtaposition can be beautiful, and that is something I find in Sabyasachi’s designs: a rare and beautiful balance.” ","https://assets.vogue.in/photos/688b0b837528f3321b420c84/16:9/w_1280,c_limit/RC-VOGUK-190525-2.jpg"
"Apr 01, 2026 @ 00:23:41.504",266b6a64e8e32e5df11bdcfaea6e3ad7,https://www.vogue.in/content/indians-love-beach-proposals-heres-how-to-do-yours-perfectly,Is your boyfriend planning a beach proposal? He needs to read this,"Learn everything to know about planning a perfect beach proposal, from tips on selecting a location to how to make a rain plan",Shelby Wax,2025-07-26T04:30:00.000Z,"A beach proposal is a favourite for a reason. The calm crashing of the waves, the feeling of your toes in the sand and the spectacular backdrop of the ocean sky at sunrise or sunset are a dreamy combination to craft the perfect romantic moment. Indians, especially, love beach proposals because they have all the makings of a Ahead, see all the proposal planning tips you’ll need to kick off your beach engagement. Choosing the right beach location is key to guaranteeing a beautiful proposal setting. First, consider the destination that feels right for the engagement. Is there a beach you often frequent together? It could be special to revisit this place in your romantic history for your proposal. Planning a beach vacation? Scout out the best beaches for proposals near your destination with a beautiful lookout, or seek a more private cove. If you are less familiar with the area, you might want to check online for frequented spots or ask your hotel concierge for any tips. If you’re staying at a resort, they may even have a special area on the property that can be the perfect location for your big moment. As you likely don’t want hundreds of spectators around that can take up prime sand real estate, it’s important to decide on a not-so-busy time to get down on one knee. Consider hitting the beach in the off-season when there aren’t as many sunbathers about or at an hour when the location is relatively empty, like when most people are at dinner. You can even plan a romantic picnic on the beach during this hour before you pop the question. It’s also important to consider the best ambience based on the time of day: not when the sun is too bright, but definitely when it’s just at the horizon. Not only will it be beautiful to watch (and give you an excuse to get your S.O. out there for the surprise), but the light will be wonderful for photos. Helpful hint: Bring a sweater or extra blanket in case the temperatures drop when the sun is no longer in sight. As I am well aware, bad weather can easily throw a wrench in your proposal plans. In my case, a windy forecast made my plans for a post-engagement dinner on the beach a less-than-ideal situation. So, we had to change the location for the second act of the proposal just hours prior. No matter your situation, it’s always important to have a rain contingency plan. Especially if you have hired a photographer or pre-planned a celebration afterwards, you may need to find another covered spot to pop the question. Always have a backup in place when you are first scouting out your ideal beach locale. Deciding on the right outfit for your proposal is a tricky task. On the one hand, you don’t want to give away the surprise by showing up overdressed for a beach day. But, you also probably want to look more polished than usual, especially if you’re documenting the proposal. Try to find a happy medium or create an excuse for a slightly Another important factor of your ensemble is that it needs a spot to hide a ring box. A jacket with an inner pocket, spacious pant pockets, or a bag can be key to keeping your surprise hidden away. Just be sure your hiding place is secure so you don’t leave the ring on the beach. While you will always have the memory of your proposal, it’s also fun to have images or videos of the special moment to come back to and share with your loved ones. One of the best solutions is to find a local photographer to document the moment as it happens. This can lead to a great photoshoot with you, your new fiancé and that engagement ring you spent months picking out. If you don’t want to hire a pro, you could also task a friend or family member to do the job with an iPhone. Just be sure they can stay hidden so as to not give away the surprise and are a trusted hand with tech. Once your partner (hopefully) says yes, it’s time for you both to celebrate. Don’t just plan the proposal itself. It’s a great idea to also have plans in place to take in the moment, whether in an intimate atmosphere or with your closest circle. A bottle of bubbly and a beach picnic can be the perfect way to enjoy your newly engaged bliss. Or, you can make a reservation at a nearby restaurant for a more polished toast. Some to-be-weds like to kick off their engagement era with a bang and invite friends and family for a surprise engagement party. Just be sure you’ve had previous talks of engagement and know it’s a done deal before you have anyone fly out for the festivities. ","https://assets.vogue.in/photos/688366276e6fc6997a5f27bc/16:9/w_1280,c_limit/KNPH.jpeg"
"Apr 01, 2026 @ 00:23:49.529",b801b36dbb7fc92d6552070b758f3ff3,https://www.vogue.in/gallery/this-punjabi-marathi-couples-wedding-in-jaipur-was-officiated-by-a-priestess,This Punjabi-Marathi couple's wedding in Jaipur was officiated by a priestess,"From opting out of the traditional kanyadaan for their nuptials to celebrating with an intimate guest list of just 50, this Y2K-inspired wedding was a nostalgia-tinted affair",Arzoo Dina,2025-07-21T15:30:51.015Z,,"https://assets.vogue.in/photos/6879e81e5aa94688c3666034/16:9/w_1280,c_limit/000906%20(1).jpg"
"Apr 01, 2026 @ 00:23:57.557",bf40038f2c24215d45f9f9fd78211a4e,https://www.vogue.in/promotion/a-czech-bride-a-telugu-groom-and-an-indian-baraat-in-prague,"A Czech bride, a Telugu groom and an Indian baraat in Prague","Two cultures, two venues and one unforgettable celebration. Here’s how event and wedding planning company, RVR Eventz & Design and RVR PRO meticulously crafted a wedding day for this couple, across continents and traditions",Jess Doshi,2025-07-18T08:11:42.428Z,"In a world saturated with left swipes, fleeting connections and catfishing stories, Karolina Ebel, a lawyer-turned-entrepreneur, and Chaitanya Aluru, an engineer, found the kind of love written about in fairytales. It was a rainy day in New York, and a thoughtful connection over a dating app that sparked this love story. Barely a month into the relationship, Karolina knew that this was the man she was meant to marry. There was no grand moment, no epiphany, just quiet certainty. At a cliffside near Carmel-by-the-Sea, California, Chaitanya surprised Karolina with a wedding proposal, two weeks before their formal engagement. Saying ‘yes’ at her favourite spot with Chaitanya’s handwritten note hidden inside a bouquet of roses was surreal. It was this note that Karolina kept close to her heart, embroidering it on her wedding veil with words that read: The couple commemorated their union with a three-day wedding in Prague, Czech Republic, complete with an Indian When it came to choosing a wedding destination, Prague held a special place for the couple. It was Karolina’s hometown, and a place they had visited together on a vacation early in their relationship. For them, the city’s old-world charm, connection to the bride’s roots, and stark contrast to their fast-paced Silicon Valley life made it the perfect location. Chaitanya, who holds his Indian heritage and family traditions close, envisioned incorporating a traditional Hindu wedding. The couple’s shared vision for their wedding was to honour both cultures, blending vibrant Indian rituals within a European setting. To bring this vision to life, they chose the experienced team at RVR Eventz & Design. The couple hosted two ceremonies across iconic venues in Prague—an Indian wedding at the Mandarin Oriental and a civil ceremony and reception at the grand baroque Chateau Troja. The Indian wedding festivities began with an outdoor traditional The Czech civil ceremony, by contrast, was a formal legal celebration officiated by a registrar, followed by a reception with European flair, filled with food, drinks and dancing. One of the most unforgettable moments of the wedding was when the Locals and tourists paused to pull out their phones, capturing what felt like a movie scene unfolding in real life. Chaitanya, in a traditional sherwani, led the procession with friends and family dancing joyfully behind him. The air was filled with laughter, flower petals and the infectious rhythm of celebration. This wasn’t just a wedding tradition; it was a joyful moment of cultural fusion. Planning a wedding that spanned continents and cultures came with its fair share of challenges. Much of the wedding décor, bridal wear, and ceremonial items were shipped from India via air cargo. Several vendors and team members had to navigate visa approvals, and Prague’s rainy weather threw a curveball the day before the outdoor ceremony. “This was one of the toughest weddings I’ve planned,” says Priya Maganti, CEO at RVR Eventz & Design. “Planning a wedding in a new country is always a challenge, but every country I’ve worked in before had already seen Indian weddings, and they knew what to expect. Prague was different.” From explaining rituals to helping guests embrace cross-cultural customs, the team handled every detail with care. “The concept of an Indian wedding was new to many of the Czech vendors and guests, but now there is a growing appreciation and understanding of what it involves,” Maganti adds. Guests on both sides leaned in to celebrate each other’s cultures, whether it was through clothing, food, or participating in rituals. Czech guests wore lehengas and saris for the Hindu ceremony, while Indian guests donned elegant Western formals for the civil wedding. In a whirlwind of legal permits, hand-embroidered veils, tailor-made blazers, and a multi-cuisine menu, RVR Eventz & Design and RVR PRO ensured that every element of the couple’s vision came to life with authenticity and heart. ","https://assets.vogue.in/photos/6870af1ce908aa3c18bfed5e/16:9/w_1280,c_limit/Screenshot%202025-07-11%20at%2011.43.02%E2%80%AFAM.png"
"Apr 01, 2026 @ 00:24:05.586",0dfe1ce216b9641604611c98886eb319,https://www.vogue.in/promotion/sweet-treats-for-the-big-moments,Sweet treats for the big moments,The Laddoo Wala is making weddings special with sweets that are rooted in tradition and made with a modern hand,Vogue India,2025-07-14T08:50:32.809Z,"Weddings today are more than just ceremonies. They are expressions of identity, story, and emotion. The Laddoo Wala, an Indian mithai and savoury brand, honours this shift by reimagining the role of mithai in modern celebrations. The brand has set out to redefine the way Indian sweets are experienced—not as festive afterthoughts, but as elevated essentials. TLW focuses on clean ingredients, refined flavours, and thoughtful presentation. Their laddoos are hand-rolled in small batches with less to no sugar, using alternative sweeteners like jaggery and dates and with no added colours or preservatives. The result is a sweet that feels both nostalgic, healthy and refreshingly new. But TLW isn’t just about laddoos. Their growing repertoire includes silky barfi blocks, crisp savoury blends, and seasonal offerings that bring variety and versatility to any moment of celebration. Each product is developed with a strong attention to detail, balancing indulgence with today’s evolving preferences. With options that are gluten and cholesterol free, and naturally sweetened, there is something for everyone. The brand’s approach extends beyond taste. At TLW, design is an integral part of the experience. Their packaging is thoughtful, with embossed boxes that evoke warmth and nostalgia, and trays that become part of your home. Each wrap, label, and note is crafted with care, often carrying a little story inside—adding another layer of meaning to the gift. What truly sets TLW apart is the emotion embedded in every bite. Some connect with the richness of the motichoor, others with the gooey texture of their Every wedding the brand is a part of is approached as a creative collaboration. Whether it’s bridesmaid proposals, mehendi favours, or welcome hampers, they work closely with families and couples to co-create something truly exclusive. This year, they’ve expanded their repertoire with playful yet elegant additions like the ‘Laddoo Pops’ and ‘Savour Me’s’, a fresh take on the traditional laddoos and savouries that are perfect to share, to travel with, and for interactive displays. They carry craft and flavour with a touch of whimsy—designed for the contemporary celebration. Alongside this, the brand’s bespoke trays, savoury tins, and new barfi block formats bring depth and variety to your wedding table, all while staying rooted in Indian flavour profiles. At TLW, it’s the small things that make a wedding unforgettable, the welcome box that feels like a hug, the flavour that sparks a childhood memory, the handwritten message inside a hamper that makes someone pause. The brand believes in thoughtfulness and in creating mithai experiences that are as meaningful as the moment they belong to. ","https://assets.vogue.in/photos/686cc51f6f2ebd461010e026/16:9/w_1280,c_limit/9.jpg"
"Apr 01, 2026 @ 00:24:13.611",d1f0d03822af14fbb0fbcfeb85c465fa,https://www.vogue.in/gallery/this-couples-wedding-at-the-historic-il-borro-estate-in-tuscany-was-a-sophisticated-mix-of-fashion-food-and-culture,"This couple’s wedding at a 1,000-year-old Tuscan estate unfolded like a love letter to Italy and India","Aashna and Saahil’s wedding at Il Borro in Tuscany felt like a cinematic homage to everything they love—fashion, film, food and each other",Arzoo Dina,2025-07-12T12:00:43.223Z,,"https://assets.vogue.in/photos/6863af70186f6dd2d30cdef2/16:9/w_1280,c_limit/Event%203C-Ceremony_Sahil+Aashna-Il%20Borro-141_websize.jpg"
"Apr 01, 2026 @ 00:24:21.637",9259c6d8e50bd42b46f1deaf1743bb9e,https://www.vogue.in/promotion/from-pichwai-to-zardozi-crafting-a-wedding-of-meaning-and-elegance,From Pichwai to Zardozi: Crafting a wedding of meaning and elegance,"What began as a chance encounter turned into a tale of culinary adventures, thoughtful gestures and shared calm—culminating in a deeply personal wedding at Raffles, Udaipur",Vaidehi Joshi ,2025-07-11T11:23:23.133Z,"They say matches are made in heaven, and perhaps that’s true, but matches are also made over shared plates of food. As they say, the way to one’s heart is through the stomach, after all. Sidharth Sharma, a restaurateur and owner of several renowned hospitality ventures across New York and New Jersey, knew this all too well. Sharma met Dhara Patel, a physician assistant, also from New Jersey, at a friend’s birthday in the Poconos, and it didn’t feel like they were meeting for the first time—there was a quiet familiarity, discussions about food they enjoyed, and shared experiences about growing up Indian-American. “For our first date, I took Dhara on a romantic picnic,” reminisced Sharma. After many personalised food tours and candle-lit conversations through the years and around the world, he popped the question in Napa Valley, surrounded by beautiful vineyards—recreating their first picnic date. “That first date stayed with me—the excitement, the ease, the joy of it all. When he recreated it in Napa to propose, it took me right back to that feeling. Saying yes wasn’t even a question—it was the easiest, happiest answer of my life,” Patel gushed. A dreamy wedding followed, rooted in the couple’s approach to love—grounded, enduring, and filled with genuine joy. The celebration of love took place across three days at Raffles Udaipur, a lakeside property known for its European-meets-Indian architecture and quiet luxury. The wedding was an homage to the couple’s cultural roots, and every detail was artfully preserved by P.Taufiq Photography—the team that captured both the grand entries and the quiet, in-between moments that depict a love story. The festivities opened with a spirited welcome lunch spread across Raffles Udaipur and Taj Lake Palace, where guests were greeted by the pulse of dhols, the melodies of Rajasthani folk musicians, and vibrant cultural performances—Kachchi Ghodi dancers, flutists, Raavan Hatta artists, and Matka performers. While welcoming their guests, the bride’s mehendi—crafted by Jayshree Panchal—became a conversation of its own, adorned with Pichwai cows, Ganeshji, peacocks, elephants, and swans, weaving together symbols of grace, good fortune, and devotion. This set the tone for a weekend of thoughtful detail and joyful celebration, both high on emotion and aesthetically unforgettable. The Mehendi and Sangeet took over the Great Park, transitioning from tropical Rajasthani day motifs—florals, birdcages, and pops of colour—to a twilight fantasy of chandeliers and lush floral canopies. The bride wore a custom Mayyur Girotra lehenga embroidered with a menagerie of birds and elephants for the Mehendi and a custom StudioSush floral blouse, later transforming into a shimmering gold StudioSush lehenga paired with a Rahul Mishra blouse for the Sangeet. “All of my looks were thoughtfully assembled by Style by Susmita. She brought my vision to life through carefully coordinated outfits, custom-designed jewelry, and beautiful hair and makeup,” said Patel. The groom matched her energy in color-coordinated daytime wear and a custom PourLui look for the Sangeet. The second day began with Haldi. Held at the poolside, it was a riot of laughter, turmeric, and sunlight. Mughal-inspired, vibrant floral decor was the backdrop as friends and family playfully applied haldi while showering the couple with rose petals and love. The Varmala ceremony followed. It unfolded beneath ‘The Promise Tree’—a towering floral sculpture symbolising growth and commitment. The wedding ceremony took place indoors, under a mirrored aisle and a floral mandap conceptualised as a ‘Mirror of Forever’. Lagnageet artists, led by Darshana Gandhi, lent a soulful backdrop to the pheras. Simultaneously, guests rang bells during the pheras, infusing the ritual with a collective sense of sentimentality. As the pheras concluded, guests gathered around the couple, walking them out in a moment of shared joy and intimacy, only to be surprised by a display of fireworks that lit up the night sky. For some prior key rituals, the bride chose to honor her legacy by wearing heirloom gold bangles from her grandmother and her mother’s handloom saree. However, for the ceremony, the bride wore a full custom deep-red Mayyur Girotra lehenga, intricately embroidered with zardozi, motifs of peacocks, elephants, and flowers—each representing strength, love, and prosperity. The groom complemented her in an ivory sherwani, also by Mayyur Girotra. The wedding dinner that evening channelled the charm of an Indo-English garden, complete with native foliage, warm brass accents, and moody romantic lighting, courtesy of AJEventsIndia. The atmosphere was made all the more memorable by singer Akanksha Bhandari, whose soulful performance left the guests spellbound. The final day began with a pastel-toned party by the pool, accompanied by vibrant live music from percussionist Monark Khatri. The decor was inspired by the floral movement and spinning windmills, complete with springtime abandon. Set against Raffles’ tranquil waters, it was equal parts chic and carefree. The bride wore a bell-accented pastel sharara set by Payal Singhal while the groom complemented her in a linen bomber kurta from the same designer. As the sun dipped, a cocktail hour was arranged at the main fountain—an evening made memorable by illusionist Dhruv Chauhan and violinist Erna Daugaviete. The last dance of the weekend was the reception, titled ‘Midnight Opulence’. Guests danced the night away on the celestial floor at the black-and-metallic themed function, set under black crystal chandeliers and a canopy of white florals as the couple looked radiant in sculptural metallic ensembles by Amit Aggarwal. “Our vision was brought to life by two planners—one from India and one from America—seamlessly blending the two cultures. A3Cube Events (India) managed the on-the-ground execution in Udaipur, overseeing vendor coordination, guest arrivals, setup, and more. Meanwhile, Events by Vaishali (USA) focused on the finer details of the program, ensuring each event flowed smoothly, from start to finish,” said the couple. Every element of the Sharma-Patel wedding reflected a deeply personal touch, like custom stationery by V1964, a wedding website designed by Patel, menu-inspired invitations paying homage to Sharma’s culinary world, totes adorned with a watercolor portrait of their dog, Circuit, and personalized shawls, hand-calligraphed live by Inpreet Kaur. “Each night, the dance floor came alive under DJ Gaurav Sood and DJ Deval Patel, who set the perfect vibe from the Mehendi to the reception for a diverse crowd of guests—including 250 from the States and 150 from India,” said Sharma. The week’s emotional highs and personal moments at the afterparty were soundtracked by DJ Mowgli (Samuel Cherian, the friend who first introduced them). For the couple, this wasn’t just a weekend of celebration—it was a manifestation of the values they hold dear, the love they cherish, and the life they’re building together. ","https://assets.vogue.in/photos/686617e5e4a838fb8227dceb/16:9/w_1280,c_limit/0H4A0054.jpg"
"Apr 01, 2026 @ 00:24:29.659",96dfd1a91e67915307ca578e61b1a174,https://www.vogue.in/sponsored/promotion/sparkling-through-generations-jewellery-that-endures,Sparkling through generations: Jewellery that endures,"Here’s a look at Rare Heritage, a bridal couture and fine jewellery brand making strides in India’s luxury jewellery landscape",Vogue India,2025-06-27T08:56:16.308Z,"Bridal couture plays a pivotal role in the grandeur of an Indian wedding, where fashion is as much a spectacle as the ceremonies themselves. Bridal outfits are representative of tradition, status, and personal taste, with designers translating cultural heritage into couture statements. Rare Heritage, a brand under the Mehta Emporium umbrella, was founded to add value to the country’s bespoke bridal jewellery. Starting out as a specialized bridal couture hub in 2014, the brand has now transformed into a premier fine jewellery house. The expansive 5,000 sq. ft. Mumbai atelier is both a creative sanctuary and an experiential showroom, making it the go-to destination for India's brides. Built on compelling paradoxes—premium yet approachable, selective but inclusive, it offers something for everyone, from understated minimalists to bold statement-makers. Rare Heritage has been a part of high-profile celebrations in the country while being endorsed by celebrities like Sonam Kapoor and Kareena Kapoor Khan. Every design is driven by a narrative, transforming individual pieces into legacy treasures meant to be passed down through generations. The brand’s insights into today’s bride offers a glimpse into the ask—pieces that are contemporary and yet timeless. Rare Heritage crafts collections that maintain relevance across decades. Each piece embodies cultural heritage, blending ancestral techniques with fresh perspectives to create deeply personal connections that extend far beyond ornamental value. The brand’s three directors, Manushi Singh, Nakshatra and Varun Mehta lead with vision. Singh’s design philosophy revolves around creating enduring relevance—pieces that feel modern yet possess the power to outlive fleeting trends. Her sophisticated aesthetic sensibility and forward-thinking approach have established the brand's authoritative presence in India's luxury jewellery landscape. As Singh brings timeless modernity to the forefront, Nakshatra infuses the brand’s creations with deep emotional resonance. Nakshatra champions jewelry's capacity to stir profound emotions and create lasting memories. His design methodology focuses on generating that transformative moment—when a bride connects deeply with a piece, creating bonds that extend well beyond the wedding day. Mehta’s perspective seals the deal, as he ensures that every design is mindful of the legacy it carries. He views each design as a chapter in an ongoing cultural narrative, often spanning multiple generations. His commitment centers on preserving ancestral wisdom within contemporary frameworks, ensuring every piece honours its roots while embracing evolution. “Every bride who walks into our atelier shows us something new about the power of jewellery. There’s always this moment—you can see it—when she finds a piece that feels like it belongs to her. That’s when it stops being an accessory and becomes a memory, a legacy. We’re not just making beautiful things; we’re creating keepsakes for life’s most meaningful chapters. The true test isn’t how well something shines in photos—it’s whether her daughter will one day wear it and feel that same pull. We always return to this truth: emotion is timeless. When it’s real, it never goes out of style.” Says Singh. Rare Heritage is set to launch its upcoming collections, Rare Beyond the Borders and Rare Love, two collections that draw from the brand’s deep archival legacy while also looking to the future. ","https://assets.vogue.in/photos/685bb916c9a772d46ab3d92a/16:9/w_1280,c_limit/Rare%20Heritage%20360.jpg"
"Apr 01, 2026 @ 00:24:37.685",25ad1e1f0438818e408fbe157263e956,https://www.vogue.in/sponsored/promotion/twelve-years-one-weekend-and-a-lifetime-of-love,"Twelve years, one weekend, and a lifetime of love",From high school sweethearts to soulmates—Akesha Sanjay and Aakash Thakor’s love story culminated in a magical weekend on the shores of the Riviera Maya,Shubhangi Jindal ,2025-06-26T06:30:47.009Z,"Some love stories unravel with such quiet inevitability, it's as if they were always meant to be. Bride Akesha Sanjay and groom Aakash Thakor grew up just minutes apart from each other in South Florida, yet, like every romantic meet-cute, their story only began the summer before senior year of high school. “Looking back, it’s funny to think how many times our paths must have crossed—sharing mutual friends, going to the same community events, probably even standing in the same rooms,” Akesha mentions. They met at a Miami Heat NBA Finals watch party; Akesha, as always, was locked in—cheering, yelling at the screen—when Aakash noticed her, amused but intrigued. Little did they know that this was just the beginning of their forever. They quickly became high-school sweethearts—what started as a teenage friendship turned into a lifelong bond, one that endured distance, time zones, and countless changing careers. “Despite the miles, we always found our way back to each other,” they share. Fast forward to 12 years later, Aakash proposed to Akesha at sunset in Cabo, and the rest, like they say, is history. “I had a feeling it was coming—after so many years together, you kind of just know. But nothing could’ve prepared me for how beautiful and thoughtful it was. He had reserved a private stretch of beach at a gorgeous resort and planned an intimate dinner just for the two of us. The sun was setting, the ocean was in front of us—it was a moment I’ll never forget,” Akesha exclaims. So, when it came to their wedding, they knew it had to be a celebration of their story—a blend of grand gestures surrounded by their closest family and friends and a little bit of ‘Florida’ in all the celebrations to honour the city where it all began. Set against the Waldorf Astoria Riviera Maya, the backdrop was perfect. “It allowed us to have our dream sunset wedding and offered a variety of venues for each event, making every celebration feel unique and closer to our Floridian roots,” adds the bride. PTaufiq Photography captured the nuances of every smile, sentiment, and hidden undertone in pictures preserved for life. And there was ample to be captured, for each event boasted a different theme. The couple teamed up with Mala Events to bring their dream wedding weekend to life, curating every detail with intention and heart. Once the venue was secured, their vision truly took shape. The celebrations kicked off with a joyful joint Haldi ceremony, setting the tone for a weekend full of colour and culture. The welcome party channelled their shared love for Mexican cuisine, Latin music, and laid-back Florida vibes. The Saatak ceremony was a seamless blend of Indian tradition and modern design exemplified by Akesha’s ombré pink Manish Malhotra lehenga, a piece that “combined classic craftsmanship with contemporary flair”, she adds. The couple exchanged vows at sunset, with the beach as their breathtaking backdrop. Akesha wore a stunning Sabyasachi lehenga paired with a delicate Christian veil, while Aakash complemented her look in a regal Tarun Tahiliani sherwani. “It was the perfect expression of who we are—rooted in tradition, but shaped by a modern worldview,” she shares. The Sangeet pulsed with the vibrant energy of Miami—think neon colours, palm trees, and dancing late into the night. That was followed by a sleek black-tie reception, combining elegance and modern flair with glowing candles, cascading chandeliers, and the bride’s bold Gaurav Gupta gown stealing the spotlight. A surprise performance by British singer-songwriter Jay Sean, blending American and Indian hits that had all the guests on their feet. While DJ Sharad of DJ USA curated an electrifying set that kept the energy high and the dance floor packed all night long. Prashe Decor transformed each venue into a reflection of the couple’s cultures and personalities—seamlessly blending vibrant florals with refined, elegant elements. Musaafer, helmed by Michelin-starred Chef Mayank Istwal and his team, curated an unforgettable culinary journey, masterfully balancing traditional flavours with modern flair. Choosing PTaufiq was effortless; Aakash and Akesha had long admired their work. PTaufiq Photography captured every heartfelt moment in both photo and film, preserving the joy, love, and magic of every moment. Surrounded by their closest family and friends, the couple’s wedding was truly a heartwarming reminder of love transcending boundaries. ","https://assets.vogue.in/photos/685bb7517370bb847aaba8be/16:9/w_1280,c_limit/3N6A2208-1-1.jpg"
"Apr 01, 2026 @ 00:24:45.709",4b66982360f9d7e0e695d844dd470e3a,https://www.vogue.in/promotion/inside-the-dream-wedding,Inside The Dream Wedding,When thoughtful hospitality meets a love story made to be remembered,Vogue India,2025-06-25T05:10:51.860Z,"Rashna Karai and Behram Toddywalla’s Dream Wedding was the full expression of who they are, thoughtfully brought to life across three destinations and captured through the creative lens of Chosen as the winners of The Dream Wedding, the couple’s experience began at The grand finale unfolded at Hilton Goa Resort, which became the stage for a two-day celebration they would never forget. Framed by Goan fort-inspired architecture and overlooking the Nerul River, the venue added natural drama and intimacy to the festivities with every detail thoughtfully designed to work with the landscape. Celebrations began with the Supra ni Murat ( That evening, the engagement brought a shift in mood. The Grand Ballroom, draped in deep green velvet and monochrome florals, was transformed into a cinematic space that nodded to the couple’s first meeting on set, where a friendship quickly formed. Rashna wore a shimmering anarkali by Abu Jani Sandeep Khosla, paired with Indriya Jewels’ emerald and diamond accents. Behram matched in a beige mirror-work sherwani by the same designers. They exchanged rings, cut into a striking all-white cake crafted by Hilton’s culinary team, and danced to Ed Sheeran’s ‘Perfect.’ Behram’s surprise solo performance, unexpected from someone who usually lets Rashna take the lead on the dance floor, was met with cheers. It was the kind of moment you know will be remembered long after. The wedding ceremony took place the following day at golden hour. A floating mandap framed the infinity pool, surrounded by friends and family. Rashna wore a delicate baby pink net saree by Abu Jani Sandeep Khosla, embroidered with pearls, her veil trailing behind her. Behram’s sherwani, also from the duo, featured ivory threadwork and floral detailing. Their traditional Parsi ceremony honoured their roots and felt close, grounded, and full of meaning. Dinner that night was a masterclass in elevated flavour and thoughtful storytelling. Developed over a series of conversations with the couple, Hilton’s culinary team designed a menu inspired by their favourite foods, cherished memories, and shared travel dreams. Under soft drapes and fairy lights, guests explored live stations and dessert tables that moved from biryani to fresh tacos, khow suey to citrus tart. This wedding celebration showed what is possible when thoughtful hospitality meets creative storytelling. Hilton created space for Rashna and Behram to be present and focus on what matters most, while ","https://assets.vogue.in/photos/6853e02fdd7ccec2e7e8005b/16:9/w_1280,c_limit/20250218_HILTON_WEDDINGSTORIES_GOA_S07_HALDI_CEREMONY_0852.jpg"
"Apr 01, 2026 @ 00:24:53.745",a12e013483c47970f6ea70397b851c59,https://www.vogue.in/gallery/the-bride-wore-a-30-foot-train-to-marry-in-an-ancient-basilica-at-this-catholic-sikh-wedding-in-rome,The bride wore a 30-foot train to marry in an ancient basilica at this Catholic-Sikh wedding in Rome,Bride Elisa Crutchfield and groom Angad Aulakh descended on the eternal city for a multi-day celebration that blended Catholic and Sikh traditions,Shelby Wax,2025-06-22T06:00:00.000Z,,"https://assets.vogue.in/photos/6853b39cd2f3af0a3f552654/16:9/w_1280,c_limit/Elisa%20and%20Angad_Day%202_Baraat_052.jpg"
"Apr 01, 2026 @ 00:25:01.771",c0f593f759079322255f0297b605c94c,https://www.vogue.in/promotion/this-brand-is-bringing-a-collection-that-transcends-your-bridal-dreams,This brand is bringing a collection that transcends your bridal dreams,Tying the knot? Find Pernia’s Pop-Up Studio’s exclusive bridal ensembles at the Vogue Wedding Atelier 2025,Vogue India,2025-06-20T11:46:46.920Z,"The landscape of wedding couture has seen a significant shift over the years. Once defined by ornate, heavily embellished ensembles, today’s bridal fashion leans towards a more regal yet understated look. Echoing this transition is Pernia’s Pop-Up Studio, a shopping destination that brings a grand collection of bridal wear rooted in traditions, but embossed with a contemporary flair. It is unveiling an exquisite repertoire at This revered bridal exhibit is featuring luxurious wedding couture, and among them is Pernia’s Pop-Up Studio, introducing an edit from top-notch designers and labels such as Rohit Bal, Payal Singhal, Rohit Gandhi + Rahul Khanna, Seema Gujral, Anushree Reddy, Jayanti Reddy, and more. This is your one-stop destination for refined, elegant looks for your big day. Whether it is intricately crafted For the dynamic brides of today, Pernia’s Pop-Up Studio has an exclusive edit with hallmark designs from some of the most coveted designers, where each piece is crafted with new-age elements and intricate artistry. From Payal Singhal’s boho chic aesthetic, Jayanti Reddy’s signature Banarasis, Rohit Bal’s celebrated motifs, to avant-garde night looks from Rohit Gandhi + Rahul Khanna—this studio’s couture line-up offers statement pieces for every wedding celebration. The true essence of Indian weddings is rooted in culture, craftsmanship, and legacy. Whether it’s intimate celebrations or destination weddings, you can say “I do” in style by immersing yourself in this exhibit at Taj Palace, New Delhi, a showcase of luxurious bridal services tailored to your needs and taste. ","https://assets.vogue.in/photos/6853e3db25641096607d065f/16:9/w_1280,c_limit/SG-%20la%20chapelle%20-%2011-03-2510898.jpg"
"Apr 01, 2026 @ 00:25:09.801",3cc4bee34f7db650888f211439d1eb75,https://www.vogue.in/gallery/at-their-mussorie-wedding-this-maharashtrian-south-indian-couple-took-each-others-last-names,"At their Mussorie wedding, this Maharashtrian-South Indian couple took each other's last names","For wedding designer and founder of Do It Up, Taral Jadhav, her own wedding to partner, Pranav Shetty, turned out to be unconventional and intimate",Arzoo Dina,2025-06-15T13:48:37.649Z,,"https://assets.vogue.in/photos/684ecdd5cd0f211da5ca2df5/16:9/w_1280,c_limit/TPL_TARALPRANAV_WEDDING-9623.jpg"
"Apr 01, 2026 @ 00:25:17.828",04c073bff75649a2f755f96972a6bb17,https://www.vogue.in/gallery/this-indo-chinese-wedding-had-everything-from-a-traditional-chinese-tea-ceremony-to-the-gujarati-mandvo,This Indo-Chinese wedding had everything from a traditional Chinese tea ceremony to the Gujarati mandvo,"Sri Lanka seemed like an apt choice, given that it was a halfway meeting point for their families and friends flying in from Malaysia, London and India",Arzoo Dina,2025-06-08T19:17:30.030Z,,"https://assets.vogue.in/photos/6841bb8b20d30b06d250ac9d/16:9/w_1280,c_limit/KH-598.jpg"
"Apr 01, 2026 @ 00:25:25.853",d8c472cb747f846012186951d5fc3876,https://www.vogue.in/content/unique-engagement-party-ideas-for-every-type-of-couple,17 unique engagement party ideas for every type of couple,An engagement party is a fun way to start your celebrations on a high note and bring together friends and family who might join you along your wedding journey,"Boutayna Chokrane,Shelby Wax",2025-06-05T12:27:11.686Z,"Whether you’re planning a proposal or recently said ‘yes,’ you might be brainstorming engagement party ideas to kick off your Ahead, we round up unique engagement party ideas to help you get inspired for your own pre-nuptial fête. From cocktail parties to fun activities, see a few ways to make the most of your engagement season. No need to wait a few weeks or months to celebrate your engagement. If you’re planning a proposal (and are 100% sure your partner will accept), consider following up getting down on one knee with a surprise Rather than Who doesn’t love a good poolside bash? Guests can take a dip, soak up the sun and lounge by the water. A theme is always fun: opt for a tropical aesthetic, complete with crowd-pleasing margaritas and piña coladas. Keep things refreshing with boozy popsicles as a sweet treat, and don’t forget to have some baskets around stocked with sun essentials—think sunscreen, pool towels and sunglasses. The “I do” BBQ is a classic engagement party idea, and one that requires minimal party planning for the couple who prefers a laid-back yet tasteful affair. Ideal for the spring and summer seasons, it’s also easy to tailor to your surroundings, be it an indoor grill, communal rooftop or a full backyard setup. For cocktails, keep it simple with spiked lemonade pitchers and a well-stocked beer tub. Don’t forget the ice and the vegetarian options to balance out the burgers and hot dogs. Add a personal touch with a signature BBQ sauce, French fry bar or a make-your-own ice cream station. You can check out Pinterest for further inspiration. Halloween isn’t the only time of year you can dress up—and a costume party can also serve as the perfect front for a surprise engagement announcement if you’ve kept it under wraps. If going for full-on costumes isn’t your style, a subtle engagement party theme can be just as lively. Perhaps, a throwback to a Roaring Twenties speakeasy, complete with Champagne towers, a live jazz band and a list of Prohibition-inspired signature cocktails. If you feel like donning ’70s threads, a roller disco might be just the groovy ticket; or, for an air of mystery and opulence, a murder mystery masquerade. If you’re a pair of film buffs, host a movie night for your entourage. Transform your abode into a home cinema by renting a projector and popcorn machine. You could also make it a pyjama-themed party and encourage your guests to come in comfy PJs. Whether you opt for an indoor theatre or a snug, outdoor setup, the ambience is key. Enhance the cosy feel with plush blankets, a wide selection of beverages and, of course, movie theatre candy. Choose an all-time classic or romcom for the main feature, or showcase your own collection of cherished home videos and photos for that extra personal touch. It’s the perfect excuse to be cheesy, after all. A late-morning affair is a particularly chic idea for your engagement party, Whether in your own backyard or a local park, a picnic is a wholesome get-together for the low-maintenance couple. Craft a delectable cheese board, adorned with a selection of charcuterie, sandwiches and lemonade for beverages. Skip the live band; grab your speaker and set the mood with your specially curated Spotify playlist. To accommodate any dietary restrictions, encourage guests to contribute their favourite finger foods. You can even embrace a Parisian-themed picnic, with an array of fruits and jams, well-paired wines and madeleines. Or, transport your luncheon to the sun-kissed charm of Positano with a refreshing Caprese salad, Aperol spritzes and bougainvillaea centrepieces—and don’t forget the limoncello digestif. (However, A cocktail party proves that glamour need not strain your budget, favouring light bites over a full-course meal. Hire a mixologist to craft a signature cocktail inspired by the happy couple. The bartender could also offer a cocktail-making class, and guests can leave with a personal cocktail-making set as a party favour. Also, you can’t go wrong with a live band. For a close-knit group of friends, rent out a cabin or a couple of glamping tents for a weekend retreat. A grown-up take on summer camp, you can hike along scenic trails during the day, and when the sun sets, gather around the bonfire to swap nostalgic stories while roasting marshmallows and eating s’mores. For the newly engaged couple seeking an elevated experience, indulge in a wine-tasting escapade with picturesque views. (For beer drinkers, a brewery promises an equally enjoyable outing.) Depending on where you live, you can arrange for a tour bus or an organised winery trail for a day of vineyard hopping. And, should you prefer the comfort of your home, simply hire a sommelier for a private wine-tasting session. Just don’t forget the hors d’oeuvres and cheese. Hit the deck with your fiancé and your favourite crew for a boat engagement party. Planning this event is as easy as chartering a boat in a nearby marina for a fun celebration on the water. Be sure to make sure guests can enjoy sips and nibbles by bringing on catering or hiring an on-board staff to keep the cruise in high spirits. Whether you love an intimate concert or a night out dancing, hiring live musicians for your engagement party can absolutely step up your celebration. Take time to find the right artists that can set the tone of your event and have them fill your party venue with the perfect soundtrack for your festivities. Since a wedding is a joining of two families, why not get your two sides better acquainted by making your engagement party a family reunion? Bring everyone together, either at your own home or a fun destination, where you can make introductions and create closer bonds between your extended family members. Another perk of this style of event? Everyone will be a little friendlier by the time they hit the dance floor at your wedding or sit around the table at future holiday dinners. Want your guests to do more than just mix and mingle over food? Why not make your engagement party a special carnival night where they can play games, win prizes and enjoy nostalgic fair treats? To bring this idea to life, you could DIY game booths or even bring in large carnival rentals to transform an outdoor space into the perfect summer night celebration. Crashing waves, crackling fire and a sunset over the horizon are the perfect recipe for a great beachside engagement party. Either book a private event space at a beachside restaurant or get a permit to put together your own celebration that has a coastal flair. Get engaged in the winter? Take advantage of a snowy backdrop and host a cold-weather celebration inspired by an après-ski outing in the mountains. Hot cocktails, fondue and décor with cosy elements you would find at the base of the slopes can help bring this party theme to life. ","https://assets.vogue.in/photos/68418b64762d9a4762fe2b60/16:9/w_1280,c_limit/Amy%20Jackson%20Ed%20Westwick.jpg"
"Apr 01, 2026 @ 00:25:33.877",f5a20197b49d02425083392014eef0e1,https://www.vogue.in/sponsored/promotion/the-role-of-the-drape-in-contemporary-indian-fashion,The role of the drape in contemporary Indian fashion,Here’s a look at Ridhi Mehra’s journey as she sets out to reinvent the wheel with her contemporary take on saris,Vogue India,2025-06-05T11:34:59.300Z,"The evolution of Indian fashion has always been a careful dance between preserving heritage and embracing reinvention. At the heart of this balance is designer Ridhi Mehra who has carved out her own space in the world of Indian couture over the last decade—blending timeless silhouettes with a modern sensibility. While she’s known for her embroidery and elegance-driven design language, it’s her pre-draped saris that have, quite literally, reshaped the way a new generation approaches traditional dressing. Mehra’s relationship with the drape didn’t begin as a trend experiment—it started as a response. “We noticed a shift,” Ridhi reflects. “Modern Indian women were seeking the same grandeur, but with comfort, ease and individuality. That’s when the pre-draped sari moved from being a design idea to becoming our brand signature.” It all began with the As demand grew, she introduced the With each new drop, the pre-draped sari evolved. But it was the launch of the Come 2025, the signature drape took another turn. The For more information, click ","https://assets.vogue.in/photos/683ff067578df231acb48284/16:9/w_1280,c_limit/25-06-24%20Ridhi%20Mehra9159.jpg"
"Apr 01, 2026 @ 00:25:41.916",9a16fd3ab97d03eca2a5deb381e3dff7,https://www.vogue.in/gallery/this-couples-wedding-in-their-chandigarh-farmhouse-was-inspired-by-royalty,This couple's wedding in their Chandigarh farmhouse was inspired by royalty,Longtime sweethearts Gurmehak Brar and Ishaan Vijh tied the knot clad in Indian bridal designers like Falguni Shane Peacock and Manish Malhotra,Arzoo Dina,2025-06-01T16:26:33.160Z,,"https://assets.vogue.in/photos/68393f4f4ef8ebd557dac583/16:9/w_1280,c_limit/Vows%20And%20Tales-497.jpg"
"Apr 01, 2026 @ 00:25:49.943",71c2fa6d1117d5db7c9de209f5fc69a3,https://www.vogue.in/sponsored/promotion/a-conversation-between-bengals-artistry-and-gujarats-heritage,A conversation between Bengal’s artistry and Gujarat’s heritage,Naina Jain creates a balance of traditional craftsmanship and contemporary elegance with this collection of handcrafted Bandhani sarees,Vogue India,2025-05-27T05:07:16.760Z,"A lot of different elements take centre stage at Indian weddings—dramatic family members, buffets of delicious food, sangeet performances to popular Bollywood numbers, but, arguably, the bridal outfit steals the show. It’s more than just attire—it’s a canvas of tradition, identity, and artistry. As generations of women adorn themselves in six yards of heritage for their special day, Naina Jain’s collection for the Vogue Wedding Atelier brings together two of India’s rich textile traditions—Bandhani from Gujarat and embroidery from Bengal—in a range of saris designed for women who are both contemporary and in touch with their roots. Renowned for reviving and reimagining Indian textile traditions, Jain’s work celebrates Bandhani—a centuries-old tie-and-dye technique predominantly practiced in western India—with a modern sensibility. Each saree in the collection is meticulously handcrafted by skilled artisans, who tie thousands of minuscule knots into the fabric before dyeing it, resulting in intricate patterns steeped in culture. What truly sets this collection apart is its thoughtful amalgamation of Bandhani with Bengal’s celebrated embroidery techniques, executed by master embroiderers using zardozi, aari, and intricate French knot work. These embellishments exude a delicate opulence, weaving together the visual language of two culturally rich regions into a single, harmonious narrative. The Bengal-inspired embroidery infuses a soft grace into the bold, geometric and organic patterns of Bandhani, striking the perfect balance between structure and fluidity. Floral and animal motifs rendered in detailed embroidery lend an earthy charm to the vivid Bandhani base, transforming each sari into a unique piece of wearable art. The color palette—ranging from jewel-toned maroons and purples to soft pastels and earthy neutrals—further enhances this cross-cultural aesthetic, appealing to both traditional and modern sensibilities. Every sari is more than just a garment; it is an heirloom-in-the-making, symbolising countless hours of labour, intergenerational knowledge, and a deep reverence for India’s diverse textile traditions. Jain’s approach goes beyond fashion; her collection is a celebration of artisanship, sustainability, and regional collaboration. By interweaving Gujarat’s Bandhani, Varanasi’s luxurious weaves, and Bengal’s intricate embroidery, she pays homage not only to technique but also to the communities and stories behind each creation. Whether worn at weddings, festive occasions, or intimate gatherings, these saris resonate with women who cherish authenticity, artistry, and legacy. In an age of fleeting trends, Jain’s collection is a timeless ode to slow, mindful craftsmanship—honoring the past while embracing the elegance of the present. ","https://assets.vogue.in/photos/6833f9b78babbac5f00aed2c/16:9/w_1280,c_limit/NJ_18207%20Final.jpg"
"Apr 01, 2026 @ 00:25:57.968",7798a7e2a485bfaaa0103489c94ab790,https://www.vogue.in/content/5-brides-share-untold-stories-about-their-wedding-garments,5 brides share untold stories about their wedding garments,From hand-painted lehenga panels to the power of creation amidst violent destruction—wedding outfits carry more than just threads,Shradha Shahani ,2025-05-25T06:00:00.000Z,"Tanishaa Cunha's Cunha’s powder-white ensemble was painted in sunset hues. Over six months, the multidisciplinary artist and her designer friend, Simone Contractor Vakil of the clothing brand Simone Handcrafted, tested materials and paints. ""Simone provided 12 raw silk panels that became the blank canvas for the art. Throughout the wedding planning, even if I was on a Zoom call discussing details, I’d be painting my For most brides, wedding ensembles transcend mere fabric, sequins and The weaves and folds of Jasleena Singh’s lehenga hold the story of a treasured friendship that began from before she was born. “My family has known Taara’s [designer Taara Mehta] parents since before we were born. They planned each other’s baby showers. We’ve done life together,” the New York-based medical practitioner says. When Singh decided to tie the knot in February 2025, she wanted to say ‘I do’ in her best friend’s creation. Luckily for the bride, Mehta had envisioned the outfit a long time before she was asked to bring it to life. “We’ve done sweet sixteen parties and travelled together. When you know someone on such a deep level, you can just picture the moment,” Mehta recalls. That connection translated into a ruby-red silk lehenga with Other brides have also chosen to honour deep connections through their wedding ensembles. Fashion designer Nishka Lulla’s bridal look expressed her bond with her mother, Neeta. Crafted over three months, the rani-pink lehenga borrowed patches of embroidery from her designer mum’s own wedding outfit. Featuring pearl embroidery and encrusted with precious stones, it was Some brides did the right kind of girl math and invested in timeless ensembles that became prized possessions. Like gallerist Ranjana Steinruecke, who has reworn her over 30-year-old The ensemble featured a white silk lehenga, a vest and a fitted jacket fashioned with narrow pin tucks from top to bottom, paired with her own bandhani While for some it’s the timelessness of an outfit, for others, it’s the effort poured into bringing a vision to life that makes the wedding garment unforgettable. Like fashion brand consultant Deepika Gehani (pictured on the opening spread), who braved the 1993 Mumbai riots to oversee its creation. She had partnered with a karigar in Still, Gehani and her masterji didn’t waver. “We shut the windows and worked under dim lights so that nobody knew we were inside the workshop.” She completed her lehenga against all odds—a burnt-orange ensemble embellished with gold cut work, gold kashyap, zardozi and yellow ","https://assets.vogue.in/photos/682cb33ddbb76d0c013641ae/16:9/w_1280,c_limit/IMG_4574.jpg"
"Apr 01, 2026 @ 00:26:05.997",c89c48adf94b6efab467b4e990b4487c,https://www.vogue.in/gallery/under-the-californian-sun-this-couple-tied-the-knot-twice-to-honour-their-diverse-cultures,"Under the Californian sun, this couple tied the knot twice to honour their diverse cultures","Over a weekend in Napa, Ritika Iyer and Nate Zanger got hitched—first in a Hindu ceremony and later in a Western one",Kriti Saraswat-Satpathy,2025-05-18T18:42:02.671Z,,"https://assets.vogue.in/photos/6826f05b0509f2f40d777600/16:9/w_1280,c_limit/A7409137.jpg"
"Apr 01, 2026 @ 00:26:14.021",35912721f03aa59f9dc876bcbf000ab1,https://www.vogue.in/content/how-to-propose-like-a-pro-nail-these-dos-and-avoid-these-donts,How to propose like a pro: Nail these dos and avoid these don’ts,"Planning to pop the big question? From meaningful locations to post-proposal plans, here are our dos and don’ts for how to propose","Boutayna Chokrane,Shelby Wax",2025-05-09T14:50:12.020Z,"Getting ready to pop the big question, but feeling a bit lost about how to propose? You may have the engagement ring, already tailored to your partner’s ring size and the possibilities for the perfect proposal story swirling in your head. Perhaps you have a few marriage proposal ideas already. A rose-petaled scavenger hunt through your Resist the urge to follow fleeting engagement fads; your wedding proposal deserves to be as one-of-a-kind as your First and foremost, have all the essential conversations about your future with your partner. You want to make sure that marriage is something they are not only open to, but are determined to do. If family is important to your significant other, consider talking to their loved ones to ask permission before getting down on one knee. Surprise proposals are becoming less common, with couples often spending several years together before marriage. According to Put simply, your partner shouldn’t be caught completely off guard by your proposal timing, but the execution is open to personal touches and surprises. In our era of Plan what you want to say beyond the standard, “Will you marry me?” However, it’s best to plan out in bullet points rather than a typed up monologue. You don’t want to sound too robotic or be profusely sweating because you Location matters as well. Choose a spot that holds sentimental value, like you had your first date or where you met during freshman orientation week seven years ago. Speaking of location, it's best to opt for a low-key proposal. Some may love the public display, but emotions can run high and, in general, nobody wants to be proposed to amidst a crowd of tourists, traffic or Mumbai construction—especially if your love is on the timid side. No flash mobs. No busy restaurants. And, absolutely no jumbotrons. (Unless that’s something your partner will love and you’re 100% sure they’ll say yes.) Considering whether to get a photographer document your proposal? Think ahead to ten years from now, when you’ll want to revisit the moment. Or, perhaps the next day when you want to make an engagement announcement on social media. It’s never a bad idea think about hiring a proposal photographer or videographer, or ask a trusted best friend to document the big moment. If this feels impossible to do without spoiling the intimacy, incorporate mementos (like the letter) into the romantic proposal that you can keep or take pictures of afterward. It doesn’t have to be a full-blown photo shoot either. Just capturing the moment can be something that you and the love of your life can cherish forever. Getting down on one knee to propose is a tradition passed down from the medieval era, when knights would do so as a sign of chivalry. Today, the practice continues as a gesture of devotion and reverence to your partner when asking for their hand in marriage. Of course, getting down on one knee is absolutely optional. Just be sure to know for sure if you want to follow the tradition before your proposal takes place. Choose to do it at the last minute and might end up wavering in an awkward semi-lunge. Even if you only practise one time, saying the words you’re planning for your proposal will help you prepare and calm some of those nerves. Rehearse in front of a mirror, to a close friend, or to your pet. You’ll be able to sense how your script flows and what feels most natural to you. Also, remember to practise your physicality—like kneeling or grabbing their left hand to put on the ring. Of course, it doesn’t have to be perfect. Flubbing some words when getting emotional during the real thing will likely be endearing to your partner, rather than a reason for them to say no. If you want to keep an element of surprise for your proposal, it’s best to keep the engagement ring well hidden. That said, you don’t want to lose it either. A loose ring falling through a hole in your pocket onto a sandy beach is the worst-case scenario. Instead, find a secure place where you can stow the ring—preferably in its box—and make sure it’s well concealed. Remember that this is for you, too. Don’t let the stress overwhelm the joy of the occasion—remember, some nerves are good! As the proposer, you have the power to plan something that makes both of you happy. If you’re contemplating a more elaborate or destination proposal, consider hiring a proposal planner to assist with the grandeur of the event. While definitely a splurge, it’s an investment in your well-being if you’re not much of a planner and potentially the rest of your lives. After popping the question, have something special set up to celebrate afterward. You can pop a bottle of champagne, make a reservation at their favourite restaurant, or even set up a small engagement party with friends and family. You’ll absolutely want to savour in the rush after they say ‘yes’ and continue to enjoy in that moment. When your engagement day arrives, the most important thing on your task list to remember is the ring. Even if a few things in your plans fall through, as long as you have this piece of jewellery and your partner present, you can ask that special question. Still need a ring? We have a ","https://assets.vogue.in/photos/681e13870e915b3e542b195b/16:9/w_1280,c_limit/Kiara%20Sidharth.jpg"
"Apr 01, 2026 @ 00:26:22.045",d2e5b8818442ed6f8f0d3d848000238a,https://www.vogue.in/promotion/lights-camera-say-i-do-embracing-the-spirit-of-la-dolce-vita,"Lights, Camera, Say ‘I do’: Embracing the spirit of La Dolce Vita","A romantic NYC rooftop proposal, a dreamy Canary Island wedding and a vibrant week-long reverie—Shlok Garg and Revathi Gudi’s love story reads like the most enchanting screenplay—one stitched together by destiny, tradition, and a touch of magic",Shubhangi Jindal ,2025-05-08T06:33:51.666Z,"Just like any storyteller’s classic true love trope, it was the red string of fate (a theory that connects two individuals who are destined to meet by an invisible red thread) that poetically brought Shlok Garg and Revathi Gudi together. They were the epitome of high school sweethearts. Always in the same space and within each other’s peripheral vision—stealing glances and making do with momentary nods in the high-tension passageways of school. What started as two teens making time for each other between cheerleading and basketball practices, all while planning dates in their hometown of Edison, New Jersey, transformed into something worthwhile in the most unpredictable way. But when life pulled them apart after graduation, love faced its greatest test. Through heartbreak, distance, and life’s many twists, Shlok and Revathi’s connection endured, waiting for the perfect moment to crescendo. They always knew their love story was special—fast forward a few more years, their journey came full circle with a dreamy proposal on a glittering rooftop in New York City, with Manhattan’s skyline unfurling around them and their beloved pet, Mochi, at their feet. The cityscape, the romance, and the candid artistry captured by P.Taufiq Photography turned this private moment into a cinematic prelude for what was to come: a grand wedding celebration, solidified in real, candid frames. The culmination of their love story unfolded in the picturesque landscapes of Tenerife, Canary Islands, Spain. Amidst the sun-kissed cliffs, lush gardens and the gentle ocean breeze, The Ritz-Carlton, Abama’s Moorish-inspired architecture and unassuming facade made for the ideal canvas for the big day. With the vision of Aria Events weaving every detail and Luxx Escapes curating an impeccable guest experience, Shlok and Revathi's dream destination wedding unfolded like a vibrant tapestry blending South Indian rituals, Punjabi exuberance, and Spanish flair. One breathtaking island, two hundred enthusiastic guests, and a weekend-long reverie were all that was needed to make the celebration perfect. Mochi, of course, made it across the Atlantic Ocean from New Jersey to Spain for the big day, fully embracing each event in coordinating custom outfits made to match the couple. The celebrations kicked off with a vibrant henna ceremony, bathed in rich hues of green. The warm, intimate evening was filled with rhythmic beats of dholki and live folk tunes that made the night crackle with anticipation. The following day welcomed a rustic, Spanish-inspired welcome lunch that set the stage for the wedding weekend and transported guests straight into the heart of Iberian culture. With sun-drenched terraces, vibrant blooms, and culinary delights that paid homage to the island’s heritage, it was a sensorial feast that set the perfect tone for the celebrations to come. Later that evening, the Sangeet unfolded in a whirl of glamour. The venue transformed into a glittering dreamscape of mirrors, crystals, and soaring florals. Spanish flamenco dancers and guitarists from Azúcar intertwined their artistry with high-energy LED performances, while Kunal Lamba curated a dazzling entertainment experience. Platinum Roadshow’s DJ Raj Minocha, kept the dance floor alive into the early hours, weaving a soundscape as electric as the night itself. The second day of festivities began with a haldi ceremony—a fun-filled affair that saw a beautiful setup of vibrant marigold blooms set against the golden hour and the serene waterfront, with every joy-drenched moment documented exquisitely by P.Taufiq Photography. As the wedding day unfolded, the Atlantic Ocean bore witness to a scene straight out of a dream—soft pastel florals framing the sun-kissed altar, violinists serenading the sea breeze with classic Indian melodies, and the horizon igniting as fireworks crowned Shlok and Revathi's vows. At that moment, their love was infinite. For the reception, the couple turned the clock back to the roaring twenties. A Great Gatsby-themed soirée, complete with burlesque singers, flapper dancers, and jazz artists, transported guests into a decadent era of glamour and abandon. The night spilt into an afterparty that spun through the decades into a glittering disco, with each beat and smile captured forever in frames that P.Taufiq Photography so intuitively immortalised. Such is the power of great pictures—they are the ultimate keepsakes for posterity. Reminding us, every once in a while, that maybe everything does happen for a reason. ","https://assets.vogue.in/photos/6808c860cb17b4f339d59a42/16:9/w_1280,c_limit/NT5_0490.jpg"
"Apr 01, 2026 @ 00:26:30.074",b095ede9eee69ede71998656d8d6f582,https://www.vogue.in/gallery/this-couple-prioritised-an-intimate-wedding-in-their-chandigarh-home-over-a-lavish-celebration,This couple prioritised an intimate wedding in their Chandigarh home over a lavish celebration,"In the presence of a limited guest list of 150 people, Tripti Singh and Rohan Kothari's nuptials were ministered by a pathi (priest) who taught Singh how to read the holy Guru Ganth Sahib as a child",Kriti Saraswat-Satpathy,2025-05-04T06:00:00.000Z,,"https://assets.vogue.in/photos/68144f736393eab49fe30830/16:9/w_1280,c_limit/Image%2059.jpg"
"Apr 01, 2026 @ 00:26:38.096",d5b47887a7bcfc13087400d778f4fc1b,https://www.vogue.in/promotion/the-game-of-love-a-one-of-its-kind-digital-wedding,The game of love: A one-of-its-kind digital wedding,"BGMI celebrated connection, gaming and music with its first in-game wedding for a couple that met and fell in love on the platform",Vaidehi Joshi ,2025-04-22T07:24:05.230Z,"In a wholly unique intersection of digital camaraderie and real-world commitment, Battlegrounds Mobile India (BGMI) hosted its first ever in-game wedding—celebrating the union of a couple who first met through the game. What started as an accidental squad addition evolved into a partnership, both in-game and off-screen. Tanupreet considered himself a professional gamer, and he was in no mood to play with a rookie. When a mutual friend added Jaspreet to a game, she was exactly that, still finding her bearings in the game. The story started off with a cliche, the classic enemies to lovers trope playing out. Tanupreet wasn’t particularly thrilled to have to play with Jaspreet. This changed over time and love blossomed. Their squad sessions turned into duo games, where shared tactics and quirks laid the foundation for something deeper. From Jaspreet’s playful map explorations to Tanupreet’s protecting her in the game, their connection blossomed—what began with a parachute drop in Pochinki, a place in the game, culminated in a love story. Blending tradition with technology, BGMI decided to recreate an Indian wedding for this unique couple inside the game, synchronised with their real-world ceremony. The digital festivities mirrored conventional celebrations, including a virtual One of the most important aspects of an Indian wedding are the ensembles. To reflect the ceremonial significance, the bride and groom’s virtual avatars were dressed in custom outfits co-designed by fashion designer Ritu Beri. The garments combined traditional Indian silhouettes with visual cues inspired by BGMI skins, offering a modern yet culturally grounded visual identity for the couple’s in-game avatars. This initiative was part of BGMI’s effort to highlight the real human stories emerging from its digital battlegrounds. “BGMI has been the starting point of so many beautiful relationships. In order to win a match in-game, you have to work together in heightened emotions, so you end up building bonds for a lifetime. Apart from friendships, we've also noticed some lucky couples who met on BGMI and found their life partners. And what better way to celebrate one such lifetime moment than to throw a wedding right inside the game! It's been great fun to see the camaraderie with which our fanbase participated in the grand celebration”, noted Srinjoy Das, associate director of marketing, Krafton India. While BGMI remains known for strategy and survival, stories like this bring into focus a quieter narrative: that the game, for many, is also a space to build relationships, share laughter, and in some cases, find love. ","https://assets.vogue.in/photos/67ff9c1045a9e12e626d049b/16:9/w_1280,c_limit/C0310T01%20(1).png"
"Apr 01, 2026 @ 00:26:46.123",44113a3dab5c14917a37963204f26f3d,https://www.vogue.in/gallery/filmmaker-karishma-kohli-and-actor-mikhail-yawalkar-traded-wedding-rituals-for-a-full-blown-party-at-an-ice-factory,Filmmaker Karishma Kohli and actor Mikhail Yawalkar traded wedding rituals for a full-blown party at an ice factory,"Kohli married Punjabi-Maharashtrian actor, Mikhail Yawalkar, but the couple ditched their own cultural traditions for a ceremony that felt meaningful and age-appropriate",Noor Mayal Khanna,2025-04-20T05:30:00.000Z,,"https://assets.vogue.in/photos/67fcdc5c67496e3e4f8bf1f1/16:9/w_1280,c_limit/AYUS9943.jpg"
"Apr 01, 2026 @ 00:26:54.149",9ee697bcca81e9eb7d9d968b277f24e7,https://www.vogue.in/gallery/this-california-bride-repurposed-her-mothers-sangeet-outfit-for-her-jaipur-wedding,This California bride repurposed her mother’s sangeet outfit for her Jaipur wedding,"Saaheba Bedi, who tied the knot with her childhood sweetheart Nausher Walia in Jaipur, wore her mum’s attire for her jaimala ceremony after giving it a makeover",Kriti Saraswat-Satpathy,2025-04-13T06:00:00.000Z,,"https://assets.vogue.in/photos/67f8c1074002517af7ce0e52/16:9/w_1280,c_limit/SaheebaXNausher-112.jpg"
"Apr 01, 2026 @ 00:27:02.170",3f8f290278471d0166daf5f0be92381a,https://www.vogue.in/promotion/the-revolution-of-the-bridal-trousseau-a-new-era-of-the-heirloom,The revolution of the bridal trousseau: A new era of the heirloom,"Pernia’s Pop-Up Shop and Mohar Fine Jewellery are reimagining heirloom masterpieces with heritage-inspired designs, ensuring that these treasures stand the test of time",Vogue India,2025-04-11T07:55:50.731Z,"Wedding trends have evolved and so have bridal trousseaux. Traditional diamonds have given way to tanzanites and vibrant gemstones, while modular, flexible designs have replaced conventionally crafted jewellery. Today’s brides curate trousseaux that strike the perfect balance between heritage and individuality, ensuring that each piece is imbued with sentiment and personal significance. With a commitment to fine craftsmanship, meticulous attention to detail, and responsibly sourced gemstones from companies that emphasise sustainable mining like Gemfields— Investing in pieces that honour India’s rich artisanal heritage while embracing a contemporary aesthetic, ensures longevity and functionality. For instance, Mohar’s Polki and Jadau collections marry tradition with innovation. Their incorporation of round diamonds, open-setting Polkis, and cutting-edge design techniques ensures these age-old crafts remain timeless yet relevant. “Our Polki collections feature stunning combinations of colour stones and full-cut diamonds, lending a subtle Western flair. This creates a unique Indo-Western aesthetic that transcends traditional Indian boundaries,"" adds Priyanka Jain, co-founder of Mohar Fine Jewellery. Given the significance of wedding budgets, curating a trousseau wisely is essential. ""A well-curated trousseau might include timeless solitaires, coloured stones or Polki pieces, statement-making oversized hoops, studs, stackable eternity bands, chains, and cuffs,"" suggests Nakul. ","https://assets.vogue.in/photos/67f7ae61e8103c0bc39ccce3/16:9/w_1280,c_limit/MOHORMODEL2286%20(1).jpg"
"Apr 01, 2026 @ 00:27:10.193",cab643a44a283a1fd87986f0437c53f9,https://www.vogue.in/content/bridal-couture-opulent-high-jewellery-and-more-heres-everything-you-need-to-know-about-the-vogue-wedding-atelier-2025,"Bridal couture, opulent high jewellery and more—here's everything you need to know about the Vogue Wedding Atelier","Some of the biggest names in bridal couture—and an international legend—come together at this 3-day landmark event in New Delhi, India",Sonakshi Sharma,2025-04-07T06:32:39.726Z,"The spectacle that is the grand Indian wedding dominated global headlines last year, fuelled by Anant Ambani and Radhika Merchant's marathon nuptials that had our collective social media feeds in a chokehold. And while the scale of the typical wedding can span the gamut, from an intimate ceremony on a white sandy beach to a mammoth production at a five-star venue, what doesn't change is the attention to detail and cultural personalisation that goes into every element of the big day. Honouring this rich legacy, the Vogue Wedding Atelier presented by HSBC makes its debut in India this August, an invite-only experience bringing together the country's leading bridal couture designers and high jewellery brands, along with experts and bespoke luxury services all under one roof. Slated to take place from 8–10 August, the showcase will be held at the historic Taj Palace in New Delhi. Indian couturier Fresh from his emotional and deeply personal The beloved designer duo synonymous with reviving and contemporising embroidery techniques, Abu Jani Sandeep Khosla will also mark their presence at the Vogue Wedding Atelier. Invitees can expect one-of-a-kind couture experiments that dig deep into India's textile heritage, but find new expressions for the modern bride. Following up his epic 25th anniversary show in Mumbai, which had Christy Turlington make her Indian runway debut, Sabyasachi Mukherjee will be joining the festivities. He will be presenting a special edit of high jewellery, a creative venture that the cerebral couturier is particularly passionate about. A historic milestone that marks this landmark showcase is Elie Saab's presence. Being the sole international RTW brand, Elie Saab will bring their signature elegance and timeless designs to Indian brides. The Lebanese haute couture maison, now in its 46th year, is a bridal and celebrity favourite, its signature ballgowns and floral appliqué capes finding favour with red carpet regulars from Jennifer Lopez and Beyoncé to Sunita Shekhawat, the meenakari maestro of India, will be showcasing her timeless masterpieces, but as Shekhawat herself says, “As much as I enjoy crafting jewellery, it’s a joy to meet people who understand luxury craftsmanship and Indian aesthetics. This year is special, as we are marking a calendar year with our museum.” Joining her on the slate is Ahmedabad-based couture label, Shyamal & Bhumika. “We are very excited to be a part of the Vogue Wedding Atelier this year, this platform beautifully brings together the finest in wedding design and style, and we’re thrilled to engage with brides and grooms who appreciate timeless craftsmanship, opulence and bespoke artistry.” For the discerning bride, the Vogue Wedding Atelier presented by HSBC will also showcase special collections from designers like Ritika Mirchandani, Aisha Rao and more, along with the best in high jewellery from legacy brands like Hazoorilal Legacy, Khanna Jewellers, Rare Heritage, Mehta & Sons X Anjali Bhimrajka Fine Jewels and Rivaah by Tanishq to name a few. A sari pavilion, specially curated to celebrate the country's incredible culture of handcrafted textiles from different regions, will feature labels like Dareeab by Sonia K Mahajan, Kanakavalli, Naina Jain and Patola by Nirmal Salvi. Past the diamonds and couture, brides can find space for beauty and skincare with Ajmal, Nexxus New York, Jo Malone London and YSL Beauty. ","https://assets.vogue.in/photos/67efdc20306ccc681eaefd45/16:9/w_1280,c_limit/Vogue%20Wedding%20Atelier,%20Announcement.jpg"
"Apr 01, 2026 @ 00:27:18.240",433d6d62d9640b1dd28e3cc220a8aff4,https://www.vogue.in/gallery/across-four-cities-and-three-days-this-couple-planned-a-wedding-along-portugals-rugged-coastline,"Across four cities and three days, this couple planned a wedding along Portugal’s rugged coastline","“We wanted to try and create a diverse set of experiences that would cover Portugal’s colourful architecture and dramatic terrain,” said Trisha Vijay and Raj Thakker",Arzoo Dina,2025-04-06T06:00:00.000Z,,"https://assets.vogue.in/photos/67efa1ee7413a13b4751f1a3/16:9/w_1280,c_limit/AYUS2977%20(1).jpg"
"Apr 01, 2026 @ 00:27:26.270",7c77a6530175464b22876a4f270c7c79,https://www.vogue.in/content/how-to-ace-maid-of-honour-duties-both-before-and-during-the-wedding,How to ace your maid of honour duties—both before and during the wedding,"Yes, the role comes with some pressure but being asked to be a maid of honour is a sign that you are the bride’s number-one person",Shelby Wax,2025-04-05T04:30:00.000Z,"As the leader of the bridal party, there’s no denying that maid of honour duties are an important responsibility. If asked to take on the position, this best friend or close relative of the bride will be in charge of keeping the Yes, the role comes with some pressure—but being asked to be a maid (or man, or person) of honour is an incredible gesture and sign that you are the number-one person that your While the maid of honour’s level of involvement can vary based on how much the The maid of honour is a role designated by the bride as the leader of the bridal party. If the maid of honour is married, you could call them a “matron of honour” instead. Most often, the So what responsibilities fall into the maid of honour’s to-do list before the wedding even takes place? Ahead we break down the key parts of a MOH’s role ahead of the wedding. The most important role of a maid of honour is to be a right hand to the bride. Wedding planning is an exciting time, but it also can occasionally feel like a full-time job. It’s also a period where a couple could be having important The maid of honour is pretty much the camp counsellor of the bridal party. As the leader of the pack, you will ensure everyone is well informed of any and all plans. You will craft group emails and text messages, create itineraries for the bachelorette and wedding day, and answer the necessary questions that the bride doesn’t have to be burdened with. It’s a good idea to collect all wedding party member’s contact info from the bride as soon as you say “yes” to the job so you can get on top of coordination. Be warned that your role as lead communicator might have to come down to working out any conflicts within the group as well. The bachelorette party is likely the biggest undertaking a maid of honour will take. If the bride decides to do a destination trip, you will likely be charged with securing a hotel or Airbnb, organising activities, making reservations, creating a budget and getting payments from the attendees. Throughout the event, you should play check-in frequently to make sure the plans are running smoothly and the bride is having a great time. While you might be the leader of the event, it’s totally fine (and encouraged for your own wellbeing) to delegate and collaborate with other bridal party members to bring plans to life. Traditionally, the maid of honour would also take charge of planning the bridal shower. Today, that isn’t necessarily the case. While a MOH can still host the bridal shower, a close family member or multiple people in the bridal party may offer to plan the event, too. This party is all about “showering” a bride with gifts while surrounded by close friends and female family members. If you are hosting, it’s important to find a great venue, send invitations, supply food and drinks, curate decorations and organise fun activities for the guests. You also should help lead the gift-giving part of the event and keep the list of presents organised so the bride can easily write thank-you notes later. Once the bride decides their vision for the wedding party attire, the maid of honour should help to make sure the bridal party all gets appropriate looks. Many wedding parties don’t all wear the exact same dress anymore, so it’s a good idea to work with the bride to send an email with all the details of outfit guidelines, providing timelines needed for orders or approvals, and follow up to ensure everyone has their ensembles ready in time for the big day. Once the wedding day arrives, a maid of honour will need to kick into high gear to take on these important tasks. There are lots of moving parts on a wedding day, from getting hair and makeup done to taking photos to walking down the aisle. A maid of honour should be there to help corral the bridal party to make it to every event in a timely manner. The morning of a wedding can be a fun and meaningful time for the bridal party as they all get ready for the big day. The maid of honour should make sure this space is well prepared with food, water, and maybe a little champagne for everyone to enjoy as they get glammed up and prepare for the long day ahead. The bride should have a relaxing wedding day—and not be the person fielding questions from a wedding planner or confused guests. The maid of honour will help with those last coordinating details and relay any necessary information to the wedding party. It’s a good idea to get contact info of the wedding planners or venue coordinators before the day of so you can be in communication at all times. It’s perfectly normal for a bride who’s distracted by all the moving parts to forget about eating enough during the day or get some jitters. A maid of honour should be on top of ensuring the bride always has food and water available, as well as being a shoulder for them to lean on if they need to talk through any nerves. During the ceremony, a bride will traditionally hand off the bouquet to the maid of honour for important moments like vows and exchanging rings. In addition to the floral arrangement, a maid of honour may be asked to hold onto items for the bride like lipstick, a cell phone, or a speech. It’s a good idea to keep a clutch with you or choose an outfit with pockets for this purpose. You might also need to join the bride in the bathroom if their large lehenga needs to be strategically held when they’re relieving themselves. At the reception, you might also be needed to take the gift envelopes received by the couple to a place for safekeeping. Traditionally, the maid of honour is one of the few guests who give a speech at the wedding reception. It’s best to make this speech sweet, sentimental, and a bit funny, if that’s your forté. Make sure to pre-write your speech and practise if you can so you don’t let nerves take hold. Also, be sure to keep it on the shorter side so everyone can have plenty of time later on the dance floor. While you absolutely can enjoy the specialty cocktails and get down on the dance floor, it’s best for the maid of honour not to go overboard. Feel free to keep your energy up and have fun alongside the bride all night, but remember that you should still be a helpful presence rather than someone who needs help. If there’s a day-after party, you will want to be in good shape to help the bride with any last needs. ","https://assets.vogue.in/photos/67ef942304a54ff8eb3dc613/16:9/w_1280,c_limit/477916883_1189279165895700_659274234404593083_n.jpg"
"Apr 01, 2026 @ 00:27:34.295",d8bbe86b238449abdd50e4b90fb68f75,https://www.vogue.in/gallery/this-couples-uttarakhand-wedding-featured-kumaoni-customs-and-sustainable-decor,This couple’s Uttarakhand wedding featured their ancestral Kumaoni customs and sustainable decor,"From arranging folk dance performances to sourcing ensembles from Lucknow and Banaras, Tanishq Tripathi and Swati Tewari's nuptials were grounded to say the least",Arzoo Dina,2025-03-24T13:34:37.729Z,,"https://assets.vogue.in/photos/67e15a60fcaa5deacb43fe2a/16:9/w_1280,c_limit/TS_WEDDING_275.JPG"
"Apr 01, 2026 @ 00:27:42.319",bba63a478c8bfdd846b4661ad3386e93,https://www.vogue.in/promotion/this-bengaluru-couples-wedding-was-an-elegant-celebration-of-heritage-music-and-modern-love,"This Bengaluru couple’s wedding was an elegant celebration of heritage, music and modern love",Pooja and Tharun’s city wedding at Conrad Bengaluru blended personal touches with immersive experiences,Arzoo Dina,2025-03-29T12:44:23.873Z,"When Pooja Nagesh met Tharun Khanduri for the first time at a local patisserie in Bengaluru, neither expected their lives to change so quickly. “It was meant to be an arranged match. All it took was a few hours of conversation to realise just how meaningful our connection was,” Pooja shares. “It felt easy. Familiar. Safe. And incredibly exciting.” Just a few days later, the couple were engaged. “It sounds crazy,” she laughs, “but it just felt right.” Their connection deepened through the shared joys and challenges of planning a wedding. “Over the course of those few months, we laughed, listened to each other, and pushed each other to be better. There’s always been this deep sense of partnership,” Pooja adds. The couple’s decision to host their celebration at Conrad Bengaluru came naturally. “It’s a space we’ve always trusted—not just for its location and elegance, but because the team there truly understands how to make guests feel special,” says Tharun. From day one, Hilton’s expert Wedding Ambassador and events team were on hand to help translate their vision into an extraordinary celebration. While the pre-wedding rituals, including the Despite the grandeur, it was the quiet, unexpected moments that stood out. “During the Throughout the celebration, Hilton’s team worked seamlessly behind the scenes—coordinating guest experiences, refining details and ensuring the couple could be fully present. From customising the ceremony layout and décor to designing the invitations and curating a personalised menu, no detail was too small. “Our Wedding Ambassador made all the difference,” says Tharun. “They were our constant, helping us manage the unexpected, calming our nerves, and focusing on what truly mattered.” The hotel’s culinary team also helped craft a menu that reflected some of the couple’s favourite flavours and dishes. The finale came with a slice of sweetness—quite literally. The couple cut into a four-tier wedding cake, created to match the colours and design of the celebration. “It was the perfect end to the perfect day,” says Pooja. As they stepped into a new chapter, Pooja and Tharun carried with them the joy of a wedding that was deeply personal, thoughtfully curated, and unmistakably theirs—crafted with heart and heritage. ","https://assets.vogue.in/photos/67cec789aa6c60a180e85d58/16:9/w_1280,c_limit/DSC05850.JPG"
"Apr 01, 2026 @ 00:27:50.344",7678bf196b62b51307f42987e2f097fe,https://www.vogue.in/promotion/this-toronto-based-couple-celebrated-their-multicultural-wedding-in-vibrant-goa,This Toronto-based couple celebrated their multicultural wedding in vibrant Goa,"Nick and Priya’s sunset nuptials were a nod to their fun, outgoing personalities, paired with a dose of surreal views at Hilton Goa",Arzoo Dina,2025-03-31T04:38:36.061Z,"Some love stories unfold quietly, but with an ease that makes them feel destined. For Nick Alexander and Priya Bandodkar, that moment began during a college meet-and-greet in Canada, when Priya first noticed Nick flailing enthusiastically through a virtual reality demo. “He later told me he’d planned the whole thing—to make an impression on the new students,” she laughs. That playful energy never left their relationship. Over the years, the two grew closer, finding comfort and companionship in one another. “We spent a lot of time together during the lockdowns, and the day we brought our dog Toby home was the moment we both felt like a real family,” Priya recalls. Their journey took a romantic turn in Venice when Nick proposed on a gondola under the famous Bridge of Lovers. “The legend says a kiss beneath it ensures eternal love—he timed it perfectly.” When it came to planning their wedding, there was never a doubt it would take place in India. “We wanted Nick’s family to truly experience the culture I grew up with,” says Priya. “But more than that, it was about creating a space where two very different families could meet, bond, and make memories together.” After scouting a few venues, the couple found exactly what they were looking for at Hilton Goa Resort, nestled above the Nerul River. “It just felt different. The views from the highest terrace took our breath away. We looked at each other and instantly knew—we’re getting married here, at sunset,” she says. The resort’s peaceful surroundings, sweeping terraces, and proximity to Candolim and Panjim meant their guests could enjoy a full Goan experience, from celebration to sightseeing. Their wedding weekend unfolded with a joyful The reception brought a dose of modern glamour, as the couple and their guests celebrated late into the night, soaking up every last moment. Beyond the beautiful rituals, the couple made a conscious effort to include sustainable and local touches that reflected their values. “At the Planning a wedding from across the world can be a challenge—but the Hilton team made it feel seamless. “We visited once before finalising the venue, but after that, everything happened remotely,” she explains. “The hotel team, and especially our Hilton Wedding Ambassador, made sure we felt supported at every stage. It was like having someone on the ground who genuinely understood what we wanted and made it happen.” In the end, their wedding wasn’t just a celebration of their love—but of cultures coming together, families finding common ground, and memories being made in a place that now holds a very special spot in their hearts. ","https://assets.vogue.in/photos/67dbaced8d25d1c8c8186428/16:9/w_1280,c_limit/PriyaNick_TBB-2094%20features.JPG"
"Apr 01, 2026 @ 00:27:58.368",01999eb78aafab1b4e51f2f010592891,https://www.vogue.in/promotion/inside-a-jaipur-couples-grand-wedding-in-rajasthans-aravalli-hills,Inside a Jaipur couple’s grand wedding in Rajasthan’s Aravalli Hills,Arpit and Khushboo’s wedding ceremony at DoubleTree by Hilton Jaipur Amer blended their love story with immersive experiences for guests,Arzoo Dina,2025-03-24T12:34:00.317Z,"For Arpit Parwal and Khushboo Choraria, love first sparked in the corridors of their high school in Jaipur. What started as a teenage friendship turned into a lifelong bond, one that endured distance, time zones, and countless video calls. “On Valentine’s Day in 10th grade, Khushboo got down on one knee in the middle of the school grounds and asked me to be her Valentine,” Arpit recalls. “That moment set the course for everything that followed.” Even as life (and their careers) initially took them to different cities, Arpit works as a software engineer in Seattle, USA, while Khushboo has now launched her own custom gifting and jewellery brand, their connection remained unbreakable. “Despite the miles, we always found our way back to each other,” they share. So, when it came to their wedding, they knew it had to be a celebration of their story—a blend of grand gestures and intimate, thoughtful details. For the Jaipur natives, a local wedding venue that still felt like a destination was key. “We wanted something scenic, luxurious, and easily accessible for our guests,” Khushboo explains. DoubleTree by Hilton Jaipur Amer, nestled against the Aravalli Hills, offered the perfect mix of breathtaking views and seamless hospitality. “Beyond the stunning location, it was Hilton’s expertise in hosting large-scale weddings that sealed the deal,” Arpit shares. The hotel’s Wedding Ambassador worked closely with us from day one, helping us craft a stress-free experience that allowed us to focus on enjoying our celebrations. For Arpit and Khushboo, their wedding wasn’t just about them—it was about making their family and friends feel truly special and welcomed. Thoughtful gestures were incorporated right from the time guests arrived, until their departure. For instance, welcome hampers were stocked with the couple’s favourite snacks with personal notes explaining why each item was chosen. A custom radio show played in cars that ferried guests from the airport, sharing stories about the couple’s journey, while room keys were handed in the form of a ‘Book of Love’, that doubled as a keepsake, complete with the wedding itinerary and tiny, personalised elements. Another feature that was a hit with guests was a live wedding magazine updated via their Instagram handle, that ensured guests felt part of the journey, weeks before the celebrations began. “Hilton’s Wedding Ambassador made sure every touchpoint was executed perfectly,” Khushboo shares. “From coordinating the guest arrivals to handling last-minute changes, they were our support system.” Each event was themed around a chapter of their love story. So, the welcome party was themed as an ‘Around the World’ carnival—a nod to their shared love for travel, featuring favourite dishes from places they visited together. The after-party was inspired by an airport lounge, thanks to the years of long-distance travel that the couple undertook, along with personalised boarding pass invitations. Menus were tailored for each event, from an authentic Rajasthani feast at the bhaat ceremony to a global gourmet spread reflecting their travels. ""We worked closely with Hilton’s F&B team to ensure every dish felt intentional,"" Arpit adds. One of the most emotional moments came during the sangeet, as the couple exchanged rings while over 40 of their closest friends cheered them on. “Seeing that love and support from our people, it was overwhelming in the best way,” Arpit recalls. As the wedding celebrations unfolded under the Jaipur night sky, guests were treated to a spectacular sufi performance, fireworks, and an evening of dance and revelry. “Thanks to Hilton’s Wedding Ambassador and the team, we were able to fully immerse ourselves in the joy of our wedding, without worrying about a thing.” For the couple, their wedding was a celebration of their story, their journey, and the people who made it special. ""As the sky turned an inky blue and we toasted to our new life together, we knew one thing for sure—this was exactly how we had imagined it,"" they share. ","https://assets.vogue.in/photos/67d12f398ba6175521ca3001/16:9/w_1280,c_limit/IMG_1060.JPG"
"Apr 01, 2026 @ 00:28:06.391",0944b5e85e09c17ee6c4310d2e5eba67,https://www.vogue.in/promotion/a-confluence-of-innovation-and-creativity,A confluence of innovation and creativity,"From selecting the ideal location to managing all other aspects of a wedding, Shloka Events is helping couples and families alike to navigate the logistics of wedding planning",Shannika Ramos,2025-03-21T05:23:59.827Z,"Weddings in India are more than just a union of two individuals—they are a vibrant celebration of culture, tradition, and families coming together. From choosing the perfect venue, orchestrating intricate ceremonies and ensuring guests are taken care of, wedding planning is both an art and a science which will have one juggling the tasks of ten people. With wedding planning becoming one of the fastest-growing sectors in India, planners are now devoted to handling everything, from destinations to decor. Enter Shloka Events, a company specialising in end-to-end event solutions for social and corporate events. Since its inception in 2014, Shloka Events has combined creativity and professionalism to curate a unique wedding experience for everyone. Boasting a curation of lavish weddings in locations like Istanbul, Doha, Bali and Udaipur, the company is breaking away from convention to create contemporary and chic experiences. From venue scouting and logistics to culinary experiences and entertainment, Shloka Events ensures that each event is uniquely tailored to your vision. With every detail specially crafted and having executed over 150 events across 13 countries in Asia, Europe and the Middle East, the company has forged a name for itself in the realm of wedding planning. Ensuring smooth travel for everyone requires careful planning, communication, and often a lot of coordination to make sure the event runs seamlessly. Shloka Event’s expertise lies in handling the intricate logistics—from arranging private aircrafts to coordinating the movement of 600 guests across multiple venues. Offering cost-effective, yet luxurious solutions, the brand is making it possible for every couple to achieve their dream wedding without compromise. Whether it’s a sundowner wedding with spirited beverages or a multicultural celebration blending traditions, Shloka Events is now expanding its footprint, venturing into new realms like experiential travel and luxury retreats alike. ","https://assets.vogue.in/photos/67d95ea2973f652e8796e281/16:9/w_1280,c_limit/features%20imag.png"
"Apr 01, 2026 @ 00:28:14.433",93280721faeeddc2c3c0e82cfac47b0c,https://www.vogue.in/gallery/exclusive-what-did-the-nuptials-of-indias-celebrity-favourite-wedding-filmer-look-like,Exclusive: What did the nuptials of India’s celebrity favourite wedding filmer look like?,"Inside Vishal Punjabi and Nikki Krishan’s 100-guest affair at the dreamy Amanbagh in Ajabgargh, Rajhasthan",Praachi Raniwala,2025-03-23T08:18:12.555Z,,"https://assets.vogue.in/photos/67dfb34a852dcbc0bb20d2f9/16:9/w_1280,c_limit/SBJR_NV_FL-116.jpg"
"Apr 01, 2026 @ 00:28:22.458",21f76d4b98eaf998325cf4cadfc164e4,https://www.vogue.in/gallery/this-bride-wore-an-ivory-sabyasachi-sari-for-her-indo-scottish-wedding-in-tuscany,This bride wore an ivory Sabyasachi sari for her Indo-Scottish wedding in Tuscany,The lush Italian countryside set the stage for the couple’s church wedding in a 9th century abbey,Arzoo Dina,2025-03-16T05:30:00.000Z,,"https://assets.vogue.in/photos/67c71ce184f0e308316f5765/16:9/w_1280,c_limit/T&J_Wedding0843.jpg"
"Apr 01, 2026 @ 00:28:30.480",c3fbf354c44903852e004db5a0049176,https://www.vogue.in/content/how-to-care-for-your-wedding-garments-as-per-experts,"How to care for your wedding outfits, as per experts",Expert preservation tips to keep your bridal trousseau shining,Ruman Baig,2025-03-13T06:18:21.168Z,"Indian brides invest heavily in their When it comes to heavily Designer Embellished outfits add an extra layer of difficulty when folding. D'Souza suggests using tissue or butter paper between the two folds to prevent the Mehta favours the age-old methods of preservation. ""To preserve delicate, India’s Different textiles demand different care. Saris should be separated by fabric type, as per D'Souza. ""Store silk, chiffon, georgette, and cotton For the grooms and their sherwanis (or structured jackets) that aren’t weighed down by embellishments, ""sturdy padded hangers"" can be used, instructs D'Souza. ""Wide, padded hangers support the weight and prevent shoulder dents."" However, he cautions to ""store flat only if the piece is heavily embellished."" Mehta and D'Souza emphasise the importance of using breathable storage materials. ""Store clothing in breathable Just as much attention should be paid to the aftercare of a ","https://assets.vogue.in/photos/67d005a9cb53528f00c6d202/16:9/w_1280,c_limit/Arpita%20Mehta%20(2).jpg"
"Apr 01, 2026 @ 00:28:38.512",61afe135047859903096fd069b405ebc,https://www.vogue.in/promotion/the-bridal-hair-trends-defining-2025,The bridal hair trends defining 2025,"L’Oréal Professionnel is making a case for timeless bridal hair, with deep mocha hues, ultra-luxe shine and scalp-first care routines that start long before the wedding day",Ritika Saundh,2025-03-05T07:08:14.747Z,"A wedding is no place for half-measures—least of all when it comes to hair. This season, the trends are steeped in intention and rooted in care. It’s not about passing fads that come in one day and fade out by the next, but about a look that feels like you, only amplified. From the return of deep, luxurious brunettes to the sharp, considered cut that needs no embellishment—this is hair for the bride who knows exactly who she is. Forget fleeting shades. This year, depth is everything. Pantone’s Mocha Mousse sets the tone—rich, dimensional, with an elegance that never competes. Brown is far from basic and L’Oréal Professionnel is ensuring that every bride finds her perfect version of it. The secret? A virtual try-on that lets you refine your shade before committing. The aim is clear: choose a tone that complements your natural beauty, setting a refined backdrop for your bridal look. There’s beauty in precision and 2025 brides aren’t hiding behind excessive layers or cascading curls. Instead, they’re opting for clean, decisive cuts that let hair fall exactly as it should—no fuss, no excess. A straight, sculpted bob or a well-balanced length that moves effortlessly. The rule? The simpler the cut, the greater the impact. It’s an approach that celebrates restraint—crafted with clarity and a deep understanding of your unique style. Shine is having its moment—not the artificial, lacquered kind but the kind that speaks of deeply nourished, impossibly healthy hair. Inspired by the Korean glass skin trend, this is about high-gloss, weightless fluidity. The trick? A routine that starts long before the wedding: bi-monthly L’Oréal Professionnel Hair Spa sessions, a targeted scalp diagnosis, and the Absolut Repair 10-in-1 oil to seal in the glow. It is care with purpose, producing a mirror-like effect that speaks to genuine attention. Long hair, undone but intentional. There’s a shift towards softness, a rejection of overworked updos in favour of strands that flow freely. But effortless never means unprepared. To wear hair loose on your wedding day is to commit to months of care with a dedicated routine—comprising a gentle shampoo, restorative mask, and a targeted serum—ensures that your hair remains resilient and vibrant, ready to frame your day with subtle power. Hair that moves should never feel weighed down. There’s volume, and then there’s Beneath every style, however, is the foundation that is often overlooked: the scalp. An investment in its care—solutions like L’Oréal Professionnel’s Scalp Advanced 5-in-1 serum or targeted treatments for hair fall and hair growth, like L’Oréal Professionnel’s Aminexil Advanced or Serioxyl Advanced serums—is essential.It is here that the true health of your hair begins, quietly underpinning every trend with enduring strength. ","https://assets.vogue.in/photos/67ab613073d0926c049becb2/16:9/w_1280,c_limit/feature-image.jpg"
"Apr 01, 2026 @ 00:28:46.537",9eff0b5d2b6ca5d0a7e1b2999a1be246,https://www.vogue.in/content/meet-the-quiet-vigilantes-of-indian-weddings-talismans-and-traditions-that-ward-off-nazar,Who's third wheeling the couple at Indian weddings? Talismans and traditions that ward off nazar,No bad vibes,Simone Dhondy,2025-03-03T11:18:37.619Z,"If there is one tradition that is an inextricable part of the Indian wedding machinery, it's the meticulous art of In this realm of DIY spiritual defence, even a stray compliment can be interpreted as an act of aggression. Just a week before my wedding, the designer who was creating my outfit innocently posted a sneak peek of my bridal ensemble on Instagram. The DMs came flooding in: “Make her take it down immediately!” Cue panic. By the time of my next fitting, the dress had to be let out. Whether the culprit was the evil eye or It would seem that envy fuels this cosmic mischief, and nothing attracts envy like things going well. Weddings, of course, are evil-eye magnets—grand spectacles of joy practically begging for the poisoned arrow of nazar to hit them. That’s why our Of course, everyone’s talismans take different shapes. From fiery nimboo-mirchi garlands to the occasional smudge of soot on your cheek, nazar rituals are a mix of ancient wisdom and everyday absurdity. But just how absurd are we talking? “My grandmother made me carry a lemon for 15 days, starting from the day I got engaged, all the way until the final day. That poor lemon went with me everywhere—inside my purse, For Swati Sinha, 33, a Bihari bride from Varanasi, it seems her ancestors took cues from the Ironborn of House Greyjoy from In the Whether it’s ritual or superstition, there’s no harm in a little backup against cosmic chaos. The fact that we still follow the rituals after all these years is a testament in itself of the efficacy of talismans and belief. Perhaps you wear that amulet not for itself but as a reminder of your grandmother’s protective love, the So a nimboo-mirchi charm pinned to your lehenga? Why not. Just take the nazar it’s meant to ward off as a backhanded compliment. And if all else fails, that nimboo can always come in handy for the real enemy: acidity. ","https://assets.vogue.in/photos/67c5766c79519bd06ffd0f43/16:9/w_1280,c_limit/_MG_9994_2.jpg"
"Apr 01, 2026 @ 00:28:54.570",befde3429c625be426f80ee0361c319a,https://www.vogue.in/gallery/this-brides-medieval-italian-wedding-venue-was-finalised-even-before-she-met-her-husband,This bride's medieval Italian wedding venue was finalised even before she met her husband,"Co-founder of Resh&Co, Reshma Ramaiah tied the knot with Brendan Rice in a Ferragamo-owned Tuscan village with a 60-foot-long veil",Kriti Saraswat-Satpathy,2025-03-09T05:30:00.000Z,,"https://assets.vogue.in/photos/67c717a6598a1d71729eea53/16:9/w_1280,c_limit/Reshma%20&%20Brandon%20Rossini%20Photography-0137.jpg"
"Apr 01, 2026 @ 00:29:02.594",bb4025a2ec26984e152fdd464cd6fac9,https://www.vogue.in/gallery/this-hyderabadi-wedding-in-rajasthan-was-made-special-by-a-son-from-the-brides-previous-marriage,This Hyderabadi wedding in Rajasthan was made special by the bride’s son,"A surprise Eiffel Tower proposal, a Sabyasachi lehenga picked in an hour and a Sufi night in the Thar—this is Chitralekha Pasupuleti and Holm-Ingolf Hamann’s love story",Arman Khan,2025-03-02T10:40:46.303Z,,"https://assets.vogue.in/photos/67c3ff6e60525105cffc6e75/16:9/w_1280,c_limit/AYUS8381.jpg"
"Apr 01, 2026 @ 00:29:10.620",7b87e3a17b1e3a975dcdecfb107b52d4,https://www.vogue.in/gallery/exclusive-prajakta-koli-and-vrishank-khanals-wedding-ceremony-was-a-nature-inspired-affair-in-karjat,EXCLUSIVE: Prajakta Koli and Vrishank Khanal's wedding ceremony was a nature-inspired affair in Karjat,"From the Anita Dongre ensembles to earthy décor, the couple consciously chose elements that echoed their vision and values",Nupur Sarvaiya,2025-02-25T15:56:38.373Z,,"https://assets.vogue.in/photos/67bde308638c9df5277008eb/16:9/w_1280,c_limit/IMG_5564%202.JPG"
"Apr 01, 2026 @ 00:29:18.643",1c55c963e1a2b2a8a41e3176c4aa57a8,https://www.vogue.in/promotion/the-hilton-expert-series-documenting-love-stories-behind-the-lens-one-frame-at-a-time,The Hilton Expert Series: Documenting love stories behind the lens one frame at a time,"Arjun Kartha, founder of Twogether Studios and Prabhjot Kaur, Hilton Wedding Ambassador, share expert tips for couples for capturing those precious wedding memories on film",Arzoo Dina,2025-02-26T12:48:44.917Z,"Weddings are a magical blend of love, laughter, memories and shared traditions. From the time you gather with your family and friends, walk down the aisle and share stolen glances with your significant other, to toasting to a lifetime together—all combined in a vibrant celebration—it’s these little moments that make any wedding a standout affair. And it’s only fitting that these precious moments be captured on camera so you can look back on them fondly, no matter how much time has passed by. However, finding the right photography team or studio for your dream wedding is easier said than done. You want to be able to work with a team that understands your vision, who you are as a couple, and the kind of photography you’re both looking for— whether moody, cinematic, editorial or taking the much-loved storytelling approach. Arjun Kartha, founder of Delhi-based Twogether Studios which has been a leading name in wedding photography and cinematography for the past decade, and Prabhjot Kaur, Hilton Wedding Ambassador, take us through According to Kartha, one of the key factors to pulling off a dream wedding is setting aside enough time to capture moments on film. Couples often tend to overlook this small but significant step that allows them to capture those fleeting but heartwarming moments. “Instead of squeezing multiple events into a single day, consider spacing them out, so the team has enough room to capture those meaningful moments—like your couple portraits, family group shots and candid interactions—without feeling too rushed,” he suggests. Kartha can’t emphasise enough on the importance of sketching out a brief for your photography studio. How about putting together a mood board for them to reference? According to him, this kind of visual inspiration is invaluable. “For example, Pinterest boards are a great way to convey this,” he explains, adding that this helps the photographer to understand your aesthetic and preferences—whether you’re drawn to soft, pastel hues, bold pops of color, sleek modern lines, or even classic, timeless looks. He cautions that it’s also important to keep your expectations realistic. “For instance, if you’re having a night wedding, your inspiration shouldn’t be drawn from daytime functions.” Equally important is clarity around what you don’t want, he adds. “Lean into what your vibe is as a couple and allow that to be front and centre of your story,” suggests Prabhjot Kaur, Hilton Wedding Ambassador. Personalisation is key here, as you can add several tiny details to your wedding celebrations that will reflect your story and journey. She recalls working with a bride recently who wanted to embroider her husband’s name onto her wedding saree, making for a heartfelt keepsake. According to Kaur, what matters beyond curating the perfect decor, a great food spread and the right dose of entertainment, is crafting meaningful moments that reflect your story, which will ultimately translate on film. This could be anything from personalising your wedding ceremony set-up that is unique to your family’s traditions or focusing on who you both are by bringing your own ideas and thoughts to the table. “Share as many details and ideas that you have in mind, and we’ll work towards making it happen,” she says. Kaur adds that as wedding ambassadors, the team and the hotel are always available at hand to help couples with the best photo-friendly locations, capture the perfect shot for the gram, and even work behind the scenes with the photographers to ensure its smooth sailing on your big day. While trends in the wedding space can be fleeting, they can also work in elevating your wedding photos and film. Kartha believes that storytelling and authenticity are definitely at the forefront of wedding photography at the moment. “Couples increasingly want their images to feel like a true reflection of who they are, rather than a series of staged moments. This means focusing on interactions, raw emotions, and capturing the atmosphere and energy of the celebration as it naturally unfolds.” This also allows wedding photography to serve both as art and memory—with gorgeous, evocative imagery that showcases the couple’s story. ","https://assets.vogue.in/photos/67bf064fa5a08e67a5d0807d/16:9/w_1280,c_limit/Vogue%20Expert%20Series%20EP3%20-%20Still%209.jpg"
"Apr 01, 2026 @ 00:29:26.676",115430dacf613c85ed6ae4e6cd8aa094,https://www.vogue.in/gallery/anuv-jain-and-hridi-narangs-love-story-started-from-their-worst-best-first-date-exclusive,Exclusive: At Anuv Jain and Hridi Narang's wedding a surprise piano version of ‘Jo Tum Mere Ho’ played,"A chance Instagram connection led to a dream wedding for the singer and his partner, proving that true love finds its rhythm",Ruman Baig,2025-02-21T13:30:00.000Z,,"https://assets.vogue.in/photos/67b87c21e77c5e64eb5bd49c/16:9/w_1280,c_limit/DSC01141.jpg"
"Apr 01, 2026 @ 00:29:34.700",d51451f2db94678bf0b0d05282d6d96e,https://www.vogue.in/promotion/say-yes-to-the-dress-with-this-brands-new-destination-wedding-collection,Say yes to the dress with this brand’s new destination wedding collection,"Tying the knot amidst breathtaking vistas? Pernia’s Pop-Up Studio, the premier multi-designer destination, unveils an exquisite repertoire tailored to the grandeur of destination weddings",Vogue India,2025-02-20T05:18:51.293Z,"In 2025, couples are increasingly eschewing conventional ceremonies for intimate, location-inspired nuptials. Destination weddings have become the new norm for bespoke celebrations. While heavy lehengas and sarees have long reigned over the Indian wedding fashion-scape, a transformative shift toward lighter, more versatile ensembles redefines the bridal aesthetic. Divya Sahaya Aggarwal of Petticoat Lane emphasises, “Lehengas with embroidered jackets and capes work fabulously for new-age brides, as the silhouette allows graceful movement along with versatile removable layers, ideal for celebrations under open skies.” Designer Ritika Mirchandani champions the pre-draped saree as a quintessential choice for destination weddings. “It is advisable to choose outfits that are easy to pack and maintain. Hence, opting for wrinkle-resistant fabrics and designs that don't require complex draping can simplify the dressing process,” the designer notes. Curating ensembles for destination weddings transcends the boundaries of traditional planning. Outfits must resonate with the look and feel of the venue, while harmonising with the overarching theme. Balmy locales call for breathable textiles and flowing layers, whereas cooler climates necessitate plush fabrics with intricate craftsmanship. For Pratyush Guglani of Kalista, the design journey is intrinsically tied to the locale, “We explore the location and climate first, and then try incorporating elements inspired by the locale’s aesthetics, such as tropical motifs for beach weddings and deep colours for palatial settings.” No destination wedding is complete without ensembles that encapsulate the spirit of the celebration. Pernia’s Pop-Up Studio offers an unparalleled shopping experience for brides, grooms, and their entourages. From sunlit beach ceremonies to regal palace nuptials, the studio’s meticulously curated collections from India’s foremost designers, like Tarun Tahiliani, Amit Aggarwal, Gaurav Gupta, Dolly J, Seema Gujral, cater to every facet of the modern wedding. Embark on your journey to finesse with Pernia’s Pop-Up Studio–a sanctuary where dream weddings find their perfect expression through exceptional craftsmanship and elegance. ","https://assets.vogue.in/photos/67b2cf9829d25f08e704e3b8/16:9/w_1280,c_limit/LH-160_2#1.jpg"
"Apr 01, 2026 @ 00:29:42.735",81f4581cfadef8fb4f2266f9a17c6c14,https://www.vogue.in/gallery/exclusive-prateik-smita-patil-and-priya-banerjees-wedding-took-place-in-the-grooms-late-mothers-home,Exclusive: Prateik Smita Patil and Priya Banerjee's wedding took place in the groom’s late mother’s home,The couple’s wedding toed the line between profound traditions and personalised touches. See inside their wedding exclusively with Vogue.,Nupur Sarvaiya,2025-02-16T10:41:04.335Z,,"https://assets.vogue.in/photos/67b1a913e89d416b8d56bee7/16:9/w_1280,c_limit/278A9827.jpg"
"Apr 01, 2026 @ 00:29:50.774",12cb9d1a311c956b352d7a4afab63f93,https://www.vogue.in/content/how-to-plan-your-wedding-according-to-astrology,Planning your wedding according to astrology could make all the difference,Planning a wedding? Here are some astrologer-approved tips to ensure all the stars align on your big day,Alice Bell,2025-02-15T05:30:00.000Z,"Throughout my twenties, living in New York and dating with little to no success, I couldn’t help but feel like something was wrong with me. I would go on dates, get fixated on having a fairytale-like future with someone I hardly knew, and then get Eventually, I made a career out of astrology, giving regular readings to clients. I began to notice how similar planetary patterns occurred for many people when they reached major I applied this same understanding to my own chart, deleting all of the dating apps and leaving my love life up to the universe. If I was meant to be in a relationship, it would happen, and I didn’t need to try to force it. After a relatively dry five and a half years relationship-wise, I was set up on a Once we got engaged and had decided on the year and general season of when we wanted to get The moon phase—that is, whether it is a full or crescent moon, waxing or waning, and so on—on which your wedding date falls sets the tone for the event. The few days right before a new moon are typically the lowest Understanding the qualities of the zodiac season in which you want to get married is important too. My husband and I knew that we wanted to have our wedding in early summer 2024, so it was a toss-up between Gemini and Cancer season. We ultimately went with Gemini, because it has that fun, social element. Gemini is also the sign associated with exploring and short-term Another astrological event that you may want to take note of when planning your wedding is if there will be any major retrogrades—a time when a planet appears to be moving backward, from our perspective on earth, on its journey around the sun—occurring at that time. With Mercury retrogrades, it’s more likely that you will run into delays, small hiccups or miscommunications on the wedding day. I once attended a wedding during a Finally, it can be helpful to note where a couple of the other planets are positioned on your wedding date. Saturn is the planet that symbolises commitment and longevity, which is ideal when starting a life with someone. Meanwhile, Jupiter shows growth and advancement, and brings a light, optimistic spirit with it, so having a little bit of each of these planets is beneficial for a wedding—or any other big event, for that matter. You may need to With all of this being said, when it comes to picking a wedding date, don’t stress about planning your wedding according to astrology or drive yourself nuts over where the planets are positioned. If there’s one thing I’ve learned over the years of being an astrologer, it’s that major life events are out of your control and always happen when the timing is right. ","https://assets.vogue.in/photos/67af2a835ae08dca7d73d667/16:9/w_1280,c_limit/VWS_%20946.jpeg"
"Apr 01, 2026 @ 00:29:58.803",0b767d3b09fef73bd8bdbf8d778533f6,https://www.vogue.in/promotion/why-this-couple-chose-a-magical-riverfront-wedding-at-doubletree-by-hilton-goa-panaji-over-the-beach,Why this couple chose a magical riverfront wedding at DoubleTree by Hilton Goa-Panaji over the beach,"Tanya Sharma and Tarun Makhijani tied the knot in a colourful celebration overlooking the Mandovi River in Panaji, Goa",Arzoo Dina,2025-02-05T09:07:57.415Z,"Most couples who choose Goa for a destination wedding, do so with the expectation of having a scenic beachfront wedding, complete with sunset pheras and fireworks thrown in for good measure. Tanya Sharma and Tarun Makhijani decided otherwise, choosing to skip the classic beach wedding for a quaint riverfront setting at the DoubleTree by Hilton Goa-Panaji. Goa held a special place in their heart—it’s where their love story began, as Tarun, a well-known wedding and club DJ, and Tanya first met at a celebration there. “We were introduced by common friends and spoke briefly. We didn’t think much of it, carrying on with our lives. It was only in 2020 during the lockdown when he reached out via text and we started talking,” Sharma reveals. Their worlds might have been far apart—Tanya works as an independent sports consultant, while Tarun is a wedding and club DJ—however fate had its way and four years later, they decided to seal their love in a surreal celebration surrounded by their closest family and friends—back where it all began. The couple knew they wanted to host their nuptials in Goa, but a beach wedding wasn’t on the cards. Instead, they started looking for one-off venues that retained Goa’s charm and offered a different take on the sunshine state. A visit to the DoubleTree by Hilton Goa- Panaji, ticked all the boxes for the couple and their families, with its quaint location in the capital city, scenic river views and distant hills framing the backdrop. DoubleTree by Hilton Goa-Panaji offers breathtaking vistas of lush hills and winding waters, paired with modern luxury across its 160 elegant rooms and suites. Nestled on the banks of the winding Mandovi River with 160 rooms and suites, the resort offers unparalleled vistas set in the lap of nature. “We loved the fact that the resort had this gorgeous setting overlooking the river and the hills, and enough venue options for each of our celebrations,” they both share. The celebrations began with an intimate haldi ceremony in the alfresco area of a charming riverside restaurant, with vibrant marigold decor. This was followed by the mehendi in the bride’s suite clubbed with a private terrace. The next day, the infinity pool became the perfect venue for a lively sundowner featuring craft cocktails and fun games—an ideal setting to capture those gram-worthy shots and soak up the pleasant weather. Unbeknownst to Sharma, her beau had a surprise proposal planned for her at the pool party, where he went down on one knee and slipped a sparkling diamond ring on her finger, with their friends and family cheering them on. “Somehow, he managed to rope in our closest friends to pull off this surprise and sweep me off my feet,” Tanya reveals. The evening’s revelry continued with a grand sangeet and cocktail party in the resort’s expansive ballroom, known for its elegant design and ability to host lively celebrations. The couple were treated to special dance performances by their friends and family, as well as a live band that belted out several hits. The next day dawned bright and early with perfect weather, as the resort’s poolside venue underwent a transformation for the set-up of the wedding mandap. For Tanya, one of the most precious memories from their special day was when she walked down the aisle towards her beau. “I loved everything about my bridal entry. The fact that Tarun was in tears when he first saw me as a bride, was both emotional and beautiful at the same time,” she shares. As they took their pheras, with a dramatic sunset for company that painted the sky in vibrant hues, the love in the air was palpable. This was followed by a live sufi act and fireworks for a fitting finale. The celebrations ended with a reception and dinner in the ballroom with a curated F&B set-up for their guests to relish. “Every detail was thoughtfully curated, from my bridal entry to the custom menu. The team worked closely with us to infuse personal touches, like late-night snacks tailored for our post-dance cravings,” Tanya shares. “The F&B team ensured everything reflected our tastes, from indulgent local Goan dishes to a curated dessert station with our favourite treats,” they added, referring to how the hotel’s chefs personally sat down with them to curate menus, all the way from breakfast to midnight munchies, especially after the long nights of dancing and revelry. “Everything was planned with so much detail and love, and what made it all the more special was seeing our family and friends have such a fabulous time at our wedding,” they add. As the sky turned an inky blue, washing away the vibrant sunset hues, the couple toasted with glasses of champagne to a brand-new chapter in their lives, marking the perfect finale to their wedding celebrations. ","https://assets.vogue.in/photos/679b5cd53b5284d68369e7d5/16:9/w_1280,c_limit/0U8A2676.jpg"
"Apr 01, 2026 @ 00:30:06.827",86e03dcee88053badfa1f938e838a56a,https://www.vogue.in/content/how-to-write-and-deliver-the-best-wedding-speech,How to write and deliver the best wedding speech,"Whether you’re the father of the bride, best man, or maid of honour, learn how to write—and deliver—the best wedding speech",Shelby Wax,2025-02-04T09:45:13.185Z,"If one of your nearest and dearest is tying the knot, it’s possible you may feel pressured to deliver the best A wedding speech presents a unique challenge: There’s no set formula for how the speech should play out, but it often requires sentimentality, a touch of humour and the good sense to know when to wrap it up. That’s why it’s pretty easy to overthink how Have you been asked to give a wedding toast at an upcoming celebration? There’s no reason to sweat. Instead, read ahead to learn how to write the best wedding speech and plan for your big moment. First off, it’s important to make sure that the couple definitely The to-be-weds also have the right to curate the day as they wish, and occasionally at a rehearsal dinner or welcome party, the couple may open the floor to additional toasts. But if this doesn’t happen, grabbing the mic unexpectedly for an off-the-cuff speech (especially after a few glasses of wine) will not be appreciated. If you are asked to give a toast, it’s important that you don’t just wing it. “First, recognise that speechwriting is a creative process,” shares Allison Shapira, founder and CEO of Global Public Speaking. “Give yourself plenty of time to be creative (i.e. not the night before, when you already have so much to stress about). Wait for your most creative time of the day, and turn off any distractions. Spend some unrushed time thinking about your relationship to the couple, and what you’d like to say.” While there’s no exact template to follow, there is a common basic formula to adhere to. “The framework I recommend for a wedding speech is: story, message, blessing,” Shapira shares. “Tell a heartwarming story, share the message or value behind that story, and then offer a blessing or wish for the couple based on that message.” “Typically, we advise our speakers to try to bring the audience on a journey where you initially try to make them laugh, then get to the real depth of the speech and earn some tears, then bring the whole speech full circle with a deep insight or story about the couple that ends with a funny final punch,” says Steven Greitzer, CEO and founder of Provenance, an AI company that specialises in helping write personalised wedding vows, ceremonies, and toasts. “It’s important to have a good balance of humour and sentimentality because, if it’s a full roast, it can feel like you’re just doing a standup comedy show for your own benefit and it could lack substance. Or, if it’s too overly emotional, it can get heavy and perhaps a bit too somber for a wedding celebration.” When choosing a story, Shapira recommends thinking carefully about who will be in the room. “It should obviously be good-natured, without making anyone look bad. And, it all depends on the family dynamics,” she says. “What one family considers good-natured, another family could consider scathing. Choose someone in the audience whom you think could give you some helpful feedback, and practise the speech with them in advance.” Greitzer adds that it’s important for both members of the couple to be highlighted in the speech. “Great anecdotes showcase who each person was before meeting, their synergy together, and their individual and collective growth,” he says. If you don’t know one member of the happy couple very well and are unfamiliar with their love story, don’t be afraid to get creative. “One of the best speeches I’ve seen was from a bridesmaid who hadn’t really been able to spend too much time with her best friend’s fiance because of the pandemic,” Greitzer shares. “She creatively read texts she found in her phone that gave her a hilarious timeline of her friend falling in love.” If you’re still not sure where to begin, consider giving an AI platform a try to help you form your toast. “The Provenance tools guide speakers to create unique, and personal ceremonies, vows, and toasts without the stress. It’s a partner in your brainstorming process; a way to help you verbalise what you were trying to say—but faster,” explains Greitzer. “Instead of being some outdated, mad-libs-style template, the expert-curated prompts inspire special stories and insights, ultimately weaving your responses together into a custom, editable first draft.” A final writing tip from Shapira? “I definitely recommend creating an outline but do not recommend writing the speech out word for word. When we script the entire speech, it sounds too formal,” says the public speaking expert. “I recommend first brainstorming the content, rearranging it into a logical structure, then drafting a general outline which you can bring with you to the event. While it may look better to simply give the speech ‘from the heart,’ the stress involved in trying to memorise your speech is simply not worth it.” The ideal length of a toast is between two to four minutes, which translates to around 500 to 1000 words on a page. Still, Greitzer notes, “The perfect length for the wedding toast complies with whatever length the couple wants it to be. Many guests don’t realise that long speeches can impact the whole evening’s timeline and affect the caterer, DJ, and so much more.” Best rule of thumb? Keep it short and sweet. Writing a wedding speech is half the battle—next comes your performance. It’s important that your toast has a good flow, feels natural, and doesn’t drag on. Here’s where the idiom “practice makes perfect” rings true. Shapira advises giving yourself a few weeks of rehearsal to make your speech feel authentic and fluid. Her recommendations? “Read your speech out loud and make sure it stays within the time you have allotted. Read it to someone else and get their feedback. Record it and watch it back. We use a tool called AMPLIFY to get AI-based feedback.” She adds, “Don’t memorise the speech, but do read it out loud and make sure it sounds like your voice.” While it’s now common to see toasts being read off a phone, both experts agree that it’s much better to print out your speech. “Reading off of a phone comes with the risk of distractions from notifications, a weird backlight that can affect the colour of your face in photos, finicky technical difficulties, and having that annoying sound interference with the mic,” says Greitzer. (You also should make sure your speech is legible with a large font and wide spacing so you can easily find your place.) Watching yourself in front of a mirror can also be helpful to understand your body language during the performance. The final hurdle of giving a wedding toast is getting over your nerves. “Find a quiet place right beforehand to centre yourself (perhaps the bathroom or a corner of the room), pause and breathe, and remind yourself why you care about the couple,” recommends Shapira. She also adds—perhaps unsurprisingly—that it’s best to hold back on alcohol consumption ahead of the toast. You might think liquid courage can help you, but it’s best to not let yourself go a glass too far. “No one expects a perfect or professional speech; they want a unique, authentic message. The speech isn’t about you—it’s about the couple. Once you reframe the fact that the centre of attention isn’t on you, you can relax.” ","https://assets.vogue.in/photos/67a1dffa099c57876c133909/16:9/w_1280,c_limit/wedding%20speech.jpeg"
"Apr 01, 2026 @ 00:30:14.851",b80e82bb96a3a0910175d215a356a5d0,https://www.vogue.in/sponsored/promotion/where-traditions-bloom-house-of-masaba-largest-flagship-in-mehrauli-redefines-wedding-elegance,"Where traditions bloom, House of Masaba largest flagship in Mehrauli redefines wedding elegance","House of Masaba, under the visionary leadership of Masaba Gupta is set to unveil itslargest grand atelier in New Delhi, redefining wedding fashion with an elegant fusion oftraditional and modern design.",Anushka Shah,2025-02-03T07:06:25.573Z,"The journey to your big day is no longer just about checklists and deadlines; it is a Nestled in the heart of Delhi’s wedding destination, this space is more than just a retail The store’s design breathes the same meticulous attention to detail that defines Masaba’s The interiors unfold like a sanctuary, revealing sand-mocha hues that evoke the tranquillity “I wanted this space to feel meditative,” Gupta reflects. “The garments and the language we From the thoughtful integration of The store design prioritises tranquillity amidst the often-hectic wedding preparations, Address: House of Masaba, Indian Cottage Industry, Kalka Das Marg, Near Sai Baba ","https://assets.vogue.in/photos/6798990488f8bcbee367f4d0/16:9/w_1280,c_limit/SMPL_HoMBridal24_1024%20(1).jpg"
"Apr 01, 2026 @ 00:30:22.890",095247e14ddc30e2b4c77c88970c34c8,https://www.vogue.in/content/what-if-my-idea-of-a-big-day-isnt-a-wedding,What if my idea of a ‘big day’ isn’t a wedding?,Why do we assign some personal milestones more value than others? A perennial bridesmaid demands that we reassess the definition of a ‘big day’,Divya Balakrishnan,2025-01-31T13:20:01.247Z,"One Sunday morning a few months ago, I was awoken by the persistent ding of WhatsApp notifications. Bleary-eyed but curious to nail the culprit who had dragged me back to the world of the living at 7am on my day off, I glanced at the screen, then almost launched my phone into the wall. I’d been added to yet another I’ve spent the better part of my twenties as a bridesmaid, a willing sacrificial lamb at the altar of my friends’ big days. Months in advance, I was conscripted into the chaotic trenches of choosing every outfit in their wedding trousseau, accompanying them to every dress fitting, curating complementary jewellery—basically becoming their First came the engagement parties and gifts. Then bridesmaid’s duties. Followed by bachelorette trips. Wedding outfits. More gifts. Then, like clockwork, we moved on to By the end of my twenties, when this cycle had been repeated around 15 times, a I recently bagged the Not getting my own parade reminded me of the Until a few decades ago, a wedding was considered the biggest milestone in a woman’s life, a crucial step into adulthood that marked a new beginning. It meant she was officially ready to learn the ways of the family she was marrying into and listen for the imminent call of I’ve always been frank with my friends about how much material gifts matter to me. Those saccharine cards (“Your presence is the only present desired”) are a lie. For me, it has always been the opposite. I gauge affection based on how much thought has been put in to a gift. It might seem impolite and materialistic, but to me, it’s a tangible reflection of how well my friends know me and how much they care. I love my possessions dearly, never for their price but for the journey they took to get to me. There is now a running joke in my friend group that I’ll be sending out a gift registry for my 30th birthday. In all honesty, it’s wonderful when someone you ","https://assets.vogue.in/photos/67a3631a3292aac9562fe738/16:9/w_1280,c_limit/Jab%20Tak%20Hai%20Jaan.jpg"
"Apr 01, 2026 @ 00:30:30.924",15f77ac0a028eebf9e1b7806cfee67ab,https://www.vogue.in/gallery/this-bride-wore-three-manish-malhotra-looks-for-her-mexican-fiesta-inspired-wedding,This bride wore three Manish Malhotra looks for her Mexican fiesta-inspired wedding,"Navya Maddali and Mohit Reddy had a maximalist wedding bash at the NOBU Hotel in Los Cabos, Mexico with camels at the baraat, salsa dancers and several surprises for their guests",Arzoo Dina,2025-01-27T07:29:36.990Z,,"https://assets.vogue.in/photos/679733be950542a95b046a24/16:9/w_1280,c_limit/Navya_ceremony_2079.jpg"
"Apr 01, 2026 @ 00:30:38.952",9ca0b44ad34f5c8df5cfea91a04d3987,https://www.vogue.in/gallery/this-bride-opted-for-a-classic-kanjeevaram-sari-for-her-coastal-wedding-in-sri-lanka,This bride opted for a classic Kanjeevaram sari for her coastal wedding in Sri Lanka,Sonia Parulekar shares why she chose to step away from celebrity-inspired trends for her bridal look,Hasina Jeelani,2025-01-19T05:30:00.000Z,,"https://assets.vogue.in/photos/678a5baab361a6d88a5c3dbe/16:9/w_1280,c_limit/Ceremon2NoWatermark.jpg"
"Apr 01, 2026 @ 00:30:46.976",b2303872631180c6535ee3012dc2e7a8,https://www.vogue.in/content/2025-will-be-the-year-of-quiet-relationships-and-engagements-zendaya-and-tom-holland-are-proof,2025 will be the year of quiet relationships and engagements. Zendaya and Tom Holland are proof,"There is a difference between a secret relationship and a private one, and this crop of Gen Z gets it",Saachi Gupta,2025-01-16T14:47:34.381Z,"The year was 2015: on June 10th, The years from 2013 to 2018 were the golden age of the Instagram power couple: Selena Gomez and Justin Bieber would occasionally post cutesy selfies with over-the-top filters, as would Miley Cyrus with her then-beau Patrick Schwarzenegger. In contrast, celebrities today–especially Gen Zers–seem to be more restrained on their social media, saving their private moments for themselves. Most recently, rumours of Bollywood Gen Zers are no different: there are no gooey photos of PDA or love professions on Photo dumps are always casual and chill–a makeup-free selfie, a photo of a beach, a novel, a finished meal–giving audiences the impression of an insider look into their lives without really revealing anything. Gone are the days of carefully orchestrated hard launches: after the #TayVin break-up, even Taylor Swift (a millennial) never hard-launched a relationship on social media again, despite dating British actor There is a strong case to be made for celebrities keeping their romances off social media. Many of these relationships are not only confirmed and widely known but also constantly under scrutiny. In a 2022 interview, Alwyn stated why he and Swift chose not to speak on their relationship: “Our choice is to be private and not feed that side of things–the more you do that, hopefully, the more that intrusiveness or intrigue drops off.” If most celebrities’ lives are lived under the public eye–their likes, dislikes, embarrassing moments and outings all available to the public–isn’t it reasonable to keep just one part of their lives to themselves as much as they can? There is a difference, after all, between a secret relationship and a private one. There is one major exception to the Gen Z rule: Sabrina Carpenter, whose relationship with Barry Keoghan had the Considering this, Isn’t it a blessing that if they ever do break up, Kylie Jenner and Timothee Chalamet or whoever Suhana Khan is dating, won’t have to scour through their social media to take down old photos together–as Justin Bieber and Selena Gomez did a few years ago? That if ","https://assets.vogue.in/photos/67891b6681ac9085ca7a8e15/16:9/w_1280,c_limit/GettyImages-1237036694.jpg"
"Apr 01, 2026 @ 00:30:55.003",2e7a6549404df7d74c93bf2aa5506a76,https://www.vogue.in/gallery/this-celebrity-stylist-and-photographers-mumbai-wedding-prioritised-their-home-and-heart,This celebrity stylist and photographer's Mumbai wedding prioritised their home and heart,Meagan Concessio tied the knot with Sheldon Santos in a beautiful church wedding in Bandra,Kriti Saraswat-Satpathy,2025-01-12T11:43:18.680Z,,"https://assets.vogue.in/photos/6783a6989ad9081c7a70678f/16:9/w_1280,c_limit/SM-227.jpg"
"Apr 01, 2026 @ 00:31:03.040",7a4888d3102658d94961c84c743196ad,https://www.vogue.in/promotion/this-couples-wedding-was-a-celebration-of-indian-traditions-and-mediterranean-charm-in-turkey,This couple’s wedding was a celebration of Indian traditions and Mediterranean charm in Turkey,"From a dreamy proposal to a destination wedding featuring lavish decor, a delectable gastronomical spread, idyllic views of the Aegean Sea and cherished memories captured by Knotting Bells; Shreya Srivastava and Sameer Trivedi’s nuptials will be one to remember for their guests",Samanaz Bhot,2025-01-10T10:29:23.495Z,"For New York-based couple Shreya Srivastava and Sameer Trivedi, it was a chance encounter that led to their storybook romance. “From the beginning, our love story has been one of fate. We met at my best friend’s birthday bash for the first time and since that night, we have not stopped seeing each other.” Even though they had mutual friends and were from neighboring towns, the duo had never met before that fateful evening. What started as a serendipitous meeting turned into a fabled forever love story. Over the years, the couple had taken several trips together but their Hawaii vacation was the most special one. Even though they fell ill and missed the sunset cruise, Trivedi promised to give her the experience she deserved. Keeping his word, he arranged a private boat to take them on a tour of the New York Harbour along with a photographer who was disguised as a guest and champagne, wine and delectable bites. It was in front of the Statue of Liberty where Trivedi popped the question in the most dreamy way with a stunning backdrop of the purple sky. “True to our style to always keep the party going and celebrate life’s best moments, it was the perfect proposal!” reminisced the duo. He took things up a notch and invited their family and closest friends to Dear Irving, a rooftop cocktail bar where they celebrated the beginning of their eternal ever after. Srivastava and Trivedi’s nuptials were a canvas of joy, opulence, shared memories and unforgettable experiences. Set against the backdrop of Bodrum, Turkey, the celebration blended their Indian roots with a timeless Mediterranean allure. The turquoise water, rich culture and warm coastal charm of Turkey made this destination perfect for the duo to commemorate this new chapter in their life. The grand celebration was envisioned by the couple and executed seamlessly by wedding planner Urvashi Mishra who crafted every detail with sophistication. From the airport shuttle that featured Turkish delights to the welcoming the guests at Be Premium Bodrum Hotel with champagne and music, every element set the tone for an extraordinary weekend. Every look crafted for the couple exuded elegance and regalness. The bride’s looks were crafted by hair and make-up artists, Chaitali Sengupta and Dablu Kumar. For each ceremony, she picked opulent hues like gold and blush pink for her ensembles by designers like Seema Gujral, Surabhi Chopra, Qbik, and more. Each look was nothing short of elegance, grace and panache. The decor perfectly complemented the destination by converging the grandeur of big-fat Indian weddings with the nautical beauty of Turkey through an immersive experience. For the welcome party, the couple focused on highlighting the natural beauty of the venue, a gorgeous pier on the Aegean Sea, keeping the décor simple yet elegant. The symbolic release of white balloons added to the allure of the evening. For other events, such as the Sangeet and Reception, neutral tones like ivory, reds, and pink transformed the space through bold yet chic designs and florals. “The décor was a true highlight, with our mandap set right on the Aegean Sea. The scenic backdrop of the sheer blue sea perfectly complemented the pastel hues worn by all the guests and the unique mandap, featuring four Singapore tree-like structures. It was a unique and elegant touch, setting our celebration apart”, said Trivedi. From cherished moments to stunning cinematic frames and panoramic shots of the venue, their wedding photographer, Knotting Bells, encapsulated every nuance of their journey with precision. Every frame was thoughtfully captured through storytelling that highlighted the essence of their cultures and traditions, which turned fleeting moments into lasting memories. The couple brought a slice of Turkish culture to their nuptials with local delicacies and a lavish spread by FoodLink Catering,. Each dish perfectly showcased culinary excellence through the finest ingredients, meticulous detailing and a grand set-up. For Srivastava and Trivedi, the reception was a night to remember. The soirée began with a film created by Knotting Bells that unfolded the weekend through shots that beautifully capture three unique worlds—New York’s cosmopolitan flair, India’s rich traditions, and Turkey’s awe-inspiring backdrop—coming together for a once-in-a-lifetime celebration. “Watching the weekend’s highlights unfold in such a powerful and beautifully captured way gave everyone goosebumps and set the tone for the evening—I couldn’t ask for a better team who laughed with us, worked with us, and captured every detail and emotion so perfectly”, said the bride fondly about the wedding film that was created and edited on the same day. “Bodrum, with its turquoise waters and Mediterranean allure, set the stage for a celebration that was as grand as it was heartfelt. Every frame we captured told a story: the bride’s royal Seema Gujral lehenga swaying gently in the coastal breeze, the pre-wedding celebrations alive with laughter, and all the fun beneath the grandeur of Bodrum’s starry sky. As photographers, our aim was to go beyond the visuals and capture the heartbeat of their journey—the love, the heritage, and the moments that will forever hold meaning”, Knotting Bells spoke about their experience through this celebration. This was followed by an afterparty where guests were given light-up bracelets that synchronised to a pre-chosen song, adding an electrifying touch to the night. The weekend ended with guests saying, ""We feel like we attended a Karan Johar Bollywood wedding set,"" which was the ultimate compliment for the bride and perfectly encapsulated the magic she hoped to create. Every last detail was a meaningful nod to Indian traditions, seamlessly infused with modern luxury. The entire extravaganza was more than a wedding, it was a celebration of love, heritage, and connections, one that will be cherished forever. To make your special day one to remember, click ","https://assets.vogue.in/photos/677b760c509f6b82fdbdd848/16:9/w_1280,c_limit/HRW_2165_2%20copy.jpg"
"Apr 01, 2026 @ 00:31:11.064",04cbc21a6719a52da173f02b38f3ec33,https://www.vogue.in/content/this-celebrity-makeup-artist-created-her-own-bridal-look-heres-how-she-did-it,This celebrity makeup artist created her own bridal look—here’s how she did it,Riddhima Sharma envisioned a look that would not only enhance her features but also make her feel confident and radiant,Tarini Sood,2025-01-10T09:19:35.849Z,"For most brides-to-be, finding the perfect makeup artist is often as crucial as securing the dream venue or finding the perfect wedding ensemble. With a skilled hand that’s accustomed to creating magic with makeup, she decided to trust her own expertise for her big day. “I envisioned a look that felt like the most natural, elevated version of myself—fresh, timeless, and classic. I wanted something that I would still love even when I looked back years later,” says Sharma. Dressed in a fishtail Tarun Tahiliani Couture ensemble, the bride wanted her makeup to stay close to her natural beauty. “My goal was to feel pretty and The celebrity makeup artist opted for a soft and monochromatic palette with a rosy glow. Breaking her look down she says, “I focused on a flushed, healthy glow—so blush was my star product. For my eyes, I wanted them to look soft but still defined, with As someone who did her wedding day makeup herself, what were her vanity kit essentials and what would her advice to other brides be? “First, a good illuminator is non-negotiable. I loved using the Les Beiges Sheer Healthy Glow Highlighting Fluid from Chanel, which I mixed with a sheer foundation for that dewy, lit-from-within finish. Second, a long-lasting blush is essential because it enhances your complexion and lasts all day. Finally, ","https://assets.vogue.in/photos/6780d6c867dfbd07c5049691/16:9/w_1280,c_limit/PHOTO-2025-01-09-22-12-54%202.jpg"
"Apr 01, 2026 @ 00:31:19.092",9de205716f1e906edfc12b11a1852f14,https://www.vogue.in/content/before-the-wedding-i-asked-myself-am-i-marrying-for-love-or-for-social-media-didnt-do-it-for-the-gram,"Before the wedding, I asked myself—am I marrying for love or for social media?","We have been fed the idea of a big, fat Indian wedding our whole lives. But social media is more insidious",Shradha Shahani ,2025-01-06T09:10:35.996Z,"It was love at On the day, my husband walked into the mandap over an hour late. His kind (read: inconsiderate) I am not an influencer, and I didn’t expect the day to become my claim to fame. I also hadn’t grown up with a starry-eyed picture of a At every stage of the planning process, Instagram’s algorithm clung to me like a leech I couldn’t shake off. While picking a photographer, my feed led me to thousands of options that muddled my mind. When I was zeroing in on my outfit, other brides’ photos would remind me there was a better lehenga out there. When I picked my jewellery, my explore page made me believe that anything less than a three-layered necklace would relegate me to bridesmaid status. We have been fed the idea of a big, fat Indian wedding our whole lives. But Brides, including me, often forget that social media influencers sell us a product, not reality. On a reality show, I’ve attended weddings where I could have sworn the bride stared deeper into the camera lens than the groom’s eyes. Photographers agree that among the requests that they routinely receive, a recurring one is “make our wedding go viral”. “But recently, we’ve also been asked to turn in the photographs within 24-48 hours. Some couples want their photographs to be shot in an editorial style so that magazines pick them up. We have to remind them that we are there to photograph the wedding, not to make them an internet sensation,” says Shrey Bhagat, founder and creative director of Raabta. In the six months leading up to the day, I was so anxious that it could have been my second name. I was worried about everything, everywhere, all at once. I worried that I’d get an anxiety attack or trip over my own lehenga while walking down the aisle. I worried I’d forget my steps while dancing and the moment would be caught on camera. At some point, the purpose of this wedding had slipped. I had forgotten that this was the beginning of something special with my partner. “Marriage is beautiful, but it’s also something that’s a huge life change, and a part of the celebration is to help someone with that transition,” Vasunia reminds us. Looking for help in coping with my emotions, I sought There’s a lot of pressure on how your wedding is meant to be the ","https://assets.vogue.in/photos/677b80c8509f6b82fdbdd857/16:9/w_1280,c_limit/Holding.jpg"
"Apr 01, 2026 @ 00:31:27.117",acd5fb0a8f66dd2afab071ea0dee4eef,https://www.vogue.in/content/how-to-say-no-to-being-a-bridesmaid-its-easier-than-you-think,How to say no to being a bridesmaid? It’s easier than you think,Can’t stomach another bachelorette party? Nervous about public speaking? Wedding etiquette experts share how to (politely!) say no to being a bridesmaid,"Jenny Berg,Boutayna Chokrane,Shelby Wax",2025-01-08T11:07:08.799Z,"If you’ve ever wondered how to say no to being a “I think one of the hard and fast rules is when this question gets asked of you is to ask about what the role entails. You can even say to someone, ‘Oh my gosh, from a totally emotional point, yes, I’m there 100 per cent. But tell me what the actual logistics are and the expectations that you have, because it’s your day and you should really have a group of people that can meet that “Personally, I think it’s okay to decline being a part of someone’s wedding as long as you have a real-life, legitimate excuse,” says editor and former Moda Operandi communications director Hayley Bloomingdale, who’s been in such delicate situations herself. “If you genuinely can’t make it to the actual nuptials, then obviously, the Still, it’s tough to be in the position of turning down a hopeful bride. And, what if you’re approached to take on a role that needs to take on more responsibility like a maid of honour? Here, wedding experts offer tips on how to say no to being a bridesmaid (and still be a good friend). If imagining serving as a bridesmaid gives you When it comes to matrimonial commitments, financial transparency is key, says event and wedding planner Brianne Garritano, adding that weddings, and the cost of being a bridesmaid, are more complex nowadays. According to a study by If being a bridesmaid is outside of your current financial budget, you don’t have to go into debt just because you were asked. “It can be really, really hard,” shares Post. “You feel like you’re letting someone down, and yet at the same time, it’s their event, it’s not your event. They’re doing it on their budget and their scale and with their requirements to fit their dream—it’s okay if you can’t actually participate in that. Even though often people think it’s not polite to talk about money, this is an instance where letting someone know that the budget is prohibitive for you is an important one.” She adds being upfront about not being able to take time off work is another very valid reason for bowing out of festivities. If you’re worried about the financial and time commitment of pre-wedding events for the bridal party, Post reveals an etiquette rule that many might not know. “Bridesmaids are not required to go to any of those events—bachelorette party, showers, anything,” she shares. “What they are required to do is show up for the rehearsal, the ceremony and the reception. Typically, you would think they’d be required as long as their travel schedule allows them to attend something like a bridesmaid’s luncheon because it is being thrown for them. But nobody Speaking of taking the lead, serving as the maid of honour is a time-consuming role that’s not to be taken lightly. And if you’re in the unenviable position of having to decline the position, don’t waste any time telling the bride. “You should tell her right away, as soon as possible,” says event and wedding planner Mindy Weiss, adding that the conversation should take place in person when possible, and over the phone if not. The key is to have it as soon as you can. “The longer you wait, the more difficult it is on yourself and the bride. So as soon as you have an inkling that you may not be able to make the commitment, you should let her know. Don’t leave her in a bind; don’t put shock value on it. The sooner the better."" Also, watch the impulse to feel defensive—even if the invite puts you on the spot or makes you feel uncomfortable. “Don’t be angry,” Weiss says. “Just be gentle, be honest, and talk about it. There could be financial reasons you can’t participate, or it could be that you don’t have enough time to do it and you don’t want to disappoint. Explain that gently, and the bride will understand.” Feel like you aren’t the kind of organisational leader to take on the tasks required of a maid of honour? You’re allowed to bow out or ask to just be a regular bridal party member. Post shares, “It is okay to just say, even without budget or time being a reason, ‘I am so honoured by the offer, but this is not a role that I feel good playing and it’s nothing to do with our relationship. I love you. I support you. I am so excited to go to your wedding and I’m really happy for you. But please don’t ask me to be that.’” She adds, “A lot of us know when we have a friend who this will be torture for. You know what I mean? Give her the break. Ask your cousin instead.” ","https://assets.vogue.in/photos/677e59558cfa0faf270b5bf3/16:9/w_1280,c_limit/Veere%20di%20Wedding.jpg"
"Apr 01, 2026 @ 00:31:35.144",a64853c09577df09c51ef89ec1d53ec6,https://www.vogue.in/gallery/this-couple-walked-down-the-aisle-twice-for-their-muslim-and-sikh-wedding-ceremonies-in-italy,This couple walked down the aisle twice for their Muslim and Sikh wedding ceremonies in Italy,Malia Taqbeem and Abhay Dhaliwal’s Italian wedding was the perfect missing piece to complete their serendipitous love story,Arzoo Dina,2025-01-05T05:30:00.000Z,,"https://assets.vogue.in/photos/6777f074299515d0f0315e9f/16:9/w_1280,c_limit/030-ER3A5426_websize.jpg"
"Apr 01, 2026 @ 00:31:43.172",0fe7b504bc994c21e5a526ba04821e77,https://www.vogue.in/content/not-invited-to-a-wedding-theres-a-proper-way-to-handle-that-with-the-bride-or-groom,Not invited to a wedding? There’s a proper way to handle that with the bride or groom,"If your friends ask why they’re not invited to your wedding, the etiquette is tricky. Discover 7 ways to deal with this potentially awkward situation, whether you’re the bride or a guest","Brooke Bobb,Gia Yetikyel  ,Shelby Wax",2025-01-04T05:30:00.000Z,"There’s a 99% chance that some people are not invited to a wedding despite being friends with the bride or groom—after all, crafting the guest list is one of the hardest parts of wedding planning for a reason. If you’re the couple in question, it’s likely you and your partner have had to make some tough calls to shorten the Etiquette demands that you be honest, straightforward and mindful of those uninvited friends’ feelings, according to Lizzie Post (great-great-granddaughter of etiquette extraordinaire Emily Post) and Marcy Blum, world-famous wedding planner of over 35 years. Ahead, the two share some of their It’s important for uninvited guests to remember that a lack of invitation is usually not about you. “We are all adults and we should know that we can’t all be invited to every single wedding of our friends or family members,” says Post. “I think when it comes to weddings, you absolutely have to consider the fact that the bride and groom are dealing with If you don’t think you’re invited to a wedding, making the decision to ask the couple about it is a risk. “Like most things in life, you have to try to be as graceful as possible and decide, is this a If asked this question as to-be-wed, it’s important to be open and honest in your conversation. “As you get older and smarter, you realise nothing makes it worse than not facing it. Take the friend out to lunch and say, ‘Listen, I know this really sucks. I’m sorry. I don’t want a If you can’t invite someone due to budget or space, it’s perfectly acceptable to give that reason.“If it is, which often it “If the uninvited friend or family member sends She adds, “If you assess the situation and realise that person is particularly sensitive or it seems confusing, all you have to say is something like, ‘I really love you and wanted you to be there, but, unfortunately, we had to make some really Another issue that might arise is if you invite a friend but don’t give them a plus one. Blum shares, “What we see happening all the time is people saying, ‘Oh, I’ve been going out with this guy for a month and you didn’t give me a Having an issue with venue capacity at your wedding doesn’t mean you can’t celebrate with the friends who couldn’t make the guest list. “If you had something like 30 people that you weren’t able to invite to your wedding and you feel like you really want to celebrate with them and you feel bad, throw a second reception,” suggests Post. “That can mean a “[As a guest], I think it’s better to reach out and go ‘Look, I know you’re getting married. I’m so happy for you. I understand I’m not invited and I assume there are all sorts of reasons and it’s fine. And I just want you to know, I don’t want it to be weird,’” says Blum. “There’s very little to be lost by taking the high road.” “A lot of brides, in particular, have been dealing with so much stress leading up to the wedding that when something like this comes up and they may have inadvertently hurt someone’s feelings, they are so distracted that they might not be as gracious and gentle. I think a lot of brides fall victim to the fact that we’ve created a ","https://assets.vogue.in/photos/6777d73b3d539bab157813d2/16:9/w_1280,c_limit/Anisha&Arjun-Vogue-77.jpeg"
"Apr 01, 2026 @ 00:31:51.207",bfdc642dad5bd0b9f5a20415fb22dad0,https://www.vogue.in/gallery/this-delhi-based-designer-bride-created-each-look-for-her-wedding,This Delhi-based designer bride created each look for her wedding,Her bridal wardrobe featured whimsical lehengas and saris that her label is best-known for,Praachi Raniwala,2024-12-29T05:30:00.000Z,,"https://assets.vogue.in/photos/676e61332375517ec0ac9126/16:9/w_1280,c_limit/IMG_5664.JPG"
"Apr 01, 2026 @ 00:31:59.230",47c5c9c92ba54be254ca7d960aab0535,https://www.vogue.in/content/how-many-bridesmaids-should-you-have-a-guide-to-creating-your-perfect-wedding-crew,How many bridesmaids should you have? A guide to creating your perfect wedding crew,"You don’t want to exclude certain friends or family members from your party, nor do you want to have an absurdly long line of bridesmaids à la ‘27 Dresses’",Shelby Wax,2024-12-29T04:30:00.000Z,"Once you get engaged and start envisioning how your wedding celebration will look, one of the first questions that may spring to mind is: How many bridesmaids should you have? Having close confidantes in your bridal party can be an extremely special part of your Ahead, we break down some tips to determine what the sweet spot is when determining how many people are right for your wedding party. First of all, there is no Even if you’re aware you can do your own thing, you might be curious how many bridesmaids typically make up a bridal party. According to a 2023 study by While there really is no limit to the number of bridesmaids you can have in your wedding party, you might want to think about the logistics of having a larger group. If you plan to cover the costs of hair and makeup of your When choosing the number of bridesmaids in your own party, you will also want to think about the number of people in your fiancé’s wedding party. While they don’t have to match exactly, it might feel a bit off if you have 10 bridesmaids and they only have two. As you and your When choosing who will be a bridesmaid, man or mate at your celebration, think about the most important people in your life that you want to join in for the ride. Asking someone to be in your bridal party is considered a major honour, so you want to take this decision seriously. Consider if you want them present for your Since being in a bridal party is a commitment of both time and money, you will want to think about who would be willing to spend those resources for you. Siblings and other close When you finalise your list, come up with a good way to ask your friends and family to join the bridal party. Giving a small gift and a Don’t want to have any bridesmaids at your wedding? No problem. It’s absolutely acceptable for you and your spouse to eschew having a wedding party at your wedding. In fact, going down the ","https://assets.vogue.in/photos/676e580e5f3d4ea172fc462a/16:9/w_1280,c_limit/Alanna%20Panday.jpg"
"Apr 01, 2026 @ 00:32:07.257",6490b912a7f17d381dc30bec2b9faab9,https://www.vogue.in/gallery/exclusive-inside-olympic-medalist-pv-sindhu-and-venkata-datta-sais-wedding-on-a-private-island-in-udaipur,Exclusive: Inside PV Sindhu and Venkata Datta Sai’s wedding on a private island in Udaipur,"The Olympic badminton player married the IT entrepreneur in a series of multi-day traditional celebrations in ensembles by Manish Malhotra, Sabyasachi and more",Shelby Wax,2024-12-24T13:39:55.638Z,,"https://assets.vogue.in/photos/676ab605d1029746c029c167/16:9/w_1280,c_limit/pv-venkata_060.jpg"
"Apr 01, 2026 @ 00:32:15.281",295576ff5079ca8557d95719f9a39bbb,https://www.vogue.in/weddings/promotion/a-celebration-of-diamonds-for-the-bride-redefining-traditions,A celebration of diamonds for the bride redefining traditions,Tanishq’s Rivaah and Tarun Tahiliani present a bridal collection where diamonds shine for the modern bride,Ritika Saundh,2024-12-23T11:14:52.710Z,"There’s a reason diamonds have been treasured across centuries—their brilliance goes beyond the visual. Forged deep within the Earth over billions of years, each natural diamond is a marvel of time, pressure, and precision. They’ve adorned everything from ancient talismans to royal crowns, embodying power, mystique, and legacy. In modern times, their allure has evolved, resonating with a generation that values both individuality and tradition. Recently, Tanishq and De Beers joined hands to celebrate this timeless appeal with an extraordinary event: Pride of Tanishq. This immersive experience paid tribute to natural diamonds, their unparalleled beauty, and their enduring legacy. The event unfolded as an intimate journey through the story of diamonds. Guests were greeted by a captivating zone that took them from the very core of the Earth to the refined brilliance of a polished gem. Imagine a 360-degree Van Gogh-inspired experience where the formation of diamonds came to life, making visitors feel as though they’d stepped into the heart of the Earth itself—where diamonds are formed over billions of years. They’re brought to the surface by rare volcanic eruptions through kimberlite conduits. This geological serendipity transforms carbon into one of nature’s rarest treasures. But the magic doesn’t stop there. From mine to masterpiece, each rough diamond is meticulously sorted, then cut and polished to reveal its breathtaking brilliance. Master craftsmen breathe life into these raw stones, creating pieces that reflect beauty, strength, and timelessness. Like fingerprints, no two diamonds are the same, making each one as unique as the individual who wears it. The journey continued with a second zone dedicated to the cornerstone of diamond evaluation—the 4Cs. Buying natural diamonds can feel overwhelming with all the technical jargon, but decoding gemstone certificates is simpler than it seems once you know what to look for. These certifications detail the grading of a diamond based on specific attributes. By understanding these key qualities, you’ll not only appreciate the stone’s unique beauty but also its value as defined on paper. Through immersive displays, the second zone was dedicated to demystifying what makes a diamond truly exceptional. At Tanishq, all the diamonds are selected and sorted with utmost care and stringent processes giving a Tanishq diamond the best sparkle. Together, these characteristics offer a roadmap to finding a diamond that’s a perfect companion for you. The final zone showcased the extraordinary artistry of Tanishq. Collections like Ethereal Wonders showcased rare diamonds and varied designs, Celeste Solitaires boasted fine solitaires, and Enchanted Trails highlighted how natural diamonds are transformed into wearable art. Speaking of Tanishq's artistry, this season, Rivaah collaborates once again with celebrated designer Tarun Tahiliani to unveil the second edition of Rivaah x Tarun Tahiliani, a collection that celebrates the evolving narrative of the contemporary Indian bride. Building on the success of their inaugural collaboration, this latest line-up is inspired by the poetic intricacies of the This collection is crafted to resonate with the modern Indian bride who seamlessly weaves heritage with modernity. This collection of over 80 designs—spanning chokers, When it comes to choosing the perfect diamond, price isn’t the only thing to be considered—quality and authenticity are non-negotiable, and brands like Tanishq adhere to the highest standards. Diamonds are enduring symbols of history, each carrying a story of beginnings and moments frozen in time. It’s this narrative, etched into their very core, that makes them forever. ","https://assets.vogue.in/photos/6766afbee9433fe346aa2ef5/16:9/w_1280,c_limit/DSC01040.jpg"
"Apr 01, 2026 @ 00:19:48.378",0221e72835e56aebbdd4200e865ee6b5,https://www.vogue.in/content/brown-ballet-flats-are-your-summer-wardrobes-secret-weapon,Brown ballet flats are your summer wardrobe's secret weapon,"This summer, swap your black ballet flats for neutrals and chocolate browns in a range of textures.",Lucrezia Malavolta,2026-03-31T02:00:00.000Z,"Comfortable and versatile, there’s a reason we reach for For these new styles, the appeal lies in the balance. Easy to wear but unexpected in their shade, brown ballet flats will slip into your wardrobe as easily as they slip onto your feet. Paired with denim, they add a touch of laidback French girl cool to your spring wardrobe. Worn with tailored trousers, they lighten a look without making it look less polished. In other words, brown ballet flats can do it all. Rather than limit yourself to one shade, embrace a range of tones from dark chocolate to caramel, beige to burnt umber. Material also plays an important part: smooth leather is more minimalist, while soft and velvety suede remains one of the season's most on-trend choices. For the statement-makers, there are even bejewelled variations, as seen at the Etro show. Worn with jeans and T-shirts, maxi dresses, and ","https://assets.vogue.in/photos/69ca77b07dc76db1c955ec43/16:9/w_1280,c_limit/GettyImages-2266835548.jpg"
"Apr 01, 2026 @ 00:19:56.401",8a95fae7f70a5d4db98f06325e87164d,https://www.vogue.in/content/disha-patanis-custom-falguni-shane-peacock-gown-plays-with-shine-and-bold-detailing,Disha Patani's custom Falguni Shane Peacock gown plays with shine and bold detailing,"Sequins, crystals, and a sculpted fit come together in a gown that commands attention",Vogue Staff,2026-03-31T13:16:47.171Z,"Disha Patani's custom evening gown by Falguni Shane Peacock was a high-shine affair of silver embellishments, sequins and intricate beadwork. Styled by Aratrika Mukherjee, the halter-neck gown is crafted in sheer tulle, encrusted with sequins, crystals and micro-beadwork that catch and refract light from every angle. Its liquid-metal finish gives the illusion of molten silver draped, giving it an almost armour-like quality. The design plays with negative space in a bold yet controlled manner. A sharply contoured cut-out at the midriff creates a striking visual break, accentuating the waist while adding edge. The back, similarly, plunges dramatically into a deep, open cut, framed by delicate embellished straps that trace the shoulders and spine like To complement the look, she wears diamond studs paired with shimmery floral bracelets and a stack of rings. Makeup by Riya D Sheth channels soft, sultry glamour with a luminous, skin-like base and subtle contouring. Her eyes take focus with a diffused brown smoky look and fluttery lashes. A hint of blush warms the cheeks, paired with a “The look is glamorous and red-carpet ready. Dial it up a notch by adding a bit of bling to the hair, a crystal hairstick with tassels to catch the light as she moves,” says Manglien Gangte, Vogue India fashion associate. ","https://assets.vogue.in/photos/69ca3726758b42c7a6adf091/16:9/w_1280,c_limit/659126890_18588728194013912_2300600623465657568_n.jpg"
"Apr 01, 2026 @ 00:20:04.425",030bae108d444461181202754f9e4e84,https://www.vogue.in/content/kriti-sanons-nensi-dojaka-look-is-all-cutouts-satin-and-layered-jewellery,"Kriti Sanon’s Nensi Dojaka look is all cutouts, satin and layered jewellery",An sweep of emerald along the lower lash line extended the colour story,Nupur Sarvaiya,2026-03-29T05:00:00.000Z,"At a recent awards ceremony in Mumbai, Kriti Sanon wore a vivid green Nensi Dojaka gown as she picked up an award for her performance in Cut in lustrous green satin, the floor-length gown skimmed the body before falling into a fluid, floor-length hem. Fine criss-cross straps run across the bodice and gather at the centre, where the fabric is drawn in and released into a softer drape below. Side cutouts break up the surface, while the open back pushes the look further into eveningwear territory. Dojaka's work often revisits the codes of ‘90s minimalism, with intricate cutouts, sheer panels and lingerie-like elements. The resurgence of lingerie-inspired fashion has been steadily gaining ground on international runways. From spring collections to winter styling narratives, designers, like her, have reimagined intimate wear as outerwear, shifting it from the private to the public sphere. The trend’s appeal lies in its duality–it is at once delicate and assertive. Sanon leaned into the colour story with layered jewellery. Her necklace stack by Tara Fine Jewellery paired an emerald choker with gold chains and diamond-and-emerald pendants. Her bracelets came from Zoya and Tara Fine Jewellery, while rings from House of Yarané and Diamond Jewel completed the stack. Her beauty look stayed in sync with a luminous base that was paired with softly diffused smoky eyes, elevated by a sweep of emerald eyeliner. ","https://assets.vogue.in/photos/69c65f76c0d868c5d39a5b35/16:9/w_1280,c_limit/SnapInsta.to_655282561_18576545791042632_3577520067828224649_n%20(1).jpg"
"Apr 01, 2026 @ 00:20:12.452",d0c5f270bad6292b7669262b5582f323,https://www.vogue.in/content/madhuri-dixit-nenes-mrunalini-rao-silk-sari-is-edged-with-intricate-zardozi-work,Madhuri Dixit Nene’s Mrunalini Rao silk sari is edged with intricate zardozi work,She paired the sari with PNG Jeweller's statement diamond jewellery set,Vogue Staff,2026-03-30T13:08:50.320Z,"For the inauguration of PNG Jewellers in Varanasi, Madhuri Dixit Nene wore Mrunalini Rao’s purple silk Mahamayi Jewellery from PNG Jewellers included a layered diamond choker, curved earrings, stacked bangles and a ring, adding brightness against the deeper purple silk. Her hair, styled by Sheetal F Khan, was worn in side-parted waves and kept away from the neckline to let the jewellery shine, while Billy Manik kept the makeup soft with a warm wash across the lids, fluttery lashes, a plum-mauve lip and a purple bindi. “Heavy neckpieces can clash with densely embroidered sari edges. Keep it clean by leaving the neck bare. Swap the wedge sandals for a pair of kitten-heeled slingbacks in silver; this will instantly elevate the look,” says Manglien Gangte, Vogue India fashion associate. ","https://assets.vogue.in/photos/69ca755aa03f9941b6b8941d/16:9/w_1280,c_limit/SnapInsta.to_658423719_18571819633052425_954702039578987559_n.jpg"
"Apr 01, 2026 @ 00:20:20.483",a6e41bac18d69d3633e811563ec37a20,https://www.vogue.in/content/the-3-4-sleeved-top-is-every-cool-girls-summer-staple,The 3/4-sleeved top is every cool girl’s summer staple,"This season, the It-girls are opting for cropped sleeves and taking cues from Jane Birkin’s ’70s style with a nod to ’90s minimalism.",Olivia Allen,2026-03-29T02:00:00.000Z,"After the first glimpse of spring this week (better late than never!), I turned to my wardrobe with the classic “what am I going to wear today” angst. I’m ready to be free from the shackles of high-neck knitwear, but equally, those boxy cotton For the Anna Cafolla, who I often spy wearing a 3/4-sleeved top – occasionally with a lilac Lucila Safdie headband – seems to have nailed the spring formula, always wearing something that strikes the balance between As Rose Colcord, founder and creative director of Cou Cou Intimates, explains, the easy breeziness is a big part of the appeal, describing the brand’s cult favourite Rina tee as “an everyday basic, but the cut lends a very chic, classic and effortless feel.” Inspired by a photo of The 3/4-sleeved top is also, quite simply, a solution to the awkwardness of in-between dressing. As Hattie Tennant, founder of Fruity Booty, put it to me, “A 3/4 sleeve is my dream – I’m always the wrong temperature, or overthinking layers or how much skin I’m showing, and it always seems to solve it.” Which feels particularly relevant, and, frankly, pressing in a week where we’ve experienced all four seasons in the space of 48 hours. So, whether it’s the spirit of Jane Birkin, the call of the ’90s or simply an attempt at temperature control, embrace the cropped sleeve this spring. ","https://assets.vogue.in/photos/69c620007dc34487f22ae3ba/16:9/w_1280,c_limit/OA-250326-GettyImages-115363339.jpg"
"Apr 01, 2026 @ 00:20:28.508",70bb3069afa96273a072a7afff875462,https://www.vogue.in/content/alia-bhatt-proves-less-is-more-for-summer-celebrations-in-a-pistachio-sari,Alia Bhatt proves less is more for summer celebrations in a pistachio sari,The actor makes a case for modern minimalism with her drape,Nupur Sarvaiya,2026-03-28T02:30:00.000Z,"For a recent event in Chennai, Alia Bhatt wore a pastel pistachio Bhatt’s choice of accessories followed the same philosophy of lightness. She wore a pearl choker with an uncut diamond pendant from Jewels By Moksh, along with matching stud earrings that carried on the pendant’s design. Sun-kissed and softly sculpted, Riviera Lynn kept the makeup in sync with the softer aesthetic of the look. She went with highlighter, gentle contouring, a wash of blush and coppery eyeshadow and mascara. Where occasion wear often equates to maximalism, the actor’s appearance stands out for its minimalism. Between the organza, the appliqué work and the pared-back styling, it makes a strong case for summer celebration dressing, especially for destination settings. With the right styling and makeup, it can go from a beach ceremony to a glam cocktail. ","https://assets.vogue.in/photos/69c654e07dc34487f22ae492/16:9/w_1280,c_limit/SnapInsta.to_656744023_18587300821021763_6865271237271748562_n.jpg"
"Apr 01, 2026 @ 00:20:36.536",8f4e9c2c2934c939a5456656cfe757f6,https://www.vogue.in/content/these-90s-wedge-mules-could-be-the-unexpected-shoe-of-the-summer,These ’90s wedge mules could be the unexpected shoe of the summer,"Minimalist, sleek and just a little bit weird, wedge mules are everything we want from a shoe in 2026 – just ask Dakota Johnson and Rihanna.",María Munsuri,2026-03-28T02:00:00.000Z,"Last summer, Dakota Johnson, the patron saint of street-style trends, stepped out in a pair of Khaite’s sleek Colt wedges in black glazed leather. She styled hers with grey Don’t just take my word for it. See: the strappy brown wedges in Diesel’s pre-fall 2026 collection, or the many bright, summery wedge mules in Balmain’s 2026 Resort collection, or – my favourite – the varnished, tortoise shell-like wedge mules in Ferragamo’s Resort 2026 collection. Elsewhere, everyone from the likes of Rihanna to Alex Consani has been pictured in some iteration of the wedge mule. It makes sense that this specific shoe has taken off. With a renewed I’m all for the wedge mule – though I’m cognisant that there’s a danger in taking the wedge obsession too far. Remember a couple of years back when everything was being turned into Mary Janes? We’re now starting to see that with wedges (see: ","https://assets.vogue.in/photos/69c655e012e0dccc8dcba393/16:9/w_1280,c_limit/GettyImages-2217865002.jpg"
"Apr 01, 2026 @ 00:20:44.579",0bf4769daa0dfddee4314651ccd90069,https://www.vogue.in/content/sobhita-dhulipala-and-priyanka-chopra-jonas-brought-sequins-and-statement-draping-to-this-weeks-best-looks,Sobhita Dhulipala and Priyanka Chopra Jonas brought sequins and statement draping to this week’s best looks,"Sequins, print, pleats and draping carried the strongest fashion moments across red carpets and occasionwear",Vogue Staff,2026-03-27T14:27:01.319Z,"This week’s strongest looks were built through surface. Some came through print, like Tamannaah Bhatia’s polka-dot sari and Sanya Malhotra’s monochrome set. Others relied on sequins, pleats or carefully placed embellishment, like Sobhita Dhulipala's sequinned Sabyasachi Tamannaah Bhatia gave the sari a playful turn in a yellow-and-pink custom look created with Torani and styled by Shaleena Nathani. Polka dots in varying scales ran across the drape, while striped bands at the border introduced another pattern into the frame. The bandeau blouse was tied at the back with an oversized bow, adding to the look’s lighter mood. Jewellery from Tamannaah Fine Jewellery stayed minimal, with softly waved hair and rose-toned makeup. At the Prime Video Presents event, The pleated fabric of For Bvlgari's Eclettica launch in Milan, Sobhita Dhulipala attended the Gaddar Film Awards in a flint-grey tulle sari by Sabyasachi. Sequins were scattered across the drape, while a sleeveless velvet blouse brought a denser texture against the sheerness of the sari. Jewellery from Sabyasachi included earrings and a ring in 18k gold set with precious stones. Keep scrolling for more of the best fashion looks of the week: ","https://assets.vogue.in/photos/69c691d8ecf5f1df31a90044/16:9/w_1280,c_limit/SnapInsta.to_655647881_18569579023009887_9133769211425823584_n.jpg"
"Apr 01, 2026 @ 00:20:52.603",439b38aa6fbaaba63aa486c26c150aaa,https://www.vogue.in/content/bhumi-pednekkars-ensemble-puts-the-focus-on-an-intricately-worked-halter-blouse,Bhumi Pednekkar's ensemble puts the focus on an intricately worked halter blouse,"A plum smoky eye, glossy rose-pink lip and sleek bun bring the same high-impact mood to the beauty look",Vogue Staff,2026-03-25T14:19:48.100Z,"Bhumi Pednekkar wore a multicoloured lehenga from Shehla Chatoor’s Husn collection for Eka Lakhani’s wedding, styled by Nidhi Jeswani. Chevron bands mark the black base in jewel tones, traced with metallic embroidery that sharpens the pattern. A denser border at the hem adds heft, and the slanted bands draw the eye across the flare of the The halter-neck blouse is densely worked with marodi embroidery, crystals, stones, and beadwork, with a high front neckline and a wide-open back. Its heavily embellished surface sits in contrast to the more graphic pattern of the skirt; its surface packed enough that it reads almost like jewellery in its own right. Jeswani styled the look with earrings from Kakun Fine Jewellery, along with a statement neckpiece and cuff from Joules by Radhika. Pednekkar wore her hair in a sleek low bun, leaving the neckline and back fully visible. A deep plum smoky eye brought intensity to the beauty look, joined by soft contouring, blush, “Add a bit more drama by replacing the polki studs with a pair of oversized jhumkas studded with smaller polki diamonds. Add a stole of the same pattern as the lehenga skirt and wear it loosely hanging across both arms; this will elevate the look from dancing queen to empress,” says Manglien Gangte, Vogue India fashion associate. ","https://assets.vogue.in/photos/69c3738981059019bd895d2a/16:9/w_1280,c_limit/%F0%9F%96%A4...Outfit%20@shehlachatoor%20Earrings%20@kakunfinejewellery%20Choker%20and%20kada%20@joulesbyradhika%20Stylist.jpg"
"Apr 01, 2026 @ 00:21:00.631",5a1db513923e262ef3d2b0c5b0748c80,https://www.vogue.in/content/priyanka-chopra-jonas-pairs-bvlgari-high-jewellery-with-a-sculptural-black-gown,Priyanka Chopra Jonas pairs Bvlgari high jewellery with a sculptural black gown,"With asymmetrical pleating, a flared hem and a single exaggerated shoulder, the gown held its own against the house’s emerald-studded pieces",Vogue Staff,2026-03-24T12:53:06.969Z,"For Bvlgari’s Eclettica collection launch in Milan, Priyanka Chopra Jonas wore a jet-black pleated tulle gown by Saiid Kobeisy, styled by Wayman Bannerman and Micah McDonald. Constructed from finely pleated tulle with a peinture finish, the dress carries slight tonal variation across the surface. Diagonal pleating wraps asymmetrically around the bodice, shaping the torso and defining the waist before opening into a flared skirt with a soft trailing hem. The neckline is cut on an asymmetric line, exposing one shoulder while the other rises into a sculptural pleated form that gives the gown its most dramatic gesture. She paired it with pieces from Bvlgari’s Eclettica high jewellery collection, including a diamond necklace set with emeralds, matching earrings and a ring. Against the black gown, the stones brought a concentrated flash of colour at the neck and hands. Hair by Thibaud Salducci was swept into a sleek updo with a side-framing curl, while Morgane Martini kept the makeup warm and sculpted with a glossy “Dial up the drama with a pair of sheer opera gloves,” says Manglien Gangte, Vogue India fashion associate. ","https://assets.vogue.in/photos/69c2211c97e5ea839a730fe6/16:9/w_1280,c_limit/GettyImages-2268060074.jpg"
"Apr 01, 2026 @ 00:21:08.660",aa8547e46097cf782cb661158c4167c8,https://www.vogue.in/content/nita-ambanis-abu-jani-sandeep-khosla-sari-glints-with-intricate-threadworks-of-sequins-and-crystals,"Nita Ambani’s off-white sari builds its impact through resham work, crystals and sequins","She kept the Abu Jani Sandeep Khosla ensemble within a tonal silver palette, with a red bindi lending a subtle contrast",Vogue Staff,2026-03-26T12:47:04.451Z,"At a recent family wedding, Nita Ambani wore an off-white georgette The blouse, cut in tulle with a honeycomb crystal mesh, breaks up the sari’s all-over shimmer and adds variation to the monochrome palette. Jewellery from her personal collection included a diamond necklace, matching earrings, bracelets and rings, along with a crystal-studded silver clutch that stayed within the same silver-white spectrum. Her hair, styled by Hiral Bhatia, was worn in loose waves, while Mickey Contractor kept the makeup understated, with the red With a sari this detailed, colour works best as a small interruption rather than a second story. A bindi, a gemstone accent or a rich-toned clutch will do more than a fully contrasting jewellery set. ","https://assets.vogue.in/photos/69c4d7a56c99dd3999893545/16:9/w_1280,c_limit/Nita%20Mukesh%20Ambani%20radiates%20ethereal%20glamour%20in%20Custom%20Abu%20Jani%20Sandeep%20Khosla.She%20wears%20an%20off-.jpg"
"Apr 01, 2026 @ 00:21:16.714",c0778b4cb95aa20d7c6000a5af96214f,https://www.vogue.in/content/the-celeb-approved-ways-to-wear-a-slip-skirt-this-summer,The celeb-approved ways to wear a slip skirt this summer,"See how Zoë Kravitz, Hailey Bieber, Kendall Jenner and more are styling slip skirts this summer.",Chloé Versabeau,2026-03-23T12:39:41.518Z,"What makes a slip skirt a slip Last summer, the lace-trimmed slip was a sleeper hit. But it seems It-girls, as of late, have shed their boudoir frills, lace and ruffles in favour of something sleeker and more As a rejection of excess, slip skirts were worn low-slung and unfussy, often paired with nothing more than a ribbed tank, a simple tee or a barely-there camisole, in the same way they are being styled today. Kate Moss made the look synonymous with off-duty cool while Carolyn Bessette-Kennedy elevated the piece as evening wear. Designers of the era, such as Calvin Klein and Jil Sander, championed the clean lines and easy wear of the bias-cut slip. Whether rendered in liquid silk, matte satin or cut from daring sheer fabrics, the slip skirt has become a foundational wardrobe piece that anchors spring outfits. Skewing office-ready with the right tailoring or shirting, “undone” with casual separates, or evening-appropriate with a shift in texture and proportion much like Carolyn’s. Here, the outfit formulas all the The cardigan is the perfect top for spring. Easy to combine, it can be worn with a satin skirt. Hailey Bieber creates a sober silhouette by complementing a black slip skirt with a cardigan in the same tone. For Kaia Gerber, the slip skirt is adopted in a minimalist silhouette. To increase the fashion quotient of her outfit, she opts for a blue bag and white ballet flats. The silk shirt combines with the skirt to create a look that's both ultra-elegant and comfortable. To make the ensemble even sexier, Elsa Hosk chose a transparent slip skirt, revealing her bra by buttoning just a few buttons on her shirt. ","https://assets.vogue.in/photos/69c0cc93269b759e15847423/16:9/w_1280,c_limit/2235281194"
"Apr 01, 2026 @ 00:21:24.747",5123824443d8e0bcba31de9c6c13c880,https://www.vogue.in/content/genelia-deshmukhs-raw-mango-look-draws-on-heritage-dressing-codes,Genelia Deshmukh’s Raw Mango look draws on heritage dressing codes,"The brocade blouse, jewelled kamarbandh and rose-threaded braid give the pale blue-grey drape its ceremonial charge",Vogue Staff,2026-03-23T10:01:20.040Z,"Genelia Deshmukh styled a pale blue-grey Raw Mango Jewellery from Kishandas & Co. included a gemstone-set necklace, jhumkas, stacked bangles, rings and a matching kamarbandh. The belt draws the eye to the waist and changes the way the sari falls through the middle, giving the silhouette more definition. Jyoti Sawant styled her hair in a braid accented with red roses and floral tassels, while Leiya Phinao Ningshen kept the makeup classic with kohl-rimmed eyes, softly tinted lids, a muted, glossy lip and a red ","https://assets.vogue.in/photos/69c10bc2274f36206244da45/16:9/w_1280,c_limit/SnapInsta.to_655171497_18574785004025570_3570392059180147322_n.jpg"
"Apr 01, 2026 @ 00:21:32.845",f3940b3af1a3e6cd6334df8c47b1d67d,https://www.vogue.in/content/athiya-shetty-brings-tie-dye-into-ceremonial-dressing-with-a-rani-pink-heena-kochhar-set,Athiya Shetty brings tie-dye into ceremonial dressing with a rani pink Heena Kochhar set,The actor styled the ensemble with ruby earrings,Nupur Sarvaiya,2026-03-22T05:30:00.000Z,"Athiya Shetty gives tie-dye an occasionwear spin in The hero element of her ensemble is the choga-style kurta. Traditionally worn across Central and South Asia, the choga is a loose, long-sleeved overlayer prized for both comfort and form. Here, Kochhar reworks it in rani weave tissue and tie-dye What gives the set its festive heft is the handwork. The yoke is generously embroidered with zari, dori, aari and sitara, creating a rich, jewellery-like focal point. Embellished cuffs mirror that detailing, carrying the same decorative language through the sleeves. The salwar is not treated as an afterthought either. The rani pink and yellow tie-dye silk linen carries the same work down to nearly the knees, giving the lower half enough presence to hold its own against the ornate kurta. Tie-dye, whether in the form of ","https://assets.vogue.in/photos/69bd03e5990405f834b8c41f/16:9/w_1280,c_limit/SnapInsta.to_654592957_18572860843051219_7333905417273994725_n.jpg"
"Apr 01, 2026 @ 00:21:40.873",5cb424daac9c90263cb7f89748a7dd40,https://www.vogue.in/content/rani-mukerjis-green-sabyasachi-sari-and-mrunal-thakurs-miraki-kalidar-lead-this-weeks-best-dressed-looks,Rani Mukerji's green Sabyasachi sari and Mrunal Thakur's Miraki kalidar lead this week's best dressed looks,Intricate gold detailing juxtaposed with a strong colour palette was this week's standout pairing.,Vogue Staff,2026-03-21T06:02:13.101Z,"A strong, vibrant palette took centre stage in this week’s festive and occasion wear, bringing a sense of richness and glamour to standout silhouettes. From Sara Arjun's burgundy Rani Mukerji redefined elegance at costume designer Eka Lakhani’s wedding, draped in a regal emerald-green silk sari by For her haldi ceremony, For her Keep scrolling for more of the best fashion looks of the week: ","https://assets.vogue.in/photos/69bccfd6d554ed0e336d5826/16:9/w_1280,c_limit/This%20one%20feels%20straight%20out%20of%20a%20classic%20portrait%20%F0%9F%98%8D%E2%9C%A8%F0%9F%92%84-%20@bharatgodambe_official%20%F0%9F%92%87_%E2%99%80%EF%B8%8F-%20@hairsto%20(2).jpg"
"Apr 01, 2026 @ 00:21:48.914",877e226570481588d7da04306f10bb97,https://www.vogue.in/content/5-90s-trouser-trends-to-supercharge-your-wardrobe-in-2026,5 ’90s trouser trends to supercharge your wardrobe in 2026,"From capri to cropped, here are the ’90s trousers we’ll be wearing again this summer. ",Daisy Jones,2026-03-22T02:00:00.000Z,"We’ve always loved the ’90s – but, in 2026, we You’ve got a pair of strappy heels or block boots – but what else to wear on your bottom half? Below, five ’90s-inspired trouser trends we’ll be wearing in rotation this year. Capri pants, which had a moment in the 1950s and ’60s, and then again in the late ’90s and early 2000s, are one of those weird garments that shouldn’t work but somehow just do – especially with a little low-rise heel and a spaghetti strap top. They were all over the spring/summer 2026 runways (see: Versace, Ralph Lauren and Isabel Marant), and are beloved by the likes of Kendall Jenner and Often, the secret to a flawless ’90s look isn’t in the item of clothing, per se, but the cut. Case in point: the beautifully tailored cropped trousers worn by the likes of CBK, Gwyneth Paltrow and Winona Ryder back in the day. Most often worn with a blocky boot or minimal I may have written about There’s something distinctly satisfying about the type of Go too sporty with your ","https://assets.vogue.in/photos/68da4885598bd95948b7ed31/16:9/w_1280,c_limit/@alo%20@alo%20@alo.jpg"
"Apr 01, 2026 @ 00:21:56.950",73069e0248606ab60f62bb01e525371e,https://www.vogue.in/content/white-top-and-jeans-5-ways-to-wear-the-timeless-duo-in-summer,White tops and jeans: 5 ways to wear the timeless duo in summer,"Few combinations feel as effortless as white tops and jeans. With subtle shifts in styling, the classic duo takes on a fresh, summer-ready edge.",Paulina Berges,2026-03-21T02:30:00.000Z,"White tops have always been absolute essentials. This classic can be interpreted in many different ways – from simple, straight-cut models to more extravagant versions with ruffles, cut-outs, or bows. And what could be a better match than This combination is currently popping up constantly, both on the runway and in street style. The best part? The duo can be worn in so many different ways – from flowing pussy-bow blouses to fitted short-sleeved blouses, from An all-white look feels summery and fresh, and is reinterpreted every season. We suggest combining a knotted cream-white top with white cargo flare jeans. The slightly different shades create a striking contrast. For Spring 2026, Stella McCartney presented a white peplum top reminiscent of the 2010s, but given a modern twist by pairing it with wide, Boho blouses with flounces, ruffles, or embroidery, seen at brands like Ulla Johnson, Isabel Marant, and Chloé, are also a major trend for the upcoming spring/summer season. These pair perfectly with Lovers of the classic look will find their allies in dark jeans. As Mossi demonstrates, off-the-shoulder white blouses that drape slightly asymmetrically over the trousers are a wonderful match. This creates the perfect balance between feminine elegance and casual coolness. The appeal of a white blouse lies in its details. Without relying on colour, it stands out through cut, drape and fit, whether fluid, structured or sharply tailored. Styling is what gives it character. Paired with a ","https://assets.vogue.in/photos/69bbb1865886b83e47179422/16:9/w_1280,c_limit/blusa-blanca-jeans.png"
"Apr 01, 2026 @ 00:22:04.978",3ec61b1f0fcf4f8f4392d9603f96aeef,https://www.vogue.in/content/aditi-rao-hydari-makes-a-case-for-colour-blocking-in-a-kanjeevaram-silk-lehenga,Aditi Rao Hydari makes a case for colour blocking in a Kanjeevaram silk lehenga,Hydari wore the handwoven Gaurang Shah look with stacked gold jewellery and hair and makeup by Charlotte Wang,Vogue Staff,2026-03-19T17:22:35.128Z,"For a close friend’s wedding, Aditi Rao Hydari wore a handwoven Kanjeevaram silk sari by Gaurang Shah, built around a high-voltage pairing of lime green, royal purple and antique gold. The sari’s broad gold zari pallu and hem do most of the visual work, giving the drape heft and shine, while the body stays lighter with scattered butis across the lime silk. The purple edge tracing the sari sharpens the contrast further, and the blouse picks that thread up exactly. Cut in the same saturated purple with woven gold detailing, it holds the palette together. In profile, the silk falls with the dense, sculpted drop Kanjeevaram does so well, especially around the lower half, where the pleats open into that unmistakable temple-silk sweep. She kept the jewellery traditional and close to the fabric language, with jhumkas, stacked bangles and a gemstone-set choker that sits neatly at the neck. Charlotte Wang styled Hydari’s hair in a half-up look and kept the makeup fresh, with flushed cheeks and a nude lip. “This look is a masterclass in colour blocking without looking like a statement. The gold jewellery supplements the undertones of the neon and the borders of the kanjeevaram sari. Add a dash of white to heighten the freshness of the look; one white gold bangle on each hand would go a long way,” says Manglien Gangte, Vogue India fashion associate. ","https://assets.vogue.in/photos/69bbdf179a435d6e68d66c58/16:9/w_1280,c_limit/Aditi%20Rao%20Hydari%20(@aditiraohydari)%20in%20our%20handwoven%20Kanjeevaram%20silk%20lehenga,%20where%20every%20thread.jpg"
"Apr 01, 2026 @ 00:22:13.006",be72bc0a44bf7bc7fbf8b47764250bc5,https://www.vogue.in/content/madhuri-dixit-nene-paired-her-ekaya-red-banarasi-silk-sari-with-ornate-temple-jewellery,Madhuri Dixit Nene paired her Ekaya red Banarasi silk sari with ornate temple jewellery,Ekaya’s vermillion Banarasi sari finds another outing in the actor's Gudi Padwa wardrobe,Nupur Sarvaiya,2026-03-20T13:28:41.382Z,"A steadfast The handwoven Interestingly, the same sari has found favour with two other actors as well on different occasions. In August 2025, Sayani Gupta chose it for the star-studded premiere of Thumb back to 2023, and you will spot Nimrat Kaur in the same six-yard staple. Kaur, who wore it for Diwali festivities, paired it with a bandeau blouse that highlighted the sari’s sculptural drape. The common thread across these three interpretations is that the sari’s versatility allows it to move fluidly across dress codes and the wearer’s styling choices. Dixit, however, factored in the modest elegance of the Marathi New Year by opting for a full-sleeved blouse. Her jewellery, from PNG Jewellers, veered into the A red Banarasi sari, like this, holds limitless universality. It can be reimagined for a festive morning or an evening celebration with equal ease. The secret lies in the styling, proving that one heirloom-worthy piece can speak many sartorial languages. ","https://assets.vogue.in/photos/69bd1af4666442d6ca1502d2/16:9/w_1280,c_limit/SnapInsta.to_654738159_18568539721052425_6226013766791491585_n.jpg"
"Apr 01, 2026 @ 00:22:21.030",a045871670f339df1772f994c04e9ece,https://www.vogue.in/content/smriti-mandhanas-rimzim-dadu-sari-is-made-from-woven-metal-wires,Smriti Mandhana's Rimzim Dadu sari is made from woven metal wires,"Since Sonam Kapoor wore it at Cannes, the metal sari has become one of Rimzim Dadu's most recognised pieces",Vogue Staff,2026-03-19T17:05:46.955Z,"Smriti Mandhana picked up the Best International Cricketer award at the BCCI Naman Awards in a custom Rimzim Dadu metal The sari has been worn by enough women in enough rooms that it carries its own shorthand now. Mandhana wearing it to collect a cricket award adds a new entry to that list without needing to explain why. She kept the accessories spare, small gemstone earrings and a diamond bracelet at the wrist, with her hair left straight and down. “Tie the hair up into a sleek pony to let the neckline breathe. Remove the bracelet and add a pair of bigger earrings instead, think sapphire. Swap the skirt for a pair of trousers with barely there strappy sandals,” says Manglien Gangte, Vogue India fashion associate. ","https://assets.vogue.in/photos/69bba4615c319cc56f138e83/16:9/w_1280,c_limit/IMG_1089%201copy.jpg"
"Apr 01, 2026 @ 00:22:29.054",0be5f2949c5fc8ca03c3ef332dc05514,https://www.vogue.in/content/madhuri-dixit-nenes-house-of-masaba-half-and-half-sari-pairs-the-palest-mint-with-a-pop-of-hot-pink,Madhuri Dixit Nene's House of Masaba half-and-half sari pairs the palest mint with a pop of hot pink,House of Masaba's camera motif gets the gold foil treatment in the pleats,Vogue Staff,2026-03-18T15:12:51.216Z,"Madhuri Dixit Nene stepped out in a half-and-half sari from House of Masaba, styled by Sukriti Grover. The house has built a language around pop-culture prints on Indian silhouettes, and this sari is that same instinct. The top half is pale mint chiffon edged in a green pinstripe border, unembellished enough that the bottom half earns its moment. The pleats open into a hot pink skirt, heavier in fabric and louder in colour, printed with oversized gold camera motifs that gather and shift as she moves, with smaller sunleaf elements scattered across the field. The blouse is sleeveless with a deep neckline, kept plain but for a beaded dori at the back. Gold pieces from PNG Jewellers, a long haar layered over a shorter necklace, chandbali earrings and stacked bangles, add enough weight that the print reads as occasion wear. Hair by Sheetal F Khan is pulled into a loose bun and Billy Manik works the makeup in warm pinks. “Go lighter on the jewellery and let the sari do the talking. A pair of pearl drop studs or pear-shaped emeralds should add the right amount of bling. Keep the neck bare. Swap the slip-on wedges for a pair of juttis,” says Manglien Gangte, Vogue India's fashion associate. ","https://assets.vogue.in/photos/69ba337590302d375dbd7b9e/16:9/w_1280,c_limit/Spreading%20a%20little%20sparkle%20wherever%20I%20go%E2%9C%A8.jpg"
"Apr 01, 2026 @ 00:22:37.108",59a2f131a49cbfe0c1ab8e18e816b8b5,https://www.vogue.in/content/deepika-padukones-kaleidoscopic-jigyam-patel-ensemble-is-layered-with-narrative-folk-motifs,Deepika Padukone’s kaleidoscopic Jigyam Patel ensemble is layered with narrative folk motifs,"Beauty is kept pared back, balancing out the vibrant Jigyam Patel kurta set",Vogue Staff,2026-03-17T14:47:01.560Z,"Deepika Padukone wore a custom kurta set by Jigyam Patel for a wedding reception, styled by Shaleena Nathani. The pink The purple dupatta is fully printed, carrying paisleys, florals and small figurative elements across its length, with a wide, intricately detailed border and tassels running along the edges. The trousers repeat the motifs at a smaller scale, keeping the visual language consistent without matching the kurta panel. Padukone paired the set with gold Despite the spectrum of colours and prints, the set works because the silhouettes–straight-cut kurta, narrow trousers and easy dupatta drape–stay uncomplicated while the surface carries the detail. The pink and purple palette keeps everything tied together, even as the patterns shift across pieces, and the tassels at the edges stop the set from reading like a flat printed surface. ""Add to the opulence of the look with a stack of glass bangles on both hands. Swap the purple flower in the hair for white and the dupatta for a long coat in the same pattern, says Manglien Gangte, Vogue India fashion associate. ","https://assets.vogue.in/photos/69b9111d433eb725b32f919a/16:9/w_1280,c_limit/%F0%9F%A9%B7%20@deepikapadukone%20In%20@jigyam%20Styling%20team%20@vasudhaguptaa%20@samridhi_.jain%20Hair%20@yiannitsapatori.jpg"
"Apr 01, 2026 @ 00:22:45.131",8eb2de941447d022be193dc3db172391,https://www.vogue.in/content/isha-ambani-makes-banarasi-brocade-feel-darkly-romantic-at-the-vanity-fair-oscars-2026-after-party,Isha Ambani makes Banarasi brocade feel darkly romantic at the Vanity Fair Oscars 2026 after-party,"Her custom Swadesh x Dilara Findikoglu ensemble brought together handwoven Banarasi brocade, black organza and a corseted silhouette with gothic inflexion",Vogue Staff,2026-03-17T11:29:18.779Z,"At the The fitted skirt carried that same tension between transparency and gleam, skimming the body before falling into a dipped hem with organza volume and tulle at the back. From a distance, the palette read almost sepia; up close, the textile did the real work. The Banarasi brocade was woven in Varanasi on a traditional pit loom using Indian mulberry silk and light gold zari, with motifs inspired by the geometry of historic Banarasi windows and executed through the Do Dama technique. Jamie Mizrahi kept the styling in step with the mood of the look. Her hair was worn loose in a centre part with a smooth blowout that sat neatly around the shoulders, letting the high neckline and detailed bodice stay in focus. The makeup stayed warm and polished: softly defined eyes, fluttery lashes, sculpted brows, a peachy flush through the cheeks and a nude lip that didn’t compete with the density of the garment. Jewellery by Lorraine Schwartz was spare with drop earrings that added some movement near the face and a statement ring that caught the light against the darker tones of the outfit. ","https://assets.vogue.in/photos/69b938c74efc9905f6f7e160/16:9/w_1280,c_limit/GettyImages-2266763015.jpg"
"Apr 01, 2026 @ 00:22:53.174",424e2bdad2bed703901e119fad2babfe,https://www.vogue.in/content/peek-a-butt-at-the-2026-oscars-side-butt-was-the-new-side-boob,"Peek-a-Butt! At the 2026 Oscars, side butt was the new side boob","From dangerously high slits to derrière-baring hip cutouts, everyone from Gwyneth Paltrow to Keke Palmer kept it cheeky at the 2026 Oscars.",Hannah Jackson,2026-03-18T09:50:48.229Z,"Earlier this year, we predicted that 2026 would be the “year of the crack.” Indeed, the While tasteful displays of side boob were ever-present during Hollywood’s biggest night, attendees also made a serious case for side butt. Although the Gwyneth Paltrow had a similar idea in mind with her pale pink Armani Privé dress. The Unsurprisingly, the Vanity Fair Oscars Party carpet had no shortage of…cheek. Heidi Klum’s butter yellow Chrome Hearts dress features sheer, embellished side panels that showed off her legs. Keke Palmer took a different approach in a royal purple velvet Gucci dress by Demna, the cutouts over her hips exposing a sliver of derrière. But Devon Lee Carlson took her slit to new heights. The champagne Saint Laurent dress’s asymmetrical slit showed off her entire leg—and a healthy dose of cheek. We’d say she took the cake. ","https://assets.vogue.in/photos/69ba71920adef999289c88a4/16:9/w_1280,c_limit/2266839270"
"Apr 01, 2026 @ 00:23:01.198",ee4e88d30df1e30746bd37f4b52c5a5a,https://www.vogue.in/content/tabus-rimple-and-harpreet-sari-glints-with-art-deco-geometry-and-birds-of-paradise-motifs,Tabu’s Rimple and Harpreet sari glints with Art Deco geometry and birds-of-paradise motifs,"Sequinned tulle forms the base of the frost-blue drape, worn with a jewel-worked blouse and a lace underskirt peeking through the hem",Vogue Staff,2026-03-16T14:23:26.297Z,"For a wedding event, Tabu wore a frost-blue Along the edge runs a wide gold border worked in sequins, thread and bead embroidery. The pattern moves through repeating geometric shapes that step outward along the length of the drape. Floral bursts appear intermittently across the lower portion of the sari and along the trailing pallu, while small bird motifs are worked into sections of the embroidery. The blouse carries dense surface work across the bodice and sleeves, set with crystals, coloured stones and bead embroidery. The neckline and sleeves reference antique lace patterns, and a lace underskirt becomes visible beneath the hem of the sheer sari. Green stone drop earrings and stacked bangles from Razwada Jewels introduce colour against the cool blue drape. Tabu’s hair was styled into a sleek bun set with white roses by Nanda Panchal, while Rajesh Patil kept the makeup in her familiar palette of kohl-lined eyes and a rosey ","https://assets.vogue.in/photos/69b81186be748561d265f36f/16:9/w_1280,c_limit/SnapInsta.to_651268857_18576262924043027_1079167768863670892_n.jpg"
"Apr 01, 2026 @ 00:23:09.224",cfd4d97cf1f35857a51517d2fa6a566a,https://www.vogue.in/content/priyanka-chopra-jonas-returns-to-the-oscars-2026-in-a-white-dior-gown-with-a-feather-trimmed-slit,Priyanka Chopra Jonas returns to the Oscars 2026 in a white Dior gown with a feather-trimmed slit,A sculpted bodice and diagonal draping through the waist shape the white gown’s streamlined silhouette,Vogue Staff,2026-03-16T08:48:12.285Z,"Priyanka Chopra Jonas returned to the Oscars red carpet in a white Dior gown that moves from a sharply cut bodice into a fluid skirt. The strapless neckline curves into an angular sweetheart shape, while the bodice holds firm through the waist. Below, the dress changes direction as fabric gathers diagonally across the hips, drawing the eye toward one side before falling into the skirt. That shift introduces movement through the midsection and breaks the straight line of the bodice. A high slit runs through the skirt, edged with feather trimming along the opening. The feathers sit only along that cut of the fabric rather than across the entire skirt, forming a narrow band of texture against the white base. As Chopra Jonas walked the carpet and later stepped on stage to present, the feathered edge lifted and settled with her stride. She wore high jewellery from Bvlgari’s Eclecttica collection, including a diamond necklace set with a vivid blue centre stone and matching rings. Her hair was worn long and sleek with a side part, brushed over one shoulder. The makeup followed a warm, muted palette: softly smoked eyes, bronzed skin and a nude lip. Nick Jonas accompanied her in a Ralph Lauren tuxedo jacket with a white shirt and black bow tie. Chopra Jonas last attended the Oscars nearly a decade ago. Her return this year favoured clean tailoring and controlled texture over elaborate embellishment, allowing the silhouette and the feathered movement of the skirt to register from a distance. “Rethink the white gown for a corporate outing, opt for a white suit and if you want to add a little bit of play, you can don a suit with a feather trim on the sleeve hem. The sleekness or sharpness of the look depends on the cut of the suit and the clean lines. Opt for trousers that are straight, slim-legged, and fall over your stilettos. A clean watch and an ear cuff to complete the look,” says Divya Balakrishnan, Vogue India fashion associate. ","https://assets.vogue.in/photos/69b7c2fd2411188106e9ea95/16:9/w_1280,c_limit/GettyImages-2266299369.jpg"
"Apr 01, 2026 @ 00:23:17.254",5fdaf3cb60f084a3d70d4e2f9799970e,https://www.vogue.in/content/isha-mukesh-ambanis-oscars-2026-look-is-vintage-valentino-couture-in-full-bloom,Isha Mukesh Ambani’s Oscars 2026 look is vintage Valentino couture in full bloom,Archival Valentino returns to the spotlight nearly two decades after its runway debut,Vogue Staff,2026-03-16T08:12:26.654Z,"Isha Mukesh Ambani attended the Across the neckline, a smooth black band runs straight across the chest, creating a sharp frame for the strapless cut. From that line, the embroidery begins immediately, spreading across the bodice in clusters of raised flowers worked in shades of violet, rose, blue and pale yellow. The threadwork carries small beads and sequins that catch the light, giving the surface a dimensional quality rather than lying flat against the fabric. The embroidery continues downward across the champagne base, thinning gradually as it moves into the skirt. Individual floral sprigs appear scattered across the lower half of the gown, allowing more of the satin ground to remain visible. Along the sides, deep black panels run the length of the dress, narrowing the silhouette and creating a strong vertical line that contrasts with the softness of the floral work. Jamie Mizrahi styled the archival piece with pink and white diamonds from Lorraine Schwartz, including a black ribbon choker, matching earrings and rings. Her hair was worn half-up with the lengths falling straight down the back, while the makeup stayed understated with strong brows, warm-toned eyeshadow and a nude lip–don't miss the pale pink manicure tying into the soft romance of the ensemble. Beside her, Anand Piramal wore a tuxedo featuring a burgundy jacquard dinner jacket, black lapels and classic black trousers. “The Valentino number flirts the fine line of romantic and period drama. The strapless silhouette really brings it to that contemporary red carpet space. Why not amp up the ethereal romance, with a chiffon translucent cape instead of the choker,” says Divya Balakrishnan, Vogue India fashion associate. ","https://assets.vogue.in/photos/69b7b0498ff1e803c2c36378/16:9/w_1280,c_limit/GettyImages-2266712012.jpg"
"Apr 01, 2026 @ 00:23:25.285",e46d7192df5618fc1c3826cf30f8759a,https://www.vogue.in/gallery/the-best-dressed-stars-from-the-2026-oscars,The best dressed stars from the 2026 Oscars,"The 2026 awards season concluded with a bang, as many Hollywood A-listers saved their best red carpet looks for last at tonight's Oscars.",Christian Allaire,2026-03-16T03:05:42.178Z,,"https://assets.vogue.in/photos/69b7728905655384f7665eb7/16:9/w_1280,c_limit/GettyImages-2266297850.jpg"
"Apr 01, 2026 @ 00:23:33.322",e0ca90e4577373beca966c247a19b596,https://www.vogue.in/gallery/from-priyanka-chopra-to-isha-ambani-see-every-look-from-the-2026-oscars-red-carpet,From Priyanka Chopra to Isha Ambani: See every look from the 2026 Oscars red carpet,The 98th annual Academy Awards are underway! See what all of your favorite Hollywood stars are wearing on the red carpet.,Vogue,2026-03-16T02:31:11.209Z,,"https://assets.vogue.in/photos/69b76b31b85357db26b90829/16:9/w_1280,c_limit/GettyImages-2266305499%20(1).jpg"
"Apr 01, 2026 @ 00:23:41.347",6f778321fa4229b21eca0dd5b4b09913,https://www.vogue.in/content/sharvaris-torani-lehenga-showcased-2000-hours-of-zardozi-dapka-and-marodi-handwork,"Sharvari’s Torani lehenga showcased 2,000 hours of zardozi, dapka and marodi handwork",The actor’s lotus pink and sage lehenga was paired with jewellery by Sunita Shekhawat,Nupur Sarvaiya,2026-03-15T04:30:00.000Z,"At a wedding reception where moody and metallic tones typically dominate after dark, Sharvari made a case for the softer side of eveningwear. The actor's pastel lehenga by Torani is proof that powdery palettes can hold their own. The lehenga is crafted in raw silk and complemented with a scalloped blouse with full sleeves and a translucent sage organza dupatta. For designer Karan Torani, the inspiration lies deep within Indian mythological storytelling. “This ensemble draws its spirit from the eternal poetry of Raas Leela, the divine dance of Radha and Krishna that has lived for centuries in Indian miniature paintings, temple murals and oral folklore,” he says. “I was imagining Radha standing quietly by the banks of the Yamuna in Vrindavan, a figure suspended between devotion and romance, surrounded by blooming gardens, peacocks and the music of the flute.” That imagery informed the soft lotus pink and sage colours of the garment. Torani envisioned the outfit “to feel almost like an Indian figurine coming to life,” he explains. The silhouette, too, borrows from historical Indian dress forms. “The choli draws from the classic angiya, a form that has existed in Indian dress traditions for centuries, interpreted with gentle, sculpted cuts to give it a contemporary elegance while retaining its modest, full-sleeved romanticism.” Across the lehenga, Torani’s signature visual language appears through scalloped borders, chintz florals and the Airavata elephant motif. Equally compelling is the surface ornamentation on the lehenga. “The entire surface is enriched with traditional hand techniques–zardozi, dapka, marodi, badla and kinari work–each painstakingly layered by artisans who have inherited these skills across generations. When these techniques come together, the garment begins to feel less like fabric and more like a tapestry,” Torani reveals. The process required more than 2,000 hours of handwork, with every scallop and motif positioned deliberately. “A small detail that brings it all together is the heart-shaped ‘Dilbar’ potli.” Styled by Tanya Ghavri, Sharvari’s lehenga was completed with jewellery from Sunita Shekhawat. Pieces from the Jaipur-based label’s Padmapriya collection brought in lotus and parrot motifs inspired by Goddess Lakshmi. Her chandbalis with kaan phool showcased intricate champlevé and delicate gulabi meenakari and they were paired with a ring from the label’s Heritage collection. ","https://assets.vogue.in/photos/69b42a6e886b6addafdf5e28/16:9/w_1280,c_limit/SnapInsta.to_650458312_18569552362046639_7351936201859655195_n.jpg"
"Apr 01, 2026 @ 00:23:49.374",4fe8c77341daee3cb6e19fd936a78162,https://www.vogue.in/content/10-colour-trends-setting-the-tone-in-2026,"From Cloud Dancer to power blue, 10 colour trends dominating the runways right now",Vogue brings you the colour trends of note for 2026,"Natalie Hammond,Augustine Hammond",2026-03-15T02:30:00.000Z,"As something of a maestro when it comes to setting colour trends, Interestingly, this creamy note somewhat preempted But, of course, what might be a succour to one person, enabling them to feel cool, calm and collected, could simply be, well, slightly boring to someone else, who perhaps feels invisible or even sad in stealth-wealth neutrals. Luckily, the spring/summer 2026 collections didn’t just cater to one school of thought but, instead, offered up multiple colour theories for contemplation. Prada’s show contained typically “off” gradations, including, but not limited to, canary yellow, lime green and turquoise blue. Naturally, they did the job of making certain garments – fluid knee-length skirts attached to a set of braces or, equally, knickers with a pair of pockets on either side – look even more outlandish (and brilliant, obviously). Elsewhere, bold colour-blocking was interspersed with easy-to-wear shades like black, white and chocolate. This was very much present and correct at It would also be remiss not to consider the most recent autumn/winter 2026 runways, which confirmed that bold colour will be everywhere at the tail end of the year too. It’s one thing to appreciate a colour as it comes down the catwalk. But, as easy as it might be to get swept up in a designer’s singular vision, recasting your wardrobe in electrically-charged hues as opposed to basic navy or beige, it will first pay to consider what colours feel like “you”. To help, we’ve dissected 10 colour trends that you could add to your roster ahead of the new season. Fuchsia made its presence felt on the catwalk at Alaïa, where a knitted skirt, falling in asymmetric pleats that zig-zagged up one calf, was the definition of “hot pink.” And it didn't stop there. At Chloé, puff-sleeved fuchsia crop tops were somewhat neutralised by sensible khaki skirts. Meanwhile over at Conner Ives, the shade was practically top-to-toe, with one outfit comprising a collar-popped tracksuit top, a fringed skirt and toe-thong Prada is always one-to-watch for what trends will cut through over the next six months, not least because of the way Ms. Prada manages to make any colour an interesting proposition (even the brand’s actual runway was a glossed clementine orange). Despite the profusion of shades, it was this particular Jil Sander’s spring/summer 26 collection was a lesson in “less is more”, with a focus on Klein Blue, a saturated primary-coloured shade that appeared on single-breasted coats, soft-power dresses and cropped jumpers. Eye-popping in some ways, but grounded in others, you won’t regret inviting its exuberance into your wardrobe, as long as it’s tempered by opaque black tights or a wool skirt in white. Tomato is a non-mover when it comes to colour trends – but for spring/summer 26, there’s a twist. At We’ve already discussed the relevance of Pantone’s “ For one of the most exciting debuts at Paris Fashion Week, Loewe’s creative-director duo, Jack McCollough and Lazaro Hernandez, delivered something of a wham-bam colour palette featuring searing primary shades. This green – or more accurately emerald – was particularly head-turning, especially when rendered as this clean take on While navy has long been a mainstay of the modern wardrobe, the autumn/winter 2026 collections offered elevated new interpretations of the shade. At Burberry, it appeared across an entire spectrum of textures, from plissé taffeta to buttery leather accessories, proving how much depth a single hue can hold. Ferragamo and If fuchsia is the grown-up way to wear pink, bubble gum is its playful younger sibling. Designers embraced the saccharine shade in glossy fabrics and sharply-cut silhouettes, giving the Barbie-approved hue a fresh dose of fashion credibility. At A softer alternative to navy, powder blue emerged as a key transitional shade across both seasons. At Chanel, it softened the house’s signature tweeds and polished accessories, while Erdem applied it to fluid silks adorned with delicate embroidery and embellishment. There’s an inherent calmness to powder blue, but in 2026, it feels far from sleepy. Styled alongside deeper blues, rich reds, chocolate browns or flashes of pink, the shade becomes quietly powerful. At Marni, Meryll Rogge’s highly anticipated debut as creative director set the tone with a palette of pastels punctuated by bursts of brightness. Among the standouts was butter yellow, a shade that has been steadily gaining traction for several seasons. Look out for creamy-toned variations rather than acidic brights. When styled with chocolate brown, navy or cream, butter yellow behaves almost like a neutral, which is precisely what makes it one of the most wearable colour trends of the year. ","https://assets.vogue.in/photos/69b29a8c15989239f70f8f55/16:9/w_1280,c_limit/Colour%20Trends%202026.jpg"
"Apr 01, 2026 @ 00:23:57.398",dc62b342d43fc5ce90475f240b3962c4,https://www.vogue.in/content/sonali-bendre-ushers-in-summer-with-her-patchwork-abu-sandeep-kurta-set,Sonali Bendre ushers in summer with her patchwork Abu Sandeep kurta set,The actor’s bohemian look is perfect for destination weddings,Nupur Sarvaiya,2026-03-14T04:30:00.000Z,"When Sonali Bendre arrived at filmmaker Sooraj Barjatya’s daughter’s wedding reception, she set the tone for the summer with a vibrant kurta set. Dressed in a colourful ensemble by Abu Jani Sandeep Khosla, the actor embraced a vibrant palette that brought together craft and comfort. Featuring a straight, pheran-style kurta, the actor’s look is composed of striking multi-coloured panels in shades of orange, aquamarine and yellow. It was rounded off with coordinated palazzo pants and an airy orange dupatta. The interplay of colour blocking and traditional craft lent the outfit a bohemian spirit, yet its tailored structure ensured it remained Reception-ready. According to Abu Jani and Sandeep Khosla, the set belongs to their ‘Banjara’ repertoire, a line that celebrates nomadic craft traditions through contemporary silhouettes. “Sonali Bendre is a joyous vision in Banjara by Abu Sandeep,” the designer duo shared. “The freshest peach, blue and yellow pastel hues come alive to create the perfect sartorial welcome to spring. The patchwork kali kurta, crafted in silk, features multicolour resham embroidery punctuated with mirror work.” The designers also note that the piece draws inspiration from their vintage’ Rabadi’ collection, translating heritage techniques into a modern context. The result is what they describe as “bohemian grace reinvented for the 21st century woman, where craft, art and attitude converge in spirited harmony.” A memoni and organza dupatta adds a wispy contrast to the rich fabric and intricate embroidered surface of the kurta. Bendre styled the look with a sculptural gold choker with matching drop earrings and stacked kadas. Metallic stilettos and a clutch served as the finishing touches. For glam, she went with a matte base and smoky eyes in shades of burnt orange that complemented the palette of the outfit, along with a nude pink lipstick. Bendre wore the set for a wedding reception, but its vibrant palette and breezy silhouette make it perfect for a beachside wedding, a lively mehndi ceremony or a colourful daytime fête. ","https://assets.vogue.in/photos/69b425b89ae12373cbd27fc6/16:9/w_1280,c_limit/SnapInsta.to_651179427_18511354219077618_8044581863440941202_n.jpg"
"Apr 01, 2026 @ 00:24:05.420",a7e450c1d78dfec61120796f0d5fd142,https://www.vogue.in/content/nita-ambani-and-sreeleela-make-a-case-for-florals-in-this-weeks-best-looks,Nita Ambani and Sreeleela make a case for florals in this week's best looks,"Soft colour and floral surface work run through saris and lehengas, shaped by light fabrics and detailed embroidery",Vogue Staff,2026-03-13T13:50:31.180Z,"Soft pastel hues blended with bursts of vibrant colour, while romantic floral motifs emerged as the defining detail in this week’s standout fashion moments. From Nita Ambani's sheer lace Anamika Khanna blouse with floral motifs to Sharvari’s soft Styled by Manisha Melwani, Harubai Zaveri's pure 925 statement silver jewellery included sculptural earrings, stacked bracelets and a bold ring bracelet. Nita Ambani wore a handwoven Banarasi silk sari from Swadesh. The soft-peach silhouette carried scattered floral motifs, while its subtle gold zari border framed the drape with understated elegance. She paired the sari with a custom lace blouse by Anamika Khanna, detailed with intricate 3D-like floral embroidery that lent the traditional look a contemporary edge. Sharvari goes for pastel romance in a Torani ensemble, styled by Tanya Ghavri. The skirt is embroidered with vertical lines of zari and sequins, with oval medallions appearing at intervals across the fabric and catching the light as she moves. A sweetheart-neck blouse worked in floral embroidery and long fitted sleeves continues the gold detailing, while a pistachio green dupatta edged with zari introduces a cooler note against the pink base. Sunita Shekhawat chandbalis from the Padmapriya collection and a sage green heart-shaped potli add lotus and parrot motifs rendered in Gulabi meenakari. Keep scrolling for more of the best fashion looks of the week: ","https://assets.vogue.in/photos/69b3e1335b3a916161038aae/16:9/w_1280,c_limit/Wishing%20Mrs.%20Nita%20Ambani%20a%20very%20happy%20anniversary.%20Congratulating%20her%20on%20the%20launch%20of%20HERoes%20on.jpg"
"Apr 01, 2026 @ 00:24:13.445",6349736af95c51d6a10832ef47cbb93d,https://www.vogue.in/content/why-a-generation-raised-on-screens-is-getting-into-watches,Why a generation raised on screens is getting into watches,Rado’s Adrian Bosshard shares what brands are learning from a new generation of collectors,Tyrel Rodricks ,2026-03-13T13:08:36.324Z,"I got my first real watch when I was about 10—a Casio F-91W that was a gift from my father. It was my introduction to ‘real’ watches as opposed to the cheap knockoffs I had worn before. It was only in my 20s that I bought a watch with my own money, a Tissot PR100 that required a serious squeeze from my wallet. But it was worth every penny. It turns out that story isn’t unique, with Gen Z collectors beginning their careers today and finding themselves in the same boat. Having been introduced to the watch world at a young age by the adults in their lives—or discovering it through its adjacency with their other interests—they are now beginning to build collections of their own. “The beginning of my obsession started when my grandfather passed on a Citizen Signature chronograph to me,” says 23-year-old Nirek Dembla, a student of business analytics. He adds, “I was instantly fascinated with its engineering and proportions; the dial taught me about the elegance of smaller dial sizes.” Archana Ajith, a 28-year-old journalist from Mumbai, credits her father for shaping her interest. “He has an extensive watch collection and began building it when he was around my age. Growing up, I watched him carefully choose each piece with a deep appreciation for its craftsmanship.” Twenty-eight-year-old Gladwin Menezes, however, developed his obsession independently. “[It’s] something I cultivated by watching tennis matches and sporting events where athletes would wear cool watches. Eventually, I grew curious about why their watches cost so much; despite the jokes about ‘time toh same hi dikhata hai’, I wanted to understand the craft, history and also a little about the mechanics.” That joke about watches has been around for decades. My X-rupee watch tells the same time as your a-lot-more-than-X-rupee one. And the response hasn’t changed either: a watch does more than tell time. It can speak volumes about whether you value attention to detail or vibes; prefer unabashed bling or stoic restraint; are interested in craft or technology, maybe both. A report from Chrono24 and Fratello from last year revealed that Gen Z watch owners around the world are drawn to vintage dress watches. Many of these have become familiar sights on social media feeds and red carpets alike, being sported by pop-culture figures from Zohran Mamdani with his Casio A1000MA-7VT to Saif Ali Khan’s Jaeger-LeCoultre Reverso Grande Taille and Paul Mescal’s Cartier Tank. For many young collectors, these pieces become entry points into watch history. “What particularly draws me to the Cartier Tank is its proportions, as it proves that a watch does not need to be massive to have a presence,” says Dembla. Menezes concurs: “The Tank has always been a favourite, and the Reverso is also one that I find really interesting.” India’s most famous defunct watchmaker also continues to attract Ajith. “I admire vintage HMT mechanical timepieces because they represent a period when India had its own watchmaking identity.” Luxury watch imports into India have been steadily rising in recent years, with a combined increase of 35% according to reports from Deloitte and Morgan Stanley-LuxeConsult. A new free-trade agreement between India and the EU will gradually reduce import duties on Swiss watches, potentially expanding the market further. Among the brands paying attention to this growing interest is Rado. I recently met CEO Adrian Bosshard, who was in the country for the launch of the True Round x Les Couleurs Le Corbusier collection at India Art Fair; the watchmaker has had a presence at the Delhi event for seven years. Bosshard (the perfect example of nominative determinism, if ever there was one) was eager to discuss what the company has observed among younger buyers, a target market that continues to grow. He reveals, “We’re seeing an important trend with young customers—of [them buying] long-term luxury goods. Today, young customers think and evaluate [their options]; they like to buy products with a long-term and sustainable relevancy.” When asked about timeless vintage designs, Bosshard points to the Anatom, a 40-year-old icon that was revived a few years ago. “It was a total revolution at the time [in 1983] because of its design. At a time when watches were round and steel, it was ‘Hardmetal’ (Rado’s proprietary tungsten-carbide alloy) and anatomical.” The curvature of the watch was designed to enhance its wrist-feel—one of the factors Bosshard considers when choosing a watch, alongside design, quality and reliability. Our Gen Z contributors seem to echo this list. “Proportions are very important; a watch has to sit well on my wrist and feel balanced,” Ajith says. Dembla concurs: “I mainly focus on sub-40mm watches as I think they provide the most balanced silhouette [for me],” adding, “I also look for clean, minimal designs that are backed by rich historical significance.” These criteria are mirrored in their collections and wishlists. Dembla says, “My most recent and significant piece is a Rado Captain Cook high-tech ceramic diver with a beautiful green dial. This watch in particular was the grail for me when I started collecting, because of its concave ceramic bezel and pure diver-watch DNA. As for what’s next in my collection, it’s a Jaeger-LeCoultre Reverso.” Ajith’s wish list also features names that will be instantly recognisable to collectors of any age: “Audemars Piguet and Cartier will probably always be on it. But realistically, what I’m eyeing right now is a 37mm Rado Captain Cook automatic.” For this new wave of collectors, the watches on their wish lists share one thing in common: longevity. While trends may ebb and flow, these are pieces chosen with the expectation that they will stay meaningful long after the novelty of purchase fades. As Dembla puts it, “In a time when we are surrounded by vast amounts of fleeting digital utility, a traditional timepiece acts as a rare island of permanence.” ","https://assets.vogue.in/photos/69b40acf03534fef94a200ea/16:9/w_1280,c_limit/GettyImages-2241832849.jpg"
"Apr 01, 2026 @ 00:24:21.473",b0da1dacae584213153b859d1344ca0e,https://www.vogue.in/content/bhumi-pednekkar-shines-in-an-arpita-mehta-tissue-sari-detailed-with-cutdana-and-mirrorwork,Bhumi Pednekkar shines in an Arpita Mehta tissue sari detailed with cutdana and mirrorwork,Emerald chandelier earrings introduce a jewel-toned accent against the rose-gold palette,Vogue Staff,2026-03-12T14:03:35.774Z,"Bhumi Pednekkar stepped out in a rose-gold Arpita Mehta Pednekkar paired the bustier with a rose-gold tissue sari constructed with godet panels that introduce a gentle flare through the skirt. The sheer pallu is embroidered with large circular medallion motifs radiating outward from mirror centres. The tonal embroidery sits lightly over the transparent base, allowing the fabric beneath to show through while the mirrors provide moments of reflection across the drape. As the pallu falls over one shoulder, the medallions spread across the fabric in a repeating pattern that becomes more visible as the sari moves. Earrings from Jagdish Jewellers provided the look’s primary jewellery moment, their colour standing out against the neutral metallic palette. Pednekkar wore her hair in loose waves and her makeup followed the warmth of the ensemble: copper-toned lids with kohl-lined eyes, sculpted brows, a flush of blush and a muted ","https://assets.vogue.in/photos/69b24564537260a4d4fa1e53/16:9/w_1280,c_limit/%E2%9C%A8%E2%9C%A8%E2%9C%A8%E2%9C%A8%E2%9C%A8%F0%9F%92%8B%20....jpg"
"Apr 01, 2026 @ 00:24:29.500",9c06e617ad51f59e9a404aea50e4f297,https://www.vogue.in/content/rashmika-mandannas-rainbow-mehendi-ensemble-took-over-4000-hours-of-artisanal-craftsmanship-to-make,"Rashmika Mandanna's rainbow mehendi ensemble took over 4,000 hours of artisanal craftsmanship to make",The Torani look served as a kaleidoscope of artisanal techniques and devotional art rooted in culture,Vogue Staff,2026-03-11T13:57:57.148Z,"Rashmika Mandanna’s mehendi look placed colour and iconography at the centre of the celebration. Wearing a custom The off-shoulder corset, shaped with a sweetheart neckline, is embroidered in dense zardozi latticework accented with suspended bead tassels that move with the body. It is paired with a draped dhoti-style skirt assembled from jewel-toned brocade panels in maroon, emerald and deep navy, creating a patchwork of miniature motifs and borders that read almost as textile fragments brought together. The odhni carries the look’s most striking detail–across its length sits a large depiction of Goddess Lakshmi framed within a temple arch, referencing the compositions of traditional Tanjore paintings known for their ornate framing and saturated colour. The panel sits against a field of patterned textiles edged with multicoloured triangular trims and tassels, allowing the illustration to appear as the drape shifts. Patel paired the ensemble with a long rose-cut diamond necklace accented with Burmese stones from Shree Jewellers and matching earrings. Her mehendi, created by Sona Suthar, incorporates symbols including the swastika, trishul, Om and lotus alongside Telugu and Kannada script, reflecting the actor’s linguistic and cultural heritage. Vijay Deverakonda coordinated in a custom Torani look featuring a tonal draped lungi, an emerald kurta and an embroidered jacket patterned with miniature parrots, elephants and peacocks. A kamarbandh detailed with Swarovski elements and zardozi work accented the groom's look. Sourav Roy binds her half-updo with a trail of flowers that cascade past her shoulders, blending smoothly with the remaining lengths while neutral-toned makeup balanced the “Rashmika Mandanna's Torani sari is a carnival of colours. Why not create a Renaissance twist? Ditch the sari and pair the colourful corset with a ruffled or layered skirt. Add boots and a stacked wristful of jewellery, and you are good to go,” says Divya Balakrishnan, Vogue India fashion associate. ","https://assets.vogue.in/photos/69b0f603c64c07407264d0a0/16:9/w_1280,c_limit/%E0%A4%95%E0%A4%B0%E0%A5%8D%E0%A4%A6%E0%A4%AE%E0%A5%87%E0%A4%A8%20%E0%A4%AA%E0%A5%8D%E0%A4%B0%E0%A4%9C%E0%A4%BE%E0%A4%AD%E0%A5%82%E0%A4%A4%E0%A4%BE%20%E0%A4%AE%E0%A4%AF%E0%A4%BF%20%E0%A4%B8%E0%A4%AE%E0%A5%8D%E0%A4%AD%E0%A4%B5%20%E0%A4%95%E0%A4%B0%E0%A5%8D%E0%A4%A6%E0%A4%AE%20%E0%A5%A4%E0%A4%B6%E0%A5%8D%E0%A4%B0%E0%A4%BF%E0%A4%AF%E0%A4%82%20%E0%A4%B5%E0%A4%BE%E0%A4%B8%E0%A4%AF%20%E0%A4%AE%E0%A5%87%20%E0%A4%95%E0%A5%81%E0%A4%B2%E0%A5%87%20%E0%A4%AE%E0%A4%BE%E0%A4%A4%E0%A4%B0%E0%A4%82%20%E0%A4%AA%E0%A4%A6%E0%A5%8D%E0%A4%AE%E0%A4%AE%E0%A4%BE%E0%A4%B2%E0%A4%BF%E0%A4%A8%E0%A5%80%E0%A4%AE%E0%A5%8D%20%E0%A5%A5O%20sacred%20source%20of%20cr.jpg"
"Apr 01, 2026 @ 00:24:37.535",fe1517228f8407eb3e3e8ba5728845f3,https://www.vogue.in/content/this-subtle-colour-pairing-is-set-to-be-summers-new-monochrome,This subtle colour pairing is set to be summer's new monochrome,"The chocolate and vanilla outfits to try this spring, according to the street-style set",Augustine Hammond,2026-03-10T10:06:26.155Z,"Spend enough time refreshing the This season, it’s the latter that’s proven especially telling. Unexpected colour pairings of all kinds have been immensely popular, from lavender and raspberry to rich But when it comes to pairings with a little less sugary sweetness, few rival the reliability of wearing black and white. We all know it works, and we all know how to style it. Yet among the street-style set and on the catwalks, a new pared-back contender has staked its claim just in time for spring: brown paired with off-white (chocolate and vanilla, perhaps?). Consider it a softer and more seasonally-appropriate take on The brown and cream colour combination was seen across the spring/summer 2026 runways. Fendi went for a tailored look, styling If fire-engine brights and saccharine shades aren’t your bag, read on. Below, discover several ways to wear brown and cream, taking inspiration from attendees photographed during Fashion Month. ","https://assets.vogue.in/photos/69afbd572d2d983fbe70bbd9/16:9/w_1280,c_limit/GettyImages-2265007068.jpg"
"Apr 01, 2026 @ 00:24:45.563",6e92c8d39d5fef13149de6a58279488b,https://www.vogue.in/content/bhumi-pednekkar-wears-a-corset-sari-embellished-with-crystal-traced-animal-stripes,Bhumi Pednekkar wears a corset sari embellished with crystal-traced animal stripes,She paired the ensemble with a rustic oxidised choker embellished with intricate tribal-style carvings.,Vogue Staff,2026-03-10T16:34:29.674Z,"Tiger-stripe The oxidised jewellery curated from Shri Paramani Jewels included a statement silver choker and a pair of rings that add a Her tousled hair is kept open in a centre part, for a sultry finish to the look. Her makeup—a luminous bronze palette paired with chocolate-brown smoky eyes and a deep mauve glossy lip—adds a touch of “Dial up the dark feminine energy, glossy black lids and slick back hair. Add a pair of platform pumps to elongate the silhouette and stack a pile of silver cuffs and bangles on the left arm - think studs,” says Manglien Gangte, Vogue India fashion associate. ","https://assets.vogue.in/photos/69afa0feb73c33e9792f9f83/16:9/w_1280,c_limit/%F0%9F%96%A4%F0%9F%90%85%F0%9F%92%8B....Saree%20@itrhofficial%20Jewelry%20@shriparamanijewelsStylist%20@nidhijeswaniPhotographer%20@_ren.jpg"
"Apr 01, 2026 @ 00:24:53.587",8ec70fb20fe5caffdadbadb5d40922a1,https://www.vogue.in/content/ananya-pandays-tarun-tahiliani-concept-sari-plays-with-lace-and-sequins,Ananya Panday’s Tarun Tahiliani concept sari plays with lace and sequins,A half-up hairstyle and softly draped blush continue Panday’s go-to beauty look,Vogue Staff,2026-03-09T16:18:14.167Z,"Ananya Panday stepped out in a The Draping has always been central to Tahiliani's work. “We would make the sketches and then everything would be made into a toile. We would dress the fit models and ask, ‘Can you sit? Can you move?’ If you can’t walk in the clothes, we have failed as designers,” he Stylist Priyanka Kapadia kept the accessorising focused on a choker by Umrao Jewels. Aanchal A Morwani pulled the hair into a half-up style, while makeup by Riddhima Khubchandani stayed in Panday's go-to territory of luminous skin, draped blush and a glossy “Work in a pop of colour in the accessories; either incorporating that in the heel or as a small clutch or handbag,"" says Divya Balakrishnan, Vogue India fashion associate. ","https://assets.vogue.in/photos/69ae7dcf15288e0b24d0699e/16:9/w_1280,c_limit/For%20@cnnnews18%20@showsha_%20%F0%9F%A4%8D%20thank%20you%20for%20the%20honour%20%F0%9F%A4%8D%20%20Outstanding%20Performance%20for%20Kesari%20Chap.jpg"
"Apr 01, 2026 @ 00:25:01.610",eb28b7924831da0837fb8f0ea8e835b2,https://www.vogue.in/content/isha-ambanis-champagne-corset-and-lehenga-glint-with-crystals-beadwork-and-sequins,"Isha Ambani’s champagne corset and lehenga glint with crystals, beadwork and sequins",Stylist Anaita Shroff Adajania paired the ensemble with diamond jewellery that mirrored its shimmer,Vogue Staff,2026-03-09T12:54:28.942Z,"Isha Mukesh Ambani attended a sangeet ceremony wearing a champagne-toned ensemble that combined couture corsetry with traditional Indian embroidery. The strapless corset, custom-made by Wiederhoeft, featured visible boning channels overlaid with tonal beadwork and sequins. The corset opened into a lehenga by Hair by Mike Desir is centre-parted and smoothed back before falling into loose waves down the back. A floral diamond maang tikka sits at the parting, while chandelier earrings carry into the hairdo with trailing diamond chains. Deepa Verma keeps the makeup tonal with softly smoked eyes, luminous skin and a rose-toned nude lip. “An off-shoulder gown is a classic; it moves seamlessly from elegant evening wear to a wedding event. Swap the diamonds for some colourful stones to add a pop of rich colour to the look,” says Divya Balakrishnan, Vogue India fashion associate. ","https://assets.vogue.in/photos/69ae534db450959dbb0caa4e/16:9/w_1280,c_limit/Isha%20%F0%9F%8C%9F%F0%9F%A4%8D%20Sangeet%20codedIsha%20Ambani%20in%20custom%20@wiederhoeft%20and%20custom%20@manishmalhotraworld%20@manis.jpg"
"Apr 01, 2026 @ 00:25:09.639",55ca8a9604f7a099a7782c5f1189cb55,https://www.vogue.in/content/suhana-khans-anamika-khanna-lehenga-pairs-pastel-panels-with-floral-embroidery,Suhana Khan’s Anamika Khanna lehenga pairs pastel panels with floral embroidery,A butter yellow organza dupatta and multi-hued gemstone jewellery bring contrast to the airy lehenga,Nupur Sarvaiya,2026-03-08T10:06:35.742Z,"Suhana Khan made her way to the wedding ceremony of Arjun Tendulkar and Saaniya Chandhok in Mumbai on Thursday alongside her parents, Shah Rukh Khan and Gauri Khan. For the occasion, the actor chose a romantic pastel lehenga by The look leaned entirely into spring-summer’s most covetable language: a pastel palette and an abundance of florals. At weddings where maximalism is often the dress code, her look took the season-appropriate approach of choosing something fun and fresh over heavy opulence. The lehenga set comprised a cap-sleeved blouse with a sweetheart neckline paired with a voluminous, floor-sweeping skirt and a wispy dupatta. The skirt featured alternating panels of kalis in shades of blush pink and mint green, which create a subtle contrast and visual intrigue. Embroidery played a pivotal part in bringing the ensemble to life. The entire lehenga was doused in thread embroidery that rendered delicate florals and foliage motifs across the surface in a painterly arrangement. The placement of the motifs allowed the skirt to feel richly detailed without appearing dense. Injecting contrast and an ethereal movement to the blush lehenga was a butter yellow organza dupatta. The pop of colour broke the pink monotony and was draped loosely over one shoulder. Along with the same thread embroidery on the lehenga, the dupatta was punctuated with rich zardozi work. Ami Patel styled the look with a multi-hued gemstone necklace and matching drop earrings. Her makeup was minimal, featuring a dewy base and rose pink hues on the eyes and lips. Her blow-dried hair was styled into soft curls in a half-up-half-down style and finished with a small bouquet of fresh flowers. ","https://assets.vogue.in/photos/69ad496af02d1660ce9e2d8d/16:9/w_1280,c_limit/SnapInsta.to_645124877_18573906781031791_5163580566997614408_n.jpg"
"Apr 01, 2026 @ 00:25:17.664",4357377000486c0eb76cb9884f442621,https://www.vogue.in/content/how-to-wear-your-skinny-jeans-like-these-90s-and-00s-style-muses,How to wear your skinny jeans like these ’90s and ’00s style muses,"Want to know how to wear your skinny jeans this summer? Here’s how to wear them like our favourite style muses from the ’90s and ’00s, including Kate Moss and Sienna Miller.",Chloé Versabeau,2026-03-08T03:00:00.000Z,"Every few years, skinny A cornerstone of There is perhaps no more reliable style inspo than celebs at the airport circa the late ’90s. At LAX, Cindy Crawford perfected the art of off-duty chic: skinny jeans, a classic tee, a blazer on top and black ankle boots. Add oversized sunglasses and a shoulder bag and you’ve got a look that’ll hold up after any long-haul flight. If your moodboard leans more towards little Jenny Humphrey than Blair Waldorf, take cues from Gisele Bündchen in her early-2000s era (when the airport bar took precedence over yoga retreats and juice cleanses). Skinny jeans, a leather jacket, a slouchy V-neck tee and There are many styling lessons we can take from Kate Moss ( Forever a style icon of the early Noughties, Sienna Miller has earned her place in the skinny jeans history books. In 2005, the actress paired denim with ballet flats and we’ve been trying to replicate this look ever since. An asymmetric white top, giant sunglasses and, crucially, a Balenciaga Le City bag tucked into the crook of her arm complete the look. Although it may all be a bit more naked dressing and all-out Hollywood glamour these days, back in the ’90s and Noughties, even the step-and-repeat wasn’t immune to the pull of skinny jeans. At the Venice Film Festival in 2004, Angelina Jolie opted for low-rise skinny jeans, finished with pointed gold pumps and a ","https://assets.vogue.in/photos/69aa822d583a21105cbc6f61/16:9/w_1280,c_limit/117044819"
"Apr 01, 2026 @ 00:25:25.688",6c017f30781f84cff4955e18ac92bd05,https://www.vogue.in/content/sreeleelas-pistachio-anarkali-is-a-melange-of-zardozi-badla-and-gota-patti,"Sreeleela’s pistachio anarkali is a mélange of zardozi, badla and gota patti",The actor wore a dainty choker and studs to accessorise her look,Nupur Sarvaiya,2026-03-07T04:30:00.000Z,"For The ensemble, crafted in nysa silk, plays with sensual structure and fluid movement. The bodice is tailored to hug the torso before opening into a generous flare that falls to the floor. The kurta’s scoop neckline is complemented by the back’s deep scoop, revealing a striking open back that lends the otherwise classic silhouette a subtle sensuality. Although the overall anarkali is bereft of ornate embellishments, the artistry is concentrated along the hemline where intricate zardozi work forms an ornate border. “The craftsmanship harks to the bygone Mughal era,” shares Sharma. “It is Afghani in style but slightly Indianised. The embroidery features a blend of aari embroidery, mirror work, bugle beads, zari thread and badla. It took over ten days to come to life.” The richness of the silk kurta is paired with a wispy Chanderi dupatta that introduces subtle sheen and a lightness to the look. The dupatta features two-tone Chanderi in shades of light green arranged in linear patchwork, while its borders echo the same zardozi and gota patti detailing seen on the hem. With the anarkali’s traditional silhouette and heritage embroidery combined with the fresh shade and open back, the ensemble looks of-the-moment rather than conventional. This best-of-both-worlds approach makes it the kind of design that can transition across occasions. Styled smartly, it can work for a daytime celebration and just as well for a glam cocktail soirée. Sreeleela’s styling reflects this versatility. She paired the look with platform wedges from the House of Vitti India and jewellery from Shold Sherni®. Her beauty look remained understated with rose pink tones, softly blow-dried curls and a classic bindi. ","https://assets.vogue.in/photos/69ab293a16604e9e3abedbf4/16:9/w_1280,c_limit/SnapInsta.to_645740587_18396367486150736_2290348521511188272_n.jpg"
"Apr 01, 2026 @ 00:25:33.716",129b8f9e0a580fda32683afb56d4e4c2,https://www.vogue.in/content/backless-loafers-are-summers-sleekest-shoe-trend,Backless loafers are summer's sleekest shoe trend,Imagine the ease of a summer sandal in the polished form of loafer.,Minty Mellon,2026-03-07T03:00:00.000Z,"Summer is finally on the horizon, which means it’s time to swap heavy footwear for something lighter and sleeker. Enter the backless The loafer mule emerged as a quiet breakout this season after a decade-and change of lying dormant, with Bottega Veneta, Victoria Beckham, Calvin Klein, and Celine all incorporating versions of the silhouette on their spring runways. What makes the shoe so appealing is its nonchalant, slip-on-and-go versatility. In sumptuous suede or worn-in leather, in pale pink or For weekends, style yours with worn-in denim and a cozy knit—an off-duty uniform that still feels considered. Come Monday ","https://assets.vogue.in/photos/69aa9405a3741072a568205b/16:9/w_1280,c_limit/2238574792"
"Apr 01, 2026 @ 00:25:41.740",81f76e5b5c6adfe466408ec2a5fbf6a3,https://www.vogue.in/content/ananya-pandays-gold-thread-anamika-khanna-couture-and-priyanka-chopra-jonass-layered-dior-skirt-lead-this-weeks-best-looks,Ananya Panday’s gold-thread Anamika Khanna couture and Priyanka Chopra Jonas’s layered Dior skirt lead this week’s best looks,"Texture and tailoring take the lead, with embroidery-heavy couture sitting alongside runway-driven silhouettes",Vogue Staff,2026-03-06T16:30:00.000Z,"Surface work, tailoring and silhouette shifts defined this week’s standout fashion moments. Embroidery dominated the Indian looks, from Ananya Panday’s densely worked Anamika Khanna couture to Mrunal Thakur’s paisley-laden sari by Mrunalini Rao. Elsewhere, international runways entered the mix: Alia Bhatt stepped out at Milan Fashion Week in a leather trench worn as a dress, while Priyanka Chopra Jonas attended Dior’s show in Jonathan Anderson’s layered skirt silhouette referencing Paul Poiret. Ananya Panday wore Anamika Khanna couture in the form of a mandarin-collar jacket and long skirt densely covered in gold floral embroidery. Vines, leaves and blossoms spread across the surface in layered threadwork with sequins and bead clusters stitched through the motifs, giving the garment a richly worked texture. Along the inner closure running down the front of the jacket, strings of white beads formed scalloped edges that introduced a lighter vertical line through the field of gold. From the jacket hem, long strands of fringe fell over the skirt and moved with each step, bringing motion to a surface otherwise packed with ornamentation. Stylist Priyanka Kapadia Badani paired the ensemble with a neckpiece built around fan-shaped motifs and stud earrings, but it is the pearl drops on the necklace that create continuity with the ensemble's surface work. Riviera Lynn created a luminous no-makeup makeup look, while hair by Sankalp Vilas Surve fell in loose waves that softened the sharp neckline of the mandarin collar. Sanya Malhotra chose an Aseem Kapoor ensemble built around a sculpted bra blouse embroidered with figurative motifs and geometric borders. The skirt extended the palette through vertical panels worked with resham thread, zari and marori embroidery, with bead tassels and small hanging details scattered across the surface. A printed dupatta in sheer silk introduced another layer of pattern to the mix of colour and texture. Styled by Manisha Melwani, the look included a gemstone choker and gold studs by Ritika Bhasin Gupta. Hair jewellery by Anupa Tulsi Jewellers threaded through the bun alongside fresh flowers. Trenches are the new dresses and Mrunal Thakur wore a black sari by Mrunalini Rao where the embroidery runs continuously from the blouse into the pallu border. Multicoloured threadwork, sequins and bead clusters form dense floral and paisley motifs across the blouse before extending into a broad embroidered band along the drape. The rest of the sari remains largely dark, interrupted only by small scattered motifs across the fabric. Styled by Tanishq Malhotra-Gulabani, the look included drop earrings from PMJ Jewels. Sleek straight hair and softly contoured makeup kept the attention on the sari's surface work. Keep scrolling for more of the best fashion looks of the week. ","https://assets.vogue.in/photos/69ab2746440ee41f444b2a68/16:9/w_1280,c_limit/SnapInsta.to_641870972_18575677720040637_4158887306083628481_n.jpg"
"Apr 01, 2026 @ 00:25:49.766",bbd02617aeb913f953e721db98957237,https://www.vogue.in/content/dont-miss-the-multi-material-tiers-of-jacqueline-fernandezs-butter-yellow-gown,Don't miss the multi-material tiers of Jacqueline Fernandez's butter yellow gown,Old-Hollywood waves and luminous makeup introduce softness against the dress’s sculptural structure,Vogue Staff,2026-03-05T15:08:38.069Z,"Jacqueline Fernandez wore Cheney Chan’s Private No.110 from the designer’s F/W 25/26 The technique becomes most visible through the skirt. Horizontal tiers move down the length of the dress, each edged differently: soft lace trims, gauze folds, bands of beadwork and sections of fringe that hang in narrow strands. The layers create a shifting surface where matte fabric, embroidery and movement sit side by side, giving the lower half of the gown its distinctive texture. Above it, the bodice is tightly pleated and draped diagonally across the torso, the fabric lifting into a sweeping off-shoulder fold that arcs across the neckline. Long sheer gloves dotted with crystals extend the palette of the dress, while jewellery from Mahesh Notandas includes a floral diamond necklace and matching studs. Priyanka Trehan keeps the face luminous, with rose-toned shimmer across the eyelids and a muted pink lip. Side-parted waves fall loosely over the shoulders, lending the look an old-Hollywood softness against the sculptural gown. “Ditch the gloves entirely and add a stack of oversized gold cuffs and bangles instead; this will push the look into high fashion editorial. Coif up the hair into a slick bun with a deep side part, classic red lips and finish off with a sharp winged liner,” says Manglien Gangte, Vogue India fashion associate. ","https://assets.vogue.in/photos/69a9140c8343b5ede30eaabb/16:9/w_1280,c_limit/Belle%20%E2%AD%90%EF%B8%8F%E2%AD%90%EF%B8%8F.jpg"
"Apr 01, 2026 @ 00:25:57.791",6fa2efd0c4c1c477e708234ec05e4d53,https://www.vogue.in/content/rashmika-mandannas-falguni-shane-peacock-sangeet-ensemble-shines-with-crystal-detailing,Rashmika Mandanna's Falguni Shane Peacock sangeet ensemble shines with crystal detailing,Stylist Ami Patel pairs the ensemble with custom statement jewellery from Shree Jewellers,Vogue Staff,2026-03-04T14:36:12.935Z,"Rashmika Mandanna chose Falguni Shane Peacock for her sangeet celebrations, wearing an ivory lehenga densely embroidered with sapphire and silver crystal motifs. The jewel-toned embellishments spread across the surface of the lehenga in intricate patterns, giving the ivory base a cool shimmer under the lights. Styled by Ami Patel, the silhouette allows for movement across the dance floor, an advantage on a night built around music and choreography. A scoop-neck blouse carries the same gemstone embroidery, while a sheer dupatta scattered with crystals trails behind her. Hair by Sourav Roy is pulled into a sleek bun, while Tanvi Chemburkar keeps the makeup luminous with champagne-toned eyes and a nude lip. “Break up the ensemble with emerald jewellery. This not only adds depth to the look but also introduces a focal point. Go lighter with the material of the cape. A sheer embellished ivory cape with feather trimmings, which is also a signature of the designer duo, would add just the right amount of magic,” says Manglien Gangte, Vogue India fashion associate. ","https://assets.vogue.in/photos/69a7eb4168b48871f0d2636d/16:9/w_1280,c_limit/The%20night%20filled%20with%20love,%20tears%20of%20joy,%20laughter,%20music,%20singing,%20glitters%20and%20us%20dancing%20thro.jpg"
"Apr 01, 2026 @ 00:26:05.821",ed125e7679f26c4288e9f3626d0a4696,https://www.vogue.in/content/priyanka-chopra-jonas-goes-off-duty-in-a-denim-on-denim-nahmias-set,Priyanka Chopra Jonas goes off-duty in a denim-on-denim Nahmias set,"Denim on denim can divide opinion, but Priyanka Chopra Jonas keeps the pairing easy",Vogue Staff,2026-03-04T14:03:34.786Z,"After a round of press to promote her latest release One of fashion's most enduring pairings, denim-on-denim's history traces to the 1950s, when singer and actor Bing Crosby was denied a room at a Vancouver hotel because, as the denim company's historian Lynn Downey The brand responded by producing a custom version known as the ‘Canadian Tuxedo,’ specifically made for Crosby. Over the years, the once rebellious dress code has moved from subculture to high fashion and pop culture. The trend reached peak pop-culture icon status when In recent years, celebrities like Rihanna and Bella Hadid have revisited the pairing, styling it for everything from red carpets to off-duty appearances. “Priyanka Chopra Jonas's patina head-to-toe denim look for the airport is cool and casual. To take it away from this co-ord streetwear aesthetic, try pairing the bomber with a ruffled skirt. A shorter mini would be more cutesy every day, while a longer maxi length can add a bohemian twist. Retain the cap and a tote bag and for footwear, you can go with boots as she has, Converse or just plain flip flops, based on your mood,” says Divya Balakrishnan, Vogue India fashion associate. ","https://assets.vogue.in/photos/69a7bc77e26479a7f809ca7e/16:9/w_1280,c_limit/GettyImages-2264394291.jpg"
"Apr 01, 2026 @ 00:26:13.844",e88fa6365628e822b7e88f6930debf87,https://www.vogue.in/content/kareena-kapoor-khan-adds-edge-to-athleisure-with-a-phoebe-philo-era-celine-leather,Kareena Kapoor Khan adds edge to athleisure with a Phoebe Philo-era Céline leather,The beauty stays classic with slicked-back hair and a bold red lip,Vogue Staff,2026-03-03T04:30:00.000Z,"Kareena Kapoor Khan steps out in a zip-neck PUMA knit for the launch of PUMA x Outhouse Speedcat charms. Over it, stylist Lakshmi Lehr adds a black leather jacket from Phoebe Philo’s Celine, the brass buttons and buckled tabs catching against the matte surface. The jacket hangs open, leaving the cropped knit visible and setting the ribbed cotton against the weight of the leather. Barrel trousers by Qua sit high and fall full through the thigh before tapering at the ankle. The rounded volume at the leg counterbalances the cropped top. Hair by Mitesh Rajani is slicked back into a tight bun, and Pompy Hans pairs winged liner with a red lip. The beauty gives the sport layers a high-glam finish. “As iconic as a leather jacket is, with the summer season upon us, swap the leather for a cotton or denim slouchy jacket. Pair this with a tee and ruffled skirt,” says Divya Balakrishnan, Vogue India fashion associate. ","https://assets.vogue.in/photos/69a59d6ae77ea2ae7b97e6ef/16:9/w_1280,c_limit/SnapInsta.to_645821380_18570879943032012_83035572071096611_n.jpg"
"Apr 01, 2026 @ 00:26:21.867",50f7d27d03ec50fb68bce33d686c6d72,https://www.vogue.in/content/aneet-padda-channels-soft-desi-romance-in-a-custom-gauri-and-nainika-sari,Aneet Padda channels soft desi romance in a custom Gauri & Nainika sari,A floral brooch is the star of the halter-style blouse,Vogue Staff,2026-03-02T13:52:43.982Z,"Aneet Padda’s custom Gauri and Nainika From there, the chiffon falls loose through the skirt. Styled by Lakshmi Lehr, heart-shaped earrings and rings from Mia by Tanishq keep the jewellery scaled down against the ivory. Hair by Sourav Roy is pinned into a high half-up style. Pompy Hans lines the eyes in kohl and finishes with flushed cheeks and a rosy lip. “Ditch the blouse for something with sheer puffy sleeves to dial up the soft desi-girl look. Tie the hair into a high pony with the same texture. This instantly amps up the look's soft and sweetheart sensibility,” says Vogue India fashion associate Manglien Gangte. ","https://assets.vogue.in/photos/69a59596e77ea2ae7b97e61a/16:9/w_1280,c_limit/SnapInsta.to_643559472_18166429228404979_7479447415060021132_n.jpg"
"Apr 01, 2026 @ 00:26:29.892",503cc6abbddf4394b0e5ce45c487bbe6,https://www.vogue.in/content/denim-miniskirts-are-summers-answer-to-jeans,Denim miniskirts are summer’s answer to jeans,High hemlines have swept the denim market,Alice Cary,2026-03-03T02:30:00.000Z,"Christian Here, the denim miniskirt emerged as a staple for Anderson’s new Dior woman. The first six looks in, appeared intentionally normie – regular cut, frayed edges, and was transformed into something more fantastical, with a peplum-backed tuxedo and a tricorne by milliner Stephen Jones. Several followed, in light acid washes, These minis might be decidedly high fashion, stamped with the Dior label on inner waistbands, but they serve as inspiration for denim minis of all kinds. Radio DJ Sara Cox, a confessed denim miniskirt enthusiast, felt inspired to do so after she saw them on the runway, as she shared in a personal ode she wrote for Vogue at the beginning of the year. “I haven’t worn a denim miniskirt in a good while now. But seeing the way Jonathan Anderson brought it back at Dior made me think that maybe, just maybe, I need to go So impactful are Jonathan’s designs that many people will feel the same, and, naturally, his denim mini propositions have also influenced the wider fashion ","https://assets.vogue.in/photos/69a543bd0988383d5cfb2662/16:9/w_1280,c_limit/Wyoming%20%F0%9F%A4%8E.jpg"
"Apr 01, 2026 @ 00:26:37.925",ea88d98c8116c54ed18f1f3eb282d121,https://www.vogue.in/content/vogue-approved-low-effort-style-hacks-for-the-tired-girl,5 Vogue-approved low-effort style hacks for the tired girl,Take it from one very tired stylist,Manglien Gangte,2026-03-02T12:47:46.921Z,"When you’re tired, decision fatigue is real. On mornings when you’re running on Over time, I’ve realised that looking put together has very little to do with effort. The best low-effort style hacks aren’t about buying more; they’re about building a system you can rely on when your brain refuses to cooperate. Build a uniform wardrobe with a neutral palette (or any other colour scheme that works for you), one ‘personality piece’ and a signature scent to seal it. For me, that’s a pair of wide-fit Uniqlo trousers from the women’s section that I have in three colours, ribbed tanks in black and white and a rotation of button-downs, shackets, kimonos and tang jackets, topped off with a baseball cap and a few spritzes of Another 13 by Le Labo. I could pick anything from this pile blindfolded and they’d appear just as thought out because these are all foundational pieces that have helped me create an OOTD stencil for mornings that just aren’t it. Here's a list of 5 very low-effort styling hacks that will make you look undeniably tasteful. Hair accessories are the easiest form of maximalism and are your best friends for days you don't have the time or energy to wash or dress it up. One large, colourful scrunchie instantly shifts the energy of an outfit. If you don't have the hair length for a scrunchie, throw a baseball cap on. You can wear the simplest outfit in the world, jeans and a white shirt or a simple A-line dress that doesn't need ironing and still look like a style savant if you do your hair right. Metallic accents are the tired girl’s shortcut to looking awake. Think of metal as Even if you've spent hours putting your look together, the wrong choice of footwear can flush it all down the drain. A pair of well-made shoes, whether they're sneakers or a pair of embroidered Nothing screams tired and busy (and stylish) girlie than a bag that holds your entire universe in it. Call it the Jane Birkin-fication of your low-effort look. Step out in your pyjamas if you have, carry the right arm candy and you're set. Just say, “Claire, it's French!” Sometimes, the best beauty hack for a tired face is to cover up the eyes. And if you're anything like me, your patience disintegrates the more tired you are. And to be honest, it is smarter to hide those tired glares before it becomes occupational hazard. ","https://assets.vogue.in/photos/69a5788cf4ead1b0f1e7a0ad/16:9/w_1280,c_limit/Well%20Shoot3.jpg"
"Apr 01, 2026 @ 00:26:45.956",761ac6f3273f63f8abaa528cbb067436,https://www.vogue.in/content/swap-your-black-pumps-for-this-chic-shoe-trend-in-2026,Swap your black pumps for this chic shoe trend in 2026,Beige pumps will be everywhere this year.,Chloé Versabeau,2026-03-01T02:00:00.000Z,"The classic black At Chanel, two-tone pumps gave a fresh feel to the classic nude heel, as did the more severe V-neck silhouette seen on the Balenciaga runway. Meanwhile, at Calvin Klein, Veronica Leoni leant into our penchant for A-listers have been quick to embrace the trend, with Adwoa Aboah and Emily Ratajkowski both seen at Chanel’s Métiers d’Art show in the maison’s With many of us moving away from our sneakers to a more ladylike shoe right now (the ","https://assets.vogue.in/photos/69a126f0b95b4a5f4a30a778/16:9/w_1280,c_limit/00009-chanel-spring-2026-ready-t.jpg"
"Apr 01, 2026 @ 00:26:53.979",bb54a4ce6ede584354c2d156e26440be,https://www.vogue.in/content/bhumi-pednekkar-pairs-crochet-like-florals-with-a-metallic-halter-blouse,Bhumi Pednekkar pairs crochet-like florals with a metallic halter blouse,"From Surily G, her look is a smart styling answer to destination wedding dressing with an easy silhouette and wanderlust appeal",Nupur Sarvaiya,2026-03-01T04:30:00.000Z,"After sporting a The most immediate cue is the oversized floral appliqué on the ghagra skirt. The white threadwork blooms resemble hand-cut crochet patches, giving the skirt a relaxed, almost handcrafted mood. “Each flower is layered and textured, then hand beaded with rivets and gold studs as the carpel of the flowers and embellished waist band,” shares the designer. The floral language combined with the beige base pushes the look toward bohemian territory. The blouse takes the ensemble into luxe territory with almost armour-like construction, moulded close to the body, finished with sequins. The designer describes it as a “jewelled and rope blouse, where the interplay of materials is key.” The halter neckline with rope-style string detailing introduces a tactile element and its vertical keyhole cut adds a sensual edge. The embellished high neckline and the band at the hem mirror the ornate waistband of the ghagra for a cohesive finish. Pednekkar opted for statement earrings from Ritika Sachdeva. “Bhumi Pednekkar is wearing our gold wire twist mirror drop earrings that mirror the outfit’s dialogue between shine and craft. Handcrafted in a gold finish, the intricate wire twist silhouette is adorned with delicate hammered beads and mirror inlay details,” the jeweller says. The accessory look is rounded off with an arm cuff by Radhika Agrawal Jewels. The minimal layering supports the free-spirited but elevated aesthetic of the look. For glam, she went with a winged eyeliner, a soft wash of gold eyeshadow and nude pink lips. ","https://assets.vogue.in/photos/69a18d7ae7838cd1ca11e79d/16:9/w_1280,c_limit/SnapInsta.to_640319783_18569245300017690_7649304360422180334_n.jpg"
"Apr 01, 2026 @ 00:27:02.003",be68ce16e80070fb89f6409be92f8d19,https://www.vogue.in/content/mrunal-thakurs-salmon-chanderi-anarkali-layers-digital-jaal-with-hand-finished-aari-edges,Mrunal Thakur’s salmon Chanderi anarkali layers digital jaal with hand-finished aari edges,"Stepping out for her latest rom-com promotions, the actor embraced spring-ready florals with her salmon pink Ri By Ritu Kumar set",Vogue India,2026-02-28T05:30:00.000Z,"Mrunal Thakur has been out and about for the promotions of a newly-released rom-com, The salmon pink anarkali features a delicate floral jaal rendered through digital printing. Cut with Chanderi silk fabric, the full-sleeved kurta is designed with a fitted yoke that opens into a generous flare that’s composed of alternating kalis in varied floral prints. Each kali is edged with intricate aari work, adding texture and definition to the billowing silhouette. The V-neckline yoke, sleeves and bodice are accented with hand-embroidery, sequins and aari work tracing the striking bloom motifs. The set is paired with a classic churidar that streamlines the volume of the kurta,  and overlayed is an organza dupatta scattered with fine golden dots and edged with lace. What makes the actor’s ensemble compelling is its versatility. Starting with the wispy textile, which is often touted as “bunni hui hawa” or handwoven air by master weavers. Chanderi silk’s subtle inherent shimmer and breathable construction make it the perfect pick for the often muggy Indian weather. You can sport it at daytime outings just as you can for intimate wedding events. The salmon pink shade, too, flatters across seasons and occasions. The best part about an anarkali set, like Thakur’s, is that you can easily tilt the outfit’s mood with some smart styling. The right jewellery and makeup can dial it up or down. Where Thakur chose drop earrings set with rubies to accessorise the ensemble for a daytime outing, a choker would instantly make it festive-appropriate. For footwear, she went with Kolhapuri block heels and kept the beauty look soft with an old rose lipstick, mascara-laden lashes and a gentle flush on the cheeks. ","https://assets.vogue.in/photos/69a1ac2f0ae23a15bb328284/16:9/w_1280,c_limit/MT%203.jpeg"
"Apr 01, 2026 @ 00:27:10.028",a65f3d306e314ba38c7857afa0e35480,https://www.vogue.in/content/these-are-the-5-denim-shades-were-championing-this-summer,These are the 5 denim shades we’re championing this summer,"From bright whites to pastel pinks, here are the shades we can’t get enough of.",Alexandre Marain,2026-02-28T02:00:00.000Z,"You can never go wrong with a great pair of jeans, and this spring is ushering in a whole host of different Kate Moss in the 2000s calling! After appearing on the Dior spring/summer 2026 runway, White jeans are always a These aren’t your everyday blue jeans – the Earthy browns might not be your first thought when it comes to denim, but this season, we’re swapping out the chocolate brown ","https://assets.vogue.in/photos/699fecb99c25518b477d3b3e/16:9/w_1280,c_limit/Bella%20Hadid%20in%20VIVAIA%20Yancy(Photo%20Credit%20%20Diggzy).jpg"
"Apr 01, 2026 @ 00:27:18.053",bccae705f370adfc911a2dcf9e7dd5aa,https://www.vogue.in/content/radhika-merchant-ambanis-couture-tweed-and-priyanka-chopra-jonass-zimmerman-set-lead-this-weeks-best-looks,Radhika Merchant Ambani’s couture tweed and Priyanka Chopra Jonas’s Zimmerman set lead this week’s best looks,Couture codes met fluid drapes and tonal dressing across red carpets and front rows,Vogue Staff,2026-02-27T15:50:47.090Z,"This week, tweed was threaded with pearls, silk was knotted into sculpted drapes and pinstripes were wrapped into sarong-style skirts. Radhika Merchant Ambani’s ivory At a Zoya event, Radhika Merchant Ambani chose custom Chanel Haute Couture with a nod to the house’s Paris–Bombay Pre-Fall 2011 collection. An ivory silk dress with navratna-inspired buttons sits beneath a textured tweed coat threaded with South Sea pearls. The look brings couture tailoring into conversation with Indian references. She finished it with custom Chanel heels and a hand-embroidered silk bag by Anamika Khanna, letting two craft traditions meet. Kriti Sanon attended Burberry’s Fall/Winter 2026 show in a mocha-brown trench worn buttoned up as a dress. The laser-cut surface adds texture to the classic double-breasted shape, cinched at the waist with a belt. She kept the palette tonal with brown knee-high boots and a Burberry Rider bag, while a teal geometric scarf introduced a pop of colour at the neckline. For day two of Khushi Kapoor stepped out in Monisha Jaising’s Maharani 2.0 couture, styled by Tanya Ghavri. The silk drape is edged with a wide Banarasi brocade border. The halter blouse replaces a traditional necklace, its bodice constructed to resemble layered kundan strands that taper into a scalloped hem at the waist. Polki studs and a moissanite ring from Vihira Jewels, along with polki bangles from Bharti Jewellers, mirror the gold tones of the Keep scrolling for more of the best fashion looks of the week: ","https://assets.vogue.in/photos/69a1bc91eeaf80475661c00a/16:9/w_1280,c_limit/SnapInsta.to_640585785_18576686470010901_6626870019250184935_n.jpg"
"Apr 01, 2026 @ 00:27:26.082",5e951a0e42d95a88332481d16da057c2,https://www.vogue.in/content/dia-mirzas-blue-and-white-striped-handwoven-sari-is-an-ode-to-indian-artisans,Dia Mirza’s blue-and-white striped handwoven sari is an ode to Indian artisans,The actor opted for oxidised silver jewellery and a red bindi to complete the look,Vogue Staff,2026-02-26T16:02:04.891Z,"Actor and environmental activist The light, breezy sari felt perfectly in step with a sunny morning. Its pallu carried soft blue stripes against a white base, deepening into a denser blue along the skirt and pleats. A striking red blouse echoed the sari’s vermilion border, elevating the otherwise simple look. Stylist Theia Tekchandaney finished it with a stack of oxidised silver necklaces and matching earrings, plus a single silver bangle—details that sharpened the ensemble while preserving its understated charm. Karan Rai left Mirza's hair in a low, loose bun with a neat side-part. Makeup, done by Kiran Chetri, was kept minimal yet glowy on a soft base with defined eyes, rosy cheeks and a “Remove the neck piece and let the stripes do the heavy lifting. Add a pair of Kolhapuris and a slim watch to complete the look,” says ","https://assets.vogue.in/photos/699fd2fdadad59c42ba98903/16:9/w_1280,c_limit/Mausam%20ka%20jaadu%20%E2%99%A5%EF%B8%8F%E2%9C%A8%F0%9F%A6%8BA%20meaningful%20day%20at%20work%20in%20the%20capital.%20Had%20to%20make%20a%20quick%20stop%20at%20Shanti.jpg"
"Apr 01, 2026 @ 00:27:34.106",bd6ab7cf85555fd8bc6d40a70c717568,https://www.vogue.in/content/the-90s-tops-that-are-just-as-fashionable-in-2026,The ’90s tops that are just as fashionable in 2026,"From strappy camisoles to cinch-waist shirts, these five '90s tops are still trending all these decades later.",Renata Joffre,2026-02-26T07:31:43.866Z,"Whether you lived it the first time round, or reference the decade subconsciously via your square-toed footwear and minimal leather Kate Moss’s muscle tees, Jennifer Lopez’s boob tubes, Amber Valletta’s tailored shirts – ’90s From strappy tops with a whisper of lace and adjustable straps, to long-sleeved Few airport outfits have been more iconic than Kate Moss arriving at LAX in 1994. Deceptively simple, comprising a threadbare muscle tee, Celebrities often wore their own clothes on the red carpets in the 1990s, making for a dress code that was refreshingly authentic. Halle Berry’s strappy top, slip skirt and No one rocked a bodysuit quite like Whitney Houston, whose ’90s stage outfits relied on their stay-put practicality, as well as their crystallised surfaces. Pay homage with your own long-sleeved bodysuit, which could project either main-character energy or something a little more subtle. See: Wolford’s asymmetric ruched-sleeve style and Entire Studios’s grey-marl take. The word Call it what you like – the ","https://assets.vogue.in/photos/699eab90e1bfeb41fb0ca83d/16:9/w_1280,c_limit/GettyImages-75502401.jpeg"
"Apr 01, 2026 @ 00:27:42.134",b70846ff162e55c48f3319f4a253695e,https://www.vogue.in/content/bhumi-pednekkars-house-of-kotwara-ensemble-reworks-the-chogha-with-chikankari,Bhumi Pednekkar’s House of Kotwara ensemble reworks the chogha with chikankari,"The ensemble was paired with a Rajputi Aad choker, reinforcing its artistic heritage",Vogue Staff,2026-02-25T13:42:00.716Z,"Bhumi Pednekkar’s House of Kotwara chogha doesn’t behave like the versions it references. The length and layering remain, but the organza is sheer and the front is left open. A bandeau angia cuts a clean line across the torso, exposing a strip of skin where you would expect coverage. The Chikankari is carried through every layer in white-on-white thread, so the surface feels continuous even as the garments separate. The silhouette moves between overlay and base instead of settling into one shape. Styled by Manisha Melwani, the jewellery restores ceremony at the neckline. A pearl aad choker from Golecha Jewels sits high and compact. Ruby earrings and an oxidised hathphool from Harubhai Zaveri extend the detail outward, while saharas from Shrihari Diagems add another line of ornament. Hair by Jyoti Mandre is pulled back, keeping the jewellery uninterrupted. The smoky eye and small black bindi hold their own against the tonal white. “What stands out is the sheer beauty and the handwork, the way the look has been subtly layered also adds to the richness of this silhouette. To make this your own work with an Indian choli or bralette with embroidery work, and can layer it with an overlay or angrakha tied loosely to emphasise the blouse. Work on a white-on-white layering like Bhumi Pednekkar to achieve this Indian ethereal look,” says Vogue India fashion associate Divya Balakrishnan. ","https://assets.vogue.in/photos/699e833b09e76a6c4c71facc/16:9/w_1280,c_limit/%E0%A4%B9%E0%A4%AE%20%E0%A4%A4%E0%A5%87%E0%A4%B0%E0%A5%87%20%E0%A4%AA%E0%A5%8D%E0%A4%AF%E0%A4%BE%E0%A4%B0%20%E0%A4%AE%E0%A5%87%E0%A4%82%20%E0%A4%B8%E0%A4%BE%E0%A4%B0%E0%A4%BE%20%E0%A4%86%E0%A4%B2%E0%A4%AE%20%E0%A4%96%E0%A5%8B%20%E0%A4%AC%E0%A5%88%E0%A4%A0%E0%A5%87%E2%80%A6....Custom%20Outfit-%20@houseofkotwara%20Necklace-%20@golecha_jewels%20.jpg"
"Apr 01, 2026 @ 00:27:50.156",e0b1142ac57d21c4c44785c79f01c43a,https://www.vogue.in/content/janhvi-kapoors-rahul-mishra-couture-gown-ripples-with-hand-embroidered-sequins,Janhvi Kapoor’s Rahul Mishra couture gown ripples with hand-embroidered sequins,Emeralds at the neckline hold their own against the shifting surface,Vogue Staff,2026-02-24T15:26:08.612Z,"Janhvi Kapoor's Rahul Mishra couture gown makes your eyes travel. The silhouette holds steady in a straight, strapless and unbroken form from bust to hem. Mishra leaves the column intact and works across it, hand-embroidering The sheer tulle at her arms rests lightly against the sequinned centre and falls in loose folds along the sides. Meagan Concessio styles the gown from Mishra's 2025 festive collection with diamond studs and a neckpiece with eye-catching emeralds. The green is saturated and opaque against the iridescent gown. Hair by Nikita Menon stays pulled back, keeping the strapless edge exposed. Sushmita Vankar’s makeup remains luminous, picking up on the sheen of the embroidery. “Change the tulle to something in taffeta silk in a warm tone; think golden hour. Keep the bun, don't set it to its slick look, rather let a few strands loose to add a sense of nonchalance,” says Vogue India fashion associate Manglien Gangte. ","https://assets.vogue.in/photos/699bf05f0c6b017ad9165b4d/16:9/w_1280,c_limit/Bollywood%20actress%20Janhvi%20Kapoor%20@janhvikapoor%20wears%20Rahul%20Mishra%20Couture.%20She%20is%20wearing%20the%20%E2%80%98Po.jpg"
"Apr 01, 2026 @ 00:27:58.189",a3427f50e824539015b976bda6580949,https://www.vogue.in/content/i-wanted-to-bring-the-glam-alia-bhatt-channels-marilyn-monroe-at-her-first-baftas,“I wanted to bring the glam”: Alia Bhatt channels Marilyn Monroe at her first BAFTAs,"The star wore a custom Gucci gown for her first appearance at the BAFTAs. “When you work on an idea together it just feels like way more than a garment, you know?”",Kerry McDermott,2026-02-23T03:54:18.990Z,"“Jet lag is way more serious when you’re in your 30s,” Alia Bhatt sighs, over a Zoom call on the eve of her first appearance at the The prospect of touching down in London in the midst of an even-more-relentlessly-damp-than-usual February is partly why Bhatt landed on a specific reference for her look: a photo of Marilyn in a shimmering silver gown, a fluffy white stole draped over her arms in true Old Hollywood style. “I was like, ‘Hey, it’s gonna be really cold and the dress is backless…’” the star says with a smile on the eve of the ceremony. Demna’s atelier dutifully conjured a shearling wrap for Bhatt to wear over her bespoke halter-neck dress, fashioned from tulle and embroidered entirely in silver sequins layered with delicate microbeads, for a “cinematic glow”. “I’m very excited about the look,” the actor enthuses. “Because I’m a presenter I wanted to bring the glam, but also keep it really elegant, nothing overwhelming. It sits really lightly on the body.” As Gucci’s first Indian global ambassador, Bhatt – whose personal red-carpet inspirations include “Brigitte Bardot for her hair, Monica Bellucci for her vibe, Rekha for her beauty” – is also enjoying the opportunity to have some input into the creative process. She references the closing ceremony of last summer’s Cannes Film Festival, where she walked the red carpet in the It’s her first BAFTAs appearance, but having been a Bollywood superstar for well over a decade – following her breakout performance in 2012’s Also keeping Bhatt happy and content while she’s in town: early morning walks in the park to see the ducks with her daughter, reservations at MiMi Mei Fair for her favourite Chinese food, and the tres leches cake from L’Eto. And there’s one more thing she’s hoping to squeeze in before she flies home: catching a glimpse of 16-year-old ","https://assets.vogue.in/photos/699bc7de55c0ce3954c2534f/16:9/w_1280,c_limit/20260222_Alia%20Bhatt_Gucci_marcobahler-46.jpg"
"Apr 01, 2026 @ 00:28:06.217",a7fcb0bc2cb4bee40541a7833502fdc1,https://www.vogue.in/content/sreeleelas-sawan-gandhi-sari-redefines-embellishment-with-shell-work-and-sequins,Sreeleela’s Sawan Gandhi sari pairs plated shell-work with a clean drape,Diamond jewellery and loose hair soften the structured blouse,Vogue Staff,2026-02-24T16:15:34.128Z,"Sreeleela appeared in an ivory georgette Stylist Malkit J Gill maintained the understated luxury of the look with minimal jewellery from Kalyan Jewellers, including a She left her hair untouched, allowing it to flow past her shoulder. The beauty look was pared back on a neutral palette with subtly lined lids, fluttery lashes and a matte, “Amp up the champagne gold sari with an embellished blouse that has detailed work and adds structure and depth to the silhouette. Opt for a jewel-toned colour to add some rich contrast,” says Vogue India fashion associate Divya Balakrishnan. ","https://assets.vogue.in/photos/699bec7e3ad46f86584e147c/16:9/w_1280,c_limit/%E2%80%9CYour%20gaze%E2%80%9D.jpg"
"Apr 01, 2026 @ 00:28:14.242",88877200ac901c26a2fb304b88e35b05,https://www.vogue.in/content/bhumi-pednekkar-aces-regencycore-in-a-pastel-shehla-khan-lehenga,Bhumi Pednekkar aces Regencycore in a pastel Shehla Khan lehenga,The actor’s lavender ensemble draws from period references and remains rooted in Indian occasion wear,Nupur Sarvaiya,2026-02-22T05:00:00.000Z,"For a friend’s destination wedding, Bhumi Pednekkar championed Regency era romance in a pastel lehenga. Part of Shehla Khan's latest couture collection, her ensemble felt like it had been pulled directly from the pages of a True to the collection's title, Romance Reimagined, Khan revisits the codes that first defined her eponymous label. “The idea behind each look of this collection was to go back to the original aesthetic of the brand. The textures, soft prints and intricate detailing come together to create unique and feminine styles that can be worn through years and seasons,” reveals Khan. A soft lavender print of large roses is emblazoned across a fluid lehenga skirt. “This lehenga skirt is paired with a bustier style blouse inspired by the romance of Victorian style with a lingerie-esque detail and embroidered buttons.” The blouse, with its scalloped lace neckline, structured printed cups, sensual open back and delicate buttons, brings corsetry codes into the Indian occasion conversation without feeling costume-driven. Puffed sleeves in sheer lace lend volume at the shoulder, further reinstating Regency silhouettes. “The dupatta, which is coordinated with the print of the lehenga and lace of the blouse, amplifies its lightness and adds the traditional touch,” adds Khan. Pednekkar’s stylist, Nidhi Jeswani, accessorised her look with a pair of chandbali earrings and a ring from Shri Paramani Jewels. Pednekkar braided her hair with lace trims, reinforcing the romantic mood. Regency era style romanticises femininity through flirty florals, fine trims and floaty silhouettes. In recent seasons, designers and celebrities have embraced these elements, translating historical cues into modern wardrobes. Pednekkar’s lehenga interpretation demonstrates how those references can be seamlessly adapted into Indian festive dressing. ","https://assets.vogue.in/photos/699889e00e8a5b74980173bf/16:9/w_1280,c_limit/2e18b722-b860-48f7-bffc-2fbb40bd1c1a.JPG"
"Apr 01, 2026 @ 00:28:22.270",015b7a8eb56cee9e3cd4903d589b81a7,https://www.vogue.in/content/5-noughties-trainers-well-be-wearing-again-in-2026,5 noughties trainers we’ll be wearing again in 2026,"From Nike Air Rift to Dad sneakers, these are the throwback trainers experiencing a second life this spring",Daisy Jones,2026-02-22T02:30:00.000Z,"Maybe you think The Noughties obsession isn’t going anywhere, so it makes sense that we’d turn to aesthetics from one of the most beloved – and copycatted – decades for our footwear choices, too. To that end, here are all the Noughties trainers we’ll be wearing well into 2026. Thought weird-ass ballet sneakers were a new phenomenon? Think again! In 1996, Nike released their Air Rift style, also known as the Ninja, which gathered momentum throughout the late ’90s and early ’00s (A-list fans included the likes of Madonna and Jennifer Aniston). These days, they’re more likely to be sported by Madonna’s Earlier this week, Bella Hadid was spied walking her dog around LA in a pair of black Nike Shox TL, confirming my suspicions that Nike Shox remain the casual It-trainer for those who don’t In the late 2000s and early 2010s, something strange started happening. The cool kids around New York and London started dressing like Steve Jobs, the co-founder of Apple, in stiff blue jeans, turtle-neck sweaters and dad trainers. Now, we’re starting to see dad sneakers enter the fray yet again – not just New Balance, but various Asics and also Nike V5 RNRs; the sort of techy, The one trainer that seems to have survived the rise and fall of the most recent ’70s sneaker revival is the Onitsuka Tiger Mexico 66, which was always the cooler ","https://assets.vogue.in/photos/69983b1a9e54a806432a64d9/16:9/w_1280,c_limit/2163323262"
"Apr 01, 2026 @ 00:28:30.292",f3bf2b878a413d87688e2ee37ff45674,https://www.vogue.in/content/shloka-ambani-layers-prada-couture-with-swadesh-craft,Shloka Ambani layers Prada couture with Swadesh craft,Art Deco-inspired diamonds and classic kadas sharpen the metallic sheen,Nupur Sarvaiya,2026-02-21T16:11:37.000Z,"In an era when luxury is increasingly defined by collaborations, Shloka Ambani’s latest appearance offers a compelling case for cultural crossover done right. Her hybrid Prada and Swadesh ensemble captures a moment where Italian savoir faire and Indian craftsmanship converge. The base of her look is a Prada gown cut in a warm metallic sheath silhouette. The entire surface of the gown is covered in crystals and sequins, giving the silhouette subtle luminosity. Along the gown’s scoop neckline and empire waist, the embellishment is intensified with crystals and coloured gemstones. Subtle cut-outs trace the sides from just below the bust line, contouring the waist before extending into a dramatic open scoop back. The Indian inflexion arrives in the form of a detachable overskirt by Swadesh. The detail transforms the contemporary gown into a hybrid evening lehenga. Rendered in a pale gold handwoven textile, the handwoven overskirt sweeps out and trails generously across the floor. Zari woven hibiscus motifs are scattered across the expanse; each bloom serves as a testament to artisanal labour. The textile carries the gentle irregularities that mark handloom craft, offering a tactile counterpoint to the gown’s high gloss surface. When layered together, the overskirt reframes the contemporary gown within an Indian ceremonial context. Her jewellery amplified the look’s high-octane glamour. She leaned into OTT diamonds, framed by a statement necklace that nodded to Cross-cultural fashion is hardly new to India’s most visible wardrobes. ","https://assets.vogue.in/photos/699886ea45748b5287a78915/16:9/w_1280,c_limit/SnapInsta.to_635149093_18090316502515924_289491885013189844_n.jpg"
"Apr 01, 2026 @ 00:28:38.326",c395d9650639299ad7ea3bf7d34ffdf8,https://www.vogue.in/content/how-to-style-baggy-trousers-with-a-blazer-according-to-street-style,How to style baggy trousers with a blazer according to street style,"If the street-style galleries are any indication, this is the outfit formula to rely on this season",Melisa Vargas,2026-02-21T01:30:00.000Z,"Baggy trousers were everywhere outside the most recent shows, almost always styled with Easy silhouettes, rather than anything rigid or fitted, have been a preference among attendees. The majority of the trousers seen on the style circuit have been loose-fitting, pooling gently at the shoe or breaking over As for colourways? Classic, corporate-inspired hues like charcoal and navy have been clear favourites – so too have wine-tinted shades, which several show-goers have chosen to wear head-to-toe. If the If you like to experiment with daring designs and always have a statement piece, we advise you to keep this proposal on your inspiration board. As you can see, a denim blazer with ripped details stands out; undoubtedly, The pairing of baggy pants with blazers is suitable for daytime and formal spaces, such as the office, but no one has discussed how extraordinary it looks at night. These loose-fitting pants in neutral shades, such as gray or black, will exude distinction if we add to this a darted detail in the front, it will be even more promising. Since we are looking for an evening look, it will be appropriate to overlay a leather blazer to add character. Again, an idea for the This trend doesn't have to look uniform all the time, nor does it have to be worn only in classic shades like gray. Experts have shown that you can play with different shades in order to create modern proposals that take us a little out of our We end with this proposal that caught our attention, as it is composed of a blazer that highlights the waist, which creates stylization. Then there are ","https://assets.vogue.in/photos/69981e3e653e60a5d1d75d1f/16:9/w_1280,c_limit/1718216860"
"Apr 01, 2026 @ 00:28:46.355",91de1141740b23247a0053db253474c7,https://www.vogue.in/content/ananya-pandays-corset-sari-and-aneet-paddas-monochrome-suit-lead-this-weeks-best-dressed-looks,Ananya Panday’s corset-sari and Aneet Padda’s monochrome suit lead this week’s best-dressed looks,"The details include: fitted silhouettes, metal accents and floral motifs",Vogue Staff,2026-02-20T16:32:07.741Z,"This week’s best-dressed looks spotlighted monochromatic, form-fitting and heavily embellished silhouettes. With At Vogue Values: Women of Excellence, presented by Tira, At Vogue Values: Women of Excellence, presented by Tira, At Vogue Values: Women of Excellence, presented by Tira, Keep scrolling for your fill of the best fashion looks of the week. ","https://assets.vogue.in/photos/69988d0c3e15f5e7c5a66535/16:9/w_1280,c_limit/SnapInsta.to_629452968_18568178164040637_1046534500679645151_n.jpg"
"Apr 01, 2026 @ 00:28:54.378",9f7c99c26d2c2d4cfaeebabd0ee643e4,https://www.vogue.in/content/kareena-kapoor-khan-revives-the-iconic-vicky-tiel-red-dress-with-75-carats-of-burmese-rubies,Kareena Kapoor Khan revives the iconic Vicky Tiel red dress with 75 carats of Burmese rubies,"The ruched red design, made popular by Julia Roberts in Pretty Woman, has defined late '80s glamour for decades.",Vogue Staff,2026-02-20T10:46:14.754Z,"Last night, Cut in the designer’s signature ruched stretch mesh and rendered in a deep merlot red, the strapless gown channels pure ' Styled by Rhea Kapoor and Shereen Sikka, the ensemble leaned into tonal intensity. Seventy-five carats of The dress comes with its own mythology. Adapted for Julia Roberts’s “Nothing screams iconic quite like a red dress with red lips. Amplify that Old Hollywood charm with heavier jewels—think bigger stones, multitiered necklaces with matching earrings. Add something one wouldn’t expect, like a pair of leopard-print pumps. Seal the look with a detachable train with oversized puffy sleeves of the same colour to elevate the look itself,” says ","https://assets.vogue.in/photos/6998055108bf0f959b4e9926/16:9/w_1280,c_limit/SnapInsta.to_632638619_18574442323010901_1958381217245519158_n.jpg"
"Apr 01, 2026 @ 00:29:02.402",45d64be73e5ad2cd5596bc88d69f3a03,https://www.vogue.in/content/is-the-male-gaze-evolving,Is the male gaze evolving?,"Sometimes I dress like a boy, but my straight boyfriend still thinks I look cute",Thea Mulchandani,2026-02-20T11:40:34.489Z,"My Fast-forward 18 months, and my style has only become more ‘tomboy femme’. My jeans are baggier than ever. I own more vests and structured tops than I need. And yet, my skirt collection is at an all-time high (I now own four). If you happen to rummage through my wardrobe, you'll see lace and frills peeking through. I dress based on how I’m feeling—whether that’s a basic tank top and Which raises the question: are men evolving? Is the male gaze loosening its grip on the deep cleavage and hip-hugging silhouette? Or have some men simply learned to see fashion as expression, an extension of the women they love? “I’m not really going to change myself to make someone I’m dating more comfortable,” shares New York–based creator Teo Marcella. Marcella, who is in a four-year relationship with their boyfriend, admits there was temptation in the beginning to lean into dressing a certain way, but they pushed against it. “I held my own ground in what I knew was comfortable for me. And I think, honestly, that authenticity has allowed us to develop a really strong foundation.” Marcella grew up with a very specific kind of femininity. “As a kid, I was very girly, looking at the stars of Disney Channel. It was all very feminine.” But with time, they realised they felt “so much more comfortable and so much more in my body dressing androgynously. I still like to have a feminine face, but I love a masc outfit,” shares Marcella. Interestingly, they notice how the world responds. “When I’m dressed more masculine, there’s less chivalry from people around. People might hold doors for me less [often], but I’ll hold doors [open] for people. I’ll help people out of cars. Something interesting happens with my energy there.” Aastha Gaur, a Los Angeles–based creator and senior director of design at Google, describes her style as existing between chill and commanding, rather than feminine or masculine. “Imagine a T-shirt and jeans,” she says. “More chill would be wearing a cardigan. More commanding would be wearing a Growing up in India, Gaur identified as a tomboy early on. “I had this sense of boys having more freedom than girls. Later, as a postgraduate student in LA, she swung hard in the opposite direction with frills, dresses and hyperfemininity before realising it wasn’t her. “Eventually, I settled into a place where it’s not masculine, it’s not feminine. It’s somewhere in the middle. That feels better.” In high school, a senior once warned her, “You dress like a boy. You should know that men are not attracted to that.” The comment lodged itself somewhere in her brain. Years later, when she started dating her now husband, she briefly tried to course-correct. “I went shopping and bought this grey frilly dress. I don’t think I wore it more than once. I was like, OK, I cannot do this. It’s just not me.” “I do think overall he is very secure in his masculinity and who he is,” she says. “So he doesn’t feel like his wife has to be feminine or look feminine to project a certain kind of image.” It helps that he’s a designer. “If he likes something, he’ll just say, ‘Oh wow, that looks cool, babe.’ It’s not limited to any specific kind of outfit. He sees the colour composition, the shapes.” In other words, he has taste. Marcella echoes that dynamic. “He absolutely loves it,” they say of their partner’s reaction to their personal style. “He’s very fashion-forward himself and it’s been great because we get to share closets.” Which, quite frankly, is the final frontier of any relationship. I see it in my own relationship, too. I’ll show my boyfriend pieces I’m considering buying and genuinely take his opinion on my outfits into account, which, to my perpetual shock, often improve the look. He runs his clothes by me, loves going shopping together, sends me reels of clothes he thinks I'll like and always has a new pair of Of course, not all responses are enlightened. Gaur points out that when she receives hate from men, it often stems from discomfort. “It can be threatening to see a woman showing up in a powerful way. Because in those minds, masculinity equals power. Men expect women to dress a certain way because I think they’re explicitly looking for softness, which to them is weakness.” Which brings us back to the original question: are men evolving? Maybe some are. Maybe the male gaze is splintering. Maybe there’s a growing cohort of men who find autonomy attractive, who are secure in their own masculinity and their femininity. They understand design, appreciate shape and proportion and find any well-put-together outfit as compelling as a body-con gown. Or maybe, it’s just really hot when a woman dresses like a man. ","https://assets.vogue.in/photos/69983ebfbb57b785a9ae01a1/16:9/w_1280,c_limit/SnapInsta.to_585894757_18549188674024282_2257944944134511930_n.jpg"
"Apr 01, 2026 @ 00:29:10.425",57f700e447b1a28187eb2565c1847b46,https://www.vogue.in/content/priyanka-chopra-jonas-pairs-gaurav-gupta-couture-with-a-jewel-studded-minaudiere,Priyanka Chopra Jonas pairs Gaurav Gupta couture with a jewel-studded minaudière,"Sculpted through the waist and cut with a high slit, the chiffon gown moved between structure and sweep",Vogue Staff,2026-02-19T17:40:15.038Z,"For the premier after-party of her movie, The impact comes from the cut: the tension between the structured bodice and the fluid fall of fabric, the way the drape is engineered rather than wrapped. Chopra Jonas described the look as “an ode to Ercell Bodden, my character in Hair is worn long and loose beneath the veil, allowing the drape to remain the dominant line. Makeup follows a warmer register: bronzed skin, softly defined eyes and a berry-nude lip that offsets the intensity of the yellow. “To recreate this Indian goddess yellow sari gown look by Gaurav Gupta, opt for a fitted corset gown in an impactful colour. You can easily add the pallu drape with matching chiffon or spandex material. Drape it according to your mood and accessorise with a haath phool and some intense kohled eyes for maximum effect,” says Vogue India fashion associate Divya Balakrishnan. ","https://assets.vogue.in/photos/6996cf6890f174067626807d/16:9/w_1280,c_limit/SnapInsta.to_633464352_18585255163041483_1270963809086836985_n.jpg"
"Apr 01, 2026 @ 00:29:18.462",b981f00c2c45be14b529e4340b14643b,https://www.vogue.in/content/cigarette-jeans-and-90s-boots-are-a-winning-combo-for-summer,Cigarette jeans and ’90s boots are a winning combo for summer,"Nothing beats a straight-leg with a blocky heel, à la Cindy Crawford, Winona Ryder and Jennifer Aniston. ",Daisy Jones,2026-02-19T07:27:34.950Z,"One of my all-time favourite looks from the ’90s is a pair of straight-leg blue Shop the jeans and boots combo It’s also a look we’re seeing a lot of at the moment – especially among the street-stylers and off-duty models milling around New York for fashion week, who can often be spied clutching their iPhones in a blocky boot and straight-leg jeans. The recent runways are pushing ’90s minimalism, too (it makes sense that While I’m more of a zero-heel girl myself, As winter gradually shifts to spring, I find myself increasingly convinced by this absolutely failsafe ’90s combo. I’ve always wanted my own ","https://assets.vogue.in/photos/6996b5ac27263f6891afc07b/16:9/w_1280,c_limit/116030502"
"Apr 01, 2026 @ 00:29:26.485",bfbcce319bb7bbd79bb613cbf25130e8,https://www.vogue.in/content/twinkle-khanna-pairs-issey-miyake-pleats-with-a-coiling-bvlgari-serpenti-necklace,Twinkle Khanna pairs Issey Miyake pleats with a coiling Bvlgari Serpenti necklace,"For Vogue Values: Women of Excellence, presented by Tira, fluid pleats met an eye-catching green palette",Vogue Staff,2026-02-18T13:56:15.813Z,"At A pistachio green with a hint of neon pleated top knotted at the centre of the hips, creating soft folds that left the silhouette fluid while tapering in to give her form. The simple airy silhouette was accentuated by high-impact accessories: a Hair was worn open and effortless, while blushed cheeks and pink lips kept the beauty look fresh and understated. ","https://assets.vogue.in/photos/699589156c3939c08bb3dd52/16:9/w_1280,c_limit/Artboard%201-09.jpg"
"Apr 01, 2026 @ 00:29:34.508",87cb71e700f677bcaf43a05ea3c9256e,https://www.vogue.in/content/aneet-padda-cut-through-classic-suiting-in-balmain-for-vogue-values-women-of-excellence,Aneet Padda cut through classic suiting in Balmain for Vogue Values: Women of Excellence,"Styled by Chandini Wabi, the actor layered sharp suiting with a bandeau detail and mini skirt",Vogue Staff,2026-02-18T13:39:23.763Z,"At Styled by Chandini Wabi, the ensemble paired Balmain's virgin wool blazer with a Square silver studs served as the only jewellery, with the gold detailing adorning the blazer and her waist in the form of buttons and a U-shaped Her hair was left open in soft waves, and her makeup featured a luminous base with ","https://assets.vogue.in/photos/6995979088fc47783022a092/16:9/w_1280,c_limit/01SK0452.JPG"
"Apr 01, 2026 @ 00:29:42.531",c67ddcf0265be9780b9695bfb29c2676,https://www.vogue.in/content/kalyani-priyadarshans-strapless-karleo-gown-is-built-on-intricate-latticework,Kalyani Priyadarshan’s strapless Karleo gown is built on intricate latticework,Kalyani Priyadarshan chose a strapless Karleo dress and Swarovski ear cuffs for Vogue Values: Women of Excellence presented by Tira,Vogue Staff,2026-02-18T13:16:51.773Z,"At Vogue Values: Women of Excellence presented by Tira, in partnership with Mercedes-Benz, Roku Gin and FnP Luxe, Kalyani Priyadarshan arrived in a look that championed The embellishments were interconnected, forming a delicate net across the bodice and Priyadarshan paired the dress with Swarovski jewellery, opting for sculptural ear cuffs that curved along the ear with cascading stones. Styled by Kalyani Priyadarshan’s hair was pulled back into a sleek ponytail, while luminous skin, softly defined eyes and a rosy lip complemented the ivory tones of the dress. The overall effect was polished yet expressive, resulting in an evening look that showcased an affinity for detail-driven ","https://assets.vogue.in/photos/6995806ea40ef61414e38bac/16:9/w_1280,c_limit/VogueValues_Kalyani_6409.jpg"
"Apr 01, 2026 @ 00:29:50.554",ae2b447ecd091df439f0e00ccc754a23,https://www.vogue.in/content/gauri-khan-wore-a-tarun-tahiliani-concept-sari-at-vogue-values-women-of-excellence,Gauri Khan wore a Tarun Tahiliani concept sari at Vogue Values: Women of Excellence,"Smoky eyes, diamond studs and sequin accents kept the look sultry and sophisticated",Vogue Staff,2026-02-18T12:56:39.105Z,"At Crafted in sheer black chiffon, the sari's softness is offset by a corset-style blouse cut into a sweetheart neckline. The tulle hand-embroidered belt is detailed with floral motifs and sequins. It cinched the waist, introduced a textural break and gave the sari a contemporary edge. Khan wore Zoya jewellery: a Presented alongside partners Mercedes-Benz, Roku Gin and FnP Luxe, the evening celebrated women who move with purpose. Khan’s ensemble echoed that exact sentiment: sharp, rich and undeniably glamorous. ","https://assets.vogue.in/photos/699594832f90ca6860d92e98/16:9/w_1280,c_limit/VogueValues_Gauri_6327%201.jpg"
"Apr 01, 2026 @ 00:29:58.577",a57e7c3224ba32dfe16d6891660e744a,https://www.vogue.in/content/mira-rajput-kapoor-masters-contemporary-tailoring-at-vogue-values-women-of-excellence,Mira Rajput Kapoor masters contemporary tailoring at Vogue Values: Women of Excellence,"At Vogue Values: Women of Excellence, presented by Tira, she stepped onto the entrepreneurship panel in a Misho ensemble",Vogue Staff,2026-02-18T09:38:02.779Z,"When it comes to modern The ensemble came from Misho Designs' Volume 1: an asymmetrical crop blazer paired with fold-over silk trousers. The blazer, cut high at the waist, framed the torso while allowing a hint of skin to keep the mood contemporary rather than Kapoor accessorised with the Pillow Cascade Cord Necklace, a She wore her hair sleek and straight, paired with understated ","https://assets.vogue.in/photos/699567cdb013760913b8614f/16:9/w_1280,c_limit/SaveClip.App_635417402_18344223130214603_1174764343834657728_n.jpg"
"Apr 01, 2026 @ 00:30:06.601",b1689b98302c1c6be3648b4f431c33f4,https://www.vogue.in/content/jyothi-yarraji-wore-a-glittering-asymmetric-black-dress-at-vogue-values-women-of-excellence,Jyothi Yarraji wore a glittering asymmetric black dress at Vogue Values: Women of Excellence,She paired the dress with crystal-bow Jimmy Choos and a Swarovski serpent ear cuff,Vogue Staff,2026-02-18T10:06:13.194Z,"The inaugural edition of Among those celebrated was Jyothi Yarraji, honoured for her record-breaking performance and continued dominance on the track. In the afternoon, she took the stage as part of a sport-focused panel, sharing the platform with Paralympian For the evening, Yarraji stepped onto the carpet in a Sharnita Nandwana creation that gave the classic For accessories, a sculptural serpent ear cuff from ","https://assets.vogue.in/photos/69958ac9d64cec17cd447108/16:9/w_1280,c_limit/VogueValues_Jyothi_6111.jpg"
"Apr 01, 2026 @ 00:30:14.622",ea606c61437c57041d80701c1049530d,https://www.vogue.in/content/samantha-ruth-prabhu-wore-an-all-black-kresha-bajaj-ensemble-for-vogue-values-women-of-excellence,Samantha Ruth Prabhu wore an all-black Krésha Bajaj ensemble for Vogue Values: Women of Excellence,"She kept the jewellery minimal, opting for diamond studs that let the outfit do the talking",Vogue Staff,2026-02-18T09:31:48.660Z,"With a career spanning Telugu and Tamil cinema, Ruth Prabhu's entrepreneurial instincts are as sharp as her instincts onscreen. It's a skill she has showcased through her health and wellness ventures, including her clean fragrance brand For the daytime conversation, she turned to a designer she shares a long-standing friendship with, Krésha Bajaj. The look was kept classic: a white blouse with billowing sleeves and cinched cuffs, a deep V neckline softened by a tie-around detail at the neck, paired with straight-leg blue For the awards ceremony, Ruth Prabhu chose an all-black ensemble from ","https://assets.vogue.in/photos/6995770a1fd59205e79c4899/16:9/w_1280,c_limit/VogueValues_Samantha_6311%201.jpg"
"Apr 01, 2026 @ 00:30:22.644",185d4839bc116a2ee9461ff802cc805d,https://www.vogue.in/content/isha-ambani-wore-a-chanel-gown-with-a-thigh-high-slit-at-vogue-values-women-of-excellence,Isha Mukesh Ambani wore an ivory Chanel gown at Vogue Values: Women of Excellence,She paired the look with silver stilettos and diamond earrings,Vogue Staff,2026-02-18T08:56:16.402Z,"Last night, Born into one of India’s most influential business families, Ambani has carved out her own legacy, spearheading ventures while investing in education, design and the arts. For the evening, she chose an all-white For the jewellery, Shroff Adajania paired the gown with diamond fringe ","https://assets.vogue.in/photos/69956be0d20d61ff5d606af8/16:9/w_1280,c_limit/1.png"
"Apr 01, 2026 @ 00:30:30.670",3e7bd64d213a1098aa1efec567a069c2,https://www.vogue.in/content/radhika-merchant-ambani-blooms-in-a-custom-oscar-de-la-renta-gown,Radhika Merchant Ambani blooms in a custom Oscar De La Renta gown,Maximalist emerald jewellery and striking red pumps added the finishing touch,Vogue Staff,2026-02-17T04:30:00.000Z,"Scarlet rosettes climb across Radhika Merchant Ambani’s Oscar de la Renta gown, gathering density as they fall into a sculpted train. The halter neckline cuts high at the collarbone before dropping into a low, open back, creating a stark contrast. Up close, the appliqués sit almost flat against the bodice. Further down, they begin to lift and separate, building volume through accumulation. The Rohit Bhatkar pulls back the hair in a sleek bun. Makeup by Loveleen Ramchandani works on a luminous base, drawing perfectly winged lids painted with shimmery, “Heighten the drama of the look by adding a silk opera coat of the same colour. The mixing of textures will not only add depth to the monotone look, but it will also instantly elevate it to something memorable. Then the green of the jewels acts as an accent to an otherwise cocktail look,” says Vogue India fashion associate Manglien Gangte. ","https://assets.vogue.in/photos/69929e7a114f9849488e2905/16:9/w_1280,c_limit/Radhika%20in%20@oscardelarenta%20@aquazzura%20%F0%9F%8C%B9@loveleen_makeupandhair%20@rohit_bhatkar%20@namanverma.jpg"
"Apr 01, 2026 @ 00:30:38.695",f24bb7f21e46e97141dff31b4a85f82c,https://www.vogue.in/content/wedge-ballet-flats-are-the-unexpected-shoe-trend-of-2026,Wedge ballet flats are the unexpected shoe trend of 2026,Are you a ballerina fan? We've got you covered for spring-summer 2026.,Héloïse Salessy,2026-02-17T02:00:00.000Z,"It's impossible not to have invested in a pair of Whether you like the classic baby-pink versions or those inspired by our favorite Camden icons of the 2010s, ballerinas are back in vogue, especially with versions that take a step up in height. Gone are the days of the clean girl in baby pink ballet outfits and ballet flats: skirts are getting shorter, and ballerinas now come with a wedge heel. The first brand to take up the challenge? Gimaguas, a leading Spanish label. A successful gamble, since many sizes of these it-shoes are already out of stock. In mesh, in fluffywinter versions, embroidered with rhinestones or featuring a baby-like strap, embellished with studs or ","https://assets.vogue.in/photos/6992e848a044d361716e1db5/16:9/w_1280,c_limit/1432064369"
"Apr 01, 2026 @ 00:30:46.716",ded806aa826e06d05a936a04ca88bba4,https://www.vogue.in/content/karisma-kapoor-builds-her-butter-yellow-anavila-sari-into-a-layered-set,Karisma Kapoor builds her butter-yellow Anavila sari into a layered set,"Styled by Ami Patel, the drape was edged with gota kinari and paired with diamond jewellery and a charcoal grey Hermès bag, shifting the pastel into evening territory",Vogue Staff,2026-02-16T14:38:59.500Z,"Karisma Kapoor chose butter yellow Anavila, pairing a gota kinari Floral embroidery gathers along the cuffs and lower panels, concentrating the detail toward the edges rather than across the body. The extra layer changes the proportion, creating a longer silhouette over the drape. Amrapali Jewels diamonds sit close to the ear and at the collarbone, while a charcoal Hermès bag cuts through the yellow. Har is kept swept back with Kapoor's signature glam featuring kohl-lined and softly smoked-out eyes, sculpted cheeks and a “Keep the silhouette clean by tucking the pallu in the jacket and belting it with a kamarbandh. The jacket stays as it is. A sleek bun with a pair of cat eye sunglasses would lift the look into off-duty parliamentarian power dressing,” says Vogue India fashion associate Manglien Gangte. ","https://assets.vogue.in/photos/6992e6aa5e363f74126d8953/16:9/w_1280,c_limit/GettyImages-2261605276.jpg"
"Apr 01, 2026 @ 00:30:54.744",5787036e655601278ddb5939a6367591,https://www.vogue.in/content/the-baggy-skinny-is-the-only-denim-im-interested-in-in-2026,The “baggy skinny” is the only denim I’m interested in 2026,Margot and Dakota are both fans – and you can thank Matthieu Blazy.,Joy Montgomery,2026-02-16T09:30:00.405Z,"Once a fantasy fashion playground for the one per cent, couture fashion week has found its way into mainstream media in recent years, in large part thanks to the collective obsession with seeing celebrities tottering towards the front row in improbable looks that cost more than most people’s life savings. (See Kylie Jenner’s lion’s head look from 2023.) But spectacles aside, the runway looks that transcend the Case in point: the look that has lived rent-free in our heads over the past month is not a Price on Application gown, but an unassuming The more we looked (and we looked a lot), the more we noticed this same silhouette proliferating across the fashion landscape: from celebrities to street-stylers to stylish Londoners. Fashion plate Dakota Johnson wore hers with pointed The skinny baggy can be broadly identified by the following specifications: a mid or low-rise waistband that falls into a boxy, straight leg and ends with a slouchy, floor-grazing hemline. If you want to lean further into the The beauty of this silhouette is that it combines the nonchalance and slouch of a standard wide-leg with the polish of a more tailored straight-cut jean. And while I hate to go down the “millennials v Gen Z” route, as a 30-something, it feels like a more grown-up spin on low-rise When it comes to finding a pair, one option is to try a pair of straight-leg jeans (new or second-hand) and size up, to get that slouchier version of a traditionally close-fitting silhouette (I’m wearing an H&M straight-leg in a UK 14 in the image above, and I’m a UK 10). Exploring the men’s department is also worth a try – particularly if you’re on the taller side and looking for a longer, shoe-grazing length. For a readymade pair, brands like Cos and Weekday have offered up iterations of the baggy Scroll down to see and shop our baggy skinny jean edit. ","https://assets.vogue.in/photos/6992b217a044d361716e1cf1/16:9/w_1280,c_limit/GettyImages-2157797399.jpg"
"Apr 01, 2026 @ 00:31:02.768",8d8bf4420891531cba834e5029b08ee6,https://www.vogue.in/content/madhuri-dixit-nenes-painterly-ensemble-proves-great-tailoring-can-multitask,Madhuri Dixit Nene’s painterly ensemble proves great tailoring can multitask,The actor accessorised with drop earrings and open-toe heels,Nupur Sarvaiya,2026-02-15T14:46:28.000Z,"When Madhuri Dixit Nene's latest look proves that some pieces can be directional and adaptable. Sukriti Grover styled a look that can transition seamlessly across various events with just a shift in accessories. While the veteran actor wore drop earrings by Bblingg, swap them for a pearl choker and the look instantly takes on a more occasion-ready mood. The actor wore the Raina Set from Nouria’s latest outing, ‘Ember’. Designer Dipti Advait behind the label shares, “This collection is a new take on structure and fluidity, grounded in sharp cuts, easy layering and defined by bold prints. These are versatile staples perfect to create a capsule wardrobe that can go from a Sunday brunch to a pool party at a destination wedding.” That philosophy is evident in the interplay of tailored shirting and the fluid draping of the ensemble. At first glance, the set reads as a conventional coordinated shirt and skirt combination. Look closer and the construction reveals its innovation. “The tie-up drape skirt reimagines the classic sarong through a contemporary lens. The skirt’s versatile design allows it to be tied up in multiple ways, ensuring a flattering look for all body types,” says Advait. What catches your eye the most is its painterly print. “Sweeping brushstroke forms in crimson, deep terracotta and burnt sienna cut across an ivory cotton satin base, lending the look an artful edge. The composition channels the raw energy of Abstract Expressionism and yet remains wearable. The idea was to imagine strokes that are gestural and spontaneous, as though the cotton satin fabric itself was laid flat and painted by hand in a single, fluid motion,” the designer shares. The print did not originate digitally. “It was first born on paper, drawn entirely by hand before being translated onto fabric. Each brushstroke you see is a deliberate mark made by a human hand, later rendered onto the cloth to preserve every raw, imperfect edge of the original artwork.” ","https://assets.vogue.in/photos/69908a574c7608eca1bc0031/16:9/w_1280,c_limit/SnapInsta.to_631947664_18554569699054678_7483402545769136405_n.jpg"
"Apr 01, 2026 @ 00:31:10.806",2545d13ca3cf17811b5d039f43a7d549,https://www.vogue.in/content/the-summer-2026-shoe-trends-to-know-now,The summer 2026 shoe trends to know now,"From fancy footwear to glove pumps and slimmed-down sneakers, grab one of next season’s pairs before everyone else. ",Minty Mellon,2026-02-15T17:50:05.423Z,"In a season marked by high-profile runway debuts, anticipation peaked around how newly appointed designers would steer their houses’ accessories: would they honor the classics or reinvent identities? The answer—as it relates to the spring/summer shoe trends—proved to be a mix of both, with interpretations swinging like a pendulum from pared-back On the minimalist end of the spectrum, styles were refined and barely there. For everyday ease, Miu Miu, Fendi, and Prada introduced sleek, slim sneakers that feel understated yet quietly directional. Those craving height with a similar sense of Then came maximalism, unapologetic and joyful. Dries Van Noten, Proenza Schouler, and Dior leaned into drama with bold designs that demanded attention—flourishes befitting their new creative directors. From sequin-embellished pumps ready for summer dance floors to sandals adorned with oversized floral appliqués, these styles embodied fantasy and adornment. It was footwear that celebrated the The best part? There’s no need to wait for these An editor's favourite of the season, glove-like pumps are a minimalist’s footwear dream. Sleek, sculptural, and designed to hug the foot in a barely-there manner, these ladylike silhouettes are perfect peeking out from beneath a maxi Spring’s take on fall’s ballet sneaker feels even more refined than its predecessor; we like to think of it as the casual A fall favourite, the Fashion is fun again! Celebrate the return of warm weather (at least mentally) with footwear for your inner child. From floral appliqué styles that mirror spring’s blooms to disco ball-like The footwear equivalent of a fresh start, why not lean into the new year’s refreshed energy with your pick of the season’s preppy brogues and lace-ups? Many of this season’s debut designers took to the style, with Jil Sander, Loewe, and Dior all offering their own interpretations on the polished shoe. In glossy patent leathers and with house emblems, these spring-ready shoes build on fall’s modern prep look, offering a sharp and intentional anchor for crisp shirting and pleated What goes around comes around, and as it relates to footwear, all signs point to a return of the clog. The 1970s staple re-emerges with a fresh identity thanks to crystal embellishments, woven leather, and pearly rivets. As seen at Chloé, Bottega Veneta, and Versace, the retro silhouette brings Maybe you’re mentally already at the beach, ready to dip your toes in the sand. Channel that ","https://assets.vogue.in/photos/698efacf59d7cf71c39c1167/16:9/w_1280,c_limit/final_shoetrends_mainholding%20(1).jpg"
"Apr 01, 2026 @ 00:31:18.834",d19a760ae45e654f15b18946429186e8,https://www.vogue.in/content/sonam-kapoors-lime-shehlaa-khan-ensemble-reworked-mughal-florals-in-paint-and-zardozi,Sonam Kapoor’s lime Shehlaa Khan ensemble reworked Mughal florals in paint and zardozi,Rhea Kapoor styled the look with layers of jewellery,Nupur Sarvaiya,2026-02-14T04:30:00.000Z,"In February 2026, Sonam Ahuja Kapoor celebrated her second pregnancy with a godh bharai ceremony, hosted by her family. For the occasion, the mother-to-be opted for a bespoke outfit by friend and designer Shehlaa Khan. The lime look was conceived in close collaboration with Kapoor’s sister and stylist Rhea Kapoor. “We wanted to do something special and still use a signature style of my label,” Khan shares. What they arrived at was a silhouette that is thoughtful and comfortable, featuring a bubble skirt, a contoured blouse and a flowing kimono cape, defined by a classic Indian-style dupatta. “Given that it's an Indian godh bharai, the only thing contemporary about the outfit was its silhouette,” explains Khan. Despite that deliberate modernity of form, the overall impression is traditional. On Kapoor, the structure of the blouse and the volume of the bubble skirt introduced a sculptural quality, whereas the kimono cape softened the look with fluid movement. The starting point for the look’s embellishment was unambiguous in its ambition. “The idea was to resemble a Mughal style painting, and therefore we used the signature hand-painting technique as the base of the embellishment on a Chanderi silk fabric. which is rich yet represents a vintage Indian aesthetic.” Mughal miniature painting, which flourished as a courtly artform between the 16th and 18th centuries, is defined by vibrant mineral pigments and an obvious synthesis of Indian, Persian and European influences. The paintings are celebrated for their realistic portraiture and naturalistic depictions of flora and fauna, and this is the exact visual language that Khan has translated onto fabric. The hand-painted crimson blossoms and brushed-gold leaves were elevated through zardozi embroidery worked in nakshi and saadi materials. “The festive nature of the event required some sparkles, to give the look of Zari work used in extensive garments of women from royalty in the Mughal era,"" Khan adds. “The outfit was a very intricate yet heartfelt tribute to the relationship Sonam holds with the brand since its early years,"" adds Khan. “It took a long time and several hours of handwork of various artisans to bring this outfit together.” Colour, too, Khan says, played a defining role in shaping the mood. “We chose lime because Sonam loves green but yet wanted it to be a bright and a happy shade for the joyous occasion.” Rhea styled her look with jewellery that blended heirloom sentiment with artisanal charm. The necklace and earrings were from Kapoor’s personal collection, while the ring and gucha came from Amrapali Jewels, the hathphool, waist belt and pearl kadas from Sheetal Zaveri, and additional kadas from Maalka By Varun Haria and Falguni Mehta. ","https://assets.vogue.in/photos/698f39ca618af636a4a7dc0a/16:9/w_1280,c_limit/SnapInsta.to_628145539_18571493533010901_7470815568633691766_n.jpg"
"Apr 01, 2026 @ 00:31:26.869",d0c2e54b6201c8a096f757332793d204,https://www.vogue.in/content/this-unexpected-colour-is-set-to-trend-instead-of-brown-or-black-bags-this-summer,This unexpected colour is set to trend instead of brown or black bags this summer,"From Celine to Zara, shop 30 cobalt blue bags with the runway and street style set’s seal of approval.",Tatiana Ojea,2026-02-14T02:30:00.000Z,"Introducing the season’s most compelling new neutral in bags—and no, it isn’t brown, beige, or For an instant jolt to your spring wardrobe, look to cobalt-hued carryalls from Tory Burch, J.Crew, Alaïa, and, of course, Khaite—a label whose fearless embrace of colour shows no signs of slowing down. Or, take a cue from the If you are willing to dare with this trend, here are some designs that you can add to your closet: ","https://assets.vogue.in/photos/698f1754f95ff9abfd0376fd/16:9/w_1280,c_limit/GettyImages-2258183918.jpg"
"Apr 01, 2026 @ 00:31:34.896",61b1f516e3a9958d8bcd96fb15ccf4ab,https://www.vogue.in/content/isha-ambani-piramals-cascading-emeralds-cut-through-anamika-khannas-antique-gold-handwork,Isha Ambani Piramal’s cascading emeralds cut through Anamika Khanna’s antique-gold handwork,The custom Anamika Khanna set layers dense handwork beneath a long silk coat,Vogue Staff,2026-02-13T15:44:47.213Z,"Isha Ambani Piramal chose custom Stylist Anaita Shroff Adajania adds a long satin coat, slightly off the shoulders, with its clean lapels cutting through the embroidery beneath. The inner lining reveals a muted floral print as it moves, a small moment of colour against the otherwise monochrome base. Then come the emeralds. Multiple strands of graduated beads fall deep, cutting through the intricate ivory base that's soft in tone. Mike Desir pulls the hair back, letting the earrings shine. Tanvi Chemburkar creates a luminous base for a natural makeup look with a “When you want the jewellery to lead, Isha Ambani Piramal and Anaita Shroff Adajania offer a clear lesson with this Anamika Khanna look. A muted nude-gold base sets up a strong contrast for the emerald beads. The outfit needn't be boring, and the detail can lie in tone-on-tone embroidery, which adds depth, instead of, say, a singular slip dress. The richness of the look also comes from how it's paired; a skirt set layered with a trench,” says Vogue India fashion associate Divya Balakrishnan. ","https://assets.vogue.in/photos/698eb93cff16c891966d7d91/16:9/w_1280,c_limit/Isha%20%F0%9F%A4%8DWearing%20custom%20@anamikakhanna.in%20Styling%20@anaitashroffadajania%20Makeup%20@tanvichemburkarHai.jpg"
"Apr 01, 2026 @ 00:31:42.926",04ca75913cb801761c317e79377e84ed,https://www.vogue.in/content/sonam-kapoors-hand-painted-sari-and-bhumi-pednekkars-mundu-refresh-lead-this-weeks-best-looks,Sonam Kapoor’s hand-painted sari and Bhumi Pednekkar’s mundu refresh lead this week’s best looks,Detail-driven dressing set the tone,Vogue Staff,2026-02-13T14:53:06.084Z,"The best fashion looks this week were defined by detail. Hand-painted florals, crisp pinstripes, sweeping trains and scalloped gold Sonam Kapoor closed the week in custom Snehla Khan. The lime Chanderi sari, inspired by Mughal portraiture, was hand-painted and adorned with floral zardozi and zari work. The classic drape met dramatic styling, with the actor donning an ornate statement necklace, oversized jhumkas, hathphool and stacked pearl and gold kadas. ","https://assets.vogue.in/photos/698f39ca618af636a4a7dc0a/16:9/w_1280,c_limit/SnapInsta.to_628145539_18571493533010901_7470815568633691766_n.jpg"
"Apr 01, 2026 @ 00:31:50.953",d417538c8060f6b6e5a26153f06b6f4f,https://www.vogue.in/content/khushi-kapoors-summery-raw-mango-sari-features-dancing-peacock-motifs,Khushi Kapoor's summery Raw Mango sari features dancing peacock motifs,A sweep of yellow along the border brings warmth to the handloom silk base,Vogue Staff,2026-02-12T15:32:35.299Z,"Khushi Kapoor carries all the warmth of summer in Raw Mango’s Kirti The visual interest lies in the sari's border, carrying Rajasthani tie-and-dye traditions finished with a gold edge that's mirrored in the blouse. Meagan Concessio styled the sari with a choker from Sanzany Jewels, sitting snug at the collarbone with an eye-catching kundan, paired with drop earrings from Golecha's Jewels and bangles by Silverstreak. The gold bag by My Motifs picks up on the green from the ring. Madhav Trehan keeps the hair in long waves, and Tanvi Chemburkar fills out her brows, lengthens the lashes and Raw Mango has become a reliable red-carpet shorthand for actors who want heritage without theatricality. The label, founded by Sanjay Garg, has long built its vocabulary around handloom textiles and regional dyeing techniques, reworking them into silhouettes that feel contemporary without losing their essence. ","https://assets.vogue.in/photos/698d8e3377308db989c5132c/16:9/w_1280,c_limit/%F0%9F%8C%BB%F0%9F%92%9BSari%20@raw_mango%20Necklace%20and%20rings%20@sanzanyjewelsEarrings%20@golecha_jewelsBangles%20@silverstre.jpg"
"Apr 01, 2026 @ 00:31:58.992",b6b8f1e18e15dc1c214492436d29433f,https://www.vogue.in/gallery/a-fashion-history-of-the-most-fantastical-high-heels-to-hit-the-runway,A fashion history of the most fantastical high heels to hit the runway,"From the toadstool-ettos at Matthieu Blazy’s Chanel couture debut to Jonathan Anderson’s Loewe egg heels and towering Mugler platforms, fashion has a long, proud history of fantasy-fuelled footwear",Mahoro Seward,2026-02-12T10:59:27.514Z,,"https://assets.vogue.in/photos/698daace45b5bb157c2c9721/16:9/w_1280,c_limit/MS-300126-SHOES.jpg"
"Apr 01, 2026 @ 00:32:07.018",28f12190fccc54f96225b18fc08b6a87,https://www.vogue.in/content/the-mini-bootcut-is-this-years-coolest-denim-trend,The mini bootcut is this year’s coolest denim trend,"A subtle hybrid of the slim and bootcut, this denim silhouette is everywhere–from the Gucci runway to Bella Hadid",Daisy Jones,2026-02-11T16:13:53.962Z,"For Gucci’s pre-fall 2026 collection, Demna sent a slew of models down the runway in what looked like skinny jeans. But, wait, they weren’t really skinnies, were they? They were also kind of bootcut? It’s a silhouette I’ve been seeing a lot of recently, and it’s one I’ve taken to calling the “mini bootcut”, as in, slim jeans, with an extremely subtle kick flare. This will come as welcome news to millennials everywhere who can’t abide by Bella Hadid has long been an advocate for the mini bootcut. Indeed, if she’s not in full glam at some red carpet event or on the runway, she’s usually–recently, at least–found in a skinny-bootcut hybrid. Elsewhere, the likes of Alex Consani, who also modelled on the aforementioned Gucci catwalk, isn’t averse to a looser, slouchier mini bootcut, and neither were so many of the models spotted shuttling around Paris and New York this past season. “But aren’t these just My colleague, American So there you have it. One of this year’s most enticing denim trends. And if you’re wondering whether baggy, skinny, flared, selvedge and the newly anointed “baggy skinny” (IYKYK) are also trending, you’d be correct – because in 2026, there is no dominant denim style, per se. You just have to decide what you like the most and which looks the best. And for me and many others, in the run-up to spring, it’s mini bootcuts all the way. ","https://assets.vogue.in/photos/698ca97bc7a9d962a1d0c012/16:9/w_1280,c_limit/GettyImages-2195341442.jpg"
"Apr 01, 2026 @ 00:32:15.045",9402cbeb127e4599875c42d7e1c92f7c,https://www.vogue.in/content/from-alia-bhatt-to-kareena-kapoor-khan-celebrity-looks-that-prove-summer-belongs-to-cloud-dancer,"From Alia Bhatt to Kareena Kapoor Khan, 7 celebrity looks that prove summer belongs to Cloud Dancer","From custom salwars to satin gowns, white is setting the tone for summer's arrival",Vogue Staff,2026-02-11T09:50:55.340Z,"White has emerged as fashion’s unofficial signal of the summer—crisp, airy and perfectly in step with the long, sunlit days ahead. From Alia Bhatt’s custom This isn’t simply about dressing light. We're ready to bid adieu to winter's chill and bring in summer, where white feels light, confident, and ready for every kind of celebration. Here are 8 celebrity looks that show exactly how to wear this season’s defining shade. Alia Bhatt reimagined the classic Farsi salwar in a custom Torani ensemble. The airy, wide-legged salwar was anchored by tone-on-tone embroidery worked delicately across the short kurti. A light dupatta, finished with embroidered scallop borders, introduced romantic movement. Matching jootis kept the look cohesive, while pearl chandelier earrings framed the face. An elegant ponytail, softly blushed cheeks and pink lips completed the look. ","https://assets.vogue.in/photos/698c47454825416f4e5d6c7c/16:9/w_1280,c_limit/SnapInsta.to_627061329_18561493714028402_7797740316891823932_n.jpg"
"Apr 01, 2026 @ 00:32:23.165",bd68349b4e18b611734ed9f3e25e00c3,https://www.vogue.in/content/ananya-pandays-torani-anarkali-is-all-about-chintz,Ananya Panday's Torani anarkali is all about chintz,Soft makeup and a half-updo balance out the prints,Vogue Staff,2026-02-10T16:49:10.925Z,"Ananya Panday stepped out in a Torani anarkali set that plays with print placement as much as silhouette. In classic anarkali style, the bodice sits close through the upper torso before releasing into a full skirt. What keeps it from feeling too familiar is the way the digital chintz is handled. Instead of a uniform all-over print, the pattern shifts. The empire panel carries the boldest motifs, while the skirt and sleeves break them up into smaller repeats. The palette does a lot of the work here. Reds, blues and off-whites sit against each other, helped along by the lightness of Styled by Priyanka Kapadia Badani, the accessories stay in step with the outfit’s handcrafted feel; chandelier jhumkas and a single polki ring from Shri Paramani Jewels. Hair, by Aanchal A Morwani, is worn half-up, leaving the ensemble, while makeup by Tanvi Chemburkar keeps things light and fresh with softly defined eyes and a rosy “Rethink this anarkali set for the summer season with a colorful strappy maxi dress instead, work with a thin scarf or dupatta that adds to the playful summer tonalities of your look. Finish with a chunky bohemian bangle stack or a bigger statement hoop earring,” says Vogue India fashion associate Divya Balakrishnan. ","https://assets.vogue.in/photos/698ac6522383f9a7954b3d16/16:9/w_1280,c_limit/Back%20to%20brushes,%20back%20to%20work.%20My%20first%20makeup%20after%20delivery%20on%20@ananyapanday%20%E2%9C%A8%F0%9F%AB%B6%F0%9F%8F%BCStyling%20@pri.jpg"
"Apr 01, 2026 @ 00:32:31.188",ed8fd46ee1ae7baf47c5ef9fe3afbcd9,https://www.vogue.in/content/deepika-padukones-gaurav-gupta-ensemble-shines-with-metal-detailing,Deepika Padukone's Gaurav Gupta ensemble shines with metal detailing,The sweeping neckline gives the Cartier jewellery its own frame,Vogue Staff,2026-02-09T15:17:59.046Z,"If we got to dress Morticia Addams in high fashion, it would be this The jacket's contoured shoulders curve outward before tapering back into the body, creating a strong upper frame with a sweeping, open neckline. From there, the line drops straight into a full-length skirt. The look takes its cue from Starfall, one of the key silhouettes from Gupta’s SS26 couture collection, The Divine Androgyne, showcased at Paris Haute Couture Week last month. The most telling detail in Gupta’s look for Padukone is the use of metal. Not embroidery in the usual sense, but clusters of miniature watch components, hand-applied across the black surface. Stylist Priyanka Kapadia Badani pairs the look with Cartier jewellery: drop earrings set with clustered stones, and a close-set diamond necklace that sits low on the collarbone, tapering into a single oval drop that follows the plunge of the neckline. Yianni Tsatori slicked the hair back in a high bun. Savleen Manchanda created a smoky eye look against a mauve shadow base, adding sculpting blush at the high points of her cheekbones and a tonal lip. “Drape a few strings of dainty chain mail to the hair and let a few strings loose. This will cut through the high-octane power shoulder and roughen it up without losing its black-tie appeal,” says Vogue India Fashion associate Manglien Gangte. ","https://assets.vogue.in/photos/69896e16e708e9b3798b79d3/16:9/w_1280,c_limit/SnapInsta.to_630191061_18577086544011278_232260450896381990_n.jpg"
"Apr 01, 2026 @ 00:19:48.424",9870be35ff2220bb33292a93f4fb9e4d,https://www.vogue.in/content/the-best-beauty-products-based-on-your-zodiac-sign-in-2024,The best beauty products based on your zodiac sign in 2024,Consider this your beauty horoscope for the new year,Namrata Kedar,2024-01-08T16:57:04.471Z,"While 2024 has begun with a Ahad, see your horoscope for the year according to your zodiac sign and the beauty product that can get you through it, while you look your best. 2024 is set to be a transformative year for your professional and creative endeavours. Take the career challenges on with Chanel’s Noir Allure Mascara in Expect the unexpected this year. With unpredictable surprises to challenge your grounded nature, the upside is that your ruling planet, Venus, does not enter retrograde. Don't fear the unknown and take solace in the known, like your trusty 2024 promises to be anything but boring—it is a year of change in your work and love life. Match that energy with makeup that is anything but boring. Wear an All good things await the crab in 2024. From friendships to love life, all aspects of your life will do well, especially your professional life. Get ready to shine bright in the spotlight with 2024 is about self-care. Focus on personal wellness and nurture your well-being as your professional and personal life undergo reshaping. Masking is a surefire way to unwind and relax, and we like the Sulwhasoo White Ginseng Radiance Refining Mask​​ for The year begins with Pluto moving into your 6th House of Health. Translation – now is the time to rejig your beauty and wellness routines. Change things up with curtain bangs for 2024, or experiment with a trending makeup look like the When Venus retrogrades, finances and love can slow down. It is also an unfavourable time to undergo any changes in your appearance. But that’s not the case this year – if a Your two ruling planets – Mars and Pluto – undergo retrograde this year. Slow down and focus on self-care and wellness to reduce stress and avoid This year sees your ruling planet retrograde – Jupiter. Indulge in a luxe wellness ritual to put focus on self-care. It's also your year for experimentation – eschew your go-to look and The year for you is about finding a balance between your personal and professional. Navigate all the challenges and opportunities with resilience and determination. Keep your Your ruling planet, Uranus, goes retrograde twice. With that in mind, balance all aspects of your life and prepare for inner growth. Let this not ruffle your feathers. Instead, opt for soft and subtle The new year focuses on your relationship and encourages you to explore its loving and passionate side. With romance in the air, we suggest an intensified glazed doll-like blush – the perfect mix of ","https://assets.vogue.in/photos/659c28559988900346afb248/16:9/w_1280,c_limit/Zodiac%20sign.jpg"
"Apr 01, 2026 @ 00:19:56.448",fa5f9f4a805e7044a7ae4096d2ddccc4,https://www.vogue.in/beauty/content/4-hair-oil-blends-you-can-make-at-home-for-all-hair-problems-dandruff-hair-growth,"4 oil blends you can make at home for all hair concerns, from dandruff to thinning hair","While coconut oil might be your go-to for every hair issue you might have, using targeted hair oils can be more efficient",Avanti Dalal,2020-06-30T10:54:47.223Z,"A good 'ol If you've been using If you're using this mix as a protective spray, mix them into a bottle and spritz before using a straightening or curler. For a more They call For best results, warm up the coconut and jojoba oil and apply the liquefied mixture onto dry hair, focusing on massaging it onto the scalp. Then, after leaving it on for 20-30 minutes, wash off with a regular shampoo and conditioner. Purported as the best miracle growth agent for eyebrows and eyelashes, castor's oil properties have been much discussed. While studies have not proven that castor oil can increase hair growth, it can help improve blood circulation to the scalp, making other growth-inducing products work better. ","https://assets.vogue.in/photos/5efaf267800c753aed1a4a63/16:9/w_1280,c_limit/hair%20oil%20chitrangada%20singh.jpg"
"Apr 01, 2026 @ 00:20:04.479",48546827813d30f39a1ca15e6c490393,https://www.vogue.in/content/janhvi-kapoor-reclaims-sexy-wet-glam-in-a-red-latex-dress,Janhvi Kapoor reclaims sexy wet glam for the holiday season,"After a no-glam look for Christmas, Kapoor added a sultry twist to this season's greetings",Vogue Staff,2023-12-28T09:09:29.001Z,"Wet glam is back, according to Janhvi Kapoor. Drenched in water, wearing a latex leather dress that perfectly complemented her wet look, the star elevates sexy party-wear makeup. Donning a captivating red dress with turtle neck detailing and full sleeves, she ditched all accessories, allowing her outfit and makeup to take center stage. As for her glam, makeup artist Riviera Lynn went in for a delicate shimmering pink, adding a soft glow to her eyes, complementing the overall wet look without overpowering it. The mascara-laden lashes and the use of mauve on her lips is a stroke of genius—it's a shade that's understated yet undeniably chic. The rouge on her cheekbones and highlighter along her facial contours accentuated her features. Completing the look, Kapoor’s kohl and eyeliner played a significant role. Her eyebrows styled into feathery, But the most important part of the look is a The wet hair look, as seen on runways and crafted by Marce Pedrozo for Kapoor, involves creating a 'just-out-of-water' appearance—one that is backswept and softly ruffled. This hairstyle not only complements the wet makeup theme but also adds a sense of movement and fluidity, enhancing the overall aesthetic. Products like hair gels or oils can create that To bring this glamorous wet look to life for an exciting New Year's Eve night out, you might want to add some of these to your beauty arsenal: ","https://assets.vogue.in/photos/658d2b54e716766035149b4d/16:9/w_1280,c_limit/Snapinsta.app_412887352_18404185429006330_3587697872660751751_n_1080.jpg"
"Apr 01, 2026 @ 00:20:12.514",a9ec19e599c762c3b079ba3a18afc0bb,https://www.vogue.in/content/priyanka-chopra-jonas-gives-the-naked-dress-an-angelic-twist,Priyanka Chopra Jonas gave the naked dress an angelic twist at the Victoria's Secret comeback,The actor attended Victoria’s Secret’s star-studded premiere in a sheer Giambattista Valli column,Daniel Rodgers,2023-09-08T13:20:21.395Z,"In 2021, Airing as a feature-length film on Amazon Prime later this month, The Manhattan Center in New York played host to a star-studded premiere last night. A pantheon of new and old faces walked the red carpet – among them Tyra Banks, Naomi Campbell, The traditional ","https://assets.vogue.in/photos/64fab63c298b52d76c1fc840/16:9/w_1280,c_limit/news0709_GettyImages-1665124582.jpg"
"Apr 01, 2026 @ 00:20:20.536",8a57f99b757f3506b76fba583ee9d93f,https://www.vogue.in/content/katrina-kaif-in-a-neon-dress-is-the-inspiration-we-need-for-how-to-bring-out-the-best-in-the-bold-colour,Katrina Kaif's neon dress is a fashion controversy we'd love to debate,"If you want to make a statement in colour, then neon is the way to go about it","Shriya Zamindar,Srishti Singh",2023-11-11T02:30:00.000Z,"Katrina Kaif is seen less on the red carpet and more in fashion campaigns. One can spot the actor adding endorsements to her kitty and working on her beauty brand, Kay Beauty. The 40-year-old, who recently became the global ambassador for A trend that originated during the era of facebook chats and BBMs, the everything-neon concept was shortlived, and could perhaps be considered a fashion ick for some now. But that was the consensus on ballet flats before Miu Miu brought it back from the dead. So, it definitely makes sense to weigh the merits of adopting this starkling hue into the wardrobes. Neon pinks and yellows have become a popular choice among celebrities, like Katrina opted for a fluorescent yellow satin-crepe gown from the Australia-based designer The “highlight” of the flattering dress, however, is the vibrant neon colour, which works in sync with the fluid fabric, to form a bold monotone ensemble that works for both minimalists and ","https://assets.vogue.in/photos/654b69a9affa2a3d96639974/16:9/w_1280,c_limit/Snapinsta.app_399110674_18399121960032012_8537065345620433027_n_1080.jpg"
"Apr 01, 2026 @ 00:20:28.561",15ca32a7c80ad3899fd623cbc29c28a9,https://www.vogue.in/content/priyanka-chopra-brings-out-the-glamour-in-white-for-jio-mami-film-festival,Priyanka Chopra brings out the glamour quotient in two white ensembles for Jio MAMI Film Festival,The actor— also the chairperson of the festival— took no time to switch from a western to traditional avatar,Srishti Singh,2023-10-30T11:55:19.000Z,"The For the opening night, the desi girl was styled by Rebecca Corbin-Murray in a white Tony Ward bodycon floor-length tulle gown, featuring neck-to-toe ruched detailing on the front and top-half back of the dress, plus a high Priyanka Chopra's second look was a complete contrast to her inaugural night outfit while being tied to each other by the colour white and Bulgari's jewellery. On Day 2 of the festival, the former Miss World's ensemble embodied the true spirit of the statement shared on The ivory drape featured minimal floral designs (one can spot the English rose amongst the blooms), and a thin, triple-layered border featuring navy and copper hue. She paired it with the classic deep V Sabyasachi blouse (front and back) in a matching pattern. It is the combination of the lightweight fabric of the sari, and the pattern, that lends to its whimsical appearance on the At a time when red and pink are becoming the trending colours of the season, PC's ivory sari carves its own simple but unique path with its vintage royal elegance personified by the actor. The outfit exemplified that style is forever, while fashion is fleeting. Both PC's looks only underscored the timelessness of the sari and the traditional draping style, along with proving her effortlessness to elevate all kinds of ensembles. ","https://assets.vogue.in/photos/653f90dfe0571411e6ef9c05/16:9/w_1280,c_limit/Snapinsta.app_395279780_18414507106041483_3767148800968250356_n_1080.jpg"
"Apr 01, 2026 @ 00:20:36.585",0e9c1b7b8228ce32621b393d47a98b07,https://www.vogue.in/content/how-to-dress-like-mia-khalifa-and-channel-your-inner-fashion-girl,How to dress like Mia Khalifa and channel your inner fashion girl,"Dyed eyebrows, nerdy glasses and a series of expensive shoes—we unpack the recipe to achieving street cred like Mia Khalifa",Upasana Das,2023-12-28T12:50:18.223Z,"Mia Khalifa has reclaimed her narrative from a past that defined her identity. Now, she poses as a fashionable muse in front of Juergen Teller's celebrated lens. Khalifa has been using fashion as a way to showcase who she is. Positioning her style between the oversized Sashaying down the runway or on the street, we take a look at some fun outfits from her wardrobe that scored points with the fashion set. Khalifa embodies the showgirl energy in London as she dresses for the National Theatre in Another day at fashion week, Khalifa shows up in a barely-concealed look from Estermanas casually paired with a Ludovic de Saint Sernin jacket and Ann Demeulemeester boots complete with Khalifa wears a floral-print Everyone was in Dipetsa earlier this year, and once again, Khalifa proves she feels the pulse of fashion as she wears an iconic “wet” creation from Dipetsa which also visually doubles as a sweater. She pairs the look with a Who said one could not live in one's coat, even if it's a hundred degrees? Coupled with the iconic Khalifa wears a glitzy lavender look for the launch of Acid-green coupled with black definitely did become a Of course it makes sense that Khalifa, all cheek will go for the sexy Who said comics are for boys? The streetwear side of Mia is casual but fun, as she dons an oversized comic-printed ensemble complete with the iconic Y2K streetwear underwear reveal and Nikes. Taken just before After the KNWLS spring/summer ‘24 show, Khalifa came out from backstage in a sharp yet Khalifa gave her spin on Riverdale-core at the Off-White fall/winter ‘23 show, in a baseball jacket, unbuttoned cuffs and a knotted shirt, as she serves some main character energy. A trip to the gallery or the local magazine store calls for some quick quiet luxury—but make it sexy, as Khalifa demonstrates in ","https://assets.vogue.in/photos/658d630879c0589257dcd085/16:9/w_1280,c_limit/Mia_SOCIAL2.jpg"
"Apr 01, 2026 @ 00:20:44.610",7fe6c647d21debdfc4c96c28848882ad,https://www.vogue.in/content/katrina-kaif-is-kickstarting-the-year-in-dad-checks,Katrina Kaif is kickstarting the year in dad checks,"Katrina Kaif opted for the classic plaid print, signaling its potential comeback in your wardrobes this year.",Vogue.in,2024-01-04T12:27:07.841Z,"Introduced by Plaid or Drawing inspiration from these references, it's evident that plaid or checkered prints possess a timeless charm that can seamlessly blend into both summer and ","https://assets.vogue.in/photos/65963f6e92a8c97e34ca8a9d/16:9/w_1280,c_limit/Snapinsta.app_416710420_18330482632118856_2451326186230493050_n_1080.jpg"
"Apr 01, 2026 @ 00:20:52.641",89458a3beb826f529acb24e2f3cd7501,https://www.vogue.in/content/priyanka-chopra-arrived-at-the-victorias-secret-show-in-her-signature-nude-glam-and-long-locks,Priyanka Chopra arrived at the Victoria's Secret show in her signature nude glam and long locks,"No one does classic glam, quite like PC",Kejhal Kalra,2023-09-08T06:23:19.121Z,"After a four-year hiatus, Victoria's Secret hosted a reimagined version of its iconic fashion show (now called the ‘ She opted for a long, flowing hairstyle with As for her makeup, Chopra Jonas showcased her makeup expertise with a well-balanced palette. She chose a fresh and radiant peach-toned makeup palette that complemented her skin tone exquisitely. Her eyes were the focal point of her makeup, with soft, Makeup artist Benjamin Puckey's choice of brown-hued lipstick with a generous swirl of blush created a healthy and Priyanka Chopra Jonas left a lasting impression with her attention to detail. Celebrity nail artist Pattie Yankee created a dramatic deep French manicure in black, all in ","https://assets.vogue.in/photos/64fabcc6378fab31184baeac/16:9/w_1280,c_limit/Snapinsta.app_376642104_18387623734028692_8482966317188838367_n_1080.jpg"
"Apr 01, 2026 @ 00:21:00.676",9fd0ddc74c7bdbcbd32fdecf33786984,https://www.vogue.in/content/janhvi-kapoor-in-a-golden-kanchipuram-silk-sari-stands-as-the-quintessential-festive-look,Janhvi Kapoor in a golden Kanchipuram silk sari stands as the quintessential festive look,"In Kapoor's collection, golden saris consistently steals the spotlight.",Vogue India,2024-01-13T02:30:00.000Z,"A peek into Janhvi Kapoor's wardrobe reveals her enduring love for Consistency is key for Kapoor in her makeup choices, as she continues to follow the ' Turning the focus to a subtle minimalist approach, many celebrities are gravitating towards this trend. Despite the popularity of ","https://assets.vogue.in/photos/65a0e298016393985a033fd8/16:9/w_1280,c_limit/Snapinsta.app_415998302_18405912274006330_5168793196915324834_n_1080.jpg"
"Apr 01, 2026 @ 00:21:08.711",6db5c5c396e699ac521e22717579dca4,https://www.vogue.in/gallery/after-13-years-and-six-fake-proposals-this-couples-wedding-in-new-delhi-felt-worth-the-wait,"After 13 years and six fake proposals, this couple’s wedding in New Delhi felt worth the wait","Luxury bridal makeup artist Reva Goswami and The 365 Circle co-founder Shrey Anand built the celebration around heirloom dressing, self-done bridal makeup and details drawn from their shared history",Palak Godara,2026-03-29T10:31:18.544Z,,"https://assets.vogue.in/photos/69c8facfdd5240b18d9e200d/16:9/w_1280,c_limit/25-05-10-766.jpg"
"Apr 01, 2026 @ 00:21:16.760",24fb5fc103df17ac97d480b12e7476f2,https://www.vogue.in/gallery/at-this-beach-wedding-in-thailand-the-grooms-arrived-with-a-joint-baraat-and-exchanged-mangalsutra-bracelets,"At this beach wedding in Thailand, the grooms arrived with a joint baraat and exchanged mangalsutra bracelets","Anique Buddhdev and Shamil Patel hosted a four-day celebration in Hua Hin, bringing together personalised rituals, Pride festivities and a custom open-air mandap by the ocean",Palak Godara,2026-03-26T15:23:59.907Z,,"https://assets.vogue.in/photos/69c53f73f2fd9b9b12f7f9f9/16:9/w_1280,c_limit/V-204.jpg"
"Apr 01, 2026 @ 00:21:24.794",d67cc2fba98bce01e870651761905656,https://www.vogue.in/content/why-are-gorillas-dancing-at-indian-weddings,Why are Indian weddings with dancing gorillas going viral?,"There was a time when the best hope for an Indian wedding to become Instagram-famous was to look like a Pinterest moodboard. But as the rules of virality change, so are desi weddings",Rhea Arora,2026-03-24T18:01:53.735Z,"At 11:30 pm, Vishesh Anand and Kavisha Chawla’s cocktail party was winding down. Their guests were at the finish line of a marathon March wedding in An Indore-based jeweller, Anand is referring to the dancing-gorilla trend. First In Delhi’s Sultanpuri, Manoj Kumar’s mascot entertainment company, Gori Boy Events, has become the poster boy (or gorilla) of this trend. “The DJ happened to play ‘Laila Mein Laila’ at a wedding we had booked in February, and my employee in a gorilla suit gave a power-packed performance. I filmed a video of him dancing and added my contact number when I posted it online. In 24 hours, I got a million views,” Kumar says proudly. Today, that “It’s been on everyone’s feed. Anyone planning an occasion is getting tagged by their friends in comments saying, ‘If the gorilla is not coming, I’m not coming,’” says Ayushi Gupta, a community manager at When Anand’s wedding planners failed to find a gorilla performer, he went so far as to take matters into his own hands. “It was two days before the wedding. I thought, ‘How can we not get the gorilla?’ So I searched and booked it myself,” he says. In fact, Anand took it a notch higher, hiring a panda as well. “People were going gaga over them. Even if Amitabh Bachchan was at our wedding, they wouldn’t have danced with him as much as they did with the animals,” says his wife. The gorilla, though entertaining, is a symptom of a growing obsession with online visibility. “Many times, people come to us saying, ‘The goal is to go Vikram Mehta, founder and executive director of wedding planning company MPire Events, adds that peer pressure is a major driver for wedding virality. “People care about what their social circuits think, and there’s a lot of competition within them,” he explains, confessing that he planned a padel-themed wedding brunch when racquet sports exploded in popularity a few years ago. Everyone wants a gorilla but does anyone care about what the gorilla wants? “The performers feel very hot in the suit but no one asks about our well-being. People will book us and come up to compliment us but won’t offer food or water,” says Kumar, who ensures his performers rest for 30 minutes for every one hour of dancing. “He looked too young to be in that huge gorilla costume,” Gupta confesses, estimating that the performer could not have been older than 20. “He’s just trying to earn a living and we’re paying him, but it’s not enough.” For Kumar too, virality has cost him his sleep—people call him incessantly, often late into the night, with requests to hire the gorilla to drink or sleep with them, even offering two lakhs to buy the suit and the performer in it. Despite the hassle, he knows the novelty of his character will likely wear off in two years. And then the next big thing will come along. ","https://assets.vogue.in/photos/69c2cf39cf0369ba0fd4700c/16:9/w_1280,c_limit/Dancing%20gorilla.jpeg"
"Apr 01, 2026 @ 00:21:32.877",6879b08314bc9a73af42861ad79d7001,https://www.vogue.in/gallery/a-wedding-in-dubai-where-celebrations-began-in-the-desert-and-ended-by-the-sea,A wedding in Dubai where celebrations began in the desert and ended by the sea,"After months of missed timing, Aparajita Banerjea and Karan Chawla finally met at Art Basel in Miami, with a text that read, “I think I see you”",Palak Godara,2026-03-23T13:56:16.896Z,,"https://assets.vogue.in/photos/69c1422311795c8c2cde0e82/16:9/w_1280,c_limit/wed%20(229%20of%20690).jpg"
"Apr 01, 2026 @ 00:21:40.910",796f77a9f47b232ddec92201459c2ad1,https://www.vogue.in/gallery/inside-a-lake-como-wedding-with-secret-tunnels-fireworks-and-a-plunge-into-the-lake,"Inside a Lake Como wedding with secret tunnels, fireworks and a plunge into the lake","Dermatologists Nupur Patel and Erfon Ekhlassi celebrated with Indian and Persian rituals, historic villas, boat arrivals and a leap into the water",Pooja Shah,2026-03-18T14:04:09.496Z,,"https://assets.vogue.in/photos/69baa2479652c09d86a87db5/16:9/w_1280,c_limit/NE_WEDDING_SEL-199.jpg"
"Apr 01, 2026 @ 00:21:48.941",33554357ece65b8a8e8e013e47ca4272,https://www.vogue.in/gallery/a-wedding-in-italy-where-guests-checked-into-the-grand-thakkar-hotel,A wedding in Italy where guests checked into the “Grand Thakkar Hotel”,"After eleven years together, Rohan Thakkar and Mackenna Wilsey brought their shared history across cities and culture into a wedding weekend in Ladispoli, Rome",Sara Hussain,2026-03-20T14:16:45.665Z,,"https://assets.vogue.in/photos/69bd5598ccc6833f7fcc8130/16:9/w_1280,c_limit/HV4A4016.jpg"
"Apr 01, 2026 @ 00:21:56.969",2beae02e63ac3c8452a2210e9695af6a,https://www.vogue.in/gallery/at-this-wedding-in-rajasthan-the-bride-wore-an-80-kali-ghaghra-made-from-her-mothers-sari,"At this wedding in Rajasthan, the bride wore an 80-kali ghaghra made from her mother’s sari",Lavina Jethani and Tom Donahue brought friends and family from around the world to Narlai for a three-day celebration set between candlelit stepwells and the Aravalli hills,Palak Godara,2026-03-12T16:53:32.277Z,,"https://assets.vogue.in/photos/69b2eb2d98aef4df532f778c/16:9/w_1280,c_limit/SHV03648.jpg"
"Apr 01, 2026 @ 00:22:05.001",b9ba652f2e57a05c473e41c2d9900dbb,https://www.vogue.in/content/your-bridal-trousseau-is-missing-a-tiara,Your bridal trousseau is missing a tiara,"The Indian bride is a real-life princess, and every princess deserves her crown",Thea Mulchandani,2026-03-12T08:40:57.713Z,"Once upon a time, I wanted to be a princess. I watched Sleeping Beauty glide across the ballroom in a pink gown, gold tiara perched on her head, so I would tie a bedsheet around my torso, letting the excess fabric sweep the floor behind me like a train. I’d step into my mum’s Now, twenty years later, the occasions to wear a tiara are few and far between, but there is one moment I know I can count on: my wedding. The Indian bride, after all, is something of a real-life princess. And on the day that marks the beginning of her happily ever after, she certainly knows how to look the part. “ Of course, extravagance has never been unfamiliar territory for the Indian wedding. The lehengas get heavier every year, the diamonds get bigger and the guest list is often comparable to a small village. In that context, the tiara feels like a natural evolution. But once the wedding diary closes, how do you justify a piece of jewellery, however beautiful, for a single day? The good news is that the tiara is far more versatile than it first appears. “It isn’t frozen in one format. A central stone can be detached and worn as a pendant or elements can be reimagined as So, if you're considering a tiara on your wedding day (as you should), “the starting point has to be the stone. Every creation really begins there,” adds Lodha. Take Alok Lodha’s Firdaus Tiara, which draws from the Mughal sarpech. Vintage mine-cut diamonds set in a Victorian tarnished black finish form scrolling arabesques, framing the central stone, a 28-carat Colombian emerald. A plume of white feathers adds a lightness to the piece. Here, the As children, a tiara allows us to indulge in fantasy, a small sparkling promise that we might one day step into a fairytale of our own. As adults, it becomes a piece of jewellery shaped by craftsmanship, history and taste. While it may make its grandest appearance on a wedding day, the tiara was never really meant for just one moment. It’s designed to evolve, to be reimagined, and, if you’re lucky, to be passed down. After all, every princess deserves a crown. ","https://assets.vogue.in/photos/69b278c0eaa3e537a4d60fab/16:9/w_1280,c_limit/GettyImages-3303279.jpg"
"Apr 01, 2026 @ 00:22:13.030",245283a4db7b9e91d501480a5a1293b0,https://www.vogue.in/content/are-intimate-weddings-replacing-the-big-fat-indian-wedding,"Is the intimate desi wedding replacing the big, fat Indian wedding?","The real luxury at an Indian wedding isn’t scale, but time",Thea Mulchandani,2026-03-10T11:20:55.816Z,"A typical Indian wedding conjures up images of a beautifully decorated stage, the bride and groom at its centre, vowing to spend the rest of their lives together. Beyond them, a sea of people watching. Including the bride’s uncle’s new astrologer and the best man’s breakdancing troupe from college. But for some couples, the tides are shifting, stars are realigning and the guest list is dwindling. An intimate desi wedding sounds faintly contradictory, and yet, it has snuck up on us. Lists that used to run well into the hundreds are now tapering off in the fifties and, gasp... even twenties. Why are couples going down this lean route? Or rather, how are they getting away with it? According to Krish Sheth and Shefali Sharma, whose 55-­person wedding took place in Rishikesh, the trick is simple: make sure your But the couple didn’t begin with a number in mind. After months of searching, they found a property that felt right, Anand Kashi by the Ganges. It had the warm energy they were looking for and, more importantly, a limited capacity. So, the venue wrote the guest list. Years of attending large weddings had already planted the seed. “It’s like an attendance register,” Sheth says. “You show up, say hello, pose for a photo and move on.” Anyone they didn’t have at least three core memories with, didn’t make their list. For those working behind-the-scenes, this shift has been a pleasant change of pace. The pandemic was certainly a catalyst—proof that ceremonies could still feel complete without being excessive. Wedding planner Priya Maganti of RVR Eventz & Design, who recently hosted around 180 guests—intimate by her standards—knew every guest there by name. “By the end, people didn’t know if I was the planner or part of the family,” she laughs. That closeness changes everything. With fewer guests, you actually get to host, to make sure people have eaten well and to be present. But Indian Shlok Punjabi and Katyayni Gupta, who hosted a 20-person wedding, recall long conversations with their highly social parents who struggled with the absence of old friends and extended family. What helped was that family involvement started long before the wedding. “The proposal wasn’t something we did alone,” shares Punjabi. “Her brother, her mom, my parents, my And those conversations were well worth it. For three days in Tulum, Mexico, the small group talked endlessly, danced together and simply existed in the same space. “You just can’t manufacture that feeling of togetherness with a larger group,” adds Gupta. It translates on-camera too, documented for years to come. “You can hear more—small chatter, half sentences, private jokes,” shares photographer Siddharth Sharma of House on the Clouds, “It changes the way moments unfold behind the lens.” With fewer moving parts, you notice details that usually get lost. For Herit Vachhani and Kinjal Patel, the decision to go small came from fatigue. Midway through planning a large-scale wedding, Patel realised the process itself had drained the joy out of the idea. “It wasn’t fun for us. For an entire year, this was all we talked about.” Her 300-person engagement party had already given her a preview. “You can’t really enjoy the day because you’re thinking: what if someone spills wine on the floor or what if someone breaks a vase.” Their eventual wedding by Lake Como had just nine guests. While intimate weddings are often framed as emotional decisions rather than financial ones, they are considerably easier on the bank account. Fewer guests mean less logistics and more freedom to spend intentionally. “There’s space to be more mindful,” shares experience designer Eeshaan Kashyap, of Eeshaan Kashyap & Co and Tablescape by Eeshaan, “We had a bride who wanted to drape her old The big Indian wedding isn’t going anywhere. There is no substitute for the collective joy it brings. But alongside it, there is room for another version. What you lose in fireworks, you gain in time—the rarest luxury. Time to sit with your parents without being pulled away. Time to eat with your friends instead of waving at them across a room. Time to finish conversations, to linger after they’re over and to celebrate the beginning of a new life. ","https://assets.vogue.in/photos/69afbf0c2d2d983fbe70bce6/16:9/w_1280,c_limit/278A8514.jpg"
"Apr 01, 2026 @ 00:22:21.058",3ece3d04a693a2261b88aeacd0d3ba42,https://www.vogue.in/gallery/at-allu-sirish-and-nayanika-reddys-hyderabad-wedding-the-bride-was-stopped-at-the-gates-moments-before-the-ceremony,"At Allu Sirish and Nayanika Reddy’s Hyderabad wedding, the bride was stopped at the gates moments before the ceremony",The couple’s five-day celebration honoured Telugu wedding traditions,Thea Mulchandani,2026-03-07T12:05:29.931Z,,"https://assets.vogue.in/photos/69abfcd2e304b1e39d50ae26/16:9/w_1280,c_limit/CCP_0744.jpg"
"Apr 01, 2026 @ 00:22:29.084",5c36be18568dfdc7e9a7c5ea4a96cfc1,https://www.vogue.in/gallery/this-new-delhi-wedding-was-stitched-together-by-a-mothers-designs-and-generations-of-heirlooms,This wedding in New Delhi was stitched together by a mother’s designs and generations of heirlooms,"After nearly eight years together, Malkah Ashraf and Amaan Afroze married in a multi-day celebration filled with qawwali performances, family rituals and gatherings of loved ones",Sara Hussain,2026-03-06T12:30:00.000Z,,"https://assets.vogue.in/photos/69aa9f3b172d73469bb7b9cc/16:9/w_1280,c_limit/PG_08817-2.jpg"
"Apr 01, 2026 @ 00:22:37.136",4c58434d41cf57d0a7d25805d73e1a70,https://www.vogue.in/gallery/the-brides-exchanged-vows-at-sunset-by-the-arabian-sea-during-their-wedding-in-mumbai,The brides exchanged vows at sunset by the Arabian Sea during their wedding in Mumbai,"Rhea Almeida and Jaime Ford returned to the city where Almeida grew up for a three-day maximalist celebration filled with lantern-lit festivities, wildflower décor and a sunset ceremony by the sea",Sara Hussain,2026-03-04T10:07:12.114Z,,"https://assets.vogue.in/photos/69a8023630b54e651f7ced3c/16:9/w_1280,c_limit/AGIL5299.jpg"
"Apr 01, 2026 @ 00:22:45.161",1886f9f01f845b98e157ec8b9086a649,https://www.vogue.in/content/when-it-comes-to-wedding-jewellery-why-should-women-have-all-the-fun,"When it comes to wedding jewellery, why should women have all the fun?","It’s the groom’s time to shine, literally",Poorvi Singhal,2025-11-19T08:50:47.416Z,"At a time when Indian weddings are only getting grander, Vijay Deverakonda and Rashmika Mandanna's wedding offered a masterclass in wedding jewellery for men. For their Telugu ceremony at ITC Mementos, Udaipur, he wore layered gold temple pieces crafted by Shree Jewellers: a kasu mala stacked with a long haram, cuffs, bajuband, earrings and a broad oddiyanam belt cinching his dhoti. Elephant and tiger motifs, deep nakshi engraving and traditional silhouettes drawn from heritage, the unapologetic layering and head-to-toe commitment pushed the look beyond accessorising into a ceremonial ensemble. When it comes to wedding jewellery, brides have seemingly endless options. So to say, wedding jewellery for men should no longer be an afterthought. “Grooms today are becoming far more experimental and expressive with their jewellery. They are moving beyond the traditional strings of pearls and embracing statement pieces that reflect their personality, be it with a handcrafted kalgi, gemstone buttons or heirloom brooches,” says Sunita Shekhawat, founder and CEO of Sunita Shekhawat. Below, India’s leading jewellery designers get into some classic, other new-age and a few modular jewels for the modern-day groom. Chokers are no longer just the bride’s territory. Grooms are now styling chokers with long necklaces and even ranihaars that elevate their look by many folds. Extra points for colourblocking. Think kanthas, whether monotone or multicoloured, in tumbles of emerald, rubies and other precious gemstones that can be paired with polki chokers. Jadau kamarbandhs are having a moment. Although a tad out there, when it comes to wedding jewellery for men, grooms are styling them on sherwanis to tie up the look. It is a multifunctional piece that can later be used as a necklace by both the bride and the groom. Brooches today come in a wide range of themes, from animal motifs and floral-inspired designs to sleek geometric forms. Polki and jadau brooches featuring striking centre gemstones such as classic rubies and emeralds, as well as playful, vivid stones like lapis and tourmaline, sit really well on neutral-toned sherwanis. They also transition seamlessly into modern wardrobes, making them heirlooms worth investing in. Think beyond the watch. Layer bracelets or kada sets that blend gold with gemstones. It adds a regal touch without feeling overdone. A signet ring is timeless; it carries a strong sense of identity and legacy when customised, engraved with initials, a family crest or studded with a gemstone that resonates with the wearer. It’s a piece that truly becomes a part of you and easily transcends into your occasionwear wardrobe. Choose one statement piece and build around it. For instance, if you’re wearing a heavy necklace, go lighter on the brooch and buttons. Also, make sure your jewellery complements your outfit’s tone–gold for warmer hues and silver or platinum for cooler shades. A strand of pearls has remained a mainstay in many a bijoux box and for good reason. It is regal, gender-neutral and elegant. Even a string of uncut diamonds works wonders on both neutral and jewel-toned outfits. When they say the devil is in the details, they’re talking about gemstone buttons. Vintage-inspired sherwani buttons encrusted with gemstones of choice make for a regal addition to the groom’s look. While emerald buttons usually take the centre stage, ones with meenakari (coloured enamelling) are also being favoured now. Trust polki cufflinks featuring uncut diamonds or enamel detailing to add a subtle yet regal touch to the groom’s ensemble. Get them engraved with the groom’s initials to make for a bespoke accessory. Pieces that can be detached, adjusted and layered to fit multiple occasions offer versatility that’s second to none. A polki necklace that can be worn as a single statement strand or in layers is a gift that keeps giving. Similarly, sherwani buttons that can be transformed into cufflinks for a more pared-down look for the post-wedding events are ingenious ways to make the most of your jewels. Complement the bride’s jewels and apparel tones without replicating them. And what of the groom’s own fit? Lighter pastels pair beautifully with emeralds and Polki, while deeper hues shine with uncut diamonds or sapphires. ","https://assets.vogue.in/photos/69a1ab06eeaf80475661bf64/16:9/w_1280,c_limit/IMG_4932.JPG.jpeg"
"Apr 01, 2026 @ 00:22:53.204",9a4fc8030a284b3c8b5ac9db98b5096e,https://www.vogue.in/gallery/after-13-years-and-two-proposals-this-couple-took-each-others-names-at-their-wedding-in-jaipur,"After 13 years and two proposals, this couple took each other’s names at their wedding in Jaipur","After more than a decade together, Anwesha Banerjee and Omkar Joshi brought their Bengali and Marathi traditions to Jaipur, choosing the rituals that felt most meaningful to them",Sara Hussain,2026-03-01T12:30:00.000Z,,"https://assets.vogue.in/photos/69a41ddc3b691ac3ed5baaa7/16:9/w_1280,c_limit/VKR60769.jpg"
"Apr 01, 2026 @ 00:23:01.229",51ed32eec1a9d6aa56f1a214a649dbd2,https://www.vogue.in/content/rashmika-mandanna-and-vijay-deverakondas-wedding-placed-tradition-at-its-heart,Rashmika Mandanna and Vijay Deverakonda's wedding placed tradition at its heart,The intimate wedding took place in Udaipur on February 26,Thea Mulchandani,2026-02-27T15:16:32.489Z,"In an era where Indian weddings have grown synonymous with extravagance, Rashmika Mandanna and Vijay Deverakonda’s wedding was a refreshing reminder that the essence of a wedding still lies in tradition. For all the crystal chandeliers and sparkling fireworks, nothing quite compares to centuries-old customs that are carried and worn with pride. Between the layers of gold temple jewellery and the couple's traditional ensemble, the wedding felt like a page straight out of Indian mythology. Set at ITC Mementos, Udaipur, the morning honoured Deverakonda’s Telugu traditions, while the evening paid homage to Mandanna’s Kodava roots from Coorg. Kodava weddings are known for being intimate and community-led, placing ancestry, nature and family blessings at the heart of the ceremony. The bride traditionally wears a rich silk For the ceremony, Mandanna opted for a rust silk sari with a bold-red border, custom-made by His gold pieces, crafted by Shree Jewellers, featured layered haars, cuffs, bajuband, earrings, anklet and a broad oddiyanam belt that cinched the dhoti. Elephant motifs symbolised wisdom, tiger elements agility and deep nakshi engraving gave each piece dimension. He also wore two heavy necklaces—a kasu mala and a long haram. Mandanna wore temple Small rituals added layers of meaning throughout, like Mandanna's bridal entry with the coconut in her hand. Known as kobbari bondam, the tender coconut is carried as a symbol of prosperity, purity and fertility. Black dishti chukka dots were applied on both their cheeks during the mangala snanam or holy bath, to ward off the evil eye as they stepped into married life. Mandanna wore minimal mehendi, while Deverakonda applied alta to his hands and feet during his pelli koduku ceremony. On their foreheads, both wore basikam—a gold ornament tied with turmeric-laced thread—along with matching pelli bottu tilaks, symbolising their transition into a new life together. A curtain (addutera) separated them until the jeelakarra bellam ceremony, where they placed a paste of cumin and jaggery on each other’s heads. The ritual signifies unity, balance and the hope that their marriage, like the mixture itself, remains inseparable. The entire celebration, thoughtfully planned and designed by RVR Eventz Design, brought these rituals to life with a setting that enhanced heritage rather than overshadowing it. At a time when everyone is obsessed with what’s new, Mandanna and Deverakonda chose to foreground their roots, proving tradition doesn't always have to be the opposite of modernity. ","https://assets.vogue.in/photos/69a1aad07858d87cceea9c5a/16:9/w_1280,c_limit/IMG_4918.JPG.jpeg"
"Apr 01, 2026 @ 00:23:09.256",e65d34e9ab875665919b592018ba7232,https://www.vogue.in/gallery/this-wedding-in-gujarat-had-a-van-gogh-inspired-starry-night-sangeet-and-a-taylor-swift-twist,This wedding in Gujarat had a Van Gogh-inspired Starry Night sangeet and a Taylor Swift twist,"Ahana Raheja and Yash Patel blended Gujarati, Punjabi and Sindhi customs with immersive decor, live performances and a 300-guest celebration that still felt intimate",Sara Hussain,2026-02-26T05:51:49.671Z,,"https://assets.vogue.in/photos/699f29f2b80597c445943a24/16:9/w_1280,c_limit/CCP_106.jpg"
"Apr 01, 2026 @ 00:23:17.278",39c5a10530f0b29853a0a1cc4f4422f7,https://www.vogue.in/content/how-to-clean-a-diamond-ring-at-home-without-damaging-it,How to clean a diamond ring at home without damaging it,We asked the jewellery pros to give us the inside scoop on how to safely clean a diamond ring at home,Shelby Wax,2026-02-24T11:50:54.069Z,"Notice your engagement ring is losing its shine? It’s not damaged; you just need to give it a refresh. Luckily, learning how to clean a “Cleaning your ring at home is a great way to maintain its sparkle,” says Lauren Grunstein, vice president of Want to learn how to do a DIY clean that will actually make a major difference? Ahead, we ask jewellery pros to give us the inside scoop on how to clean a diamond ring at home. Another ring cleaning method to follow is similar to the one above, yet you replace the soap with a window cleaning solution, like Colin. Grunstein advises using a solution that's three parts water and one part cleaner to get the best cleaning formula. A final alternative is to create a solution that mixes one part rubbing alcohol with three parts warm water. This method allows you to soak your ring for a shorter time period. Just 10 minutes should do the trick. You can also purchase jewellery cleaning solutions that can safely clean your ring in a pinch. “I believe the easiest option is to use products you already have at home, like dish soap and rubbing alcohol,"" says Grunstein. “While diamonds are the hardest naturally occurring substance on Earth and fine jewellery is crafted for everyday wear, it’s important to remember that it’s not indestructible,” shares Kothari. “A common misconception is that jewellery can handle anything.” That means you should take special care of your engagement ring, especially when giving it extra attention while cleaning. “To avoid damaging your precious piece, common mistakes to steer clear of [include] using harsh chemicals like bleach or household cleaners—these can damage both the metal and the diamond,” says Kothari. “Scrubbing too aggressively with a stiff brush can loosen prongs, dislodge pavé-set diamonds, or scratch the metal,” recommends Kothari. The jeweller also advises never cleaning over an open sink. “Always make sure you're in a secure spot to prevent your ring from slipping down the drain,” she says. If your ring includes While gold and platinum can easily follow the soap-and-water cleaning method, a silver band should be handled differently. “You can restore its luster using at-home remedies like a mixture of vinegar and baking soda or an at-home silver polishing kit,” says Grunstein. A deep clean of your ring isn’t always necessary. There are other solutions you can do in a pinch. “I keep a simple plastic Tupperware, a soft toothbrush, and a mini bottle of Dawn dish soap under my sink. If I forget to steam or ultrasonic clean my jewelry at work and want my pieces to not just sparkle but really glisten, I add a drop of soap and some warm water and let the jewelry soak while I do my morning routine,” says Trau. “Then, I give it a gentle brush and rinse it before putting it on.” She adds, “One important tip is to make sure your rings are completely dry before wearing them to avoid irritation.” Just like you go for an annual checkup at the doctor, it’s recommended to take your engagement ring to a professional jeweller once a year to clean and check on the condition of the piece. “A professional cleaning will make your ring look brand new (there’s nothing quite like it!), and the jeweller can check for any loose stones or needed repairs,” says Grunstein. “Additionally, we encourage our clients to stop by for a cleaning anytime they’re in the neighborhood, everyone feels so much better with sparkling jewellery.” Kothari adds, if you ever feel like your stone is rattling in the setting, you should visit as well: “That’s a sign it’s loose and needs immediate attention to avoid losing it.” ","https://assets.vogue.in/photos/699c425cc100a9ebf029a82a/16:9/w_1280,c_limit/GettyImages-1466774122.jpg"
"Apr 01, 2026 @ 00:23:25.300",d8604bcadc0b10c6756aff69bcb25656,https://www.vogue.in/content/this-couples-wedding-in-mumbai-began-at-the-brides-home-in-south-goa,This couple's wedding in Mumbai began at the bride's home in South Goa,Designer Shweana Poy Raiturcar wore a custom kasab threadwork lehenga by JADE by Monica and Karishma for her wedding ceremony,Thea Mulchandani,2026-02-24T11:50:04.794Z,"“Bombay is where our friends and daily rhythm are, but “People say relationships are all fireworks,” she reflects. “But ours has been more of a steady, unwavering calm.” After three and a half years of dating, Salgaocar proposed on one of the rainiest days in August. A In Goa, 'An Evening in Vrindavan' unfolded at Jeevottam House, the bride's home. A live sitar recital by Swayam Siddha set a devotional tone. The décor centred around an embroidered Tree of Life, created by designer Monica Shah, symbolising “the merging of two lineages and families.” Raiturcar wore a custom-made nine-yard For the wedding in Mumbai, the Mandap Muhurat took place at Seawind. Raiturcar opted for a rich red patola by Label Anushree, paired with polki jewellery gifted by her mother-in-law. For the cocktail evening at the Trident, she wore a custom Manish Malhotra The Shubh Vivah was held at Jio World Convention Centre. For the ceremony, Raiturcar wore a custom JADE by Monica and Karishma lehenga constructed entirely from kasab threadwork, without a fabric base. The surface was crafted using the metal thread alone. Her choli used macramé techniques in bridal gold, and their names were etched into the tassels. Her chooda was composed of individual bangles gifted by women across both families—her great-grandmother, her nani, her mother-in-law and Salgaocar’s nani—while her mother’s wedding baajubandh completed the look. Salgaocar wore a custom Manish Malhotra sherwani with heirloom jewellery. The celebrations for the wedding in Mumbai concluded with 'Love in Bloom' at Antilia, hosted by Nita and Mukesh Ambani. Raiturcar chose a sculptural Solace London gown, while Salgaocar wore a velvet Giorgio Armani suit. It was a refined finale to a wedding that honoured lineage, craft and a ","https://assets.vogue.in/photos/699d7c81d9fabb29d62da490/16:9/w_1280,c_limit/result_0%20(1).jpeg"
"Apr 01, 2026 @ 00:23:33.340",9a3148f2173588cdc34bcdc85fc6d000,https://www.vogue.in/gallery/at-this-multicultural-wedding-in-greece-the-bride-walked-down-the-aisle-to-the-jurassic-park-theme-song,"At this multicultural wedding in Greece, the bride walked down the aisle to the Jurassic Park theme song","Adit Swarup, an Indian investor, and Olivia Sweeney, an Irish-Australian event designer, celebrated their wedding in Corfu",Thea Mulchandani,2026-02-22T11:49:59.066Z,,"https://assets.vogue.in/photos/699a944cce7b21f724ee9a00/16:9/w_1280,c_limit/VBP_O+A_Corfu_978.jpg"
"Apr 01, 2026 @ 00:23:41.368",190bf70bfdcd332300e8a63ec979c459,https://www.vogue.in/gallery/this-wedding-in-italy-brought-north-and-south-indian-traditions-to-a-sicilian-estate,This wedding in Italy brought North and South Indian traditions to a Sicilian estate,Shreeya Patel and Unmesh Rajendran's celebration ranged from a crop circle ceremony to a house party disco inside a Sicilian villa,Sara Hussain,2026-02-18T15:57:16.122Z,,"https://assets.vogue.in/photos/6992fa4775b6c2b24aa5aee4/16:9/w_1280,c_limit/Copy%20of%20Potrait%202.jpg"
"Apr 01, 2026 @ 00:23:49.393",762971c61a6c52f167d107daf2f90e84,https://www.vogue.in/gallery/a-wedding-in-kerala-inspired-by-raja-ravi-varmas-paintings-and-reachable-only-by-boat,This wedding in Kerala was inspired by Raja Ravi Varma's paintings and was reachable only by boat,Natasha Sumant and Lucien Dumas's wedding was an ode to old Kerala,Thea Mulchandani,2026-02-15T06:30:00.000Z,,"https://assets.vogue.in/photos/69900a0f3e2749179fdad04b/16:9/w_1280,c_limit/DSC02793.jpg"
"Apr 01, 2026 @ 00:23:57.421",1b83d64b7821347e6fc620a545b24401,https://www.vogue.in/gallery/a-telugu-punjabi-wedding-in-spain-with-its-own-zindagi-na-milegi-dobara-moment,A Telugu-Punjabi wedding in Spain with its own Zindagi Na Milegi Dobara moment,"Damini Chodagam and Arjun Arora hosted 150 loved ones across rooftops, a Spanish masia, a centuries-old castle",Sara Hussain,2026-02-11T15:51:02.758Z,,"https://assets.vogue.in/photos/698ca25c4825416f4e5d6ca9/16:9/w_1280,c_limit/000373%20(1).jpg"
"Apr 01, 2026 @ 00:24:05.455",80c8ae9a943f8565e7f666edaccd831e,https://www.vogue.in/gallery/this-traditional-parsi-wedding-in-mumbai-carried-ritual-and-revelry-to-a-historic-racecourse,This traditional Parsi wedding in Mumbai carried ritual and revelry to a historic racecourse,"For the Zoroastrian wedding ceremony, Sanaya Irani wore a custom Ashdeen ivory gara sari while Varaz Printer opted for a Kaizad Wadia ivory dagli",Thea Mulchandani,2026-02-08T06:30:00.000Z,,"https://assets.vogue.in/photos/69843280e302e7a4c67a0efb/16:9/w_1280,c_limit/FSH05407.jpg"
"Apr 01, 2026 @ 00:24:13.479",b7d9cd7a4faa23ac0a5d506fe280e194,https://www.vogue.in/gallery/this-designer-bride-turned-her-wedding-into-an-immersive-art-experience,This designer bride turned her wedding into an immersive art experience,"Niomi Shah and Kushal Dagli’s two-day weekend transformed a golf course into a space of colour, couture and unhurried moments",Palak Godara,2026-02-05T09:22:59.098Z,,"https://assets.vogue.in/photos/69845b3de302e7a4c67a0efd/16:9/w_1280,c_limit/33.jpg"
"Apr 01, 2026 @ 00:24:21.518",a2665a4a7c9a21f77618bd52cffdfbdd,https://www.vogue.in/promotion/inside-real-weddings-a-photographers-guide-to-capturing-intimate-celebrations,Inside real weddings: A photographer’s guide to capturing intimate celebrations,"From shared laughter to candid, intimate moments, Fourfold Pictures brings every wedding emotion to life behind the lens",Shubhangi Jindal ,2026-02-04T10:56:55.304Z,"Couples are reclaiming their wedding stories and prioritising emotion and authenticity over perfection. Rather than putting on a spectacle, the focus is on intimate and meaningful interactions with loved ones, with photographs becoming the ultimate keepsakes. That’s why picking the right wedding photographer is an essential part of planning your big day. Mumbai-based wedding photographer duo Gaurav and Priyanka Shukla came together to capture candid memories. Co-founders of Fourfold Pictures, they have a knack for anticipating pivotal moments, with honesty in storytelling being paramount to their work. Over time, Gaurav and Priyanka have built a brand that attracts couples seeking intention, aesthetic depth, and a distinct visual identity. Notably, A-listers such as actors Parineeti Chopra and Aadar Jain, singer Prakriti Kakar, and content creator Aaliyah Kashyap, among others, are part of their repertoire. While editorial sophistication defines their portfolio, the heart of Fourfold Pictures is rooted in human connection. From intimate ceremonies to grand celebrations, the brand is dedicated to creating enduring visual stories—memories couples can revisit for years to come. The photographers share their insights on capturing intimate nuptials, understanding what modern couples value most, and remembering what truly matters once the camera starts rolling. “We begin by understanding emotion before aesthetics,” says the duo. Every wedding starts with an internal mood board—light, texture, rhythm, restraint. The final gallery is edited with a fashion sensibility and a storyteller’s heart: timeless, not trend-led. Intimate weddings allow for emotional closeness. With fewer people, the energy shifts inward. The focus shifts from spectacle to presence, nuance, and genuine human connection. Each wedding has its own visual language. Sometimes the destination exists as a subtle backdrop; other times it becomes a character within the story. “We let the location influence colour, light, and mood—never overpowering the couple themselves,” mentions the duo. Intimacy creates space for stillness. “We look for the moments in between moments—glances, silences, and gentle gestures. Those details often carry the deepest emotion,” the duo reflects. Trust comes with intention and discretion. “We work unobtrusively, allowing couples to remain fully present. When they feel unobserved, authenticity emerges naturally,” shares the duo. Culture shapes rhythm and expression. “We respond by adapting my pace and framing—honouring tradition while maintaining an editorial lens that feels contemporary and refined,” says the duo. Think beyond simply capturing moments. Focus on how you want the day to feel. When emotion leads, the images naturally become aesthetically meaningful. Intimate weddings are often mistaken for being simpler, but in reality, they’re emotionally layered and visually sophisticated. They allow for more intentional storytelling, editorial-style portraits, and visionary experiences that are often harder to achieve in larger celebrations. “A quiet pause shared between the couple, away from the ceremony and guests. No performance—just presence. These are the moments that linger long after the wedding ends,” Gaurav concludes. ","https://assets.vogue.in/photos/6982dd3c68fb278cbb688c1c/16:9/w_1280,c_limit/Screenshot%202026-02-04%20at%2011.15.55%E2%80%AFAM.png"
"Apr 01, 2026 @ 00:24:29.543",efbb2a595e63b928b9fc8dd67867c473,https://www.vogue.in/gallery/this-couples-wedding-brought-together-gujarati-and-odia-customs-rituals-and-flavours,"This couple's wedding brought together Parsi and Hindu customs, rituals and flavours",Shiksha Dhawan and Palaash Tarapore hosted a multi-day wedding across venues in the bride’s hometown,Sara Hussain,2026-02-03T13:46:55.712Z,,"https://assets.vogue.in/photos/6981faff934f351f3c7eeade/16:9/w_1280,c_limit/R6__2920.jpg"
"Apr 01, 2026 @ 00:24:37.570",e820aa81b700e671105639df332aa4e5,https://www.vogue.in/gallery/a-telugu-punjabi-wedding-in-melbourne-where-the-rain-only-added-to-the-celebrations,A Telugu-Punjabi wedding in Melbourne where the rain only added to the celebrations,Tanvir Bhatti and Amulya Manchukonda’s journey from chance encounters to heartfelt vows blossomed in a North-South celebration,Palak Godara,2026-02-01T11:19:02.049Z,,"https://assets.vogue.in/photos/697f325157d39438cf37ae1a/16:9/w_1280,c_limit/A&T%20(844)_websize.jpg"
"Apr 01, 2026 @ 00:24:45.599",740a46d964c0179574fe1c74be0adecb,https://www.vogue.in/gallery/prakriti-kakar-and-vinay-anands-intimate-wedding-in-rajasthan-had-just-30-guests,Prakriti Kakar and Vinay Anand's intimate wedding in Rajasthan had just 30 guests,"Singer-songwriter Prakriti Karkar's wedding to entrepreneur Vinay Anand came to a close in Mumbai, the city where the couple first met",Thea Mulchandani,2026-01-31T11:30:00.000Z,,"https://assets.vogue.in/photos/697d701d515ccfb2ec33ee2d/16:9/w_1280,c_limit/PV-46.jpeg"
"Apr 01, 2026 @ 00:24:53.628",0cba121408196040ca851114c7b4c967,https://www.vogue.in/content/content/tips-for-buying-an-engagement-ring,19 tips for buying an engagement ring,"Wondering how to buy the perfect engagement ring? Discover the best tips for where to shop, ways to save and how to pick an engagement ring your partner will love","Alexandra Macon,Nicole Kliest,Anna Grace Lee",2026-01-30T15:23:15.033Z,"In the grand scheme of life purchases, an No matter what you’re working with, there are many aspects to consider on your ring-buying journey, especially if you’re starting from scratch with little or no jewellery knowledge. From the setting to the metal to the stone, the process of selecting an engagement ring involves an array of choices. Aside from the less exciting (but important) elements of getting jewellery insurance or secretly ascertaining your partner’s ring size, there is plenty of room for creativity and romance in the experience. Ahead, our guide to the entire process. An engagement ring should be a timeless, classic symbol of your love that will last forever, so the goal should be to find the stone that is the perfect match for your future fiancée. “Trends can offer great inspiration, but authenticity is paramount,” designer Mia Moross says, who points to bold investment pieces such as coloured Look at their current jewellery to see what would best suit their style. Are they a While some element of surprise is preferred for couples, if it’s possible to involve your partner, Moross says that’s ideal. “Even if they’ve said they want a surprise, ask them to share three styles or If you’d rather keep the ring selection a complete surprise, there are still ways to ascertain what kind of ring your partner will love. “Pay attention to what they’ve been browsing, and think beyond In addition to examining how a stone looks with your naked eye, Go big or go home shouldn’t be the mantra, unless you think it’s the most important thing to your future spouse. In that case, weigh your options. Perhaps placing more of an emphasis on size and less on colour and clarity is worth considering. Even those in the jewellery industry have noticed this trend. “I think there’s less pressure to have a showy ring now,” Jess Hannah, the founder of Los Angeles–based jewellery line J Hannah says. “Now, the ring is more of an extension of someone’s personal style, and sometimes that means intentionally opting out of ‘bling’ and According to Page Neal, jewellery designer and co-founder of Bario Neal, clients appreciate jewellery with backstories—especially when those backstories involve high-quality, If diamonds are the chosen stone for your ring, take a step further to decide how you'll want to source the gem, as the debate about mined After you’ve fallen in love with a stone, the next step is figuring out what to put around it. “My fiancée collaborated with one of my best friends, Montana Coady, to design my ring,” explains wedding stylist Cynthia Smith of Cynthia Cook Brides. “Her advice was to think of the center stone as a piece of artwork and the setting as the It’s becoming more common for women to eschew diamonds and traditional settings entirely and opt for something unique and unexpected. “People are yearning for something different. They want a ring that feels ‘fashion’ and relevant, but also timeless—not basic, boring, or predictable,"" Azlee designer Baylee Zwart says. ""They come to us for a ring that’s unusual but still clean and sleek so it won’t go out of One route is a colourful, non-diamond centre stone. “Historically, colored gemstones were actually the original choice for engagement rings,” Moross shares, nodding to “Custom feels more special than just walking into a store and picking something,” Hannah explains. “Generally speaking, a lot of people now want something that walks the line between vintage and modern. It’s not so much about a big diamond anymore—they want quality over size, or a unique shape, like a rose cut. And a lot of people are ditching diamonds altogether. I made a really beautiful ring with If you decide to go the custom route, Moross suggests leaving about six to eight weeks for the process. “The biggest factor is sourcing the perfect stone, which sets the entire “I’ve heard this a lot, and it’s such a specific thing, but people come to me and they’re like, ‘I want a ring that feels like I found it, and it exists for me alone,’” says Anna Pierce, a New York-based jewellery designer and artist. Pierce’s brand draws inspiration from poesy rings, a style of ring that dates back to medieval times, which were bands with inscriptions on the inside—secret messages of love and devotion. If you’re looking for ideas for how to make a custom Hand-engraving, which is a core element of Pierce’s work, is also a good way to create an engagement ring that feels truly personal to the wearer. Pierce has designed rings with engravings of letters, monograms, phrases in a loved one’s handwriting, and more. “Engraving is a really seamless way of marking [the ring] with your own story,” she says. Plus, hand-engraving seems to be having a moment (see: Traditionally, fiancèes receive an engagement ring at the Engagement ring shopping can be a daunting task—get by with a little help from your friends. Ask those who’ve gotten engaged for jeweller recommendations and call upon someone who knows you and your future spouse and whose taste you respect. Nine times out of ten the person you’re buying for has an idea of what they want in their head and may have expressed it to said friend (or added to a Pinterest board). That friend will know exactly what your soon-to-be-fiancée will want, whether it's a cushion-cut diamond with a halo setting or a With the help of a family member, sibling, or trusted confidant, find your fiancée’s correct Unlike the matrimonial commitment you’re hoping to make, try to avoid entering into a binding agreement with the jeweller when you buy a ring. Worst-case scenario, if your intended hates what you’ve come up with, you should be able to exchange it for something else. You want your future spouse to love both you and the jewellery you buy forever. For the fiancées who fiddle with their hand jewellery, who often misplace their personal items, and who may have a job that requires them to remove their ring—this one’s for you. No one likes to think about the possibility of losing such a meaningful piece of jewellery, but sometimes it’s inevitable. Engagement ring insurance is exactly what it sounds like: financial protection that can cover replacement, repairs, or cost reimbursement for your ring. Although it’s not the most romantic aspect of this process, it’s equally vital to consider. During the Depression, in a campaign that would’ve made Don Draper proud, De Beers’s advertising geniuses started running an ad pushing men to spend one month’s salary on a ring if they wanted to be “responsible.” By the 1980s, it jumped up to two months. These days, the rule of thumb that’s often referenced is that one should fork over at least three months’ salary when purchasing this piece of forever jewellery. This is all just clever marketing and has nothing to do with how to buy an engagement ring. The truth is, there’s no exact science when it comes to how much to spend on an engagement ring, and some people prefer smaller, less Remember the night before a big project, when you’d have to ask a parent to drive you to the craft store to get a poster board? This should be nothing like that—this is no procrastinator’s endeavour. Finding or creating the perfect engagement ring means putting a lot of time into the process. Every step takes care and consideration—and while you want your fiancée to adore her ring, you want to make sure you aren’t rushed along the way. ","https://assets.vogue.in/photos/697ccc2d6dd028ed477dd07d/16:9/w_1280,c_limit/SnapInsta.to_434728986_2189084318104020_1163794025395299511_n.jpg"
"Apr 01, 2026 @ 00:25:01.653",72b0da200b09638c99080b8bdf33f89b,https://www.vogue.in/gallery/these-high-school-sweethearts-had-two-mini-baraats-at-their-indo-guyanese-wedding,These high school sweethearts had two mini baraats at their Indo-Guyanese wedding,Felica Zikria and Sachin Mahashabde brought fifteen years of shared history into a wedding weekend,Sara Hussain,2026-01-28T17:49:08.896Z,,"https://assets.vogue.in/photos/697a499b30a3739d542f18c0/16:9/w_1280,c_limit/CCM09238_websize.jpg"
"Apr 01, 2026 @ 00:25:09.684",36d298cd6e5263821f8f72b113893e1a,https://www.vogue.in/gallery/this-hindu-jewish-wedding-in-mumbai-gave-each-tradition-its-own-space,This Hindu-Jewish wedding in Mumbai gave each tradition its own space,"From a customised wedding newspaper to interactive mehendi stations, Tanisha Narang and Noah London's wedding was built around detail and pacing",Palak Godara,2026-01-25T07:00:00.000Z,,"https://assets.vogue.in/photos/6973a239ce4b5b428308ad86/16:9/w_1280,c_limit/NoahTanishaDay2-505.jpg"
"Apr 01, 2026 @ 00:25:17.708",d2bb689f5e9319f508873a60740839bb,https://www.vogue.in/gallery/this-wedding-in-new-delhi-was-a-beautiful-blend-of-punjabi-and-kashmiri-pandit-traditions,This wedding in New Delhi was a beautiful blend of Punjabi and Kashmiri Pandit traditions,Asna Oberoi and Vedant Jailkhani’s wedding brought together family-led rituals and personalised elements,Sara Hussain,2026-01-22T13:33:46.817Z,,"https://assets.vogue.in/photos/6972206fedcb5d594425c780/16:9/w_1280,c_limit/IMG_6534.jpg"
"Apr 01, 2026 @ 00:25:25.737",ac68c2c05290fe37fba5d48edf8fd6f1,https://www.vogue.in/content/this-delhi-couples-story-is-the-perfect-example-of-the-invisible-string-theory,This Delhi couple’s story is the perfect example of the invisible string theory,"How Pavani Nagpal and Karan Chhabra’s parallel lives, chance meeting and artistic wedding came together in a story of serendipity",Vaidehi Joshi ,2026-01-22T12:09:17.720Z,"Fate works in mysterious ways, bringing together two people who are meant to be with each other. East Asian folklore refers to this phenomenon as the ‘red thread of fate’ or, as popular culture describes it, the invisible string theory. A large part of content today, from books to movies, is inspired by this whimsical bit of folklore. It depicts two people crossing paths through time and distance, never quite pausing, until one destined moment of clarity (a meet-cute, for all you rom-com enthusiasts) brings them together. Bringing this fictional belief to life is the story of Pavani Nagpal and Karan Chhabra. Nagpal, a visual artist, and Chhabra, a tech professional, studied in the same school and later also went to the same university, walking the corridors and complaining about their teachers. But their paths never crossed. Years passed and Nagpal founded her own art studio, Pavsarts Art Studio, while Chhabra became the CEO of Acefone, a business communications company. Until they finally met in what would seem like a scene right out of a romantic movie, at a party, where Nagpal accidentally spilled a drink on Chhabra. Chhabra, like the ever-charming male lead, joked that he deserved a discount on one of Nagpal’s paintings. “And that single moment changed everything,” the visual artist tells us. Fate had set the dice rolling. The couple began dating, got engaged and were married, all within a year. Their wedding celebrations were a blend of art, heritage, couture and the magic of two people finding their way to each other. Unfolding slowly over a month, each celebration reflected a different emotion, from devotion to joy. Starting the wedding ceremonies on an auspicious note, the couple organised a mata ki chowki. Bathed in shades of red and enhanced by two of the bride’s paintings, the decor made the space look like a film set. Matching the Indian classical sensibilities, the bride wore a Sabyasachi ensemble while the groom adorned a custom lakhnawi kurta set. A few weeks after that, the pair got engaged in a joyous ceremony filled with song, dance and laughter. The venue was decorated elegantly, inspired by a painting Nagpal had made just before meeting Chhabra. “My painting manifested him in my life,” the bride exclaimed. She donned another beautiful Sabyasachi outfit for the ceremony while the groom complemented her in a timeless Rohit Bal outfit. The mehendi was a deeply personal affair for Nagpal, as she hosted it at Pavsarts Art Studio, her own space, surrounded by colours, canvases and her work. “It felt like my journey as an artist and my journey in love were coming together in the same space,” she said. Wearing Anamika Khanna and Manish Malhotra, the bride and groom fit into the venue just right, looking like they’d walked straight out of one of Nagpal’s paintings. The mehendi night was followed by a floral haldi morning at The Leela Palace, Chanakyapuri. The couple and their wedding guests played phoolon ki haldi, a ritual where, along with the traditional turmeric, fragrant flowers are also used. A highlight of the event was when the usually calm and composed Chhabra surprised everyone with an energetic performance. The bride looked radiant in a bright pink Shobhika Bhandari saree while the groom matched her, wearing a pastel pink Rohit Bal ensemble. The bright and cold morning of November eight marked the couple’s wedding day. It was a traditional and emotional celebration, less about spectacle and more about the couple beginning their new life together. In royal Sabyasachi and Rohit Bal ensembles, the couple looked radiant with happiness and love, surrounded by near and dear ones. What began as parallel lives eventually became a shared one, guided by timing, chance and perhaps a little bit of destiny. Two people, once strangers walking the same corridors, were unknowingly tethered by an invisible string, until fate finally pulled them together into a moment and led them to a lifetime of companionship. ","https://assets.vogue.in/photos/696e06174317d8592783fd17/16:9/w_1280,c_limit/Screenshot%202026-01-19%20at%203.52.54%E2%80%AFPM.png"
"Apr 01, 2026 @ 00:25:33.761",7b3903d8a87fab145c67c97d4150591a,https://www.vogue.in/content/i-wear-it-on-my-middle-finger-inside-the-booming-market-for-divorce-rings,“I wear it on my middle finger”: Inside the booming market for divorce rings,"“I’m complimented on it surprisingly often, which always makes me smile. Not because of what it represents to anyone else, but because it reminds me that I trusted myself when it mattered""",Laura Hawkins,2026-01-21T17:30:34.053Z,"Peer through the window of Annoushka Ducas’s London boutique in the evening, and you might spy women poring over diamonds and sipping champagne. But they aren’t congregating to peruse engagement rings or push presents, they’re toasting the signing of Ducas is just one of a host of jewellers responding to the growing appetite for divorce rings, fuelled in part by the sizeable jewels sported by A-listers after they’ve signed on the dotted line to singledom. Take Emily Ratajkowski, who back in March 2024, commemorated her divorce from her husband of two years, Sebastian Bear-McClard, with two platinum and 18-carat rings designed by Alison Lou, which incorporated the pear-shaped and princess-cut diamonds from her In January, original power stylist and newly inaugurated Real Housewife Rachel Zoe marked her split from her husband of over 20 years, Rodger Berman, with a jaw-dropping three-stone divorce ring designed by Ring Concierge, which transformed the huge cushion-cut diamond of her halo engagement ring. Elsewhere, celebrity dermatologist Barbara Sturm commissioned her Jessica McCormack divorce ring before her separation from husband Adam Waldman had even been finalised. “Once you’ve made the decision, you’re already there, even if the paperwork isn’t through,” she says. Posting the final creation on Instagram in October 2025–a chunky twisted gold ring with a pear-shaped diamond–she namechecked EmRata as her inspiration. Unsurprisingly, East London jeweller Rachel Boston–who says she has been working on divorce ring commissions for the last four years–has found her clients clamouring for bespoke designs that look anything but traditionally “bridal”. “Clients are gravitating towards pieces that feel more grounded and everyday, like chunky bands, sculptural settings, and designs that can be worn as part of a daily uniform,” she explains. “Signet style rings and wide gold bands are popular.” Chelsea-based jeweller Jessie Thomas agrees. “We see a lot of chunky yellow and white gold pieces, with heavy settings and large stones.” Tania and Dima Nawbar, of fourth-generation Beirut-based jeweller Atelier Nawbar, also note the same affinity for the oversized. A recent divorce ring commission saw the central diamond and halo stones from a wedding and engagement ring transformed into a pebble-like cocktail ring, shimmering with bezel-set diamonds. “I hadn’t expected how often I’d absently reach for my wedding rings without thinking, or how their absence would become an unwanted reminder of the struggle I was going through,” says 32-year-old Madeleine Phillips. The East Sussex-based marketing director commissioned a divorce ring three months after her separation was finalised. “I didn’t want to repurpose my wedding or engagement rings. At that point they felt too emotionally loaded, and looking back, I’m glad I didn’t try and bring a piece of my past into the present. I wanted something symbolic, that felt very intentional, but it needed to be new.” Working with an online jeweller, Phillips commissioned a yellow gold ring set with baguette-cut “deliberately defiant” black diamonds. “It has 11 stones, one for each year we were together. That wasn’t something I set out to do, but once I saw it, the choice felt precise, rather than sentimental.” Phillips initially wore her divorce ring on her ring finger, before having it resized to fit her middle one. “That progression was always part of the plan I had for it, and the way the ring has evolved with me feels part of its story.” Lylie’s Eliza Walters has also noted commissions for rings designed to be worn on the middle finger, like chunky Etruscan-inspired settings, “intentionally removing any visual or symbolic association with a traditional engagement ring”. Barbara Sturm also designed her ring to sit on the middle of her hand. “But my 11-year-old daughter, Pepper, told me it looked cooler on my index finger,” she says, smiling. Twice-divorced Victoria Comstock-Kershaw, an art critic, continues to wear both of her engagement rings stacked on her ring finger. “I’ve kept wearing after the divorce, which I’m told is absolutely insane, but my logic was: I liked them enough at the time, and I continue to trust my taste in jewellery more than I trust my taste in men,” she says. At her weddings, the 27-year-old had exchanged vows with rings she already owned: choosing first a green tourmaline and silver ring gifted to her by her grandmother, and then a diamond and lilac sapphire band from a now-defunct jeweller in Burlington Arcade that was originally a 21st birthday present to her mother, who gave it to her daughter when she turned 21. “Aesthetically I find them immensely satisfying (I often get my nails done to match the first one),” she says. “Socially, they are simultaneously a good deterrent to flash at flirters (‘sorry, married!’) and a great conversation starter with anybody who compliments them (‘what do you mean your It doesn’t have to be a ring, either. Barbara Sturm repurposed two small pear-shaped diamonds from her original engagement ring into earrings, while Annoushka and Rachel Boston have had enquiries into pendant necklaces. “Divorce has a way of unsettling your sense of self. Change was going to be uncomfortable regardless, so I chose to mark it on my own terms, with a reminder of the version of me who chose decisiveness over doubt, at a point when that really mattered,” says Phillips. “Now, my ring feels more about confidence than recovery. I’m complimented on it surprisingly often, which always makes me smile. Not because of what it represents to anyone else, but because it reminds me that I trusted myself when it mattered.” ","https://assets.vogue.in/photos/697107298ad1a6179e4791d4/16:9/w_1280,c_limit/Emily%201.jpg"
"Apr 01, 2026 @ 00:25:41.791",2f761b0b6a08abe93ea1e25090a0f346,https://www.vogue.in/gallery/this-hindu-sikh-wedding-in-bali-featured-live-painters-a-fire-paan-station-and-a-maybach-getaway,"This Hindu-Sikh wedding in Bali featured live painters, a fire paan station and a Maybach getaway","Harman Dev and Nikhil Sabharwal built a wedding shaped by long friendships, family jokes and a fondness for theatrical details that still felt distinctly their own",Thea Mulchandani,2026-01-20T12:55:41.643Z,,"https://assets.vogue.in/photos/696f5894fa059dcd81829177/16:9/w_1280,c_limit/HN%20-%2042.jpg"
"Apr 01, 2026 @ 00:25:49.820",236e5ec6bebb1e5c54385fe948368b0f,https://www.vogue.in/gallery/exclusive-inside-nidhi-sunil-and-noah-katz-appels-wedding-in-kerala,EXCLUSIVE: Inside Nidhi Sunil and Noah Katz-Appel’s wedding in Kerala,"A multi-day celebration shaped by cultural continuity, considered fashion and the slow rhythms of Kerala",Sara Hussain,2026-01-18T06:30:00.000Z,,"https://assets.vogue.in/photos/696b80e067e8484b017d8fb0/16:9/w_1280,c_limit/DSC02850_1.jpg"
"Apr 01, 2026 @ 00:25:57.854",412f7d344c8459a289fdd0a20e4bca83,https://www.vogue.in/gallery/a-wedding-in-marrakech-shaped-by-fashion-music-and-a-lot-of-happy-accidents,"A wedding in Marrakech shaped by fashion, music and a lot of happy accidents","For Rhea Kapoor and Guntash Grewal, their wedding became a carefully paced weekend where performances, rituals and personal details were given equal weight",Sara Hussain,2026-01-15T07:10:45.832Z,,"https://assets.vogue.in/photos/69688acfa7b8b6ceb9d2d2fd/16:9/w_1280,c_limit/IMG_5275.JPG"
"Apr 01, 2026 @ 00:26:05.878",59a31dee5a7c6da909f92743984debfe,https://www.vogue.in/content/wedding-guest-style-inspiration-from-alia-bhatt-ananya-panday-and-more,"From Ananya Panday to Alia Bhatt and more, here's the only wedding guest style inspiration you need","Looks designed to move, photograph and celebrate beautifully",Vogue Staff,2026-01-14T08:15:20.472Z,"Indian weddings are as much about atmosphere as they are about attire. From sunlit For the modern wedding guest, dressing has moved far beyond the era of cumbersome saris and heavy lehengas that make movement and comfort near impossible. Taking over are This wedding season, it was texture and craftsmanship that truly set looks apart. Sheer Versatility, too, became central to occasion dressing. Ananya Panday elevated a classic sharara with an embellished jacket by Arpit Mehta, Alia Bhatt layered a kali kurti over a lungi-style sarong in a romantic Abu Jani Sandeep Khosla moment and Accessories and beauty choices followed the same philosophy— The new rules of wedding guest styles are refreshingly simple: prioritise comfort, lean into texture and let craftsmanship do the talking. Whether it’s an embellished blouse, an embroidered gown or a silky sari, the most memorable looks are those that feel entirely your own. ","https://assets.vogue.in/photos/694b71bb5563766dfa62efa5/16:9/w_1280,c_limit/@ananyapanday%20in%20@arpitamehtaofficial,%20where%20mirror%20work%20meets%20oversized%20tailoring!%20Styled%20by%20@s.jpg"
"Apr 01, 2026 @ 00:26:13.903",351311094cc6b4c792e3b2089c49a7b1,https://www.vogue.in/gallery/this-wedding-in-rajasthan-blended-bengali-and-punjabi-traditions-inside-a-14th-century-fort,This wedding in Rajasthan blended Bengali and Punjabi traditions inside a 14th-century fort,Snigdha Sur and Neil Arora’s 66-person celebration traced their shared histories and emotional return to the land their families once left behind,Sara Hussain,2026-01-13T11:14:52.614Z,,"https://assets.vogue.in/photos/696622405e4ea4a0fb5b48cd/16:9/w_1280,c_limit/LONU1905.jpg"
"Apr 01, 2026 @ 00:26:21.928",a5707177ab97446a48d947fd6f70db72,https://www.vogue.in/gallery/a-wedding-in-bali-that-brought-sikh-rituals-together-with-global-menus-and-local-tradition,A wedding in Bali that brought Sikh rituals together with global menus and local tradition,Jaskaren Randhawa and Francis Yu brought loved ones from across continents to Bali for a four-day celebration,Sara Hussain,2026-01-11T05:30:00.000Z,,"https://assets.vogue.in/photos/69624827909e7de0b41ba2e9/16:9/w_1280,c_limit/2923-CY8A6538_websize.jpg"
"Apr 01, 2026 @ 00:26:29.959",39b0e5cd72f901be562dcc58809c03b0,https://www.vogue.in/gallery/an-intimate-wedding-in-kalimpong-that-unfolded-across-hills-heritage-homes-and-family-rituals,"An intimate wedding in Kalimpong that unfolded across hills, heritage homes and family rituals",Sumiran Chettri and Prakrit Rai's four-day celebration began in the bride's hometown and concluded in the groom's,Thea Mulchandani,2026-01-07T10:31:58.630Z,,"https://assets.vogue.in/photos/695ce89fd3407ebcade22cbd/16:9/w_1280,c_limit/IMG_5892_.jpg"
"Apr 01, 2026 @ 00:26:37.989",27c270fe515006756a2f4e6e5515a762,https://www.vogue.in/gallery/a-wedding-in-dubai-shaped-by-old-family-ties-beloved-pets-and-a-mcdonalds-finale,"A wedding in Dubai shaped by old family ties, beloved pets and a McDonald’s finale","Pallavi Melwani and Karan Mulani’s celebrations across three locations blended heartfelt vows, curated ensembles and a love story built on decades of family ties",Palak Godara,2026-01-09T11:02:48.576Z,,"https://assets.vogue.in/photos/6960d91d28120f6722a0a530/16:9/w_1280,c_limit/PK-95.jpg"
"Apr 01, 2026 @ 00:26:46.013",da40717722f9d292389d5ca1ea218074,https://www.vogue.in/promotion/colleagues-to-coupledom-how-this-couple-went-from-co-workers-to-wedding-vows-without-a-kerfuffle,Colleagues to coupledom: How this couple went from co-workers to wedding vows without a kerfuffle,"Andrea Kurunathan and Prem Anand Umapathy share a business, workplace and most waking hours. Here’s how planning their wedding revealed why they work so well together",Vaidehi Joshi ,2026-01-06T09:06:42.966Z,"For Andrea Kurunathan and Prem Anand Umapathy, love was never rushed. It unfolded slowly, shaped by friendship, shared ambition, humour and years of perseverance. Kurunathan, an aesthetic physician, and Umapathy, a civil engineer and interior designer, met through mutual friends when they were 18 and 22. They were polar opposites, and their first impressions of each other weren’t promising—no one would have guessed that the couple would go on to run a successful business together, let alone turn that partnership into a marriage that began with exchanging vows by the sea in Phuket. So how did the couple find themselves in a South Indian wedding in Thailand? Through years of friendship—supporting one another through educational endeavours, career uncertainty and major life decisions—Kurunathan fell for Umapathy’s humour and calm steadiness, while Umapathy admired her drive and clarity. Before tying the knot, the pair built a life together, navigating pressure, differences and ambition. They co-founded Luxury Derm Clinic, a luxury aesthetic clinic in Chennai, learning each other’s rhythms and accepting that being opposites did not mean being incompatible. So when it came time to plan a multi-city, deeply personal wedding, they approached it the same way they approach everything else: with intention, defined roles and very little ego. Here’s how they did it while enjoying the process of planning a wedding instead of letting it stress them out. One of the most important reasons the couple work well together is their existing partnership. It made the process of planning the wedding easier—they already knew how decisions were made, who would lead where, and when to step back. “We approached the wedding the same way we approach building our business. We have always known that we are better together than alone, and that belief shapes everything we build,” shared the bride. “We divided responsibilities instinctively, based on what each of us enjoys and does best,” Umapathy explained. The bride took charge of the aesthetics, storytelling and creative direction, while the groom supported her vision through precise execution, drawing on his technical expertise. From a floral mehendi sundowner to a traditional South Indian wedding in Phuket, (a location deeply personal to the couple) every ceremony was Kurunathan’s brainchild, brought to life through Umapathy’s engineering precision. For two people so different in temperament, disagreements were inevitable, but they rarely turned personal. “We understand each other’s strengths and give each other a lot of space. We do not step into each other’s territory unless help is needed. When it is, we show up fully. That balance is what keeps things easy between us,” said Kurunathan. There were no major disagreements, only a few light-hearted ones. Kurunathan wanted to be the loud, proud Indian bride with elaborate outfits and wedding dances, while the shy and reserved Umapathy wasn’t comfortable with all the attention. In the end, the groom surprised everyone on the dance floor and delivered a wedding speech that had guests in stitches. Kurunathan’s looks—from a blue floral Ariyali lehenga by Mrunalini Rao at the mehendi to a classic red-and-gold Kanchipuram silk saree for the wedding—were striking designer outfits. On the other hand, Umapathy chose refined, understated ensembles, staying true to himself while still complementing the bride. After watching the couple build a successful business together, their families trusted their clarity and vision. While family members played a central role in shaping the wedding, final decisions always rested with the bride and groom. “Everyone respected each other’s space, and we were all more focused on fine-tuning and shaping ideas rather than controlling them. It became a very collaborative process. It was not a wedding run for us; it was a wedding built by us, with family standing firmly behind us,” the groom explained. In the end, it’s about knowing whose vision to trust, building something together, and leaving ego out of the equation. And that, perhaps, is what made the Kurunathan-Umapathy wedding truly special. ","https://assets.vogue.in/photos/6954e113945dad105c111331/16:9/w_1280,c_limit/29fdf514-73f5-44b0-8db4-2610ec1213a2.jpg"
"Apr 01, 2026 @ 00:26:54.036",31316c60ed2923fb006a043146ac1b5d,https://www.vogue.in/content/how-to-do-wedding-season-in-india-as-someone-whose-wedding-got-cancelled,4 almost-brides tell us how they braved wedding season in India after their weddings were called off,"Spill the tea, but don’t be tacky",Sonali Kokra,2026-01-04T04:30:00.000Z,"Congratulations to us all. We’re halfway through wedding season in India. We’ve braved nuptials we were invited to and reluctantly attended, as well as those we watched unfold on But, let’s admit it, the most You know the ones: the blended WhatsApp wedding group suddenly goes eerily silent. Soon enough, private chats are ablaze with gleeful/glum I-knew-its, followed by Now imagine being the unwilling heroine perched at the centre of the expensive operatic mess that is a cancelled wedding. Or its polite cousin, the indefinitely impending nuptials. And imagine enduring a These four women survived the carnage to give us a definitive ‘how to’ guide: how to prep for the chaos, how to commiserate without being cloying, how to be a girl’s girl even while dishing the dirt. It’s going to hurt to see people get married on or around your wedding day, even if you’re the one who ended things. Preparing for pain somewhat inures you against it. If you’re attending weddings around the time you were meant to be married, it’s quite likely that you’ll be the topic of conversation or even subjected to outright intrusiveness. If you can’t handle the side-eyes or gossip, don’t attend. If you do attend, don’t make a spectacle of yourself. Whatever you do, don’t be a drunken slob. There’s no moral or egotistical victory to be won by attending. I’d even recommend the high road and, if possible, let them know you won’t be there so they’re not walking on eggshells. Not everyone needs to know you did the leaving and why. If your ex feels the need to save face by making you the jilted instead of the jiltee, allow them this small grace. There might be occasions when your friends will feel like they need to defend your honour out of loyalty. Tell them exactly what and how much is okay to share, so they’re spared the mental gymnastics. If you’re the friend who has to establish that your bestie isn’t, in fact, an irredeemable villain, stick to the approved script no matter how much you’re itching to set the record straight. …but it’s not okay to be guillotined for acting in your best interests. A polite-but-firm “moving on” to change topics is perfectly acceptable when Detective Do-Gooder decides to make your business their business. Travel. Sit this wedding season out, regardless of whose wedding you’re missing. If your wedding’s been called off because you cheated, there’s no way the sordid details haven’t made the rounds. …and that none of it will be kind to you, a lot of it will reach you. When that happens, keep your crashouts (there will be many) private. When the invariable “But what the hell happened?” question rolls around, don’t lie, don’t try to justify, don’t try to play the victim. Even if you think you had reasons for cheating, keep them to yourself. “I made a mistake” is a perfectly adequate comment. Even if you’re in a relationship with them now, the wedding season is not the time to go official. Seeming too gleeful will make you come off as petty and crass. Do the decent thing and pretend to feel bad. Bitterness is aggressively unappealing at weddings, even for a bride-that-wasn’t. It might be economical, but it’s also pathetic and cartoonish. If you can’t be civil in public, don’t attend weddings together. Be very careful about what you say. Families have a way of magically resolving issues overnight (or, better still, pretending they never existed at all). They might forgive each other, but they won’t forgive you. It’s just going to make you sound pitiful and prolong the cycle of misery. “We’ll let you know when we have a date” is sufficient engagement with self-appointed town criers. Don’t run around declaring the time of death on the couple. You don’t want to be the friend who had no faith if the wedding actually gets resuscitated. ","https://assets.vogue.in/photos/6958047569997f66fc9cd6a8/16:9/w_1280,c_limit/Saiyaara.jpeg"
"Apr 01, 2026 @ 00:27:02.068",2d83f1efd7a4a2e55c03ccb765564079,https://www.vogue.in/gallery/a-multicultural-wedding-in-the-english-countryside-that-made-room-for-play-alongside-tradition,A multicultural wedding in the English countryside that made room for play alongside tradition,"Rishi V and Victoria May's wedding combined Gujarati rituals and a civil ceremony, shaped by thoughtful hosting and a weekend designed for participation",Sara Hussain,2026-01-04T04:00:00.000Z,,"https://assets.vogue.in/photos/69512c499135428ddf4d29af/16:9/w_1280,c_limit/Victoria%20%20(18).jpg"
"Apr 01, 2026 @ 00:27:10.093",6a51c2cee8d14ebbb014ac5d90deea3f,https://www.vogue.in/gallery/at-this-wedding-in-portugal-the-couple-exchanged-vows-out-of-sight,"At this wedding in Portugal, the couple exchanged vows out of sight","Tejas Kashyap and Aniqa Premjee planned a multi-day celebration to honour both their faiths, ending with a reception at a seaside fortress",Sara Hussain,2026-01-01T10:52:55.143Z,,"https://assets.vogue.in/photos/69564a5f50c9dd98901e261d/16:9/w_1280,c_limit/_JPC8302.jpg"
"Apr 01, 2026 @ 00:27:18.195",b92efa276a1b72bd8472f07325531abe,https://www.vogue.in/promotion/this-lakeside-wedding-in-chicago-was-filled-with-90s-nostalgia-a-blue-haldi-and-a-20-minute-fireworks-show,"This lakeside wedding in Chicago was filled with 90s nostalgia, a blue haldi and a 20-minute fireworks show","Across Delhi and Chicago, Ashima and Garv’s offbeat wedding stemmed from instinct, intention and pure heart",Sanjana Subramanian,2025-12-30T12:43:14.842Z,"It’s true what they say: fate works in the most magical ways. That’s exactly what brought Ashima and Garv together. While their love story began on a dating app, there were signs all along—shared circles, overlapping paths—that fate had been nudging them together from the start. It all began on Hinge, where they were matched twice, two years apart. Despite living in the same city, they’d somehow never crossed paths. And when they finally did, the pull between them was instant and oddly comforting. They laugh that this must be their third Ashima Batra Khurana, Founder & CEO of Blue Thread Brands (the powerhouse behind fashion brands Dorabi and Aamili), grew up in Gurgaon in a boisterous Punjabi family where discussions were loud, opinions louder and ambition a constant companion. Garv Khurana, an AI Architect with an instinct for innovation, comes from an easy-going family that thrives on joy and balance. They slipped into each other’s lives with a natural harmony, like two parallel journeys converging as they were meant to. Nearly a year after getting to know each other, Garv decided to pop the question. On March 29 2025, he took Ashima to The celebrations began in Delhi with a Bollywood-themed engagement. Running for 12 hours, the event had no stage, no formal performances, no pressure. Just guests mingling and dancing, followed by an impromptu performance that ended with the ring exchange. Ashima sparkled in an Ithr ensemble while Garv chose Divyam Mehta, both looks capturing the playful glamour of the evening. The couple chose Chicago for its family connection and the ability to blend luxury with nature. The Marriott Lincolnshire offered open landscapes, lakeside serenity, and the convenience of hosting all guests together—a setting that matched their vision of togetherness and ease. For the For their The wedding day at Marriott Lincolnshire was everything they had hoped for when they chose Chicago—open skies, calm waters, and the presence of close friends and family. The pheras took place by the lake as the light softened around them, creating a moment that was both simple and sacred. Ashima looked radiant in Varun Bahl, while Garv shone in Divyam Mehta. All of the outfits were styled by NDNY, a U.S.-based multi-designer store. For the finale, the sky erupted in a twenty-minute fireworks display—an unexpected spectacle in Chicago that’s usually reserved for the Fourth of July. The celebrations wound down the next morning with a celebratory brunch, the kind where people linger because they’re not quite ready for it all to end. SDS Studio remained behind the lens throughout, capturing the celebrations with a sensitivity that matched the spirit of the weekend. “As a destination wedding photographer, I witnessed Ashima and Garv's wedding unfold in a beautifully organic way—guided by emotion, light, and movement rather than staged moments. The celebrations were captured as they naturally evolved, with editorial bridal frames introduced sparingly and with intention. The result is a visual narrative that feels raw, refined, and timeless,” reflects Sabareesh. The guest list was intentionally small, which meant every face carried a story and every exchange held meaning. Chicago, with its mix of family roots and beauty, served as the natural backdrop for a wedding that felt intimate without being small and festive without ever losing its charm. “We believe the most beautiful weddings are led by emotion rather than excess, guided by a philosophy of understated luxury. This intimate Chicago celebration was thoughtfully planned around the couple’s story, allowing their love and quiet moments to take centre stage,” reflects Sidharth Mahajan, Founder, Ómorfo Events. In the end, Ashima and Garv’s wedding wasn’t designed to dazzle. It was simply a reflection of who they are. Thoughtful. Warm. A little nostalgic. A little modern. And quietly certain of where they’re headed together. ","https://assets.vogue.in/photos/694a70b50ffe880116fed672/16:9/w_1280,c_limit/A&G_25.jpg"
"Apr 01, 2026 @ 00:27:26.219",63eb0ec35e57cf704129402566a17c0d,https://www.vogue.in/gallery/this-multicultural-wedding-in-kenya-brought-swahili-culture-into-an-indian-celebration,This multicultural wedding in Kenya brought Swahili culture into an Indian celebration,"Creative director Pooja Shah and data-scientist Akhil Bhargava's wedding in the Masaai Mara honoured the couple's Gujurati, Rajasthani and Kenyan roots across six functions",Thea Mulchandani,2025-12-30T06:00:00.000Z,,"https://assets.vogue.in/photos/695262eda0d6bd431f4fcbaa/16:9/w_1280,c_limit/279-CY8A5965.jpg"
"Apr 01, 2026 @ 00:27:34.248",cbc627a05ee7f1e05155e144339f2e3d,https://www.vogue.in/gallery/this-architect-couples-home-wedding-took-place-in-spaces-they-designed,This architect couple’s “home wedding” took place in spaces they designed,"From a terrace in Dadar to a lakeside bungalow near Lonavala, Kasturi Wagh and Vineet Hingorani planned their celebrations across sites tied to their practice and personal history",Sara Hussain,2025-12-24T06:30:00.000Z,,"https://assets.vogue.in/photos/694a982b7f1db52e08a0e502/16:9/w_1280,c_limit/KV-332.jpg"
"Apr 01, 2026 @ 00:27:42.272",aafb3b1220686b6186a70b43d6e89399,https://www.vogue.in/gallery/this-wedding-in-chennai-brought-tamil-and-bengali-rituals-together-by-the-oceanside,This wedding in Chennai brought Tamil and Bengali rituals together by the oceanside,"Sneha Arvind and Shamak Dutta planned a three-day celebration that reflected their shared upbringing, long-distance years and a carefully considered approach to ritual", Baishali Chatterjee,2025-12-26T12:42:23.488Z,,"https://assets.vogue.in/photos/694e7be665fe73d56749e38e/16:9/w_1280,c_limit/PM_SNE+SHA10981.JPG"
"Apr 01, 2026 @ 00:27:50.300",f0cb2fbce1255e364b14757a9b92dc97,https://www.vogue.in/gallery/a-multicultural-wedding-in-mexico-where-two-cultures-danced-as-one,A multicultural wedding in Mexico where two cultures danced as one,Kimberly Ann Joseph and Evan Charles Benson brought Knanaya rituals and Southern charm to their wedding weekend,Palak Godara,2025-12-23T12:31:59.637Z,,"https://assets.vogue.in/photos/69046840d99bdc50296983fd/16:9/w_1280,c_limit/Regina%20Malo%20-%20Destination%20Wedding%20Photographer%20-%20San%20Miguel%20de%20Allende%20-%20Kim%20&%20Evan-29.jpg"
"Apr 01, 2026 @ 00:27:58.327",075490cb5f114cf821b5bd9f00f232c2,https://www.vogue.in/gallery/exclusive-inside-sejal-kumar-and-bharat-subramaniams-mountain-wedding-in-mussoorie,EXCLUSIVE: Inside Sejal Kumar and Bharat Subramaniam’s mountain wedding in Mussoorie,"From a forest ceremony in Mussoorie to a karaoke-led reception back in Delhi, Sejal Kumar and Bharat Subramaniam’s wedding was built around personal moments and familiar faces",Sara Hussain,2025-12-22T06:41:57.296Z,,"https://assets.vogue.in/photos/6948e168b1be3802df33e654/16:9/w_1280,c_limit/SB-59.jpg"
"Apr 01, 2026 @ 00:28:06.354",cec467a22ed7da207cc606dda40849b6,https://www.vogue.in/gallery/at-this-wedding-in-new-delhi-a-mandap-and-an-altar-shared-the-same-space,"At this wedding in New Delhi, a mandap and an altar shared the same space",Vandinika Shukla and Edward Bayes brought together their cultures and traditions in an arts-first celebration,Sara Hussain,2025-12-21T05:30:00.000Z,,"https://assets.vogue.in/photos/69452b7ba206b214940ca6bf/16:9/w_1280,c_limit/SKV_6742.jpg"
"Apr 01, 2026 @ 00:28:14.384",16834d1b714a45a2f28a563ce9f16887,https://www.vogue.in/gallery/this-couples-wedding-in-vienna-was-an-ode-to-luxury-and-art-in-every-form,This couple’s wedding in Vienna was an ode to luxury and art in every form,"From a live Viennese orchestra and Bridgerton-inspired performers to hosting their celebrations at historic palace venues, Kajal Tank and Niraj Rughani’s wedding was a carefully curated affair",Arzoo Dina,2025-12-18T07:43:27.222Z,,"https://assets.vogue.in/photos/6943a21ffa7db2dcd0d27898/16:9/w_1280,c_limit/Kajal&Niraj_Vienna_098_websize.jpg"
"Apr 01, 2026 @ 00:28:22.413",62e2466c50fb6a31b48cc34fec22ea12,https://www.vogue.in/gallery/this-couples-multicultural-destination-wedding-came-home-to-a-family-garden,This couple's multicultural destination wedding came home to a family garden,"Artist Claudia Robles-Gil and PGX founder Prakhar Gupta brought together ocean, ancestry and community across a cross-continental wedding that moved between Thailand and India",Sara Hussain,2025-12-17T15:42:35.696Z,,"https://assets.vogue.in/photos/6942c4cc129d11ab971b75a7/16:9/w_1280,c_limit/SAB00613.jpg"
"Apr 01, 2026 @ 00:28:30.439",21e3fde51316c6311d6cfc7b3e3e35c4,https://www.vogue.in/gallery/this-wedding-in-mandawa-carried-the-couples-creative-instincts-through-a-shared-baraat-and-customised-kaliras,This wedding in Mandawa carried the couple’s creative instincts through a shared baraat and customised kaliras,"Devanshi Tuli and Pranoy Sarkar's wedding was shaped by shared choices, close collaborators and details designed with care",Sara Hussain,2025-12-16T14:37:01.508Z,,"https://assets.vogue.in/photos/694168b98c6a6576aed50e4a/16:9/w_1280,c_limit/DSC00806.JPG"
"Apr 01, 2026 @ 00:28:38.467",acc5828a1cf8af07685c122c2232e54b,https://www.vogue.in/gallery/this-wedding-in-kolkata-began-with-a-meet-cute-at-a-friends-reception,This couple's love story came full circle with a wedding in Kolkata,"Oishi Bhattacharjee and Arpit Banerjee met by accident, fell in love on purpose and planned a three-day wedding that reflected both",Sara Hussain,2025-12-14T05:30:00.000Z,,"https://assets.vogue.in/photos/693d8b63ce404d3b55555062/16:9/w_1280,c_limit/Oishi&Arpit_214.jpg"
"Apr 01, 2026 @ 00:28:46.496",e2d1889ae1877359be2fc84a309e4e1c,https://www.vogue.in/gallery/this-wedding-in-istanbul-brought-indian-rituals-to-the-edge-of-the-bosphorus,This wedding in Istanbul brought Indian rituals to the edge of the Bosphorus,"From a yacht-led baraat to a floral mandap set against the Bosphorus, Sagiri Gidwani and Ankur Patel’s wedding carried their rituals, families and story across a three-day celebration",Sara Hussain,2025-12-11T16:54:36.476Z,,"https://assets.vogue.in/photos/693aea412b4d8ec966eb9b7d/16:9/w_1280,c_limit/HF6A3739.jpg"
"Apr 01, 2026 @ 00:28:54.521",209bc42647409919c420b50867359e0b,https://www.vogue.in/gallery/a-wedding-in-bengaluru-where-a-long-distance-romance-ended-with-500-guests-dancing-under-the-stars,A wedding in Bengaluru where a long-distance romance ended with 500 guests dancing under the stars,Sowmitha Amur and Vasant Kumar turned a long-distance romance into a six-event celebration,Thea Mulchandani,2025-12-09T16:00:25.530Z,,"https://assets.vogue.in/photos/6937eb384989e2786846da5d/16:9/w_1280,c_limit/SV-4.jpg"
"Apr 01, 2026 @ 00:29:02.548",6abf52edbe16553081342bbc2f13330e,https://www.vogue.in/content/content/unconventional-bridal-makeup-looks-for-the-experimental-indian-bride,7 unconventional bridal makeup looks for the experimental Indian bride,Runway inspiration turned wedding-ready,Vogue Staff,2025-12-05T14:06:30.413Z,"Bridal beauty in India is changing and it's exciting to watch. Today's brides aren't afraid to break away from the predictable red lip-gold shimmer-tight bun formula. They're looking for bridal makeup looks that feels personal and a little experimental; whether that's a smoked out lid, berry-toned “The only mistake is trying something totally new on the actual wedding day,” says Saikat Chakraborty, national artist for M·A·C Cosmetics India. “You might love a trend on Instagram, but it may not sit well with your outfit, the lighting or even your comfort. Give the look a test-run, wear it for a few hours, click photos, see how it behaves under flash.” This evolution isn't about rejecting A deep berry or burgundy lip, dark metallic lids and carefully sculpted skin bring This look leans into crisp and minimal with This look leaves the skin fresh and luminous, topped with scattered Chaotic in the best way. Glossy lips and a sheer, tonal base meets an inky, chunky eyeliner, making the look feel punk but still polished. A slick, centre-parted This look leans sultry and sharp. A deep oxblood Everything here is turned up with a shimmery If you're icked out by sitting in a makeup chair for hours on end and don't want any layers on your face at all, this might be your perfect match. It's all about bright freshness and a minimal base that allows the glossy red lip to pop unapologetically. The hair is tucked into a simple, smooth ","https://assets.vogue.in/photos/6932b28ad1add76fb1a54f28/16:9/w_1280,c_limit/%F0%9F%96%A4.jpg"
"Apr 01, 2026 @ 00:29:10.577",f19b8ddd5ce0dbd83495173c0e50a17c,https://www.vogue.in/gallery/indian-rituals-lebanese-drums-and-the-australian-countryside-shaped-this-multicultural-wedding,"Indian rituals, Lebanese drums and the Australian countryside shaped this multicultural wedding",Manchal Singh and Luca Monk's four-day wedding was set on Singh's parents' 22-acre countryside estate,Thea Mulchandani,2025-12-04T07:11:02.863Z,,"https://assets.vogue.in/photos/6930e5baf0f82ec958cdf85a/16:9/w_1280,c_limit/W61.jpg"
"Apr 01, 2026 @ 00:29:18.606",506390d063323a77aab16d7c87369a4b,https://www.vogue.in/gallery/this-multicultural-wedding-in-ibiza-unfolded-across-cliffs-beaches-and-a-rain-soaked-villa,"This multicultural wedding in Ibiza unfolded across cliffs, beaches and a rain-soaked villa",Raina Kamat and David Suvall’s wedding blended Hindu and Jewish rituals with a storm that only deepened the celebration,Sara Hussain,2025-12-02T14:16:37.260Z,,"https://assets.vogue.in/photos/692ef01c5aa392c7c037a23c/16:9/w_1280,c_limit/biancasardi.photography-45%20(1).jpg"
"Apr 01, 2026 @ 00:29:26.635",36d4cee83e72361aadbf0ab324fd2a4b,https://www.vogue.in/content/netra-mantena-and-vamsi-gadirajus-wedding-had-approximately-10-lakh-flowers,Netra Mantena and Vamsi Gadiraju’s wedding had approximately 10 lakh flowers,"We speak to Interflora India’s founder, Anuja Joshi, who played a pivotal role in beautifying Netra Mantena and Vamsi Gadiraju’s wedding in Udaipur",Ravisha Maroo,2025-12-01T13:38:30.689Z,"There are weddings that trend and there are weddings that become the talk of the town. Then there are weddings where every little detail is so extravagant, so excessive, that the entire internet wants to get involved. The recent nuptials of billionaire heiress But how many flowers does it actually take to break the internet? 10 lakh flower stems and 800 florists is the floral math behind Netra Mantena and Vamsi Gadiraju’s wedding. “Three rounds of floral sampling were done with the bride alone. Netra knew exactly what she wanted. The florals had to honour the sanctity of Indian culture yet be styled in a distinctly European manner,” says Anuja Joshi, founder at Interflora India. “No chrysanthemums, no carnations, no daisies and none of the typical “filler flowers” made the cut. Ranunculus featured at every event as Netra loves them.” Each colour and flower served a purpose; nothing was used just to fill space. “Inspired by ‘navratna’ (the nine cosmic jewels believed to harmonise and bless new beginnings), the wedding unfolded across six events in different palatial settings where we assigned every event its own hero flower which spoke to the bride’s taste,” Joshi added. Burgundy hydrangeas accordingly led the way to the Welcome Dinner, while the peach-and-orange fruit-inspired palette for the haldi was set against a bougainvillaea canopy. The Cirque du Soleil–inspired mehendi was a nod to one of the couple’s early dates, with deep purple alliums turning the celebration into a mini dreamscape. A Bollywood-meets-opera sangeet drifted into pink monochrome with phalaenopsis and peonies as showstoppers. The wedding ceremony bloomed with white hydrangeas while the reception closed the festivities with a pristine cloud of white phalaenopsis. For a wedding of this scale, floral emergencies are practically accounted for, except the one at Netra Mantena and Vamsi Gadiraju’s wedding looked like it had stepped out of the pages of a fairytale. “All the wedding flowers that were meant to arrive three days before the wedding only landed the evening before. Picture this: thousands of fresh-cut blooms landed at the venue at 5pm, and because this was Jagmandir Island Palace, the only way to bring them in was by water. Cue boatloads and midnight sprints to pull off the early morning wedding setup in record time,” Joshi recalls. The wedding came with its own logistical ballet of flipping multiple heritage venues in impossible timelines, backstage transitions on clockwork and a 15,000sqft cold room built solely to store the flowers. While people assume viral weddings are only about the grand pieces and monumental installations, Netra Mantena and Vamsi Gadiraju’s wedding achieved a sweet balance. “Grandeur isn’t in piling more things but in detailing and layering. Udaipur is not your average venue—it’s a living museum of centuries-old domes and palatial walls, so the decor should never compete with but complement the architecture,” Joshi explains. The Interflora team decked the palace walls with never-before-seen green cascades and purple delphiniums to elevate the guest walkway at City Palace’s Manek Chowk for the mehendi function. Later, for the nuptials at the Jagmandir Island Palace, the existing central dome was reimagined as the mandap, resembling a temple in the middle of a lake adorned with traditional South Indian flowers. The backdrop featured a floral-crafted Shri Yantra (a geometric symbol comprising nine interlocking triangles that are considered powerful in Hindu and Buddhist traditions), transforming the space into a site of spiritual resonance. In a land of extravagant weddings, it takes something exceptionally unique to make an Indian wedding go viral, but Joshi says the Interflora team doesn’t operate from a place of chasing likes and comments. “You never design a wedding with the intention of making it go viral; instead, you design knowing it will withstand the emotional weight of the day. It’s never about turning every corner into a photo-op but finding those two or three special spots that naturally become everyone’s favourite backdrop; the places that spark joy and end up living in family albums long after the wedding is over,” she smiles. ","https://assets.vogue.in/photos/692d980d5e8240069168ebef/16:9/w_1280,c_limit/SBJR_NVudrStory-211.jpeg"
"Apr 01, 2026 @ 00:29:34.667",17d78ca1450c6d5e0ce140f678fd089d,https://www.vogue.in/gallery/a-lake-como-wedding-where-the-groom-became-a-human-pizza-and-two-faiths-came-together-in-one-ceremony,"A Lake Como wedding where food, fashion and two faiths came together in one ceremony","Bride Nisha Saboo and groom Billawal “Billy” Badruddin celebrated their love with a weekend of food, fashion and family",Sara Hussain,2025-11-30T05:30:00.000Z,,"https://assets.vogue.in/photos/69296a9f89191c0ced4b7636/16:9/w_1280,c_limit/AYUS8651.jpg"
"Apr 01, 2026 @ 00:29:42.702",6f2f40b5de39b47911c0fbd38add2d99,https://www.vogue.in/content/watches-that-turn-wedding-gifts-into-future-heirlooms,12 watches that turn wedding gifts into future heirlooms,From modern minis to high-jewellery icons,Vogue Staff,2025-11-28T12:24:09.160Z,"It’s that time of the year again, the time for This wedding season, be the perfect guest with a gift that’s both elegant and practical. Think whisper-thin straps that glint like fine Whether you’re selecting for the bride, her mother or her circle of bridesmaids, this curation of watches will ensure your gift is remembered every time it keeps the inevitable chaos of life running on time. A cushion-shaped dial adorned with twelve different diamond cuts, a bezel encircled in brilliant stones and a thin black calf strap; this Tiffany watch is almost poetic. A piece that will make the perfect heirloom for a bride who appreciates classic beauty. A classic gold-tone bangle, white dial, and interchangeable ceramic bezels; this vintage watch design speaks timelessness and versatility. The Baignoire wraps the wrist in sculpted 18k gold with Cartier’s signature ellipse dial. A jewellery-like timepiece that seamlessly fits into the bride’s closet. This watch marries technical precision with the intricate details found on Maison’s iconic trunks. A rose-gold case, textured dial and a deep blue calf leather strap; understated sophistication for a luxurious bride. A playful, sparkling option for the bride and bridesmaids alike. This bracelet watch features a row of clear octagon-cut crystals, a silvery dial and a crystallised bezel, catching the wedding lights just right and adding a fun sparkle to every fit. Sultry and unapologetically bold, the Serpenti is a statement. An 18k yellow gold serpentine bracelet, a bezel set in brilliant-cut diamonds and a white opalite dial. The perfect gift for a bride who likes a bit of drama in their ensemble. Ethereal and regal, the Reine de Naples evokes an old-world sophistication. Its ovoid 18k rose-gold case, pastel pink calf strap and diamond-set bezel make it a dreamy watch for the romantic bride. With an 18k gold case, diamond accents and green alligator straps, the compact and delicate Mini Trésor is the perfect balance of elegance and practicality. A classic fuss-free companion for a bride on the move. A wedding gift with a modern, minimalist twist; the Luminor Due Luna pairs polished steel with a white sun-brushed dial and unique moon phase details. This watch is for the bride who likes her accessories to multitask. It’s chic and modern; the Lexington Mini will surely bring a pop of glamour with its emerald-green dial and gold-tone finish. Petit yet eye-catching; a well-suited gift that adds just the right amount of sparkle. Crafted with shimmering 18k white gold and AP’s signature Pairing a sun-brushed silver dial with gold-toned imitation gemstones, this watch is relaxed and playful, yet polished. A charming gift for the bride to wear in all seasons. ","https://assets.vogue.in/photos/692989029b0d00d7726a7878/16:9/w_1280,c_limit/@bulgari%E2%80%99s%20iconic%20#Serpenti%20watch%20#bvlgari%20#ad.jpg"
"Apr 01, 2026 @ 00:29:50.735",b24e7bb2db739e217408b6c0e428d8fc,https://www.vogue.in/content/how-a-new-generation-of-brides-is-building-its-heirlooms,How a new generation of brides is building its heirlooms,"Three Indian brides explore the idea of longevity and versatility—in the drape of the sari, the very personal notion of an heirloom and the elastic idea of the great big Indian wedding",Nidhi Gupta,2025-11-28T07:11:28.127Z,"What does the modern Indian bride want? It’s a (frequently exasperated) question many ask planners, There is perhaps nothing that better crystallises this desire, this ethos, this spirit than the heirloom: the pieces of jewellery, the ","https://assets.vogue.in/photos/692800413d47a4837bc348ab/16:9/w_1280,c_limit/Vogue%20Bride%20book1738%20_1.jpg"
"Apr 01, 2026 @ 00:29:58.764",65a60ceff163b52e296e0c78445c8997,https://www.vogue.in/gallery/inside-indias-most-viral-wedding-in-udaipur-yet,Inside India's most viral wedding in Udaipur (yet),"With moments that stretched from an intimate Mangala Snanam to a star-studded sangeet, Netra Mantena and Vamsi Gadiraju’s wedding showed how scale and sentiment can sit side by side",Thea Mulchandani,2025-11-27T10:01:14.586Z,,"https://assets.vogue.in/photos/69281d58b8f4bace3465c101/16:9/w_1280,c_limit/SBJR_NVudrStory-114.jpg"
"Apr 01, 2026 @ 00:30:06.787",2f4e29c993b2508e0b451ffc753e6717,https://www.vogue.in/content/bridal-skincare-that-works-with-your-hormones-not-against-them,"Bridal skincare that works with your hormones, not against them","Experts explain how hormones, sleep and nutrition shape your skincare results more than last-minute facials ever could",Palak Godara,2025-11-27T09:16:19.789Z,"The weeks leading up to the wedding can feel like an emotional seesaw: excitement giving way to anxiety, joy interrupted by late-night planning spirals and a constant chorus of advice on what to do (and absolutely not do) as a part of your bridal skincare routine. Slather this, massage that—your skincare arsenal does its thing, but real radiance depends on your gut and hormones running in sync. If skin could ask for one thing in the days leading up to the wedding, Dr Sravya Tipirneni, consultant dermatologist, cosmetologist and trichologist at Manipal Hospitals, Bengaluru, says it would be a simple plea: “Slow down. I need water, sleep and zero new products. Treat me gently; I’m not a dress you can tailor last minute.” ""Your skin is essentially a hormone-responsive organ,” says Dr Asha Dalal, director of obstetrics and gynaecology at Sir HN Reliance Foundation Hospital, Mumbai. “Hormones influence almost every layer, from oil production and hydration to According to Dr Dalal, the sweet spot for what people call the “bridal glow” is the follicular phase of the menstrual cycle, roughly days six to fourteen. “Oestrogen rises steadily during this period,” she says. “It boosts collagen formation, increases The luteal phase—the seven to ten days before your period—is the moodier half. “Skin is more reactive, oilier and more likely to break out,” she warns, which makes last-minute experimentation risky. Dr Dalal’s rule is straightforward: laser treatments, microneedling and chemical peels should be done four to eight weeks before the wedding, ideally aligned with the follicular phase, when healing is quicker. In her words, a menstrual cycle becomes a beauty calendar when you understand how it behaves. The smallest missteps can snowball. “A night of poor sleep can dull the skin, but a few in a row can spike cortisol enough to slow collagen repair,” says Dr Tipirneni. We often underestimate how fatigue shows up on the face. Over-scheduling only compounds it. “Schedule daily tech-free mental downtime (15–30 minutes) and prioritise 7–9 hours of sleep.” Just as important is restraint. “Implement a strict hands-off rule. It’s the easiest way to keep a tiny blemish from becoming a lasting scar.” Food decides whether the glow holds or falters. Functional medicine nutritionist and lifestyle educator Karishmma Chawla puts it bluntly: “Gluten, dairy, processed foods, sugar, packaged foods with hidden gluten or industrial starch, they don’t vibe with your skin story.” They stoke “Hormones adore high-quality protein,” she says. “When your diet balances proteins and fats well, that’s what shapes your hormone language.” Acne flare-ups, in her framework, are simply messages from the body: a nudge to pay attention. Her “bridal glow grocery list” is a pared-back, functional ritual. Pick up one low-GI fruit (apple, pear, guava, berries or orange), one green ( Cold-pressed coconut oil, herbs and pepper form “a magical concoction” that supports thyroid function, keeps harmful bacteria in check and lends skin a plush finish. Fermented foods—kefir, kombucha, pickled vegetables—enter the picture only when the gut is on steadier ground. Caffeine, meanwhile, is the subtle saboteur. “You don’t have to quit coffee; just stop letting it open the show,” she says. Start the day with lukewarm water and lime or aloe, or go straight to your smoothie, and save your lightest brew for later. Everything eventually finds its way back to cortisol. “Anything that doesn’t align with your gut spikes cortisol because your body thinks danger is near,” Chawla explains. High cortisol steals progesterone—the hormone that soothes—slows thyroid function, alters metabolism and invites bloating, acidity and dullness. “Foods that love you back make your body feel safe.” When the gut is calm, the hormones are steady and the mind is rested, the skin mirrors that peace. The makeup, the facials, the dress–they’re the finishing bows. The radiance underneath is self-built. And as Chawla says, “The outer glow is really just a reflection of the inner healing: food, lifestyle and purpose.” ","https://assets.vogue.in/photos/5cf673b6e3949da1fd1b0414/16:9/w_1280,c_limit/Bridal-hairstyles.jpg"
"Apr 01, 2026 @ 00:30:14.810",81710d14b7ec84d611c8b0c45e253a5e,https://www.vogue.in/weddings/promotion/your-go-to-skincare-guide-for-the-ultimate-pre-wedding-glow-up,Your go-to skincare guide for the ultimate pre-wedding glow up,"If you’re a bride-to-be, here’s the secret to achieving brighter, smoother-looking skin from within for that unmistakable wedding-day glow",Vogue India,2025-11-27T09:11:35.855Z,"Every bride dreams of that unmistakable wedding-day glow, the kind that makes you look effortlessly radiant on your big day. But between nonstop planning, late nights, and the constant whirlwind of emotions, that glow can easily get lost somewhere between your to-do lists and the demands on your time. The days leading up to a wedding are anything but calm. Schedules are packed, sleep becomes optional, and hydration is something we remember only when our skin starts feeling flaky. Between fittings, family gatherings, and travel, your skin barely gets a moment to recover. Add pollution, stress, erratic sleep, and less-than-ideal eating habits, and it’s no surprise your complexion begins to show fatigue, dullness, and uneven texture. But skincare shouldn’t just sit on the surface—it should work Think of your glow as something that’s built over time. Sure, the facials and organic masks will help, but they can only do so much. Quick fixes may give instant results, but they often don’t last. Beneath the surface, your skin is constantly battling oxidative stress—the invisible damage triggered by pollution, stress, and everyday lifestyle factors. That’s where antioxidants step in. They help neutralise free radicals, support the skin’s natural repair processes, and promote a healthier, more even-toned complexion. While there are many Enter So while you plan your outfit, makeup, and jewellery down to the finest detail, don’t forget the foundation beneath it all: your skin health. Because real glow doesn’t fade when the celebrations end—it follows you into the next exciting chapter of your life. ","https://assets.vogue.in/photos/6926c7216070b9215ac4a309/16:9/w_1280,c_limit/Gluta%208_Wedding.JPG"
"Apr 01, 2026 @ 00:30:22.847",8d7b4752b34d20dec0f7c06248a5565a,https://www.vogue.in/content/nicobars-nicobaarat-makes-your-wedding-wardrobe-last-year-round,Nicobar's first wedding collection is designed to outlast the season,‘Nicobaraat’ understands that Indian weddings aren’t just one big moment; they’re all the little ones in between,Thea Mulchandani,2025-11-26T12:20:18.833Z,"There’s a box at the back of my closet that slowly collects dust until the first wedding invite of the year shows up at my doorstep (re: in my WhatsApp notifications). Inside lie glittery lehengas and heavily embroidered Nicobar’s first-ever wedding collection If you want to amp up the drama, you can just swap the Sitara skirt for the Saaya skirt. It's got cotton-silk The The whole collection unfolds with contrast: florals with geometric checks, metallic tissues next to fuchsia and chartreuse, jewel tones against black and whites. It’s Nicobar’s design sensibilities, turned up a notch. Tying it all together is a deep appreciation for ","https://assets.vogue.in/photos/6926cda3f0618d6b2d494290/16:9/w_1280,c_limit/NicoBaraat%20by%20Nicobar%20(10).jpg"
"Apr 01, 2026 @ 00:30:30.872",e3be810a21947a5133f993cf57361a82,https://www.vogue.in/content/how-to-keep-your-skin-sane-through-a-marathon-of-destination-weddings,How to keep your skin sane through a marathon of destination weddings,"For wedding guests racing through flights, feasts and shifting climates, with expert advice to keep your skin steady through it all",Praneet Sahni Kalani,2025-11-25T15:31:58.221Z,"On a recent trip to Jaipur for a family wedding, my skin was crying for mercy. Decadent Rajasthani feasts, makeup going on and coming off every few hours, three nights of four-hour sleep and a sudden climate switch turned my face into a cautionary tale. That’s when it struck me that the pursuit of the wedding glow isn’t just the bride’s anymore. Because the modern wedding calendar looks more like a travel itinerary. From Jaisalmer to Jaipur and Phuket to Portofino, your skin is expected to keep up as you hop from one flight to another for more than one happy couple this season. The beauty brief now includes the jet-setting guest, sprinting through ceremonies, red-eye flights and humidity swings, fuelled by equal parts SPF and sheer willpower. As India’s destination weddings evolve into multi-day marathons across climates and time zones, your skincare routine needs to be as versatile and resilient as Athletes train their bodies to run long distances, lift weights to sustain muscle recovery, hydrate well before the big day and get ample rest. Multi-day wedding functions require resilience too. Jet lag shows up on my face. By the time you get off a flight, whatever radiance you have built during the pre-wedding routine has evaporated somewhere over the Arabian Sea. Cabin air steals moisture, circulation slows and that lit-from-within glow fades fast. Add hard hotel water to the mix and the The antidote is a post-flight reset built on deep hydration, soft cleansing and barrier-loving formulas that coax the complexion back to life just in time for the celebrations. Dr Agarwal's go-to ritual: hydrate well, avoid alcohol in flight, cleanse with a rich Different climates rewrite the skin’s entire rulebook. If desert-like heat thins skin barrier, then a shift to a humid weather like Udaipur or Mumbai unfolds the opposite chaos–sweat, sebum and microbes creating a lush playground for congestion and fungal flare-ups. Going up North to places like Delhi and Chandigarh pollution rises, PM levels spike and the skin’s defences work overtime, leaving it inflamed, sensitised and prone to I put a long-standing packing dilemma to the skin experts: if we had room for just five skincare essentials during a destination wedding week, what should make the cut? Here’s what they recommended. Weddings rarely allow for a full routine, but dermatologists agree on the one thing you can’t skip: sunscreen. “Dehydration and breakouts can be fixed, sun damage can’t,” says Dr Agarwal. Another common oversight is failing to adapt products to the climate, and cleansing properly becomes essential. “Makeup wipes aren’t enough. You need water and a real cleanser.” Dr Sethi adds that a stealth culprit behind wedding-fatigue breakouts is the communal brush kit passed around in glam rooms. As indulgent as having on-call makeup artists feel, shared tools are a fast track to acne. My workaround is simple enough. I hand the artist my own brushes, the creativity stays and the breakouts don’t. Ultimately, wedding-season beauty is a test of stamina. The glow chase is no longer the bride's alone, so I’m already getting ready for my next round of destination weddings. If this is an endurance sport, I plan to finish strong. ","https://assets.vogue.in/photos/65cbc4964724dc36ab9dd324/16:9/w_1280,c_limit/Collagen.jpeg"
"Apr 01, 2026 @ 00:30:38.896",053d7659f23112bad88df77a0283d6b6,https://www.vogue.in/gallery/a-wedding-in-mauritius-that-paired-a-zaffe-style-baraat-with-a-tarun-tahiliani-lehenga-inspired-by-lebanese-couture,A wedding in Mauritius that paired a zaffe-style baraat with a Tarun Tahiliani lehenga inspired by Lebanese couture,"From a blush-toned Mauritian haldi to a beach mandap and a château finale, Shikha Ramjutan and Mo Dekmak built a celebration that reflected their journey",Sara Hussain,2025-11-26T09:58:44.746Z,,"https://assets.vogue.in/photos/6926cbdeb09a9a14c20d0bdd/16:9/w_1280,c_limit/DSC01293.jpg"
"Apr 01, 2026 @ 00:30:46.920",87fdc9c1dcbbaf856c79324687b3a3b0,https://www.vogue.in/content/looks-from-sonam-kapoors-style-playbook-to-build-your-next-wedding-guest-outfit,7 looks from Sonam Kapoor’s style playbook to build your next wedding guest outfit,"From vintage gowns to rich saris, this edit pulls together the styling ideas that translate best into wedding-guest dressing",Vogue Staff,2025-11-24T15:25:20.179Z,"Wedding season comes with its usual set of questions, and the first is almost always some version of “What do I wear?” Sonam Kapoor’s fashion archive, shaped with her sister-stylist Follow the styling cues and an entire wedding wardrobe begins to take shape. Rhea and Sonam Kapoor take an otherwise gentle Rahul Mishra ensemble, a Banarasi cut-work angarakha layered over a hand-embroidered The Amrapali neckpiece by Tarang Arora is masterful craftsmanship with layered motifs, goldwork and delicate drops that move with her. Paired with jhumkas, slim bangles, embroidered juttis and a crescent minaudière It’s a clever template for guests who want ease without looking underdressed. Keep the clothes soft. Let one outrageous piece of jewellery do the heavy lifting. The ensemble, handwoven in the kadhwa Jewellery stays maximal: oversized earrings, stacked bangles and a ring-heavy hand. A metallic clutch from Tribe by Amrapali keeps everything within the same language. This is the kind of outfit that works well for evening functions. The palette and fabric photograph beautifully; the cinched waist adds shape without stiffening the drape and turns a heritage weave into something far more contemporary. The mix of a shirt, luminous sari and ikat shawl creates a layered palette built on contrast and craft, each textile bringing its own story to the look. A pearl-emerald-ruby necklace from Golecha Jewels and long jadau earrings draw the eye upward. If you enjoy colour play, this is the outfit to add to your moodboard. Kapoor wears a cream Abu Jani Sandeep Khosla sari worked with soft gold floral motifs and a wide zardozi border. The textile has a light, translucent quality and the near-backless blouse adds to the lightness of the look. Her jewellery stays in the traditional gold space: a kundan-studded jalidar choker bordered with pearls, a longer gold neckpiece, and polki bangles stacked on both wrists. She carries a Meera Mahadevia clutch and wears her hair in a low bun, wrapped with a gajra for added flair. The look holds its own at a wedding reception, shaped by the detailing and the soft gold palette. The designer was known for chiffon that moved like breath and this dress follows that lineage exactly with a fluid drape that sits somewhere between Grecian and old-school Hollywood. The jewellery, meanwhile, pulls fully from Indian traditions. A pearl-lined choker by Anamika Khanna for Amrapali and peacock earrings by Razwada Jewels, edged with pearls. For a mehendi ceremony it offers something a little unexpected while staying within the traditional yellow-green-orange mood of the occasion. This is one of Anamika Khanna’s delicate hand-painted creations. The gown is cut in white satin with floral strokes that sit like pressed petals on the fabric. The fringe at the bodice creates a soft ripple when she moves, and the matching shawl with its long tasselled edge gives the look a cinematic sweep. This is made for a cocktail night, sangeet or reception where ‘fun’ is the only item on the agenda. People love to say men have it easy at weddings because they “just throw on a suit.” Kapoor takes that shortcut and turns it into an actual outfit formula–for Wimbledon, however, not a wedding. She wears a wide-leg ivory pinstriped suit by Ralph Lauren with a powder-blue shirt and a printed neck scarf, giving the classic menswear move a far more interesting life. The detailing is where the fun sits: a pair of brooches shaped like a tennis racket and a strawberry, and vintage Manolo Blahnik heels topped with tiny tennis balls at the toe. For wedding guests who don’t want to be weighed down by heavy textiles at a daytime event, this is a smart alternative. Sharp tailoring, ease of movement and one or two playful accessories are often all you need. ","https://assets.vogue.in/photos/692477d0c26318a3345f477a/16:9/w_1280,c_limit/SnapInsta.to_586676699_18547432795009229_2942746475109012538_n.jpg"
"Apr 01, 2026 @ 00:30:54.949",cacd49c5b1441a43ebc3aa83519cf735,https://www.vogue.in/gallery/a-marwari-punjabi-wedding-in-mykonos-shaped-by-bollywood-dreams-and-a-love-story-that-crossed-continents,A Marwari-Punjabi wedding in Mykonos shaped by Bollywood dreams and a love story that crossed continents,"For Nikita Agarwal and Rishi Khanna, the island became the meeting point for family, friends and a celebration that blended Marwari and Punjabi rituals",Sara Hussain,2025-11-22T05:30:00.000Z,,"https://assets.vogue.in/photos/692024e9b1b681cfd19d4e25/16:9/w_1280,c_limit/kamero.ai-assets-5cfee082-9465-49e0-8c7f-038b700da86f_57a5f75f-be1c-4bee-8300-85d2f7690f78.jpg"
"Apr 01, 2026 @ 00:31:02.988",37799e639b5c07b21099471a46ec9e4f,https://www.vogue.in/gallery/a-london-meet-cute-and-safari-proposal-led-to-this-multicultural-vineyard-wedding-in-south-africa,A London meet-cute and safari proposal led to this multicultural vineyard wedding in South Africa,Karuna Naidoo and James Liddiard’s Telugu nuptials balanced tradition with thoughtful details for their two-day celebrations in the heart of wine country,Arzoo Dina,2025-11-20T08:09:45.988Z,,"https://assets.vogue.in/photos/691ec36e59c2506f56bac378/16:9/w_1280,c_limit/K&J-711.jpg"
"Apr 01, 2026 @ 00:31:11.013",fa99807125800c190be05be38b7f4df6,https://www.vogue.in/promotion/memories-of-a-lifetime-timepieces-designed-to-make-an-impression,Memories of a lifetime: Timepieces designed to make an impression,"From classic silhouettes to sleek fashion forward pieces, Michael Kors watches are perfect for the wedding season",Mansi Shah,2025-11-20T06:22:17.777Z,"At weddings, it’s often the little things, woven seamlessly into the big day and the events leading up to it, that offer glimpses into the couple’s love story. Designed for milestone moments, Michael Kors watches come in both classic and fashion-forward styles that are perfectly suited for days when every hour is significant and every moment is a celebration. For him, the modern classic Michael Kors Lexington is a great pick for the engagement, making a statement while putting the groom in the spotlight. The Billie, with its sport-luxe style, is made for the fun and relaxed after-party, when there is going to be plenty of dancing involved. The new Rhys watch, with its oversized square silhouette, whispers luxury in hushed tones, ideal for the lighthearted moments during the reception. Brides are also truly spoilt for choice. The Billie, Phoebe and Lexington watches feature bracelets and dials in rose gold tone, gold tone and stainless steel, adding a touch of glamour to each event. From the pictures with your bridesmaids to the father-daughter dance, these watches, with their two-tone finishes and sleek dials, keep you both on schedule and in style. Versatile and refined, each timepiece becomes a testament to an enduring memory. Watch these moments here: ","https://assets.vogue.in/photos/690c47504a6587c11fc10f88/16:9/w_1280,c_limit/_WATCHES0394.jpg"
"Apr 01, 2026 @ 00:31:19.036",9049f7c2e26d051d46f714e425d1f0b3,https://www.vogue.in/content/the-new-wedding-trend-you-can-smell-before-you-see,The new wedding trend you can smell before you see,"How to weave scent design into your ceremony, reception and everything in between",Thea Mulchandani,2025-11-18T08:02:24.249Z,"Indian weddings don’t suffer from a shortage of aromas. There’s the marigold-and-mograscape hovering over the mandap, the mehendi clinging to hands, the ghee from the halwai counter doing its own rounds. But amid all that familiar fragrance, a new wedding trend is taking shape. Couples want to add something intentional to the mix. A scent that marks the day as theirs, not just another entry in the Big Fat Olfactory Index of Indian weddings. That’s where Jo Malone London’s wedding philosophy lands. The house approaches the celebration in three parts: scenting the couple, scenting the venue and scenting the guests. You’re not trying to drown out the haldi, roses and biryani, but create a common olfactory thread that ties the day together. “There was one wedding where the couple used Jo Malone London miniatures as part of their baraat welcome,” laughs Anton Denver, head of education at Jo Malone London. “So when the procession arrived, instead of drinks or Before the décor is installed or the photographer gets a single test shot, the bride and groom choose the scent that will live on as the If the rituals are the spine of the wedding, the scent is what softens the edges. Candles and diffusers placed through The final layer comes through gifting. Wedding favours aren't a new wedding trend; here, it can be as simple as an engraved For guests—or brides who want their “When I go out, I want my friends to smell me and enjoy it, but I never want them to be able to wear what I’m wearing,” Denver adds. His own mix starts with Myrrh and Tonka, builds with Velvet Rose and Layering is about reading your mood. A change in weather, a special dinner, even the slight buzz before a sangeet is enough reason to play with combinations. Spray one fragrance, spray another on top. That’s it. If you love the first scent, it will always work as your base. ","https://assets.vogue.in/photos/691af1da728ec1437252af8d/16:9/w_1280,c_limit/VWB_30-07-20250203%20copy.jpg"
"Apr 01, 2026 @ 00:31:27.060",3df7a203288fbc189bcfe2ce092c97a3,https://www.vogue.in/gallery/the-bride-opted-for-a-baby-blue-lehenga-for-her-anand-karaj-in-bali,The bride traded the traditional red for a baby blue lehenga at her Anand Karaj in Bali,"For Nimrit Gahoonia and Sahib Bhatia, a cliffside wedding felt like the natural next chapter for a love shaped by the coast",Ananyaa Patel ,2025-11-15T05:30:00.000Z,,"https://assets.vogue.in/photos/6916d1321a612c0d6487dedc/16:9/w_1280,c_limit/24%20(1).JPG"
"Apr 01, 2026 @ 00:31:35.085",8a26ac83775792bc1f5037d1e5c411e9,https://www.vogue.in/gallery/this-intimate-wedding-in-tulum-had-only-18-guests,This intimate wedding in Tulum had only 18 guests,"San Francisco-based Katyayni Gupta and Shlok Punjabi, tied the knot on the Caribbean shore in a ceremony officiated by the bride’s brother",Thea Mulchandani,2025-11-13T11:01:27.889Z,,"https://assets.vogue.in/photos/6915b1a054e8f516042e70b9/16:9/w_1280,c_limit/15Feb2025-Katyayni&amp;Shlok-Villatulumar-1696.jpg"
"Apr 01, 2026 @ 00:31:43.111",ce07b5755ebfc3169001b4ee103547d8,https://www.vogue.in/content/wedding-guest-style-inspiration-from-priyanka-chopra-jonas-karisma-kapoor-and-more,"Wedding guest style inspiration from Priyanka Chopra, Karisma Kapoor and more",The art of being a guest and dressing like you mean it,Vogue Staff,2025-11-14T08:55:08.220Z,"There’s a certain rhythm to Indian weddings. The music, the colour, the joyful chaos, and fashion is its loudest note. Throughout the year, celebrities like Indian weddings today have also become travelling style archives. Every outfit nods to heritage while borrowing from global runways, creating a fusion that feels modern without losing cultural memory. And the celebrities leading the charge are shaping how the rest of us approach occasion dressing. Scroll through Instagram and one thing becomes clear: it is less about following trends and more about expressing yourself within tradition. Karisma Kapoor’s Raw Mango silk look for her cousin’s mehendi spotlighted the power of handwoven textiles. Priyanka Chopra’s floral Rahul Mishra gown showed how couture detailing can work beautifully for evening festivities. Kareena Kapoor Khan’s powder-blue gota patti lehenga offered a fresh take on classic textiles. A few patterns are emerging. Pastels still dominate If you are putting together your wedding-season wardrobe, let these looks guide the edit. Think of one standout fabric, a sculptural blouse, a jewel-tone sari that photographs well under warm lights or an embroidered dupatta that pulls the entire look into focus. Beauty choices are equally intentional, from sleek buns with heirloom jhumkas to soft glam that lets the silhouette take centre stage. Explore the inspiration below for your next celebration. ","https://assets.vogue.in/photos/6909c7aa2d727b982ff58ea3/16:9/w_1280,c_limit/SnapInsta.to_477058530_18507367006041483_701572006010353639_n%20(1).jpg"
"Apr 01, 2026 @ 00:31:51.143",d53733e645876eabe050ca93a7b59c2b,https://www.vogue.in/gallery/henna-designs-for-brides-and-grooms-looking-to-update-a-centuries-old-ritual,23 modern mehendi designs for brides (and grooms) looking to update a centuries-old ritual,Designs you will marvel at long after the last dredges of saffron have faded from your palms,Hasina Jeelani,2023-07-21T10:14:05.831Z,,"https://assets.vogue.in/photos/69119fa0b8b9df062d730b9a/16:9/w_1280,c_limit/%E2%9D%A4%EF%B8%8F.jpg"
"Apr 01, 2026 @ 00:31:59.166",8dbb1c8d1acb839dc603229087b66ea7,https://www.vogue.in/promotion/a-grand-tale-of-love-in-a-grand-manglorean-temple,A grand tale of love in a grand Manglorean temple,"The Shetty–Tolani wedding was a celebration of heritage, artistry, and scale—a three-day celebration that blended South-Indian traditions with contemporary elegance",Vogue India,2025-11-10T04:59:14.771Z,"Rooted in the soul of Mangalore’s sacred architecture, the concept drew from temple aesthetics—carved pillars, red-tiled roofs, towering On the lawns of JW Marriott Sahar, DreamzKrraft recreated a Mangalorean temple from the ground up. Spanning over 100,000 sq.ft. and completed in less than three weeks, the structure rose with 250+ intricately carved pillars, majestic arches, and a 12-foot-tall Ganesha idol anchoring the sanctum. Mr. Shashi Shetty beautifully captured the essence of this creation, expressing that it was, above all, an offering of devotion, faith, and a deep reverence for art and culture. And it didn’t end there—the mandap flowed into a recreated Mangalorean street, rich with local charm, and further led guests through draped corridors into a glasshouse, where an elaborate gourmet feast awaited. Under the artistic direction of Bollywood set designer Sashank Tere, this breathtaking installation blurred the lines between design and devotion. Mrs. Arathi Shetty, the groom’s mother, expressed that she had always envisioned a South Indian temple for her son’s wedding—and that such a creation was exactly the sacred space she had dreamed of for her children’s marriage. Amidst the scent of jasmine and the chime of temple bells, the couple made their entry and exchanged vows to live renditions of The celebrations unfolded with a gastronomic journey curated by celebrity chef Ritu Dalmia. Guests explored regional flavours—benne dosa, filter coffee, and Mangaluru specials—alongside global delicacies from renowned chefs: Thai by Chef Tukhta, Italian burratas from Cassaro, Bihari cuisine from Pot Belly, Kashmiri wazwan by Sarposh, and Japanese creations from Izumi. Every venue of the wedding—Fairmont, JW Marriott, and Jio World Convention Centre—was transformed into a world of its own. Guests were greeted in a DreamzKrraft transformed the Fairmont Infinity Ballroom into unique experiences daily, according to the distinct theme of the event. The The Mehendi at JW Marriott combined lush prints, vibrant florals, and a custom glasshouse that extended the venue into the lawns. Performances by Harshdeep Kaur and Akriti Kakkar added to the infectious energy and charm. The celebrations culminated in a reception at the Jio World Convention Centre, with turquoise décor and pagodas. The evening’s ambience was elevated by the melodies of the Bombay Choir Band. “When a family dreams of a temple mandap, it becomes more than décor—it becomes emotion and legacy intertwined. It was about bringing the spirit of Mangalore to Mumbai rooted in reverence and reimagined through design. As DreamzKrraft marks its 25th year, I can say with pride that this has been one of the most creatively fulfilling experiences of my journey so far. The trust and faith the Shetty family placed in us allowed me to push artistic boundaries and truly create from the heart,” said the Founder and CEO of DreamzKrraft, Mrs. Priti Sidhwani. Her husband, Co-Founder and Director, Mr Sundeep Sidhwani echoes the same sentiment, “Arathi, the groom's mother dreamed of a South Indian temple for her son’s wedding—and I knew we had to bring that vision to life in Mumbai. What stood there was beyond imagination, a masterpiece of devotion and design—something never seen before, and perhaps never to be seen again.” ","https://assets.vogue.in/photos/6902fc6c801ccc97a5d4e2cd/16:9/w_1280,c_limit/Wedding%202%20(1).jpg"
"Apr 01, 2026 @ 00:32:07.191",0221c13f9bb1712949b78a8cb96e9268,https://www.vogue.in/gallery/this-wedding-in-spain-turned-an-amphitheatre-into-a-blooming-garden,This wedding in Spain turned an amphitheatre into a blooming garden,"In Marbella, Khushboo Mittal and Anish Dalal welcomed 200 guests to a celebration shaped by devotion, small rituals and a setting built for myth",Sara Hussain,2025-11-09T06:30:00.000Z,,"https://assets.vogue.in/photos/690d9d977fbcecf48d68175d/16:9/w_1280,c_limit/84.jpg"
"Apr 01, 2026 @ 00:32:15.218",91c957fd70c7709e6bd657e82b301b14,https://www.vogue.in/content/indian-weddings-have-gotten-bigger-bolder-and-wildly-specific,"Indian weddings have gotten bigger, bolder and wildly specific","From jade thalis to cocktail fountains, this is the new expression of luxury at weddings",Ruman Baig,2025-11-06T05:30:51.791Z,"Growing up on The first crack in that romanticised vision came when my friends started getting married. Luxury was no longer exceptional; it had become the baseline. Every ballroom was dripping in orchids, every sangeet had a celebrity singer, every buffet spread looked like Pinterest on steroids. Which begged the question: if luxury is the norm, how do you stand out? The answer, it turns out, is turning weddings into full-scale productions that would make a Tamil blockbuster pale in comparison. Nothing prepared me for the moment I joined a three-way call with my friend’s wedding planner, furiously scribbling notes from a ten-page outfit specification document. Ten pages. For one wedding. We dissected every shade of embroidery, every pearl on a dupatta border, even footwear directives ( As I stared at that document, then bid three months' salary goodbye in credit card payments, I realised I had crossed some invisible threshold into the stratosphere of Indian luxury weddings, where no detail is too small and no expense too great in the pursuit of perfection. This shift from tradition to theatre is perhaps nowhere more evident than in how couples approach food. The requests only get more fantastical. ""Another favourite project was last year in But perhaps his most Alice-in-Wonderland-esque creation was 'Sweet Dreams' as a concept. “They asked me to translate the idea of sweet dreams and a love story into a dessert counter, but instead, I created an entire room. When you entered, strawberries were flying, The technical precision required is staggering. Lighting for food stations is now calibrated ingredient by ingredient: a Parmesan wheel lit differently from strawberries, courtesy of a German design team, adds Kashyap Aditi Dugar of Masque Restaurant and Sage Saffron has witnessed this evolution firsthand. ""We once had a family request that the entire menu reflect the couple's quirks—their favourite This hunger for bespoke experiences has spawned an industry of impossibly specific requests. Nidhi Sahi, founder of Enjay Events, rattles off her recent highlights with barely concealed glee. ""In Udaipur, a bride wanted a live peacock for a shoot. We made it happen and timed it so she could dance while the peacock danced too. In For a couple’s May wedding, Shloka Events flew in 39 Italian artists to perform a variety of acts from the moment guests arrived. “Operatic voices filling the hotel lobby, dancers moved through the crowds and electric ensembles injected after-parties with energy that carried into the night,” recalls Yuvraj Singh Johar, founder and managing director. “Even the flight to the wedding destination in Udaipur became part of the spectacle, with a saxophonist serenading guests aboard a charter."" Despite the dhoom dham, there are quieter gestures that add depth to the luxury evolution. Neha Shroff, partner at Momente Weddings, recalls printing a recipe book featuring the groom's mother's favourite dishes, which was given to guests as a keepsake. “For another, we created silver Sometimes luxury means defying geography itself. Devika Narain of Devika Narain & Company recalls building a glasshouse in the Jaisalmer desert so a couple could dine under the stars without feeling cold. Or repainting an entire villa in Dhaka to match a family’s vision before recreating the city’s flower market indoors. “Indian weddings are luxurious when the couple and family truly consider the guests; how they'll arrive, wait for cars, boats or jetties. There should be champagne, water, seating, music; thoughtful details that make guests feel cared for."" As Dugar astutely observes, ""Luxury today isn't chandeliers, over-the-top décor or flowers, nor is it simply flying in Michelin chefs. It's storytelling and immersion. Couples want experiences no one else can replicate, and rituals designed like performance art. The shift is clear; luxury has moved from ‘more’ to ‘mine’.” ","https://assets.vogue.in/photos/690c2e6a7af14957ad8294a1/16:9/w_1280,c_limit/SnapInsta.to_365099959_259850003473353_5787382021262941769_n.jpg"
"Apr 01, 2026 @ 00:32:23.243",3e4a7fa9287d2ae27f9bbcda5db873bc,https://www.vogue.in/gallery/a-wedding-in-udaipur-where-the-bride-proposed-women-led-the-rituals-and-nothing-went-to-waste,"A wedding in Udaipur where the bride proposed, women led the rituals and nothing went to waste",A three-day celebration in the midst of nature was the perfect backdrop for Nayab Midha and Ayush Chandhok to start their happily-ever-after, Baishali Chatterjee,2025-11-03T11:45:00.000Z,,"https://assets.vogue.in/photos/69088bae7a61c35f46171bbd/16:9/w_1280,c_limit/IMG_0570%20(1).JPG"
"Apr 01, 2026 @ 00:32:31.273",b20df3d962c4be326cf5cc4d10ac1246,https://www.vogue.in/content/engagement-rings-for-the-modern-bride-who-sees-beyond-diamonds,Unique engagement rings that trade predictability for personality,"From sapphires to polkis, pearls to emeralds, meet the rings redefining what ‘forever’ looks like",Vogue Staff,2025-10-31T14:22:16.874Z,"Once upon a time, forever came neatly packaged in a diamond. The most unique engagement rings today, however, are telling stories in colour, in texture, in shapes that don’t all look the same. Because maybe your idea of romance isn’t a Here’s your guide to saying This one’s a showstopper, a constellation of Colombian emeralds, rubies and Part royal, part rebel, this Ruby and Polki ring is what happens when heritage meets personality. The fiery For those who find allure in simplicity, Bvlgari’s cabochon ring delivers just that. The smooth, sculptural gemstone catches light differently: softer, moodier and magnetic. Think of it as minimalism with Italian confidence. The Sunburst Polki Ring takes inspiration from the radiance of the sun, a central Polki surrounded by Zambian emeralds, set in True to its name, Zoya’s Trillion Dreams Ring is an ode to soft power. The trillion-cut peridot, framed by For brides leaning toward softer hues, Angara’s Pear Morganite Ring offers a refined alternative to traditional sparkle. The pear-cut morganite, a gemstone loved for its warm blush tone, is paired with This modern statement ring centres a vibrant emerald, amplified by the soft glow of Keshi pearls and natural diamond petals. The combination of textures and tones creates a sculptural, elegant design, ideal for those who want a ring that feels both contemporary and timeless. Cartier’s Destinée Solitaire features an Blue gemstones have become a quiet luxury staple, and Tiffany’s Soleste collection is a masterclass in that aesthetic. The Unique engagement rings tell a story; they’re not about stepping away from diamonds, but rather expanding the conversation. ","https://assets.vogue.in/photos/69033d8bf3631231cca07066/16:9/w_1280,c_limit/SnapInsta.to_428652245_18424637293010396_5863407099089032761_n.jpg"
"Apr 01, 2026 @ 00:19:48.403",28a657f140bee78db61635945f02c9c9,https://www.vogue.in/content/dia-mirzas-ivory-linen-sari-is-detailed-with-lace-and-handwoven-zari,Dia Mirza’s ivory linen sari is detailed with lace and handwoven zari,The actor finished her Anavila look with pearl accessories,Nupur Sarvaiya,2026-02-08T05:30:00.000Z,"For the announcement of the upcoming Netflix original series, “Dia Mirza is wearing the Seher Natural sari from our ‘Prelude to Festive’ collection. Handwoven in natural linen, the sari features gentle ivory and gold stripes, finished with delicate lace and handwoven zari. It carries a timeless, old-world festive charm, reimagined with a modern sensibility,” shares designer Anavila Misra. A delicate lace border edges the drape, while handwoven zari glints add some shimmer. There is a reason Mirza’s handwoven linen drape is modernised with lace as the sari’s border, creating a dialogue between classic Indian dressing and Baroque-era romance. The modest gold blouse rounded off the look. Her choice of pearl jewellery sealed the mood, mirroring the romanticism of the linen-meets-lace sari. She opted for a multi-layered pearl necklace by Tribe Amrapali, along with matching jhumkas that lean towards a chandbaali silhouette, a pair of kadas, and a statement ring. Her makeup followed the same philosophy. Her hair was styled in soft curls. A dewy base, kohled eyes and nude lips keep the focus on texture and glow. The beauty of a sari like this lies in its wearability. If styled with an embroidered or a gold gota patti blouse, it can be effortlessly elevated for a daytime wedding ceremony. Swap that for a lace blouse to shift its mood to an intimate family gathering or leisurely brunch. ","https://assets.vogue.in/photos/69877b090b9c1acd1848deda/16:9/w_1280,c_limit/SnapInsta.to_625673404_18555377638007430_2955058670401691997_n.jpg"
"Apr 01, 2026 @ 00:19:56.431",0400980abb5bbdc2b65317092f7c47a1,https://www.vogue.in/content/how-to-style-oxford-shoes-with-everything-in-your-closet,How to style oxford shoes with everything in your closet,"From work-ready pants to easy skirts, here’s how to style oxford shoes with everything you already have.",Renata Joffre,2026-02-08T01:30:00.000Z,"Loafers may be having a moment, but oxford Once again, Oxford shoes will be present in the Spring-Summer 2026 fashion trends and all that's left is to choose which avant-garde options we'll see walking the runway in the important fashion capitals. The good news? Not only will there be the classic pair that instantly empowers, there will also be the modern pieces that fit the style codes of the new generations or those daring women who prefer something much more daring. From Oxford shoes are trending in Spring-Summer 2026 and you better keep them in mind before you get left behind with the proposal. Starting with the brown colour and square last models, which will be one of the favourites of the best dressed; these will be the Shoes with On the other hand, for lovers of classic styles, almond toe oxford shoes with signature eyelets are and will be a perennial favourite to add a masculine or understated touch to your morning attire. Fashion mavens wear them in effortlessly chic outfits consisting of slim jeans, a ruffled blouse and a black wool coat. The perfect look to look sophisticated for a day at the office, a business appointment or just to look impeccable from head to toe. That's right, the top models of the moment are swapping heels for the genderless elegance and style of Oxford shoes, a pair we've seen Mona Tougaard, Loli Bahia and Yura Romaniuk, to name a few. The trick is to wear them in As we mentioned before, the models of the moment are leaning towards an imposing shoe that ensures elegance without sacrificing comfort, something that you can only get with sneakers, Oxford shoes are not exclusive to the male closet and street style is the perfect example of the above, because now there are models with animal print that look elegant and glamorous at the same time. A modern and youthful proposal for those who prefer something more conceptual and less sober, how to wear them? With a corduroy set with a mini skirt and matching jacket, the rest will be to add long socks and a t-shirt, a nod to the schoolgirl look, but in a modern version. Finally, if you have Prada or Dr. Martens Oxford shoes, those that stand out for their thick and serrated soles, it is not yet time to put them away. Street style is the inspiration to take advantage of their versatility and combine them with basic seasonal garments, in this case, ","https://assets.vogue.in/photos/698589f81c5d8a098279f03e/16:9/w_1280,c_limit/1440079334"
"Apr 01, 2026 @ 00:20:04.462",1df90d0174ecc54df207fac4d07ed86f,https://www.vogue.in/content/dont-miss-the-lion-motifs-on-nita-ambanis-woven-silk-sari,Don't miss the lion motifs on Nita Ambani's woven silk sari,"She paired the look with statement gold jewellery, heavy with symbolism and gemstone detail",Nupur Sarvaiya,2026-02-07T05:00:00.000Z,"Nita Ambani stepped out in a woven red silk Traditional weaves often rely on flora and fauna designs like peacocks, parrots and elephants, but her sari leans into symbolism with a striking deviation. Ambani’s drape illustrates lion motifs seated within a diamond-shaped floral border. The zari weaving appears in antique gold and is framed by a geometrical border that is further edged with aari embroidery and sequin work. The same techniques are translated onto the blouse’s sleeves and scooped neckline. Turn around, and the meticulous detailing truly begins. The back features two embroidered lions facing each other, anchored by floral elements and a jaal pattern. She wore a gold necklace constructed from a sequence of elephant pendants, forming a dense, sculptural line at the collarbone. Parrot motifs dropped from the strand, finished with emeralds. She paired it with matching drop earrings and a pair of gajra bangles set with uncut diamonds and emeralds, finished with three jhumka-style domes. Her beauty choices echoed the timelessness of her red silk sari. Ritika Kadam styled her locks into a neat braided bun and adorned it with fresh roses. Makeup stayed luminous with a dewy base, kohled eyes and ","https://assets.vogue.in/photos/698629b6c69cdbc5d44fef8c/16:9/w_1280,c_limit/626820707_1927285017914528_7700356148039474004_n.jpg"
"Apr 01, 2026 @ 00:20:12.490",011b0f37de5b83c1f21225474e2d5f83,https://www.vogue.in/content/the-90s-dresses-are-creeping-back-into-our-wardrobes,The '90s dresses are creeping back into our wardrobes,"From slip to babydoll to spaghetti strap, here’s your cheat sheet to every ’90s dress that feels current again",Daisy Jones,2026-02-07T02:00:00.000Z,"What’s that I hear? Distant birdsong that heralds the arrival of spring 2026? Right now, you may not remember what it’s like to feel the sun on your skin, but soon it will be cute dress season, and more specifically, a return to 90s Following the garish, boom-boom vibe of the late ’80s, the ’90s ushered in a cooler, sleeker, and sometimes grungier feel. The dresses of the decade reflected this approach, via slips styled with very little else, and spaghetti-strap dresses accessorized with tiny shades. It’s a In 2026, ’90s dresses are – surprise! – back on the agenda. From the slip dresses that were all over the Chanel, Acne Studios, and Dolce & Gabbana’s spring/summer 2026 runways (the sheer black slips styled with bulky Does it get more ’90s than a slip dress? Probably not. The underwear as outerwear trend once again has us in a chokehold (searches for “slip dress” on Depop have tripled recently). Pair with jeans or boots for a grungier feel, or throw on without a bra if you’re livin’ la vida loca. One good thing about slip dresses is that you can find them at basically any thrift Chloé It-girl Daisy Edgar-Jones swears by a ruffly babydoll dress (I often think about that yellow minidress she wore last spring), as does supermodel-slash-actor Kaia Gerber. Even so, I personally think there’s no greater babydoll dress-wearer than Courtney Love – the way she styles it with Spaghetti-strap dresses will always be a spring and I lived in a velvet bodycon dress in the early 2010s (I was emulating the ’90s, choker and all), and now we’re seeing More of a cut than a style, the column dress – as in, ","https://assets.vogue.in/photos/6985a3961c83d30708c8a04a/16:9/w_1280,c_limit/1664014305"
"Apr 01, 2026 @ 00:20:20.514",62a4bc461a1def641bdede72956f2077,https://www.vogue.in/content/sonam-kapoors-custom-bubble-skirt-and-diana-pentys-frilled-dress-led-this-weeks-best-looks,Sonam Kapoor’s custom bubble skirt and Diana Penty’s frilled dress led this week’s best looks,Monochromatic palettes let draping do the heavy lifting,Vogue Staff,2026-02-06T17:09:33.831Z,"Drape emerged as the common thread running through this week’s best looks, seen across everything from Sonam Kapoor’s relaxed ","https://assets.vogue.in/photos/69859b74f153324a60df448d/16:9/w_1280,c_limit/SnapInsta.to_626622774_18568201021010901_431352330613123865_n.jpg"
"Apr 01, 2026 @ 00:20:28.538",bda6529262a8923a308e66b965ad08aa,https://www.vogue.in/content/neha-dhupias-urvashi-kaur-ensemble-recuts-archival-indian-textiles-into-modern-silhouettes,Neha Dhupia’s Urvashi Kaur ensemble recuts archival Indian textiles into modern silhouettes,Old textiles get a second life through sharper cuts and modern styling,Vogue Staff,2026-02-06T16:26:07.987Z,"Neha Dhupia’s Urvashi Kaur ensemble brings two different ideas of dressing into the same frame. The upper half leans toward tailoring: a striped tissue silk jacket, worn over a Cut wide and pieced together from upcycled Jewellery is down to a single note: a neckpiece by Amrapali Jewels worn close to the neck. Younten Tsomo pulls hair into a Dutch braid bun, while kohl-lined eyes and a Kaur frequently works with reclaimed textiles, allowing variation and irregularity to remain, which is where Dhupia's look finds its strength. “Add an accent here to give the look an editorial edge. A metallic watch should go a long way and do the heavy-lifting. open up the shirt a button or two more, and leave the blazer unbuttoned. Add an obi belt to the waistline to break up the silhouette,” says Vogue India fashion associate Manglien Gangte. ","https://assets.vogue.in/photos/6985ac097477070e34cc96f3/16:9/w_1280,c_limit/Brocade%20%E2%9C%94%EF%B8%8F%20Blazer%20%E2%9C%94%EF%B8%8F%20braids%20%E2%9C%94%EF%B8%8F%20black%20%E2%9C%94%EF%B8%8F%20Just%20all%20my%20favourite%20things%20with%20my%20favourite%20girls%20%E2%80%A6.%20%20(1).jpg"
"Apr 01, 2026 @ 00:20:36.562",b18d2b031cc3b5a8e54552bab6d41fce,https://www.vogue.in/content/how-to-put-together-a-work-outfit-that-you-actually-like,How to put together a work outfit that you actually like,"Sommyyah Awan, Katrina O'Shea and Daribha Lyndem break down their approach to putting together a chic work outfit",Thea Mulchandani,2026-02-06T13:03:34.767Z,"If you’ve ever found yourself at the receiving end of a “This is a school, not a fashion show” reprimand because your skirt was hitched an inch too high, entering the corporate world as an adult can dredge up some embarrassing memories. Unless, of course, you were to make the office your runway. The average officegoer spends a significant amount of their life under fluorescent lights, shuffling between meetings and coffee runs, before slowly dissolving into monotony. So if the corporate world insists on consuming most of your waking hours, the least it can do is bear witness to a fabulous fit. It’s time to shake up those tired corporate dress codes and take a leaf out of the books of these three professionals. “I’m in the office four to five times a week from 9 to 5, that’s a considerable amount of my life,” shares Awan. “If I look my best, I feel good. I work in an environment where I never know who I’m going to meet. And every encounter is an opportunity for a great first impression.” Awan gravitates towards tailoring—suits, Accessories are where Awan has fun, “I love Awan's work outfit staples include: Finance isn’t known for encouraging fashion risks, but Kat has carved out a style that feels both personal and unfussy. Her philosophy is simple: start where you are. “It doesn’t have to be zero to a hundred,” she says. “You can introduce pieces gradually and see how they make you feel and how they’re received.” Those small choices build confidence. “If it feels right, keep going,” she says. “Even something small like a sculptural For Kat, practicality is important: “If you’re already running late and you’ve got to pull an ironing board out, it’s game over,” she says. Comfort, however, can be negotiated. “I often sacrifice comfort if it means the outfit comes together beautifully. I commute in heels more often than I should, but at the same time, comfort and style don’t have to be mutually exclusive.” Her wardrobe reflects that reality: wide-leg trousers, crisp shirts and Kat is also firmly anti-trend. “One of my greatest fears is walking into a room wearing the same thing as someone else,” she says. “I’d have no choice but to go home.” That approach has helped her build a wardrobe she actually enjoys. “It makes getting dressed exciting,” she says. “It feels like I’m constantly inventing and reinventing.” Crucially, her clothes haven’t undermined her credibility. “Once people see that your professionalism and output are unaffected by how you dress, those preconceptions fade away.” Kat's work outfit staples include: Lyndem’s approach to office dressing is uncomplicated. “The day I want to wear neutrals, I’ll wear neutrals,” she says. “The day I want to be colourful, I’ll wear colourful clothes.” Her style is eclectic, intuitive and driven by mood rather than rules. “Sometimes the colour combinations I choose are something I’ve just seen on the street, like the wall outside a shop and its shutters. Colour is everywhere in India, so it’s quite easy.” Experimentation is key. “You’re just going to have to mix and match and try everything,” she says. “You try everything and make do with whatever you have. If I see something trendy or something I like, I’ll get it stitched,” she explains, which allows her to personalise trends rather than replicate them. That same mindset carries into traditional wear. Lyndem often looks to Pinterest for inspiration, especially for And when all else fails? “I just wear a jumpsuit,” she laughs. “You zip it up and you’re done.” No second-guessing, no overthinking. Lyndem’s work outfit staples include: ","https://assets.vogue.in/photos/6985cef841753ced2e0090f2/16:9/w_1280,c_limit/DSC_3519.jpeg"
"Apr 01, 2026 @ 00:20:44.595",1606ab126dee25ac72ef5e7ec6448911,https://www.vogue.in/content/triptii-dimris-burnt-orange-anarkali-clusters-mirror-work-along-the-bodice,Triptii Dimri’s burnt-orange anarkali clusters mirror work along the bodice,"Paired with straight-fit pants, organza layers and traditional jewellery",Vogue Staff,2026-02-05T12:34:22.861Z,"Triptii Dimri stepped out for Netflix's The silhouette features a fitted strapless bodice with a deep plunge that accentuates her neckline, before opening out at the back and fastened by a dori. The empire waistline is fully embroidered in fragments of mirror work and floral motifs, which gently dissolve into faint Lakshmi Lehr emphasised the look's festive theme by accessorising it with earrings from Mortantra. A stack of gold bangles and rings curated from Maya Sanghavi and Shri Paramani jewels adorns the hands for added glamour. Seema Mane pinned her locks in a half-updo style. The beauty look was kept “Amplify the desi charm of this look. Swap the strappy sandals for a pair of leather juttis, add an embroidered potli with tassels and flowers to the hair. Take it even further by adding a stack of bangles to both hands,” says Vogue India fashion associate Manglien Gangte. ","https://assets.vogue.in/photos/6984293b11019219c3f034de/16:9/w_1280,c_limit/%E2%9D%A4%EF%B8%8F%E2%9D%A4%EF%B8%8F.jpg"
"Apr 01, 2026 @ 00:20:52.624",7fdf2fd5738d84bbe06ba425c6921f8e,https://www.vogue.in/content/in-2026-ballet-flats-should-be-paired-with-everything,"In 2026, ballet flats should be paired with everything","If 2025 was the year ballet flats came back, 2026 is the year we’re pairing them with everything. Here’s how the street-style set is wearing theirs, whatever the weather.",Laura Cerón,2026-02-05T10:01:41.584Z,"If any footwear trend dominated 2025, it was undoubtedly the Add a pair of well-chosen Ballerinas teamed with sweatpants, sweatshirts, or a techy shellsuit is a A combination that will be instantly familiar to anyone who spent their formative years on Tumblr, leggings with ballet flats immediately call to mind Alexa Chung in the 2010s, strutting around New York in her Charlotte Olympia Kitty Whether you’re in a rush or simply want something that works, this classic combination is always the answer. Paired with straight-leg jeans and a Ballerinas worn with tailored trousers are the ","https://assets.vogue.in/photos/698423266d017fd697227a82/16:9/w_1280,c_limit/GettyImages-2204539169.jpg"
"Apr 01, 2026 @ 00:21:00.653",ad6189d7868aa54aede9c31eb6e025f2,https://www.vogue.in/content/samantha-ruth-prabhus-jean-paul-gaultier-mariniere-top-breaks-into-fringe,Samantha Ruth Prabhu’s Jean Paul Gaultier marinière top breaks into fringe,The monochrome look is paired with metal accents and no-makeup makeup,Vogue Staff,2026-02-04T16:58:54.970Z,"Samantha Ruth Prabhu stepped out for Paired with black flared trousers, the monochrome palette carries across her ensemble with black YSL Opyum pumps and a Hermès Kelly Cut. Metal accents keep the look minimal, with a bangle, watch and Gold Flick earrings, one of Bhatia’s creations. The fringe feels current, having crept back into collections across global runways through texture and embellishment. In the past few seasons, it has surfaced at houses like Bottega Veneta, Alaïa, Burberry, Chanel, Kresha Bajaj and more. Here, it appears not at the hem but as a structural interruption, changing how the top moves as the body does. Her hair is slicked back, and makeup stays understated with light-smoky eyes, soft blush and a nude lip on a luminous “The look needs nothing else, but if you dare, add a hint of gold. Think of a metal breastplate glinting through that slit down to the waistline of the trousers. Not only will this add structure to the fringed top, it will also instantly elevate it to high-fashion brackets,” says Vogue India fashion associate Manglien Gangte. ","https://assets.vogue.in/photos/6982da3f1c9baf5740ae248b/16:9/w_1280,c_limit/GettyImages-2259279135.jpg"
"Apr 01, 2026 @ 00:21:08.684",ffee0b511089d49863639575fc33daeb,https://www.vogue.in/content/sreeleelas-tartan-ensemble-shifts-shape-at-the-waist,Sreeleela's tartan ensemble shifts shape at the waist,From AFEW Rahul Mishra’s Silk Route collection showcased at Lakmē Fashion Week and shaped by cross-cultural exchange,Vogue Staff,2026-02-03T15:15:13.287Z,"Sreeleela’s plaid look from AFEW Rahul Mishra Fall–Winter 2025 shifted attention away from the body’s usual lines. Instead of narrowing at the waist, the silhouette widened there, using volume as its defining move. Cut in Scottish tartan, the fabric brought familiarity to an otherwise unconventional shape. The bustier opens with a dramatic pannier-like expansion at the waist. The volume sat firmly at the midsection, while the lower half dropped straight, allowing the interruption in shape to stand on its own. Seen within AFEW Rahul Mishra’s Silk Route collection at Lakmē Fashion Week, the ensemble pushes proportions at a time when many silhouettes remain cautious. The emphasis here was not accents or ornamentation, but shape as structure. Malkit J Gill keeps the accessories limited to black pumps, drop earrings from Outhouse that mirror the rounded volume introduced at the waist. Raashika Shetty kept the eyes as the focus of the beauty look with fluttery lashes, a natural flush on the cheeks and a nude lip. “Lean into the drama of the silhouette by adding a Napoleon bolero to accentuate the pannier and balance its structure. Keep the hair sleek and away from the face, and add smoky eyes for that military effect. Take it even further with a pair of lace-up high-heeled boots,” says Vogue India fashion associate Manglien Gangte. ","https://assets.vogue.in/photos/69818023a2d6ac207e4e5c22/16:9/w_1280,c_limit/A%20lil%20dramatic%20...@afew.rahulmishra%20%E2%9C%A8.jpg"
"Apr 01, 2026 @ 00:21:16.738",ce616e6f558a3f80181489fa2f4a1218,https://www.vogue.in/content/madhuri-dixit-nenes-jayanti-reddy-sari-traces-its-emerald-silk-with-zardozi,Madhuri Dixit Nene’s Jayanti Reddy sari traces its emerald silk with zardozi,"The blouse is fully worked, with the neckline carving out the only pause in the surface",Vogue Staff,2026-02-02T14:00:23.770Z,"Madhuri Dixit Nene’s emerald green silk The blouse is fully embroidered to match, with a deep neckline at the front and an open back secured with a tie-up dori. The embroidery across the blouse is tighter and more compact than on the sari, creating a clear visual contrast. Styled by Disha C Punjabi, the jewellery stays within the traditional vocabulary. Dangling jhumkas from Khurana Jewellery House are paired with a kundan bangle and a statement ring from Maya Sanghavi. Ritika Turakhia works with warm brown tones on the eyes and a reddish-brown lip, keeping the skin luminous and even. Sheettal F Khan leaves the hair loose in loose waves akin to the softness of the drape. “Keep the ring but leave the wrists bare; the embroidery is already doing the heavy-lifting. If you still want to, a couple of slinky gold bangles should just hit the right spot. Add an embroidered gold potli with tassels to add some light movements to the look,” says Vogue India fashion associate Manglien Gangte. ","https://assets.vogue.in/photos/6980ad69e556304e9a212371/16:9/w_1280,c_limit/SnapInsta.to_626365633_18552444388052425_786484958423409839_n.jpg"
"Apr 01, 2026 @ 00:21:24.762",4c2923eef48fc6125ee7b1e2b615c33c,https://www.vogue.in/content/sonam-kapoors-velvet-alaia-gown-curves-wide-across-the-shoulders,Sonam Kapoor’s velvet Alaïa gown curves wide across the shoulders,Eveningwear built around absence rather than embellishment,Vogue Staff,2026-02-02T13:40:10.441Z,"Sonam Kapoor wore a navy velvet gown by The neckline runs wide across the shoulders, dipping gently at the front and opening further across the back. Seen from different angles, the cut shifts how the dress reads, drawing attention repeatedly to the upper frame rather than the body of the gown itself. Velvet gives the surface a low sheen that changes subtly under light. Styled by Rhea Kapoor with Sanya Kapoor, the look is finished with Amrapali Jewels drop earrings, a Golecha’s Jewels ring, and a Chopard watch. Hiral Bhatia leaves her hair loose while Namrata Soni softly shades her lids in warm brown tones with lined eyes, flushed cheeks and a muted “Like Sonam Kapoor, opt for a rich velvet gown in a darker hue to create a refined evening vibe that still feels comfortable during pregnancy. Choose an off-shoulder silhouette to draw the eye upward and balance your proportions beautifully. Keep accessories and makeup minimal so the outfit remains the focal point without feeling heavy,” says Vogue India fashion associate Divya Balakrishnan. ","https://assets.vogue.in/photos/6980290ade23057a4f1ca197/16:9/w_1280,c_limit/A%20new%20chapter.%20And%20a%20full%20circle%20moment%20with%20@lorealgroupe%20Proud%20to%20be%20the%20first%20face%20from%20India.jpg"
"Apr 01, 2026 @ 00:21:32.927",05755ff185749bef9c0ef93d20fd5616,https://www.vogue.in/gallery/from-sabrina-carpenter-to-lady-gaga-see-every-look-from-the-grammys-2026-red-carpet,From Sabrina Carpenter to Lady Gaga: See every look from the Grammys 2026 red carpet,"Keep up with the 2026 Grammys red carpet, and follow along throughout the night for live updates.",Vogue,2026-02-02T02:08:56.005Z,,"https://assets.vogue.in/photos/697ffff672cdc6dede15ba15/16:9/w_1280,c_limit/2259465961"
"Apr 01, 2026 @ 00:21:40.950",8b752a61595c772bb6fbfecd1c6c6206,https://www.vogue.in/content/keerthy-sureshs-lime-green-velvet-kurta-is-adorned-with-a-melange-of-zardozi-resham-and-metal-work,"Keerthy Suresh’s lime-green velvet kurta is adorned with a mélange of zardozi, resham and metal work",The south star styled her RajiRamniq look with a pair of jeans,Nupur Sarvaiya,2026-02-01T05:30:00.000Z,"For a recent press tour, Keerthy Suresh stepped out in a styling choice that reflects a larger shift in Indian occasion wear. She opted for a velvet kurta by RajiRamniq with blue At the centre of her look is a lime-green kurta from RajiRamniq’s ‘Nisbat’ collection, which draws from the idea of connection between craft and contemporary life. According to designers Raji Sharma and Ramniq Tangri Khatri, “crafted in a luminous velvet fabric, the kurta features a fluid straight silhouette with side slits for movement and modernity. The rich lime-green hue brings depth and royalty, while the relaxed structure keeps it breathable, wearable and celebration-ready.” A closer look at the kurta reveals its dense and layered craftsmanship. “The piece comes alive through an amalgamation of traditional embellishment like pearls, zardozi, Resham and metal coins in a modern, contemporary design,” the designers explain. “In the Nisbat collection, each element is applied through a carefully staged, hand-led process. Resham embroidery frames the borders and establishes definition. Zardozi adds architectural depth. Pearl work introduces softness and a subtle sheen, while mirror work is intentionally restrained to enhance light and movement. Metal coins at the neckline function as a tactile, heritage-inspired detail,” the duo elaborates about the surface ornamentation that took approximately 48 to 60 artisanal hours. “One of the understated strengths of the kurta lies in its versatility. While the craftsmanship gives it a ceremonial presence, the silhouette is intentionally balanced to move easily across contexts. It can be paired with a velvet sharara for formal settings or worn effortlessly with denims for a relaxed, contemporary look, much like Keerthy Suresh did,” they add. Leaning fully into the bohemian mood, the actor extended the aesthetic through her accessories, opting for a choker and earrings from Binni, a floral silver ring from Abhilasha Jewelry Collection, and another from Keiyura Jewelry. Her hippy fishtail braid was finished with oxidised accents from Rubans Jewellery, while smoky kohled eyes and nude lips completed the look. For footwear, she picked a pair of heels from Fizzy Goblet, adorned with embroidery that mirrored the crafts on her kurta. ","https://assets.vogue.in/photos/697deaee7dbb456fe68c55df/16:9/w_1280,c_limit/SnapInsta.to_621856561_18500679667072617_2944695769354488181_n.jpg"
"Apr 01, 2026 @ 00:21:48.980",f9bd8dc7082b36706da219ca99d8926e,https://www.vogue.in/content/kareena-kapoor-khan-and-tripti-dimri-embrace-the-colour-of-the-cloud-dancer-in-this-weeks-best-looks,Kareena Kapoor Khan and Triptii Dimri embrace Cloud Dancer in this week’s best looks,"A range of long, trailing ensembles puts its emphasis on a white base",Vogue Staff,2026-01-31T11:35:03.119Z,"This week’s standout looks leaned towards the colour of the year in long, dramatic silhouettes, with added flourishes of pleats and hand-embroidered motifs. From Kareena Kapoor Khan's fluid satin gown and Kareena Kapoor Khan's scallop-embroidered jacket adds more depth to an already composed ivory satin gown. The actress completes the look with diamond accessories and open-toe heels. Hair is slicked back in a neat bun, while the makeup stays minimal with a winged liner, a touch of blush and a nude lip. ","https://assets.vogue.in/photos/697c6c0f44aa19900d17299b/16:9/w_1280,c_limit/Layers%20of%20elegance%20%F0%9F%95%8A%EF%B8%8F%E2%9C%A8%20@kareenakapoorkhan%20for%20@malabargoldanddiamonds_me%20#LakshmiLehrStyles%20Wea.jpg"
"Apr 01, 2026 @ 00:21:57.011",fe63cf4644d577bda4820fc215e949ff,https://www.vogue.in/content/samantha-ruth-prabhus-pistachio-banarasi-silk-sari-is-hand-beaten-patua-zari,Samantha Ruth Prabhu’s pistachio Banarasi silk sari is hand-beaten patua zari,The actor paired her Label Sourav Das drape with emerald jewellery,Nupur Sarvaiya,2026-01-31T11:33:08.381Z,"On Republic Day, Samantha Ruth Prabhu made her way to the Rashtrapati Bhavan for the At Home reception after receiving an invite from President Droupadi Murmu. For the occasion, the south star wore heritage on her sleeves, turning to a revival Banarasi Iktara weave from the Label Sourav Das. Rendered in a pistachio green that looks time-honoured yet freshly calibrated for now, the sari breaks from the primary jewel tones typically associated with Banarasi drapes. The silk canvas is scattered with gold woven buttis, while a rich border and pallu elevates it. “Samantha’s is wearing a quintessential Hazar Buiti Asharfi Sikka revival Banarasi sari with a bygone angri border woven in finer counts of mulberry silk. It also has konias on either side of the pallu. The sari is woven with Kaduwa method in Iktara style with hand-beaten patua zari,” shares Sourav Das. The Iktara, also known as single thread, technique offers not just strength and smoothness but also a fluid fall and a resilient life that’s prized by connoisseurs. Banarasi saris have long occupied a rarefied place in Indian wardrobes. Their lineage traces back centuries of royal patronage and painstaking craftsmanship. One weave can take weeks, sometimes months, to complete, with master weavers translating complex designs onto looms that demand memory and muscle. What makes them singular is not just the silk or the zari, but the varied motifs, from florals nodding to abundance, to paisley border, signifying fertility and eternity. In the actor’s sari, the geometric buttis, which speaks of cosmic order, feels particularly resonant. It serves an emblem of continuity for a woman who has repeatedly chosen longevity over trend. She completed the look with an open-setting diamond and emerald choker, complemented by matching stud earrings and a statement ring from Golecha’s Jewels. Her hair was worn in a sleek, middle-parted half-up, half-down style, while her makeup stayed understated and refined with a matte, skin-like base, softly smoked eyes and a nude lip that let the jewellery and weave take the spotlight. A pistachio sari and jewels, like hers, is a smart trousseau investment. While it is timeless in spirit, it is refreshingly modern and versatile enough to move seamlessly from intimate family ceremonies to landmark events for years to come. ","https://assets.vogue.in/photos/697de80b14e8595cf3162357/16:9/w_1280,c_limit/SnapInsta.to_622435398_18426096313142519_2160560306263821409_n.jpg"
"Apr 01, 2026 @ 00:22:05.039",61bccb679ecd94391eb727940a0dc4f4,https://www.vogue.in/content/triptii-dimris-rohit-bal-anarkali-flows-beneath-an-aari-embroidered-dupatta,Triptii Dimri’s Rohit Bal anarkali flows beneath an aari-embroidered dupatta,"Cloud Dancer, but make it desi",Vogue Staff,2026-01-30T14:42:29.622Z,"Stepping out for film promotions, Triptii Dimri chose an ivory anarkali set by The chanderi silk has a light sheen and fluid fall. beneath it, straight-fit trousers are visible at the hem, adding a second layer of form under the anarkali’s sweep. An organza dupatta is draped along one side, with tonal silk-thread aari embroidery running along the edges, giving the appearance of texture against the plain white body of the outfit. Stylist Chandini Whabi pairs the ensemble with pearl juttis from Fizzy Goblet and jewellery from Amrapali Jewel. Hairstylist Seema Mane side-parted the open hair, which cascaded in soft waves. Makeup artist Pooja Rohira Fernandes pared back the beauty look with neutral tones on the kohl-eyed lids, fluttery lashes, smoothly shaped brows, rosy cheeks, and a neutral “Amp up the look with heavier jewellery and a heavier embroidered dupatta or shawl to create more depth. Work with a messy bun and thick kohl eyes to complete the look,” says Vogue India fashion associate Divya Balakrishnan. ","https://assets.vogue.in/photos/697c422e59c5e68db0a78e5c/16:9/w_1280,c_limit/I%E2%80%99d%20definitely%20win%20if%20posting%20late%20were%20an%20award%20category%F0%9F%8F%86%F0%9F%98%8E.jpg"
"Apr 01, 2026 @ 00:22:13.069",b2f7a31465a2402155be9d90ba0dc8f0,https://www.vogue.in/content/deepika-padukones-bandhani-sari-is-edged-with-marodi-embroidery,Deepika Padukone's bandhani sari is edged with marodi embroidery,"A deep-neck, fully embroidered blouse introduces a heavier surface against the sari’s open tie-dye",Vogue Staff,2026-01-29T14:59:04.886Z,"The first thing you notice about Deepika Padukone's ensemble by Label Anushree is the blouse. Deep-neck, densely embroidered, and visibly heavier in surface than the bandhani The silk sari itself is rendered in a purple bandhani, with large, evenly spaced tie-dye motifs running across its length. The pattern stays consistent from end to end, without variation in scale or spacing. A narrow embroidered border runs along the edge of the sari. The work here is finer and more linear than the bandhani, sitting as a clear edge detail of marodi embroidery. The blouse is fully covered in geometric embroidery with sequins and beads, worked closely across the bodice. Its surface treatment is tighter and more concentrated than the sari, setting up a clear textural difference between the two pieces. Stylist Shaleena Nathani kept the ensemble within its ethnic and festive theme with the jewellery featuring a pair of Padukone wears her hair slicked back and in a low bun with a beauty look that focuses on her eyes, kohl-lined and lightly smoked out. Soft, warm-toned blush sweeps up to her temples, giving her face a lifted appearance, paired with a “The pattern mixing works because of the unfussy styling. Take it just a notch further with an oxidised kamarbandh to match the choker, and a string of jasmine on the bun,” says Vogue India fashion associate Manglien Gangte. ","https://assets.vogue.in/photos/697ae8a5a7d84642d3fb961a/16:9/w_1280,c_limit/more%20moments%20from%20chris%20and%20sneha%E2%80%99s%20beautiful%20New%20York%20City%20wedding%20%F0%9F%92%8D%E2%80%A2%E2%80%A2%E2%80%A2#nycwedding%20#nycphotogr.jpg"
"Apr 01, 2026 @ 00:22:21.099",fa1cc36bb8c211818e1b51045129f33f,https://www.vogue.in/content/karisma-kapoors-siddhartha-bansal-jacket-hides-its-sharpest-detail-at-the-pockets,Karisma Kapoor’s Siddhartha Bansal jacket hides its sharpest detail at the pockets,The ensemble is a structured statement in florals,Vogue Staff,2026-01-28T14:00:26.417Z,"Dense florals run across the jacket and continue uninterrupted into the skirt worn by Karisma Kapoor for her appearance on MasterChef India. The Siddharth Bansal look centres on a teal bandhgala-inspired jacket and fabric-covered buttons running straight down the front. The surface is printed rather than Stylist Esha Amin Pradhan gives the structured piece a touch of heritage with its metallic accessories featuring an oxidised bangle, a stack of rings, Kritika Gill kept Kapoor's hair in a simple half-updo style, letting the remaining fall in soft waves. Makeup was kept bold with smoky eyes, voluminous lashes, defined eyebrows and a “Rethink this co-ord set by taking it from a formal setting to a fun, streetwear-inspired look. Swap the skirt for a mini bubble silhouette, or layer the skirt with a military-style jacket or structured blazer. Finish the look with Keds or classic sneakers, and keep the accessories effortless—think a relaxed wrist stack and easy, everyday add-ons,” says Vogue India fashion associate Divya Balakrishnan. ","https://assets.vogue.in/photos/697992a242c113675c0095b4/16:9/w_1280,c_limit/%F0%9F%A6%8B%F0%9F%A9%B5%F0%9F%91%A9%F0%9F%8F%BB_%F0%9F%8D%B3%F0%9F%A9%B5%F0%9F%A6%8B.jpg"
"Apr 01, 2026 @ 00:22:29.120",f0a71ebe9da47addaeb00e8537fcda1f,https://www.vogue.in/content/kareena-kapoor-khans-scallop-embroidered-jacket-adds-weight-to-an-otherwise-fluid-satin-gown,Kareena Kapoor Khan’s scallop-embroidered jacket adds weight to an otherwise fluid satin gown,"With jewellery kept architectural and a pared-back beauty look, the jacket is allowed to lead",Vogue Staff,2026-01-28T06:09:29.273Z,"Kareena Kapoor Khan stepped out for a Malabar Gold and Diamonds event wearing a satin gown and hand-embroidered jacket set by 431-88. The look centres on a fluid ivory halter dress, gathered into a soft knot at the waist that pulls the fabric inward before it releases into a straight, elongated fall. Layered over it is the label’s Tara scallop-embroidered jacket, worked densely in silver thread and beadwork. The surface pattern repeats in curved rows, creating a rippled texture that reads clearly even from a distance. Cut long and worn open, the jacket frames the gown with side slits and split sleeves, allowing the embroidery to move as she walks. Stylist Lakshmi Lehr paired the ensemble with open-toe heels from Aquazurra and long, diamond drop earrings by Malabar Gold and Diamonds that flow with the jacket's vertical lines Cristiano Pereira slicked her hair back, while Pompy Hans focused the makeup on a winged eye, a light touch of blush through the cheeks and a “Ditch the satin dress and swap it for a golden lamé tone-on-tone jumpsuit. Pair this with a long, embellished overcoat, like Kareena Kapoor Khan's. Pair this with statement earrings or a cuff. Chunky high heels if you are going for an event, or sleeker stilettos if you don't want to go that bold,” says Vogue India fashion associate Divya Balakrishnan. ","https://assets.vogue.in/photos/697841579e75f893c71d9a62/16:9/w_1280,c_limit/Layers%20of%20elegance%20%F0%9F%95%8A%EF%B8%8F%E2%9C%A8%20@kareenakapoorkhan%20for%20@malabargoldanddiamonds_me%20#LakshmiLehrStyles%20Wea.jpg"
"Apr 01, 2026 @ 00:22:37.165",716c6aefb3b2ca03f22d97f9465b4ca0,https://www.vogue.in/content/rani-mukerji-channels-quiet-luxury-in-an-ivory-sabyasachi-sari,Rani Mukerji channels quiet luxury in an ivory Sabyasachi sari,The sari returns with a different styling register to mark 30 years of her cinema,Vogue Staff,2026-01-26T11:33:48.217Z,"To mark 30 years in cinema, Rani Mukerji didn’t debut something new. She returned to an ivory Sabyasachi Commanding diamond earrings are paired with a slim necklace, softened by softly waved hair by Mitesh Rajani. Mickey Contractor centres the makeup look on smoky, kohl-lined eyes and a In its earlier outing, the sari was styled with layered pearl necklaces, a large pendant, ruby-centred earrings, bangles, a red bindi and hair worn in a low bun with a floral accent. Here, the styling shifts direction to a more minimal route. The fabric and embroidery do more of the work, and the styling steps back just enough to let that show. “A failsafe remedy to elevate an all-white look is oxidised jewellery. Add a pair of oversized jhumkas and keep the neck bare. brighten up the look with a dot of bindi, and a darker shade of lipstick to add some colour,” says Vogue India fashion associate Manglien Gangte. ","https://assets.vogue.in/photos/69732e751e1a1f7df74c8fde/16:9/w_1280,c_limit/30%20years%20later,%20still%20without%20limits.Grace%20that%20feels%20infinite.%20%F0%9F%A4%8D%F0%9F%92%87_%E2%99%80%EF%B8%8F%20+%20%F0%9F%92%84-%20@miteshrajani%20#Ran.jpg"
"Apr 01, 2026 @ 00:22:45.191",de5f3407466eae8b4c9c8121ee0f925d,https://www.vogue.in/content/jewellery-styling-tricks-to-steal-from-the-runway,The 7 jewellery styling tricks to steal from the runway,"From chandelier earrings and sunglasses at Saint Laurent to XL corsages at Chanel, these are the jewellery updates to add to your springtime wardrobe. ",Laura Hawkins,2026-01-25T03:00:00.000Z,"One of the simplest (and most successful) ways of easing into the new season is to adopt a From tie pins to chandelier earrings and sunglasses, below are the jewellery styling tricks to steal from the spring/summer 2026 runways. The most talked about and immediately translatable styling trend for spring/summer 2026 was layering jewellery over clothing. A maximalist look for the bohemian inclined (slick, stealth wealth dressing this is not), Rabanne stacked sizeable mixed-metal floral Thanks to Thanks to the ongoing obsession with preppy style (rugby shirts, boat shoes, baseball caps et al), the Sloane Ranger-adored signet ring has emerged as one of spring’s must-buy pieces. We could dedicate an entire story to the styling tricks at Michael Rider’s sophomore Celine show, but our strongest takeaway is that signet rings are not just for your pinky, they should be worn stacked with ostentatious aplomb on every finger. Where’s the beach? For Ralph Lauren – who hosted its show in its Madison Avenue HQ – it can be anywhere, as long as you’re sporting layered cord necklaces, strung with silver pendants and pearls. Silver is outpacing gold as the metal to invest in (according to the Editors literally swooned at Matthieu Blazy’s debut ready-to-wear show for The unofficial award for best souped-up chic goes to Saint Laurent, who delivered on unabashed ’80s glamour, with oodles of tiered taffeta, biker leathers and XL bows. For an entry-level take on Anthony Vaccarello excess, opt for oversized chandelier Tory Burch has decreed that brooches aren’t just for a jacket lapel or chest pocket. For spring/summer 2026, the designer lent into an eclectic individualism, which saw vintage-style bar brooches, embellished with ","https://assets.vogue.in/photos/697309a6c3f2ac6a9a5ca833/16:9/w_1280,c_limit/GettyImages-2238174907.jpg"
"Apr 01, 2026 @ 00:22:53.229",87671b373eff039ebad3d39d9e3bb75e,https://www.vogue.in/content/disha-patanis-ivory-pre-draped-sari-is-teamed-with-a-bejewelled-blouse-with-8000-gemstones,"Disha Patani’s ivory pre-draped sari is teamed with a bejewelled blouse with 8,000 gemstones","Keeping the spotlight on the outfit, she skipped ornate layering in favour of chaandbali earrings with uncut diamonds and emerald drops, finishing with just two kadas",Nupur Sarvaiya,2026-01-24T10:21:20.331Z,"Disha Patani's Monisha Jaising’s ‘Haya’ “I wanted to showcase that opulence into couture drapes. It is translated as linear jewelled lines that glide across the body with intention.” These embellishments are engineered to sculpt rather than merely ornament, creating what she describes as “a fluid, goddess-like silhouette that feels both sensual and strong.” The sari’s pre-draped construction underscores its modern sensibility and wearability. Crafted in fine tulle and bobbinet, it achieves “an almost weightless elegance,” despite the density of detail. The bejewelled blouse is where the narrative intensifies into full couture spectacle. “The blouse is truly a statement,” says Jaising, who imagined it “as a stacked composition of Victorian jewel lines.” The design language borrows directly from heirloom necklaces, layering various Keeping the focus firmly on the outfit, Disha Patani kept to an understated yet impactful beauty look, with soft smoky eyes, nude lips and layers of mascara. She also gave ornate accessories a rain check in favour of chaandbali earrings with uncut diamonds and emerald drops, finishing the look with just two kadas for finishing touches. ","https://assets.vogue.in/photos/69749addeab66172adb117e5/16:9/w_1280,c_limit/SnapInsta.to_620982840_18567680224013912_6243128825711559579_n.jpg"
"Apr 01, 2026 @ 00:23:01.257",68262854694722b2632809fd27813db5,https://www.vogue.in/content/in-2026-faded-jeans-are-making-a-comeback,"In 2026, faded jeans are making a comeback","Whether distressed, low-rise or bootcut, faded jeans are officially back.",Alexandre Marain,2026-01-24T02:00:00.000Z,"London-based designer Aaron Esh infuses his latest collection with details inspired by the British indie scene. The result is a pair of slightly distressed, faded jeans. For McQueen, Seán McGirr revived the A staple of the 2000s, faded jeans first appeared in the 1980s with the bleached process, which involves treating denim with bleaching enzymes and pumice stones. This process allows each pair to be unique and varied. Iconic celebrities like Paris Hilton, Tara Reid and Kate Moss have succumbed to this trend, which adapts to all styles, combining Y2K with At the time, If raw denim and To recreate the faded look without resorting to water, Guess teamed up with Jeanologia, giving birth to a technology that replaces water with air, drastically reducing its consumption. Jeanologia has already developed numerous innovations (laser, ozone, e-Flow, SmartBoxes and H2 Zero), all designed to reduce the use of water, energy and chemicals in the fashion industry. ","https://assets.vogue.in/photos/695b43f78f93bcca634d2879/16:9/w_1280,c_limit/Capture%20d%E2%80%99e%CC%81cran%202025-11-14%20a%CC%80%2012.14.15.png"
"Apr 01, 2026 @ 00:23:09.283",5b08b6ac517bdc0d006fd0bada388c45,https://www.vogue.in/content/madhuri-dixit-nenes-gauri-and-nainika-gown-lets-florals-take-over,Madhuri Dixit Nene’s Gauri and Nainika gown lets florals take over,"Warm, smoked eyes and a saturated berry lip add to the look's romantic mood",Vogue Staff,2026-01-23T15:53:40.817Z,"There’s something almost cinematic about the way florals take over Madhuri Dixit Nene’s organza gown. Large, unapologetic blooms stretch across the base of the midi gown by Gauri and Nainika. It is built to let print lead. Oversized florals in deep red and green hold their ground against the midnight base, creating a surface that feels lush without being busy. There’s no distraction here, no secondary texture or embellishment fighting for attention. A wrapped, shawl-like neckline shapes the bodice before the skirt opens out. Organza keeps everything flowing, allowing volume to exist without weight. Stylist Sukriti Grover pairs the dress with pieces from Joolry within the romantic floral theme of the ensemble. The beauty look by Billy Manik and Queensly Chettiar follows suit with soft waves and warm makeup; defined eyes and a berry lip that feels in conversation with the florals rather than layered on top of them. “For a look so well put together, it is always nice to add an unexpected element that doesn't belong. The plain nail on the ring finger, for example. Swap the pumps for a pair of white slingbacks to give the look a balanced contrast without killing the charm of the look,” says Vogue India fashion associate Manglien Gangte. ","https://assets.vogue.in/photos/6972fbb72223ce1076f16084/16:9/w_1280,c_limit/Elegant%20and%20Effortless%20%F0%9F%A4%8C%F0%9F%8F%BB%E2%9D%A4%EF%B8%8F@madhuridixitnene%20for%20The%20Kapil%20Sharma%20Show%20%F0%9F%A4%8DOutfit%20@gauriandnaini.jpg"
"Apr 01, 2026 @ 00:23:17.315",e6d614cee674f098c24ce536b58fa34b,https://www.vogue.in/content/dia-mirzas-benarasi-silk-jacket-set-is-woven-with-botanical-motifs,Dia Mirza's Benarasi silk jacket set is woven with botanical motifs,"From Anita Dongre’s Rewild ’26 collection, the ensemble brings the handwoven craft to a Western silhouette",Vogue Staff,2026-01-22T15:57:24.724Z,"Dia Mirza’s look centres on a Benarasi silk jacket set from The jacket is gathered at the waist with a wide black belt, which introduces a strong horizontal break through the brocade. That cinch shapes the upper half of the look, while the wide-leg trousers extend the same weave through the length of the body, keeping the pattern continuous from top to hem. Styled by Theia Tekchandaney, the look is kept minimal in its finishing. Flower-shaped stud earrings pick up on the botanical motifs already present in the fabric. Hair by Meitei Mohandas is worn loose with a side part, its natural wave offsetting the formality of the jacket. Makeup stays warm and tonal, with bronze-shadowed eyes, defined lashes and rose “A brocade blazer paired with a matching skirt is a versatile ensemble that transitions seamlessly from a corporate event to a wedding or an evening out. The key lies in the subtle nuances of styling, which allow the same look to feel appropriate for each occasion. To elevate the outfit, add one or two fine jewellery pieces—such as a polki choker or a statement cuff. For a corporate setting, opt for simpler metallic jewellery in understated tones to keep the look polished and professional, while adding a belt like Dia Mirza to cinch and break the look,” says Vogue India fashion associate Divya Balakrishnan. ","https://assets.vogue.in/photos/697241dcbb0903a9f8078fb2/16:9/w_1280,c_limit/SnapInsta.to_619189400_18551451247007430_5160172907391770716_n.jpg"
"Apr 01, 2026 @ 00:23:25.341",8be508e45a51295f5b6a5ea0b2df389c,https://www.vogue.in/content/sanya-malhotra-and-shanaya-kapoor-let-monotone-dressing-lead-this-weeks-best-looks,Sanya Malhotra and Shanaya Kapoor let monotone dressing lead this week’s best looks,"From coastal maxi dresses to denim co-ord sets, a singular palette took centre stage",Vogue Staff,2026-01-23T13:35:15.499Z,"This week’s standout fashion leaned into chic minimalism, with Shanaya Kapoor chose a green Christopher Esber jersey gown. The sleeveless silhouette hugged the body, while the midriff cut-out and strategic gathering at the hips created fluid movement. A plunging neckline dialled up the drama, offset by a sleek bun and gold earrings. Clean-girl makeup kept the styling sharp, confident and modern. ","https://assets.vogue.in/photos/697340287787b3492b0fe1f5/16:9/w_1280,c_limit/croc-coded%F0%9F%90%8A%20(1).jpg"
"Apr 01, 2026 @ 00:23:33.364",e25695aea4681b7e694f36d40f407d8a,https://www.vogue.in/content/10-stand-out-bags-from-priyanka-chopra-jonass-collection,10 stand-out bags from Priyanka Chopra Jonas's collection,"Spanning statement evening pieces, practical travel totes and off-duty staples",Vogue Staff,2026-01-22T14:46:07.907Z,"No matter the setting, an after-party, an airport run or a family holiday, The classic Mini bags may be an obsession, but it's the slightly roomier mini silhouettes Chopra Jonas is gravitating to. The Golden Globes presenter stepped into the after-party carrying a Bvlgari Serpenti Baia silver shoulder The actress styled a not-so-mini bucket bag with a sleek The actress stepped out from the Often known to experiment, some of her recent bags explored the avant-garde territory. A  feather-clad clutch claimed its own spotlight at Anjula Acharia's Diwali party. Another standout piece was her When travelling, the actress prioritises utility above all else, preferring larger totes that accommodate all her essentials while matching the overall comfort of her Days when she isn't hustling between sets or flights, her pace slows and so does her bag choice. Leaning into simpler, lighter shapes, her ","https://assets.vogue.in/photos/6972339fe3cf27781367c323/16:9/w_1280,c_limit/SnapInsta.to_502713317_18529510465041483_2472190590131403934_n.jpg"
"Apr 01, 2026 @ 00:23:41.389",b8eb3eb02083345a06e23d1b1c891ba7,https://www.vogue.in/content/a-life-beautifully-lived-hamish-bowles-remembers-valentino,A life beautifully lived—Hamish Bowles remembers Valentino,"Valentino Garavani conquered the worlds of fashion and style, bringing a certain idea of beauty to all he touched",Hamish Bowles,2026-01-22T05:17:47.570Z,"Valentino Clemente Ludovico Garavani—known, simply and powerfully, as Valentino—was born on May 11th, 1932, in Voghera, a rather quiet place lost somewhere between Milan and Genoa. But by the time he died, aged 93, on January 19, he had conquered the worlds of fashion and style, bringing a “I love beauty—it’s not my fault,” Valentino famously said with a shrug, and in fashion, he saw a way to captivate and ensnare women (his only clients when starting out, before he widened the purview of his well-dressed net). He trained at the Accademia dell’Arte in Milan, studying both French and fashion, and then, aged 17, moved to Paris, to the École des Beaux-Arts and the Chambre Syndicale de la Couture, before securing an apprenticeship in 1951 with the Athenian couturier Jean Dessès, who dressed royalty and high society ladies in his immaculately draped and vividly colored evening gowns. Jacqueline, the Comtesse de Ribes, dressed with Dessès, and when she was asked by Oleg Cassini to design some dresses for him in Paris, she mentioned it to Dessès, telling the designer that “I don’t know how to draw in a chic way.” Dessès was amused. “I have an Italian illustrator,” he told her, “who would be very happy to earn a little more money after working-hours doing the drawings for you”, and a friendship between Valentino and Jacqueline was born. When he was When Guy Laroche, Dessès’s assistant, departed to start his own couture house, Valentino joined him for a few years before leaving to work briefly with the Russian-Georgian Princess Irene Galitzine (Galitzine had made palazzo pyjamas a thing, amidst opulent evening clothes). Then, in 1959, Valentino started his own house with backing from his father and a family friend. In the meantime, someone had come into his life. Giancarlo Giammetti recently recalled their first meeting, with Giammetti seated alone in a Roman cafe. “A kind person came and said, ‘Are you alone?’ I said, ‘Yes.’ ‘Do you mind if me and my friend can sit here?’ Of course,” Giammetti remembered. “And Valentino sat next to me—I remember very deeply.” A whoosh of dark hair framed Valentino’s tanned face, with its sultry features and his arresting blue eyes. “Then Valentino started to speak to me in French. I said, ‘Sorry?’ ‘Oh, sorry—I just arrived from Paris after seven years, my mind goes French, and I was hoping that you speak French…’” Giammetti, it turns out, had studied French for most of his life. “He said, ‘From now on, if I see you again, we speak French.’ And we still do. Incredibly.” The two would speak French to each other—as lovers, and then as intimate friends and business partners—for the rest of Valentino’s life. Valentino soon found a lavish, frescoed apartment in the fashionable Via Condotti, but less than a year later, he was facing bankruptcy. (Though Valentino threw the blame at his “champagne tastes,” someone had not been paying the rent.) He and Giammetti simply moved the salon to a 16th-century palazzo on the Via Gregoriana. (Incidentally, Giammetti acquired the Via Condotti apartment recently and has had it transformed into his offices by Studio Peregalli’s Laura Sartori Rimini. It’s a sumptuous series of rooms, the walls now hung with silver tissue or silk velvet—though some still have their original frescoes—and filled with Hervé van der Straten furniture and antiques. What may have been “Champagne tastes” in 1959 are now sublime and defining.) Valentino gradually began to make his mark on fashion. His flashing good looks easily summoned the press, to be sure, but it was his clothes that had an allure for the stars who would pass through Rome. And when Elizabeth Taylor, there to shoot Suddenly, his work was appearing in As Valentino became a name to watch, with ladies—Audrey Hepburn, Sophia Loren, any number of princesses, Jaqueline Kennedy Onassis, Nan Kempner, Lynn Wyatt, and Susan Gutfreund, among so many more, flocking to dress with him—so his residences became exponentially more impressive. His Roman base—a penthouse apartment with Persian miniatures on the fabric-covered walls and banquettes fit for a Turkish salon, had been transformed into a house on the Appian Way, decorated by Renzo Mongiardino, the When I first went to Rome for the couture in the mid-’80s, long before my Appian Way adventure, I plucked up all my courage and walked into Valentino’s intimidating couture salon just off the top of the Spanish steps—two small-ish rooms that positively oozed with Of course, this pair of elegantly finished rooms opened onto a positive hive of industry occupying five floors of a vast palazzo. Here were the couture ateliers: room after room of industrious ladies and a smattering of men—hundreds of them—applied to the task at hand in light-flooded rooms. (Some years after my first adventure with the couture salon, the place was subtly transformed by the English architects and designers Peter Moore and Peter Kent—there were silvered bannisters, acres of pale grey marble in the hallways, and paintings by Julian Schnabel, Keith Haring, and Francesco Clemente, and it was all very, very chic.) Valentino’s show then always finished with music just before the In 1991, I had an appointment with Valentino to discuss his entire career, and met with him in an elegant room looking over the Piazza Mignanelli, filled with antiques and lush draperies that lent it a Cécile Sorel sort of look. It was not easy getting him to speak. Next door in a vast room—and I mean Of course, Valentino had a number of other properties: in Capri, in New York, in London. But in 1995, I was invited to the 17th century chateau of brick and stone he had acquired—a house that was revealed to me only after I had followed a drive and dramatically turned a corner: There, plunging downhill, and glimmering below, was the Chateau de Wideville, once home to Madame de la Valliere, mistress of Louis XIV (Versailles is conveniently near). In the evening’s light, I explored the breathtaking Jacques Wirtz gardens, where brilliant violet rosemary stretched across the field and cut through the forests, while roses and scented high-summer flowers filled the walled garden. And then: the breathtaking house itself. Valentino worked with Henri Samuel on the interiors, which—with their emerald silk-velvet armchairs and a sort of Chinoiserie motif, which gave the house a sort of fanciful Palm Beach air—brought a level of comfort to the splendidly austere exterior. I was amused to see that the enormous Francis Bacon in Valentino’s sitting room depicted an abstracted man sitting on a carpet of bunches of roses, quite unlike anything I had seen before in his work—as Valentino-ish as it was possible for a Bacon to be. As I headed in for dinner, rather moved by the exquisite gardens and the ravishing interiors—by everything that Giancarlo and Valentino had done in life—I said to Valentino, “What you’ve done is to create beauty.” He clasped my hand and, weeping, said, “It ","https://assets.vogue.in/photos/696e6873863eef9e28074b8f/16:9/w_1280,c_limit/19700415-valentino-garavani.jpg"
"Apr 01, 2026 @ 00:23:49.413",8477fe66eb5c9504839957333dbc5224,https://www.vogue.in/content/kajols-rohit-gandhi-rahul-khanna-jacket-brings-texture-to-an-all-white-ensemble,Kajol’s Rohit Gandhi + Rahul Khanna jacket brings texture to an all-white ensemble,"Linear taupe embroidery and padded shoulders give the jacket its shape, worn over a pared-back base",Vogue Staff,2026-01-21T17:02:04.109Z,"Kajol's three-piece ensemble places its weight on a Rohit Gandhi + Rahul Khanna jacket with Stylists Mohit Rai and Tarang Agarwal keep the look monochrome, with a top and wide-leg trousers. Accessories and beauty follow that same pared back approach with hair pulled back, a nude lip and Kajol's signature soft smoky eye. The H&M necklace and rings bring in sparkle with a pop of emerald on her little finger. “Achieve Kajol's elevated three-piece look with a long button-up kurta or anarkali, one that is long enough to achieve this look. Treat the unbuttoned kurta as a trench/overshirt and pair it with a slip top and trousers in a complementary colour, matching your kurta. Complete your look with an embellished pair of juttis and some chunky Indian earrings,” says Vogue India fashion associate Divya Balakrishnan. ","https://assets.vogue.in/photos/697073f67d7ac93b18e7e522/16:9/w_1280,c_limit/In%202026%20I%E2%80%99m%20going%20to%20be%20unstable%20%E2%80%A6.%20Oops%20%F0%9F%98%AC.%20I%20meant%20unstoppable%20%F0%9F%99%84_converted.jpg"
"Apr 01, 2026 @ 00:23:57.436",0af73edc0fa6ba134ae6d126dcc98db5,https://www.vogue.in/content/sonam-kapoor-joins-the-bump-baring-brigade-in-an-all-black-ensemble,Sonam Kapoor joins the bump-baring brigade in an all-black ensemble,"Jewellery by Zoya is kept light, leaving the rest of the look unencumbered",Vogue India,2026-01-20T16:25:47.000Z,"Rather than treating pregnancy as a reset, Sonam Kapoor has continued to dress through references she already trusts: tailoring, archive and craft. Her recent look, styled by Rhea Kapoor with Sanya Kapoor, pairs an Alaïa cropped high-neck top and skirt with a long black Hair stylist Hrishikesh Naskar styles the hair open and loose in a centre part, letting it fall over the shoulders. Makeup artist Savleen Manchanda mirrors the mood with a soft-glam winged eyeliner, flushed cheeks and a creamy nude lip. When Kapoor announced her second pregnancy, she did it in an The Banarasi sari by Swadesh x Abu Jani Sandeep Khosla also carried her love for craft and heritage. Jewellery by Sanjay Gupta and Rare Heritage stays concentrated at the neck and ear, mirroring the density of the border work. “Trust Sonam Kapoor to be fashionable even throughout her pregnancy. To achieve this look and balance comfort during this time, opt for fabrics with stretch like a lycra, knit or a light spandex. Work with a skirt akin to hers, which though well fitted, allows space near the feet for ease of movement. Pair this with a crop top if you want to flaunt that belly else you can do a band tee paired with a blazer. Keep your jewellery silver and minimal and pair this look with loafers or a stylish pair of sneakers,” says Vogue India fashion associate Divya Balakrishnan. ","https://assets.vogue.in/photos/696fac1e6d4348d93cf112fd/16:9/w_1280,c_limit/SnapInsta.to_618113881_18557701051009229_5218382858758867499_n.jpg"
"Apr 01, 2026 @ 00:24:05.473",5264cab2cf215fe5b3611e3590ed9319,https://www.vogue.in/content/heels-from-the-90s-making-a-big-return-in-2026,6 heels from the ’90s making a big return in 2026,From two-toned pumps to perspex heels—these nostalgic shoe styles and silhouettes are stomping all over the 2026 runways,Renata Joffre,2026-01-20T03:30:00.000Z,"Minimalist, elegant, powerful: When we think about the heel trends and While the Of course, going vintage should be a top priority, but there’s also plenty of cool-girl brands articulating their own fresh takes on the ’90s stompers. Here are the six key heel trends shining this season. The two-tone heeled shoes are so back, all thanks to The Nostalgia really is the name of the game among shoe designers, but many are adding a more modern edge, too. Last season, Gucci reinvented its iconic red Ancora If there is one pair of heels that screams ’90s, it’s the mule. The minimalist sandal has some serious star power, worn by top models from Kate Moss to Cindy Crawford. This is an option that stands out for how versatile and timeless a design it is. Square toe heels can’t be missed on this list: this infallible silhouettes is a sophisticated style with a masculine touch. Miu Miu, Prada, and Alexander McQueen have all produced their own versions. It is impossible to talk about the footwear that reigned in the ’90s without mentioning transparent heels. Loved and hated in equal parts, they were one of those pieces that defined a very particular strain of minimalism, in force until the mid-2000s. On his spring summer 1999 runway, Chado Ralph Rucci proposed a version with a wide heel, exposed toes, and black sole. Today, brands like Vetements and Maison Margiela put this sexy, sensual shoe back on the radar. ","https://assets.vogue.in/photos/696dcc04221acf59407ef6b7/16:9/w_1280,c_limit/GettyImages-2233450380.jpg"
"Apr 01, 2026 @ 00:24:13.498",983182867c5980ec3e156b1a43751d96,https://www.vogue.in/content/sreeleelas-ridhi-mehra-lehenga-shows-what-tissue-can-do-under-heavy-embroidery,Sreeleela’s Ridhi Mehra lehenga shows what tissue can do under heavy embroidery,Floral motifs in zari shine against the delicate lehenga’s vibrant colour scheme,Vogue Staff,2026-01-19T10:47:17.039Z,"What makes Sreeleela's fuchsia-orange lehenga set shine is the fabric choice beneath the embroidery. Crafted in tissue, the reflective fabric prevents the dense detailing from collapsing into visual noise. The ensemble separates into parts of a plunging neck blouse, a lehenga skirt and a dupatta draped on one shoulder. However, visually, the pieces unite with the intricate floral motifs in zari woven across the silhouette, starting from the blouse, trailing down the skirt and finally edging the Rishika Devnani styles the ensemble with jewellery curated from Raj Jewellery, featuring a kundan choker necklace, a pair of kundan earrings, along with bracelets and a ring. The high ponytail clears the shoulders and neckline. The makeup stays tonal and warm, with softly defined eyes and a It’s a look that understands density. By keeping decisions tight around the styling, the lehenga holds its shape visually, even in rich colour and motion. “Replace the dupatta with a sheer, barely-there cape in a soft blush or antique rose, worn loose from the shoulders. Switch the hair to a more textured and undone feel, something softer and lived-in, maybe parted and tucked behind the ears,” says Vogue India fashion associate Manglien Gangte. ","https://assets.vogue.in/photos/696dc474c17ee4574edf8b29/16:9/w_1280,c_limit/Your%20Pardesi%20felt%20Desi%20%E2%9C%A8.jpg"
"Apr 01, 2026 @ 00:24:21.536",1cc54a6233ce2d1a4656f8e02a7b23d2,https://www.vogue.in/content/are-you-brave-enough-to-wear-these-ugly-jeans,Are you brave enough to wear these ‘ugly jeans’?,"Fashion is all about taking risks, and for some, the reward is worth it",Vogue Staff,2026-01-19T09:44:16.634Z,"Fashion is an era where one person's ‘absolutely not’ is simply someone else's intrusive thoughts let loose. Whether it's jeans with a triple waistband—straight out of an Austin Powers wardrobe malfunction, or patchwork This isn’t about looking pretty anymore. It’s about audacity and daring to walk out the door like a Bratz doll in obnoxiously knee-high Fashion is temporary. Opinions are fleeting. And the only style that matters is the one that makes you feel alive. Look at it long enough, and it often grows on you—because beauty, after all, lies in the eye of the beholder. Millennials drowned in baggy jeans, so Gen Z could run in wide-leg ones. For people who don't trust handbags. There's nothing like intentionally torn clothes to disappoint your elders. Sometimes, even jeans need a little breathing Sustainability, but slightly confused, for when your past refuses to stay archived. For when you run out of clothes, but have a pair of scissors and some glue. The optical illusion that no one asked for, and yet, here we are. If you don’t own a pair of jorts yet, you can ease into it with some Bermuda shorts, their slightly less-cool cousin. ","https://assets.vogue.in/photos/696df75be2add1f6c554bb83/16:9/w_1280,c_limit/SnapInsta.to_295905057_1310558549774342_1070654665052902930_n.jpg"
"Apr 01, 2026 @ 00:24:29.568",e9f3908480f2107511a91c4e6625d541,https://www.vogue.in/content/alaya-fs-oxblood-lehenga-sits-between-y2k-playfulness-and-old-world-glamour,Alaya F’s lehenga sits between Y2K playfulness and vintage glamour,A mermaid-cut skirt and corseted blouse reframe traditional lehenga dressing,Nupur Sarvaiya,2026-01-18T05:30:00.000Z,"Alaya F’s fashion explorations span “The silhouette melts over the body, sculpted yet fluid, tracing elegance with a gentle glow, while the sumptuous luxury fabric drapes like poetry in motion,” share designers Diya and Rajvvir Aroraa of DiyaRajvvir. Instead of the usual voluminous lehengas, her skirt flows into a mermaid cut that skims the body. The blouse is the ensemble's standout element–a corset-style sweetheart neckline sculpts the torso, while sheer, crystal-embellished sleeves add sensuality. Delicate beaded strings cascade from the hem, functioning almost like body jewellery. “Each crystal and traditional cutdana was lovingly hand-picked, then patiently sewn together,” the duo reveal. “Over two months, this piece came to life in the hands of master artisans, where time softened into devotion.” Despite the lehenga’s opulence, Alaya kept the accessorising pared-down to let the outfit remain the protagonist. She paired the look with dainty diamond studs and a cocktail ring by Mahrukh Akuly. With her hair styled in a straight blow-dry, her makeup matched the lehenga’s mood with smoky eyes and hints of red shimmer, ","https://assets.vogue.in/photos/696a45f11f8a13b19e0cd3ed/16:9/w_1280,c_limit/SnapInsta.to_616604395_18545964520045786_5937140081472968780_n.jpg"
"Apr 01, 2026 @ 00:24:37.594",07f34d6929982e26a34287035152618e,https://www.vogue.in/content/make-way-for-the-new-it-girl-shoes-heeled-ballet-pumps,Make way for the new It-girl shoes: heeled ballet pumps,Elevated ballerinas are in,Alice Cary,2026-01-18T03:30:00.000Z,"Some of the most iconic ballerinas come courtesy of And while these echo Lagerfeld’s ballets, they’re less direct in their dance-inspired appearance than, say, Jacquemus’s Les Chaussures, which replicate the stiff squared-off toe of a pointe shoe – albeit with a biro-sized metal stiletto sprouting out their heels. Or, the teardrop-heeled takes on Miu Miu’s cult Ballet flat loyalists have embraced block heels courtesy of specialist Repetto, which offer elevation without the threat of falling over. The 3cm-heeled Camille is a sought-after model, and has recently gained as much traction as the classic Cendrillon style. Testament to their versatility, endorsers have sported theirs with jeans, flares, skirts and dresses throughout the seasons – sometimes paired with demure white The heel-ification of ballet pumps is ongoing, but there lies a question for anyone willing to try: how high are you willing to go? Shop ","https://assets.vogue.in/photos/696a0860b6f3ec3b3b15b01e/16:9/w_1280,c_limit/For%20the%20love%20of%20love%20%F0%9F%A5%B9%F0%9F%AB%B6%20So%20grateful%20to%20celebrate%20it%20in%20all%20its%20forms%20with%20@bumble_india%20x%20@vog.jpg"
"Apr 01, 2026 @ 00:24:45.619",0710b0b6b02866bcda747484a98ed6ed,https://www.vogue.in/content/alia-bhatts-bandhani-inspired-sari-took-252-hours-to-make,Alia Bhatt’s Bandhani-inspired sari took 252 hours to make,Ami Patel styled the Arpita Mehta look with pieces by Amrapali Jewels,Nupur Sarvaiya,2026-01-17T05:00:00.000Z,"Few celebrities make As Mehta explains, “Alia wears a custom ivory classic georgette sari with hand embroidery in shades of royal and ice blue, enhanced by silver cutdana and tiny mirrors.” Crafted in fluid fabric, the sari features intricate mirror and thread embroidery inspired by the age-old craft of The dotted Bandhani-inspired patterns are reimagined into delicate floral motifs. Adding subtle playfulness are mirror droplets that appear as tassels along the pallu’s hem. The craftsmanship is as considered as it is intricate. “The sari took 252 man hours to make,” Mehta shares, adding that “this is the newest version of our Bandhani pattern–inspired embroidered outfit.” The blouse reflects the same artisanal language. Sleeveless with a plunging neckline, it carries identical embroidery, reinforcing the sari’s serene, monotone canvas. Stylist Ami Patel turned to Amrapali Jewels to accessorise the look, paring the sari with a pearl choker featuring a Victorian-inspired pendant with diamonds and a cocktail ring. The pendant and the ring, both encrusted with a large navy sapphire, served as the centrepiece of the jewellery and complemented the blue embroidery on her sari. She finished with classic solitaire earrings. For glam, Bhatt opted for fresh, luminous makeup with winged eyeliner, a subtle flush and a red lip. ","https://assets.vogue.in/photos/696a3f3f331295b1e658782b/16:9/w_1280,c_limit/SnapInsta.to_608855547_18555077686028402_4918176183062915409_n.jpg"
"Apr 01, 2026 @ 00:24:53.645",fbfefd67d85c06eabe1b2bb6a76c0d31,https://www.vogue.in/content/kriti-sanons-abhinav-mishra-lehenga-turns-mirror-work-into-the-main-event,Kriti Sanon’s Abhinav Mishra lehenga turns mirror work into the main event,"An ensemble built for a long evening of dancing, photographs and close quarters",Vogue Staff,2026-01-16T10:20:32.351Z,"Abhinav Mishra’s work often sits at the edge of all-out The blouse is crafted in special Chanderi, cut with slim spaghetti straps and a plunging neckline. Mirror work, zari, and lurex thread are arranged into dense floral motifs across the bodice, forming a continuous field of embroidery. At the back, a tie-up closure with dangling mirror tassels extends the embroidery. Side slits at the hem open into a gentle flare. The lehenga, also in special Chanderi, carries a multicoloured floral pattern organised into vertical panels, doing quiet but crucial work. Despite the multicoloured surface and heavy border, the skirt doesn’t collapse into visual noise because the mirror lines keep pulling the eye downward. A wide mirror-work border finishes the hem, giving the volume a clear endpoint. Sukriti Grover styled the Roshanara lehenga set with pieces from Raniwala 1881, Dedhia Jewellers and Jewels by Nupur & Shivani that carry on the outfit's language of reflective surfaces and irregular shapes. The beauty look by Aasif Ahmed and Adrian Jacobs is calibrated to sit comfortably with the fashion; kohl-lined eyes, defined brows, and an even, matte-leaning base with controlled highlight. Hair is styled half-up to keep the neckline and jewellery fully visible. “Strip the bangles out entirely to let the neck piece take charge. Add a sheer, barely-there cape instead, so the lehenga feels lighter without losing its drama. Slick the hair back or pull it into a low, unfussy bun to offset all that surface work below,” says Vogue India fashion associate Manglien Gangte. ","https://assets.vogue.in/photos/6969c2d642e8f780d94d9beb/16:9/w_1280,c_limit/@kritisanon%20absolutely%20owning%20the%20bridesmaid%20glow%20%F0%9F%AB%B6%F0%9F%8F%BBOutfit%20@abhinavmishra_%20@quirkbrandconsulti.jpg"
"Apr 01, 2026 @ 00:25:01.671",79cb0da44650b27afb0f217f19824515,https://www.vogue.in/content/from-priyanka-chopra-jonas-to-alaya-f-this-weeks-standout-looks-leaned-into-high-shine,"From Priyanka Chopra Jonas to Alia Bhatt, this week's standout looks leaned into high-shine","Across custom saris, luxury gowns and sharara sets—shine was the staple",Vogue Staff,2026-01-16T11:06:00.911Z,"Embellishment took the lead this week with Kajol opted for a black crepe sari from Irth, elevated with antique gold embroidery. A thick, embellished border edged the drape, while the pallu unfolded into a detailed paisley motif in gold thread. The sleeveless blouse carried the sari’s richness, hand-embroidered with sequins and mirror work. Priyanka Chopra Jonas chose full couture in an ivory Vivienne Westwood gown for the Dia Mirza wore a hand-painted Archana Jaju Kalmakari sari where floral motifs flowed across the airy drape. Sequins and beads embroidered along the borders introduced a gentle shimmer. ","https://assets.vogue.in/photos/6969feb7bf4f35844a10bcf7/16:9/w_1280,c_limit/After%20after..%20@goldenglobes-2.jpg"
"Apr 01, 2026 @ 00:25:09.699",5973aec45daf581bb6595f9a6071f021,https://www.vogue.in/content/aditi-rao-hydari-chooses-structure-over-embellishment-in-an-archival-anand-kabra,Aditi Rao Hydari chooses structure over embellishment in archival Anand Kabra,"Temple-style jhumkas, messy braid and a black bindi balanced the look",Vogue Staff,2026-01-15T11:11:59.006Z,"Constructure carries Aditi Rao Hydari's archival Anand Kabra ensemble. From the designer's 2013 collection, the red kurta is cut with a high neckline and an From the waist down, the kurta opens into a gentle flare, almost like an anarkali with side slits that bring flowy movement to the look. The ivory palazzo pants are finished with a wide chevron-style patterned border in soft gold and rose gold along the hem, finished with red piping. It creates continuity across the set without repeating any motif. Hair and makeup by Charlotte Wang are kept pared back with light definition concentrated around the eyes through kohl and mascara, paired with an even, lightly finished base and a muted lip. A small black bindi adds a graphic point at the centre of the face. Manisha Melwani styled the ensemble with gold jhumkas with pearl detailing from Indriya Jewels, their ornateness tying into the embroidery work of the kurta. “The archival Anand Kabra look has a beautiful balance of masculine and feminine, thanks to the structure and silhouette. To achieve this for a street style look, why not work with a red or navy casual military jacket blazer with gold detailing on the buttons. Pair this with a white skirt and accessorise with a belt on your hip over the skirt for a quirky bohemian feel paired with strappy thonged sandals,” says ","https://assets.vogue.in/photos/6968b35e993972079cacd3eb/16:9/w_1280,c_limit/%E2%9D%A4%EF%B8%8FArchive%20look%20-%20@anand.kabra%20Jewels%20-%20@indriyajewelsStyled%20-%20@manishamelwani%20Style%20team%20-%20@styl.jpg"
"Apr 01, 2026 @ 00:25:17.723",4b4935da60b3ec88af4402847578052a,https://www.vogue.in/content/kajols-silk-kurta-set-places-marodi-embroidery-front-and-centre,Kajol’s silk kurta set places Marodi embroidery front and centre,"Fine silk, a relaxed cut, and minimal styling come together",Vogue Staff,2026-01-14T16:32:08.225Z,"In Kajol’s kurta set by Lajjoo C, Marodi The kurta is crafted in fine silk and cut in a straight, relaxed silhouette. Marodi floral embroidery runs along the neckline, centred with a drop paan motif. The sleeves carry smaller Marodi motifs and finish with embroidered organza at the hem, creating a clear edge to the sleeve. The wide-legged silk pants feature floral embroidery along the hem, repeating the detailing from the kurta without shifting its placement upward. Styled by Radhika Mehra, the accessories stay within the same colour range. Gold earrings pick up the tone of the embroidery and are paired with mule heels by Fizzy Goblet. Hair is worn with a side part and natural texture. Makeup artist Pallavi Symons keeps the beauty look pared back, with an even luminous base, softly defined brows, neutral eyes with kohl along the lash line and a muted rose lip. “Swap the footwear for a pair of strappy heels in butter yellow and the hoops for a pair of chandbalis. Rather than going with the mid-part straight hair, go for natural textures with a side sweep to give it that effortless glam look. finish off with an embroidered potli in gold,” says Vogue India fashion associate Manglien Gangte. ","https://assets.vogue.in/photos/69674f46ab5c73df95ca246b/16:9/w_1280,c_limit/Summer%20Shandy%20..%20that%E2%80%99s%20my%20colour!_converted.jpg"
"Apr 01, 2026 @ 00:25:25.751",13d765535b1e2cff7c9b95b9dc44fe88,https://www.vogue.in/content/priyanka-chopra-jonass-navy-dior-ensemble-places-its-volume-low,Priyanka Chopra Jonas’s navy Dior ensemble places its volume low,"The silhouette is broken at the waist by a side sash with Bvlgari high jewellery, adding shine",Vogue Staff,2026-01-12T15:42:05.184Z,"Priyanka Chopra Jonas's The deep navy fabric keeps attention on the structure, allowing Worn while presenting at the “The strength of this look is how unfussy it already is. Instead of adding contrast, play into the navy and treat it like a neutral. Echo the shade with smoky eyes and inky blue manicure. Keep the jewellery as is, but the hair slightly even more undone,” says Vogue India fashion associate ","https://assets.vogue.in/photos/6964a05ff78bd262825ea7d8/16:9/w_1280,c_limit/GettyImages-2255764201.jpg"
"Apr 01, 2026 @ 00:25:33.777",58228e032b4c68bd6d71c6c23cf48b85,https://www.vogue.in/content/tabus-monochrome-chorus-look-makes-a-case-for-all-black,Tabu’s monochrome Chorus look makes a case for all-black,"Panelled sleeves, godet volume and tightly placed embellishment give black something to work with",Vogue Staff,2026-01-13T15:04:23.258Z,"All-black dressing can be risky. With colour stripped away, cut, surface and finish are exposed more clearly, and the success of the look depends on how these elements come together. On Tabu, the approach is controlled. She wore the Amaris dress by The silhouette stays close through the torso before opening out below and a front slit creates movement as she walks. Panelled sleeves and a peak collar shape the upper half like a tailored jacket. The detailing is concentrated at the shoulders, where hand-sewn crystal clusters sit against the black base. The embellishment is visible at close range, adding surface variation without spreading across the garment. There’s a sense of containment in the styling by Mohit Rai with Chintan Shah and Tarang Agarwal, but not a limitation. It's present and thoughtful. The jewellery is limited to Makeup by Mitali Vakil stays close to a single colour family with a berry-rose shadow across the lids and a lip kept in the same range. Hair, styled by Nanda Anand Panchal, is pulled back cleanly, leaving the collar and shoulder line fully visible. “Sharpen the silhouette by cinching the waist with a thick belt. Accessorise the look with an arm stack with a watch, some layered bracelets. Break this monochromatic look with some pop of colour in the heels and handbag to create a different point of attention. Open out the tight pony for an open wavy look to ease this look out of the boardroom,” says Vogue India fashion associate Divya Balakrishnan. ","https://assets.vogue.in/photos/6965ebea242e82945436aa68/16:9/w_1280,c_limit/Queen%20@tabutiful%20%E2%AD%90%EF%B8%8FStyled%20by%20@mohitrai%20with%20@chintan_shah08%20@tarangagarwalofficial%20Outfit%20-%20@cho.jpg"
"Apr 01, 2026 @ 00:25:41.809",9260849440be0aa7559eba99de77eb9e,https://www.vogue.in/content/shanaya-kapoors-anita-dongre-lehenga-is-brought-to-life-with-hand-painted-pichhwai,Shanaya Kapoor’s Anita Dongre lehenga is brought to life with hand-painted Pichhwai,"Hand-painted flora and fauna move across the surface, layered with antique work that gives the piece a tactile richness",Nupur Sarvaiya,2026-01-11T05:00:00.000Z,"When it comes to occasionwear, Shanaya Kapoor consistently returns to pieces designed to last. Her latest pick, an Featuring a strappy blouse and a billowing skirt, the ensemble’s silk base lends a diaphanousness that mirrors Kapoor’s pared-back approach to ceremonial dressing. Set against a distinctive meadow greenish-yellow, the lehenga immediately stands apart for its nature-inspired hue. Motifs take centre stage in the look, in sync with Dongre's signature design language. The hand-painted Pichhwai artwork unfolds across the lehenga like a living landscape, populated with blooming florals, foliage, wildlife and fluttering birds. The blouse reflects the same story and is further elevated with intricate surface techniques. A delicate organza dupatta brings the ensemble together, offering a gentler counterpoint to the richly detailed lehenga. The ensemble draws its soul from the art of Pichhwai painting, a 400-year-old craft that originated in Rajasthan in the 16th century. Traditionally created as devotional backdrops depicting tales of Shrinathji, Pichhwai paintings were also deeply inspired by the rhythms of nature, from seasons to flora and fauna. In the lehenga, this heritage is reinterpreted with each motif meticulously hand-painted by skilled artisans and delicately enhanced with sequins. The lehenga took close to 90 days to create, a timeline that honours the patience and attention this craft demands. The piece is animated by an in-house master painter, whose deep-rooted Pichhwai lineage informs every brushstroke. As the designer shared, this lehenga is part of the House of Anita Dongre’s larger effort to ensure that art forms like Pichhwai continue to thrive within a contemporary language. She accessorised with intricate temple jewellery from Indinoor. A gold necklace adorned with bird motifs carried on the lehenga’s avian motifs, paired with statement jhumkas and kaan chains that were attached to her loose braid. For her beauty look, she stuck with dewy makeup in warm copper tones for a soft, sun-kissed finish. ","https://assets.vogue.in/photos/69611ef97c63fe024831ce9f/16:9/w_1280,c_limit/SnapInsta.to_611243580_18556630258032784_97596187525219590_n.jpg"
"Apr 01, 2026 @ 00:25:49.839",880a1dd249139b65a4f7508b6da3d0ce,https://www.vogue.in/content/are-satin-sneakers-fashions-next-ballet-flats,Are satin sneakers fashion’s next ballet flats?,"This spring, balletcore meets streetwear in fashion's softest, most elegant crossover yet: the satin sneaker",Alexandre Marain,2026-01-11T02:30:00.000Z,"What happens when the ease of ballet flats meets the practicality of sneakers? You get These follow in the trend of sneakers inspired by dance, such as the "" Among the trend-setting designers is London-based Simone Rocha, who has combined classic feminine with unique But the undisputed queen of the trend remains Miuccia Prada. After her collaboration with ","https://assets.vogue.in/photos/695f42b4328af3ea5f053a14/16:9/w_1280,c_limit/00050-prada-spring-2026-ready-to-wear-details-credit-gorunway.jpeg"
"Apr 01, 2026 @ 00:25:57.882",b543968bd646b1838c137683cc8f3564,https://www.vogue.in/content/its-only-2026-and-youre-right-on-time-for-these-skirt-trends,These are the skirt trends everyone will be wearing in 2026,"From the skirt worn low on the hips to its micro version, here's a look back at the skirt trends for 2026.",Alexandre Marain,2026-01-10T02:30:00.000Z,"Skirt trends in 2026 span every silhouette and mood. On the catwalks, from Paris to Milan, they are available in all shapes and sizes. When Balenciaga draws on its archives to modernise the ball In 2026, fashion will be effortless... and worn upside down. With this in mind, designers are revisiting formal essentials from the world of tailoring, such as the When Versailles inspires contemporary fashion... The We owe the return of the micro-skirt to The little sister of the slipdress, the slip skirt is as bankable as ever. In response to the democratisation of lingerie in the city, this ultra-flattering skirt, which can be worn day or night, has achieved its status as a wardrobe icon. Even Matthieu Blazy, for his first Chanel show, proposed his own version, dynamising the codes of the In 2026, colour dominates. Especially ","https://assets.vogue.in/photos/695f50c69935b977cd4cd08e/16:9/w_1280,c_limit/2239608540"
"Apr 01, 2026 @ 00:26:05.909",ff81be224b221f5f8fc929380c9559d7,https://www.vogue.in/content/tara-sutarias-minimal-tarun-tahiliani-sari-was-teamed-with-a-maximalist-pearl-encrusted-blouse,Tara Sutaria’s minimal Tarun Tahiliani sari was teamed with a maximalist pearl-encrusted blouse,The actor went the low-key route to accessorise her look,Nupur Sarvaiya,2026-01-10T05:00:00.000Z,"Nostalgia runs through Tara Sutaria’s recent sartorial pick, an ivory georgette The hero of her look is undoubtedly the blouse. Featuring elbow-length sleeves, it is densely embroidered with pearls, crystals and sequins. The thoughtful embellishments give the effect of jewellery worn on the body. The mirror work is structured to resemble a choker at the neckline, moving into what looks like layered, multi-string pearl necklaces draped across her torso. This trompe-l’oeil effect blurs the line between garment and adornment, making the blouse feel almost ceremonial. The high neckline further heightens its vintage appeal. Given the strength of the blouse, stylist Tanya Ghavri took a measured step back when it came to accessorising the look with jewellery. Thanks to the high neckline, she gave a necklace a rain check. She opted for a ring and stud earrings from Mohar by Priyanka and Nakul along with classic kadas by Diamantina Fine Jewels and Raj Diamonds. Soft glam defined the makeup, with a dewy base, gentle smoky eyes and glossy pink lips to keep things fresh. The sleek updo, too, felt inspired by yesteryears, completing the nostalgia-led narrative. What makes a look, like Sutaria’s sari, enduring is its versatility. The ivory palette acts as a blank canvas, allowing it to shift seamlessly across seasons and occasions. For daytime pheras, it feels serene and ceremonial, while a switch to a bold red pout, gemstone jewellery or sharper eye makeup can instantly take it into cocktail territory. ","https://assets.vogue.in/photos/696117abc7ccfeb7b2a7db67/16:9/w_1280,c_limit/SnapInsta.to_610155158_18554222320061428_3970144413349509253_n.jpg"
"Apr 01, 2026 @ 00:26:13.942",2aa752038d97908a9cd3f1efbbb7afd3,https://www.vogue.in/content/sara-ali-khan-and-karisma-kapoor-brought-mermaid-skirts-and-cape-sleeves-to-this-weeks-best-looks,Sara Ali Khan and Karisma Kapoor brought mermaid skirts and cape-sleeves to this week's best looks,"From pearl-drenched couture to peplum tops, thoughtful structure was in focus",Vogue Staff,2026-01-09T14:16:33.642Z,"Silhouettes took centre stage this week with sculpted waists, fluid drapes and asymmetrical structure shaping every standout look. From Sara Ali Khan’s pearl godet skirt and Mrunal Thakur’s ivory kalidar ","https://assets.vogue.in/photos/6960b164dd39b1ee28727197/16:9/w_1280,c_limit/@saraalikhan95%20%F0%9F%A9%B7%F0%9F%A9%B7%F0%9F%A9%B7%20in%20our%20Signature%20%20#pearlstory%20the%20way%20I%20love%20them%20%E2%80%94refined,%20chic,%20and%20full-3.jpg"
"Apr 01, 2026 @ 00:26:21.967",9477514d48d8b2e85f4f285feb6289fa,https://www.vogue.in/content/sharvaris-aditi-gupta-lehenga-puts-its-weight-in-a-scallop-edged-blouse,Sharvari’s Aditi Gupta lehenga puts its weight in a scallop-edged blouse,"The skirt carries pattern through panels and borders, leaving the heaviest surface work at the top",Vogue Staff,2026-01-09T14:03:00.126Z,"Sharvari chose a pearl-gold lehenga by Aditi Gupta for Up close, the lehenga reveals a careful layering of textiles. Panels of silk, zari tissue and jacquard Banarasi are pieced together in vertical sections, broken up by jharokha-inspired motifs and elongated paisley embroidery. The patterning moves downward rather than outward, giving the skirt weight without getting weighed down. The blouse introduces the most visual interest. Cut with a deep plunge neckline and scalloped edges, it is densely embroidered with paisley motifs that continue around the back. The embroidery shifts from compact geometry at the bodice to looser bead and pearl detailing along the straps and edges. At the back, tassel ties and beadwork added movement, making the blouse as considered from behind as it was from the front. Stylist Tanya Ghavri accessorises Sharvari's look with heritage jewellery by Razwada Jewels, featuring a statement choker, earrings and bangles worked in gold and stones. Hair is pulled back in a no-makeup makeup beauty look. “Pull the look away from overt bridal territory by editing it down rather than adding more. Skip the heavy necklace, soften the hair into a loose, low tie or knot, and let the blouse and skirt do the work. Drape the dupatta in a classic shoulder throw and secure it to the blouse with a brooch above the left side of the bust; let the ends fall. Keep jewellery minimal to one element at a time, lose the polki necklace to let the earrings breathe,” says Vogue India fashion associate Manglien Gangte. ","https://assets.vogue.in/photos/69607fd6f74eade47adbc29d/16:9/w_1280,c_limit/@sharvari%20for%20her%20sister%E2%80%99s%20wedding%20%E2%9C%A8#StyledByTanyaGhavriLehenga%20by%20-%20@aditiguptaofficial%20@fbo.pr.jpg"
"Apr 01, 2026 @ 00:26:30.001",c529296814ea66020982c3e5248fc0af,https://www.vogue.in/content/shanaya-kapoors-gaurav-gupta-sari-makes-a-case-for-all-sequins-everything,Shanaya Kapoor's Gaurav Gupta sari makes a case for all-sequins everything,The couture flows onto the body in a way that feels less like fabric and more like sculpture,Vogue Staff,2026-01-08T10:40:00.863Z,"Shanaya Kapoor wears a Gaurav Gupta The sari moves in a silver-to-charcoal gradient, its Drop earrings and hand chains from Indinoor, co-created by Kapoor, are worn with slicked-back hair, a flush of blush and winged liner. With its dense sequin surface, this sari sits best in evening settings that allow light and stillness to do their thing. “The takeaway from Shanaya Kapoor's look is the sculptural blouse. One that takes focus over the sari, to create such a look, work with a blouse or crop top that is detailed with pleats, surface embroidery techniques, made of interesting materials or holds a unique shape. Then work with a sari in a similar tonality or a complementary colour scheme.  Accessorise minimally, keeping the blouse as your main statement,” says Vogue India fashion associate Divya Balakrishnan. ","https://assets.vogue.in/photos/695f3b0bf37a23e5bccea059/16:9/w_1280,c_limit/%F0%9F%92%99.jpg"
"Apr 01, 2026 @ 00:26:38.034",a9f2d79f51bb701c183e01e2596365cf,https://www.vogue.in/content/5-ways-to-wear-leopard-print-starting-with-the-shoes,"5 ways to wear leopard print, starting with the shoes","The quintessential leopard print holds its place in the fashion lexicon, defying time through a fearless sense of style.",Alexandre Marain,2026-01-07T02:30:00.000Z,"Leopard In 2026, it is the star print of a multitude of They were everywhere on last season's catwalks: Conner Ives, Fendi, Leopard-print There's nothing more essential than a pretty pair of pumps. We're getting ready to ditch the classic black models for their leopard-print variation. Style it with a denim ensemble like Dua Lipa, or offset it with a feminine Ballerinas are more in vogue than ever. Revisited by Acne Studios, Simone Rocha, and Prada, this iconic model is enjoying a veritable renaissance, reviving the aura it exuded in the 2010s, a decade now considered the The emblematic moccasin is reinvented in leopard print, abandoning its status as a wisecracking classic to become a resolutely Leopard-print ","https://assets.vogue.in/photos/695b43f78f93bcca634d2879/16:9/w_1280,c_limit/Capture%20d%E2%80%99e%CC%81cran%202025-11-14%20a%CC%80%2012.14.15.png"
"Apr 01, 2026 @ 00:26:46.055",1f854e4362dfa2eb06645cbed80baadc,https://www.vogue.in/content/janhvi-kapoors-scarlet-miu-miu-mini-stands-on-its-cut,Janhvi Kapoor’s scarlet Miu Miu mini stands on its cut,"The colour sets the tempo here, with everything else scaled back against it",Vogue Staff,2026-01-07T10:46:51.426Z,"Janhvi Kapoor steps out in a scarlet Miu Miu mini that plays with the familiarity of a cheongsam before cutting it short. The mandarin collar sits high and closed, the torso is held close and then the hem rises sharply, shifting what could have read as historic into something unmistakably current. The fabric blossoms in lily-inspired motifs across its surface, pale against red, spaced so the print never overtakes the colour. A small tie at the waist pulls the fabric slightly off-centre, introducing a looseness that keeps the silhouette from feeling sealed. She pairs the dress with white Rene Caovilla sandals, adding rings and drop earrings as the only adornment. Hair is worn up, leaving the collar and print unobstructed. ""Lean into the oriental preppy tone of the outfit with lace socks and a pair of glossy Mary-Janes. A coin purse or a sculptural mini handbag in white would add the right amount of character without overdoing the character. think ""in the mood for love"", but slightly edgier,"" says Vogue India fashion associate Manglien Gangte. ","https://assets.vogue.in/photos/695def447c6b525313bf358a/16:9/w_1280,c_limit/Happy%20new%20year%20frndz%20%E2%9D%A4%EF%B8%8F%20miu%20year,%20miu%20me%20#miumiu%20%F0%9F%92%8B.jpg"
"Apr 01, 2026 @ 00:26:54.082",ec2af43dc315710446c028d40ebc3644,https://www.vogue.in/content/nita-ambanis-abu-jani-sandeep-khosla-sari-frames-lace-through-borders-and-blouse,Nita Ambani’s Abu Jani Sandeep Khosla sari frames lace through borders and blouse,A lotus-shaped diamond choker and Basra pearls from her personal collection introduce a floral counterpoint to the lace,Vogue Staff,2026-01-06T14:36:33.906Z,"Nita Ambani wears an Abu Jani Sandeep Khosla sari from the Burano collection, a reference to the needle lace made on the island of Burano, Italy, in a pale rose-pink georgette that reads light on the body but detailed at the edges. The colour stays even across the drape, setting up the lace embroidery as the defining feature. Embellishment is concentrated along the borders, pallu edge and blouse where lace motifs are meticulously hand embroidered in silk threads with sequins and pearls. The blouse mirrors the border pattern exactly, creating a visual loop that keeps the eye moving across the look rather than settling in one place. The Burano reference draws from the island’s lace-making tradition, particularly the openwork language associated with The jewellery comes from her own collection of distinct pieces: a lotus-shaped diamond choker surrounded by Basra pearls and a Basra pearl bracelet. With the drape kept spare and the colour understated, the sari’s impact comes from where the work is placed, not how much of it appears “Re-think this dreamy pink colour in a '50s evening look. Work with a pink silk structured gown, an off-the-shoulder and cinched at the waist. Pair it with jewellery akin to Nita Ambani working with pearls and diamonds, set in a traditional Hyderabad pearl design or French style. Ditch the jewellery on the arms and opt for a high-heeled pair of pumps,” says Vogue India fashion associate Divya Balakrishnan. ","https://assets.vogue.in/photos/695c9f0d2fd2fc47c5cc442d/16:9/w_1280,c_limit/SYMPHONY%20IN%20PINK.%20ABU%20JANI%20SANDEEP%20KHOSLA%20FOR%20NITA%20AMBANI.%20A%20masterpiece%20pink%20georgette%20sari%20fro.jpg"
"Apr 01, 2026 @ 00:27:02.108",ff9a45cc30346c573978dac322f7ff6b,https://www.vogue.in/content/pooja-hegdes-anita-dongre-brocade-sari-gown-is-a-masterclass-in-hybrid-dressing,Pooja Hegde’s Anita Dongre brocade sari gown is a masterclass in hybrid dressing,The actor’s hybrid look can go from daytime pheras to a glam cocktail night.,Nupur Sarvaiya,2026-01-06T05:01:59.688Z,"At first glance Pooja Hegde's custom As Dongre reveals, the look was instinctive, shaped around Hegde’s poised, contemporary femininity. The Fabric plays a pivotal part in grounding the look. Handwoven by master artisans in Banaras, the georgette base brings with it centuries of handweaving legacy and texture to the ensemble. Onto this surface, Dongre introduces her signature gota patti. Originating in Rajasthan, The sari gown is complemented with an eye-catching corset. Conceived as an architectural piece, it is adorned with nature-inspired motifs executed in gota patti and layered with pearls and sequins. While such pieces typically take 40 to 60 days to complete, this look came together in just three weeks, shares Dongre. With a special For styling, Hegde went with an all-Dongre approach, accessorising the look with a choker and a longer, layered necklace set with green gemstones. Matching stud earrings, a stack of kadas and a coordinating ","https://assets.vogue.in/photos/695765fcbdc0c024cc843e17/16:9/w_1280,c_limit/SnapInsta.to_606480736_18558029947048861_5891267227529008979_n.jpg"
"Apr 01, 2026 @ 00:27:10.146",837ab6db0fb018410f1d9714287150cf,https://www.vogue.in/content/the-biggest-trouser-styles-set-to-dominate-2026,9 biggest trouser styles set to dominate 2026,The catwalks show the variety of trouser styles that will be an absolute trend throughout the season.,Renata Joffre,2026-01-04T03:00:00.000Z,"New year, new Within the Spring-Summer 2026 fashion trends we will see attractive options such as harem pants, the return of the infamous low rise, a tighter, almost skinny fit, and basics such as Hello again, Valentino dictated that Yes, the infamous bumster or The favourites? Designs with elegant plaid motifs, ideal for an event or a day at work; in sophisticated shades such as brown, military green and steel grey. We will also see them in all types of outfits, from the most sophisticated to the most daring. Whether in a corporate look, with a romantic touch, librarian as in 2022 or in a modern key with tight blouses and normcore shoes. In winter they kept silent, but in summer they will be the object of desire of all, ready to make you feel attractive and spring everywhere. Louis Vuitton caught with a tailored design with a folded hem, a detail that lowers the seriousness of the garment. Isabel Marant pushes the Safari girl aesthetic through capri pants with functional pockets in military green. And Saint Laurent proposes an opaque green design in parachute fabric to face the high temperatures with style and elegance. For Spring-Summer 2026, harem pants become the competition of capri and bermuda shorts. Michael Kors adds them to his collection for the season in a vaporous fabric suitable for wearing with strappy blouses and heeled sandals. Balmain takes the style level up a notch by showing them in a satin and olive green version, ideal for creating 2000s-inspired outfits with button heels. Louis Vuitton made it clear that airy designs will be a basic to formulate minimalist or monochrome styles. Michael Kors chose XXL designs in chocolate-coloured cotton, perfect to wear in a tropical setting or simply to ornament the silhouette. Finally, Zimmermann pairs them with an elegant brown jumpsuit to look spectacular from day to night. Although everything seems to indicate that skinny pants will be the kings of the season, in reality, there is also room for baggy designs that have been on the radar for more than three (consecutive) years. Loewe, Calvin Klein, Stella McCartney, Zimmermann and Ami, to name a few, included them on their runways this season as one of the favourites. From traditional black models to electronic tones that go with the season. We will see them with elegant details such as darts, low rise, classic prints and the classic middle line that office workers love. The high waist below the ribs, which is always essential to seal an Which designs to invest in? Puddle pants in pastel shades, if it is in a suit, the better. Also in linen fabrics with a bluish dye (if you are looking for a modern garment), bootcut, cigarette and even straight. Which confirms that there is an infinity of options for every woman, the signal to take a break from the usual mini-dresses. Yes, Yes, palazzo pants - or also known as elephant leg - will define spring elegance in 2026. Celine confirmed that they can become more modern and less sober by combining them in an effortless look with sportswear and white sneakers. Ralph Lauren proposes them in a bright red sartorial ensemble with slatted espadrilles, the bold yet personality-driven outfit to keep in your favorites. Boss combined classic black pieces in an oversize style with satin blouses and pointed shoes. Lastly, Ulla Johnson suggests plaid print designs to embrace a lady-like-modern aesthetic for 2026. Favourites to invest in? Plains in neutral tones, loud ones like solid red and even modern prints, from plaid to retro '80s stripes. What are the favourite fabrics that will go from runway to street style? Last year linen and lace dominated the streets, now it's the turn of satin pants. These were positioned as the number one option that shone in more than one fashion show of the season. Ami opted for a low rise model with XL belt to play with the silhouette and build casual daytime outfits. Ferragamo revived the skort-skirt of the 2000s, but in an elegant, modern and functional version. Tom Ford gives a nod to the pajama looks that celebrities like Angelina Jolie popularized in the past. An evening blue ensemble to look glamorous with metallic pumps on a special evening. Khaite showed them in a cylindrical version, ideal to increase volume or to go out of the traditional in terms of style. Finally, Toteme enchants with straight satin pants that we will see in minimalist or one-tone styles. It seems that everything points to leather effect pants going from fall to summer, a glamorous piece that is worth continuing to wear. Especially for those days of unpredictable weather or summer showers that appear without warning. Bottega Veneta and Versace are adding braided leather or crocodile-effect designs to give a reptile touch to the outfit. While Hermès, Ami and Zimmermann choose plain models in classic shades ranging from matte black to variations of brown. ","https://assets.vogue.in/photos/69574bf97b0d83776ed78604/16:9/w_1280,c_limit/pantalones-de-chanel-primavera-verano-2026.jpg"
"Apr 01, 2026 @ 00:27:18.216",e9d3240514aa4a04b1fe98f6392f6aa0,https://www.vogue.in/content/alaya-fs-jj-valaya-ensemble-puts-its-weight-in-the-blouse-not-the-drape,"Alaya F’s JJ Valaya ensemble puts its weight in the blouse, not the drape","The belt cuts across the sari mid-fall, interrupting its usual vertical flow",Vogue Staff,2026-01-05T13:42:25.664Z,"Alaya F’s JJ Valaya sari centres its weight at the torso. The midnight-blue silk is densely worked, but it’s the velvet blouse, fully embroidered and cut with a deep neckline and open back, that establishes the look’s gravity. Instead of acting as a support act to the sari, the blouse holds visual dominance, allowing the rest of the ensemble to fall into place around it. The loosely draped pallu showcases a dense botanical jaal of delicate vines that sprout small blossoms, tendrils, and leafy motifs. This bold yet delicate contrast casts the entire ensemble in a new light. Stylist Sheefa J Gilani gives a modern spin to the traditionals by adding a gold belt to, cutting horizontally across the sari rather than pulling it inward. The placement interrupts the vertical movement of the fabric and shifts attention back to the blouse and border work, changing how the proportions of the look are read. Statement teardrop earrings from MR Jewels complement her soft-glam makeup, with subtly smoked eyes, a flush of pink “The inky indigo, the metallic embroidery and the hardware accessories together carry the statement of the look. Sharpen that mood by belting the sari a little lower, to give it that effortless low-waist feel. Amp up the gloss and add shimmery highlights to the lid to give it that dewy and soft touch to an otherwise heavy look. Keep the hair slick and straight, away from the face,” says Vogue fashion associate Manglien Gangte. ","https://assets.vogue.in/photos/695bbf1979ab1a7b927d55f3/16:9/w_1280,c_limit/SnapInsta.to_610524742_18544139941045786_3752448616946918474_n.jpg"
"Apr 01, 2026 @ 00:27:26.240",96c7b2b66c0b20e39fddcca7cc65be0e,https://www.vogue.in/content/khushi-kapoors-ivory-tarun-tahiliani-lehenga-is-brought-to-life-with-multi-hued-crafts,Khushi Kapoor’s ivory Tarun Tahiliani lehenga is brought to life with multi-hued crafts,The actor wore navratna jewellery to complement the vibrancy of her look.,Nupur Sarvaiya,2026-01-03T04:00:00.000Z,"Worn to a friend’s destination wedding, Khushi Kapoor’s The ivory skirt reveals a mélange of colours, featuring pinks, purples and verdant greens, woven together as varied prints and patterns. Architectural patterns sit alongside delicate Micro floral embroidery, scattered across the surface in multicoloured threads, lends a romantic delicacy to the blouse. But what elevates it is the ornate detailing at the hem and cuffs, both bejewelled bands encrusted with red and green gemstones, crystals, intricate embroidery and finishing pearl drops. The Kapoor’s stylist Mohit Rai tied the look together with a navratna choker and matching stud earrings from Golecha’s Jewels. Their pieces’ palette mirrored the gemstones on her blouse. A sleek, centre-parted bun kept the focus firmly on the craftsmanship, making it an ideal choice for festive celebrations. Her makeup stayed in sync with smoky eyes paired with nude pink lips. A multicoloured heart-shaped clutch from Doux Amour added a touch of whimsy. Ivory does not equate to pared down. A lehenga, like Kapoor’s, can become a conversation starter. With a different take on the accessories, it can transition seamlessly from a daytime beach wedding to a glam sangeet with diamonds swapped in for a fresh, after-dark edge. ","https://assets.vogue.in/photos/695763130e5e9693876bbab1/16:9/w_1280,c_limit/SnapInsta.to_607817533_18554929753043027_2267225380432503130_n.jpg"
"Apr 01, 2026 @ 00:27:34.264",a18a614e7b8c44b9836b3255992eb2f8,https://www.vogue.in/content/the-biggest-vintage-trends-of-2026-according-to-the-experts,"The biggest vintage trends of 2026, according to the experts","From the return of the 2010s to museum-worthy vintage, here’s what to look out for. ",Emily Chan,2026-01-03T03:00:00.000Z,"2025 has been a stellar year for In fact, Grande has been on a major vintage streak this year, with her partnership with Law Roach delivering a series of stand-out archival looks during the Beyond the red carpet, we’ve also seen stars embracing archival looks from the 2010s, including Could this be a sign of what to expect next year? Below, we asked the vintage experts to share their predictions for the biggest vintage trends to watch out for in 2026. While the obsession with Archival John Galliano, Thierry Mugler and Jean Paul Gaultier have dominated the red carpet in recent years, but increasingly we’re seeing celebrities and their stylists opting for lesser-known designers or no-label vintage going as far back as the 1920s. “We’re getting a ton of requests for older pieces, from the 1920s to 1950s, which makes sense,” Norris reflects. “After all, so many of the Come awards season, expect to see plenty of ’50s vintage on the red carpet – with Ariana Grande’s recent archival looks being particularly influential here. “I really think we are going to see a surge in Old Hollywood dressing,” says Trophy Major archival moments in recent years have typically come via instantly recognisable pieces of fashion history (Zendaya’s robot suit from Mugler’s autumn/winter 1995 collection comes to mind), but in 2026, experts are predicting a shift to more understated designs that celebrate craftsmanship. “The wow factor will come less from shine and more from craftsmanship, construction, and the kind of materials that stop people in their tracks without needing to scream,” We’ve seen the likes of the ","https://assets.vogue.in/photos/69576a4afa2d0102da0710b1/16:9/w_1280,c_limit/EC-VOGUK-151225-VINTAGE25.jpg"
"Apr 01, 2026 @ 00:27:42.289",1ccf5c914f5062bb5ccc0b9164e19489,https://www.vogue.in/content/diana-pentys-red-sari-finds-an-unexpected-hasli-moment,Diana Penty’s red Mahima Mahajan sari finds an unexpected hasli moment,"A corset-style blouse alters the balance of the Mahima Mahajan sari, concentrating detail at the bodice and letting the drape fall uninterrupted",Vogue Staff,2026-01-02T13:27:08.260Z,"Diana Penty’s Mahima Mahajan sari is densely worked from edge to edge. Fine gold butti embroidery is distributed evenly across the red silk. The embroidery becomes heavier and more concentrated, marking the outline of the drape as it falls from shoulder to hem and giving the sari a clearer finish. It is paired with a corset-style blouse, hand-embroidered and cut to sit close. The shaping is visible in the seams and structure of the blouse, setting it apart from a conventional sari blouse while keeping the drape itself unchanged. By concentrating embroidery on the blouse and along the sari’s edges, the look avoids feeling scattered, even with extensive surface work. Stylist Namita Alexander accessorised Penty with a diamond choker, matching earrings and stacked bangles that sit comfortably alongside the sari’s detailing. The standout is a beige mini bag by Özel from the Özel x Mortantra collaboration. The bag is embroidered with zardozi paisley motifs and finished with metallic detailing. The handle, crafted from a traditional hasli neckpiece, gives the bag a distinct identity and ties it back to the jewellery worn with the sari. Hair is worn in loose, side-parted waves. Makeup by Séverine Perina stays warm and natural, with softly lined eyes and a neutral lip that sit comfortably alongside the richness of the sari and accessories. “Reimagine this red look for a day wandering a gallery. Ditch the heavy jewellery and pair a simple silk or georgette red and cream polka sari with a cropped blouse. Try an off-white lace blouse with a small puff sleeve for a romantic, vintage edge or a boxy crop top with reverse polka to play with pattern. Finish with simple kolhapuris or keds and pull your hair into a clean top knot,” says Vogue India's fashion associate Divya Balakrishnan. ","https://assets.vogue.in/photos/6957c4057f87dbcea2ab8a21/16:9/w_1280,c_limit/SnapInsta.to_606605480_18548041621056249_1571663172053762081_n.jpg"
"Apr 01, 2026 @ 00:27:50.316",ae201f6c4f9e40e4e805c122c0e269b4,https://www.vogue.in/content/from-kajol-to-malavika-mohanan-this-weeks-best-looks-were-wrapped-in-jewel-tones-and-golden-zari,"From Kajol to Malavika Mohanan, this week’s best looks were wrapped in jewel tones and golden zari","Black velvet and olive silk were elevated with sequins, patchwork and statement bows",Vogue Staff,2026-01-02T12:12:32.391Z,"The new year arrived dressed in rich hues and serious shine, as earthy neutrals and Madhuri Dixit Nene brought Parisian chic in a skirt suit from Sage by Mala. The coffee-brown A-line skirt and tailored blazer balanced sharp tailoring with fluid movement, softened by a lace-trimmed Malavika Mohanan exuded opulence in a custom Soha Ali Khan embraced romance in a black Aisha Rao tulle babydoll ","https://assets.vogue.in/photos/69579c9f42cfbcbe523ebbbb/16:9/w_1280,c_limit/Don%E2%80%99t%20think%20I%20made%20it%20to%20Santa%E2%80%99s%20nice%20list%20%E2%80%A6%20no%20worries%20%E2%80%A6%20I%20can%20buy%20my%20own%20gifts%F0%9F%98%9C.jpeg"
"Apr 01, 2026 @ 00:27:58.342",d6168614384927e2a1659f99a4dfbc8f,https://www.vogue.in/content/anupama-parameswarans-silk-sari-is-built-on-bold-colour-breaks,Anupama Parameswaran’s silk sari is built on bold colour breaks,"Embroidery on the blouse adds detail up top, while the sari keeps its impact through colour and fall",Vogue Staff,2026-01-01T04:00:00.000Z,"Anupama Parameswaran wears a silk The blouse brings in detail through craft. A round neckline and elbow-length sleeves are finished with hand-embroidered zari butti, while small floral motifs picked out in gold thread appear across the body of the sari. It’s decorative, but controlled, allowing the colour story to stay front and centre. A blouse with a shorter sleeve or deeper neckline can shift the balance subtly, while keeping the sari’s colour blocks uninterrupted. Let the fabric and palette continue to lead. ","https://assets.vogue.in/photos/695368f463c16bc49e801bb6/16:9/w_1280,c_limit/%F0%9F%A4%8D%F0%9F%A4%8D%F0%9F%A4%8DStyled%20by%20-%20@poojakaranam%20Saree%20-%20@nisharahmed_%20Jewellery%20-%20@atiracreations%20Footwear%20-%20@ap.jpg"
"Apr 01, 2026 @ 00:28:06.370",9862704cea38179f26dbca63bf2cfb31,https://www.vogue.in/content/genelia-deshmukhs-picchika-sari-places-painted-orchids-across-an-ivory-base,Genelia Deshmukh’s Picchika sari places painted orchids across an ivory base,"Gold gota embroidery traces the floral stems, while a large-scale pallu motif shifts the rhythm of the sari’s surface",Vogue Staff,2025-12-30T08:51:44.026Z,"Genelia Deshmukh takes us back in time in this vintage, classic Picchika sari. Styled by Priyanka Castelino, the look harbors nothing less than a timeless elegance of the past. Set against a soft, dull ivory color, the sari blooms in painted motifs of The stems of the florals feature works of hand-embroidered Her hair was parted in a tidy mid-rise bun, accessorised with fresh flowers, adding a touch of old-style beauty. Her makeup is soft and “Elevate the sari's hand-painted elegance by draping the pallu over one shoulder and letting it fall along the opposite arm. Keep the hairstyle largely the same, but allow a few loose strands to frame the face for a gentler, more effortless finish. Swap the elbow-length blouse for a full-sleeved one to make it more refined. Soften the eyes with a more muted shade of palette. Drop the dangling earrings for a pair of medium-sized pearl studs to match the necklace and complete the look with open-toe white sandals for a light, contemporary touch."" ","https://assets.vogue.in/photos/69529be4938ac652ed9619c0/16:9/w_1280,c_limit/@geneliad%20%F0%9F%AB%B6In%20a%20customised%20@picchika%20Earrings%20&%20hand%20accessories%20@kalyanjewellers_officialPotli.jpg"
"Apr 01, 2026 @ 00:28:14.400",c148aad9a6256eca2f7cb67efcc1f8a4,https://www.vogue.in/content/sobhita-dhulipalas-manish-malhotra-sari-brings-zardozi-to-a-luminous-tissue-weave,Sobhita Dhulipala’s Manish Malhotra sari brings zardozi to a luminous tissue weave,Zardozi-heavy sleeves and emerald polki jewellery build on the sari’s warmth,Vogue Staff,2025-12-31T12:05:29.280Z,"Sobhita Dhulipala wears a handwoven tissue sari by The blouse stays close to a classic silhouette, with a rounded neckline and elbow-length sleeves finished in dense zardozi embroidery. The detailing sits low on the arms, drawing attention outward and balancing the openness of the neckline. On the pallu, a larger floral motif appears in heavier zardozi work, placed deliberately so it reads clearly against the lighter tissue base rather than blending into it. Jewellery is drawn from Manish Malhotra High Jewellery, led by an emerald and polki choker that sits high on the collarbone. The scale of the choker establishes it as a focal point, while floral stud earrings and a single ring mirror the heirloom energy of the ensemble. If you’re working with a sari this rich in surface detail, let the blouse and jewellery do the heavy lifting. A clean neckline and a single statement choker will keep the look focused, while softer hair and makeup prevent the gold from feeling overwhelming. ","https://assets.vogue.in/photos/6954a84fb81f6796e6150d3a/16:9/w_1280,c_limit/@sobhitad%20draped%20in%20tissue%20by%20@manishmalhotraworld%20@manishmalhotrajewellery%20%F0%9F%A4%8E%E2%9C%A8#mymmsaree.jpg"
"Apr 01, 2026 @ 00:28:22.427",7421a8b21401bec8ea97f1f366f4100a,https://www.vogue.in/content/khushi-kapoors-manish-malhotra-ensemble-puts-velvet-to-work-in-an-embellished-set,Khushi Kapoor’s Manish Malhotra ensemble puts velvet to work in an embellished set,A halter-style corset and straight-cut skirt shape the look through separation and continuity,Vogue Staff,2025-12-29T13:07:27.821Z,"Velvet has become a recurring choice in eveningwear this season because of how it carries embellishment. Its dense surface absorbs surrounding light, allowing crystals, pearls and metal embroidery to sit heavier and appear more concentrated, even when used in limited areas. The fabric does much of the visual work on its own, making placement more effective than coverage. Khushi Kapoor wears a black velvet ensemble from The strapless corset top is edged with silver and pearl embroidery along the neckline and hem, concentrating the detailing high on the body. On the skirt, jewelled motifs appear across the surface. The spacing allows the fabric to remain visually present between points of embellishment. Accessories are kept minimal, with diamond studs and a single ring. Hair is styled in a high bun, clearing the neckline and leaving the embroidery unobstructed. Makeup stays evening-appropriate, with an even base, softly contoured cheeks, dark liner at the eyes and a neutral lip. ""Soften the high-glam drama by breaking up the heavy embellishment with something unexpectedly easy, like a sheer black organza ","https://assets.vogue.in/photos/695216e7a4d955cc0c0f4ccc/16:9/w_1280,c_limit/%E2%9C%A8.jpg"
"Apr 01, 2026 @ 00:28:30.457",d32d88070ec0ab63a633ac923290158e,https://www.vogue.in/content/the-digital-vintage-casio-watch-is-bending-time-in-2025,The digital Vintage Casio watch is bending time in 2025,"From a certain NYC mayor to your style influencer cousin, simple 20th-century timepieces like Casio’s A1000MA series have become everyone’s go-to accessories.",Nirja Dutt,2025-12-29T05:37:36.241Z,"As I stand on an uneven platform for the next train, I am presented with my current favourite fashion show—the New York subway. You can spot a fall/winter ’25 And this isn’t just a New York thing. Over the last two months, I’ve started noticing the same glint everywhere I go. In Tokyo, it’s the clear-resin variants; in Seoul, the retro golds; in Mumbai cafés, the classic F91W that refuses to retire. One September afternoon in Bandra, outside a tiny post-production studio, a filmmaking student waited for his auto wearing a block-printed kurta and a gold-toned Casio LA670. A week later in Delhi, during a quick coffee run in Meherchand Market, a If you glance around, you’ll also spot the odd Seiko Rotocall and Q Timex, but somehow, it is vintage Casio watches that are dominating the conversation. Especially, the A1000MA-7—and somehow the entire Casio Vintage family has found itself back in the cultural spotlight. History was first made with the release of the Casiotron (QW02-10) in 1974—the world’s first fully digital wristwatch with an automatic calendar—but it was never just a timekeeper. Over the years, Casio digital watches have become pop-culture fixtures, appearing everywhere from on-screen sci-fi fantasies including They remain a staple of This lineage, from the pioneering Casiotron to the cult-classic F-91W of the 1990s, leads directly to today’s A1000 models. They carry the same retro credibility and matte-metal minimalism, now elevated with polished stainless steel and a Milanese strap. It’s this blend of historic tech cool and modern refinement that makes wearing the watch both disarmingly ordinary and unexpectedly iconic. “It’s one of the few timepieces that slips into anyone’s life without demanding a costume change,” says stylist Ayesha Amin Nigam, who has been spotting them on shoots across Delhi and Mumbai. She tells me that, in the last year alone, she’s seen them on interns, models, production assistants, even accountants who wander on set in between takes. “It shapeshifts into whatever the outfit needs—grounding streetwear, sharpening suiting or sitting quietly against a The variants alone could fill a moodboard: the brushed-steel A1000MA, its gold-toned MG counterpart, the pastel-tinted MPR editions, the ultra-slim LA670s, and even the resin-cased F-series that collectors love for its purist ’80s silhouette. And unlike many vintage icons, most of these models are still in production and available directly at brand stores, while a handful of discontinued colourways and older A1000 batches quietly trade hands on resale platforms like My Almari and Luxepolis for those seeking a deeper There is another reality that also exists: Christie’s Geneva Luxury Week reported sales of 21,641,435 Swiss francs (approximately ₹242 crores) in rare watches, with a significant 34% of the bidders being millennials and Gen Z’ers. If younger consumers are willing to spend big at auction, why are modest, sub-₹20,000 digital Casios suddenly the cultural touchstone? Part of the answer lies in accessibility, nostalgia and the social currency of effortless style. “Casio democratised digital timekeeping long before it was fashionable,” explains Sarosh Mody, founder of Luxury Watch Works, an after-sales boutique based in Mumbai. “The G-Shock, for example, became—and remains—a cultural icon. Its popularity reflects the people’s choice, not marketing, not snob value. Casio understood utility decades before smartwatches were conceived. The calculator, TV, radio and camera watches were made by them way before the Swiss even thought about them. The brand has blurred the line between Today, reissues and collaborations like the Timex T80 x Maison Margiela and Omega x Swatch drops show that design credibility doesn’t need a luxury price tag. Together, these watches have become a global shorthand for personality, nostalgia and style that crosses generations and geographies. And style icons and collectors continue the trend: Casio watches were a mainstay of But why this watch and why now? I suspect that it’s because it is fundamentally reminiscent of a simpler time. The only complication in the watch is an alarm, just like the one you would wear in school, beeping at the end of an exam. It’s something you perhaps spotted on your father back in the day, and till today, it rings a bell. A personal connection in your wardrobe that tells a story: perhaps that’s the ultimate style flex. ","https://assets.vogue.in/photos/694bc820cfc765fe6316cf82/16:9/w_1280,c_limit/get.jpeg"
"Apr 01, 2026 @ 00:28:38.487",82d111c512cb03643e45b341621780d6,https://www.vogue.in/content/tara-sutarias-floral-skirt-set-is-a-comfortable-alternative-to-heavy-lehengas,Tara Sutaria’s floral skirt set is a comfortable alternative to heavy lehengas,The actor went the minimal route to accessorise her Gauri & Nainika look,Nupur Sarvaiya,2025-12-28T05:30:00.000Z,"For her intimate Christmas celebrations at home, Tara Sutaria chose a look that straddled intimacy with high drama. Though technically a modern co-ord set, Sutaria’s look by Gauri & Nainika reads as something far more versatile. Inching towards a compelling alternative to an ornate lehenga, it appears equally suited to a destination wedding soirée where modernity is prized as much as tradition. At first glance, the ensemble feels like a modern-day lehenga reimagined through a contemporary lens. Comprising a high-waisted, billowing, floor-grazing skirt and a sculpted bralette, the set is lifted by painterly florals that bloom against a noir base. The ensemble is drawn from Gauri & Nainika’s Lakmē Fashion Week x FDCI Spring–Summer 2026 showcase, where the designer duo unveiled a collection rooted in wearable artistry. Inspired by painted canvases, dark roses and moody still lifes, the line translated romance into tactile form using organza, tulle and silk mikado, shaping silhouettes defined by volume, bows, ruffles and drama. On Sutaria, these themes distilled into a maximalist floral piece that felt opulent and of-the-moment. Black punctuated with bold florals has long held fashion’s imagination, from the late '30s’ bias-cut evening gowns to the lacquered rose prints of the ‘50s. This lineage is mirrored on her look. The high-waisted skirt elongates the frame, offering a sleek, cinched foundation, while the bralette’s open back introduces a sensual counterpoint. A sleek, centre-parted bun was adorned with red roses, complemented by a deep crimson lip, together conjuring a Frida Kahlo-esque romanticism. A pair of drop chandelier earrings added the final flourish, letting the noir florals take centre stage. With thoughtful styling, a skirt set, like hers, can seamlessly shift from a formal evening affair to a festive sangeet night. Swap the diamonds for polkis, dial up the drama with the makeup and you have a versatile statement that can be reworked and returned to, time and again. ","https://assets.vogue.in/photos/694fe08af1f11df52ba2e1ce/16:9/w_1280,c_limit/SnapInsta.to_603048614_18541426057025765_3116800142224519326_n.jpg"
"Apr 01, 2026 @ 00:28:46.515",358ab74ad1e77d98fb79cc8d01025947,https://www.vogue.in/content/navya-nandas-gold-tissue-lehenga-is-paired-with-a-vibrant-vintage-blouse-with-heritage-crafts,Navya Nanda’s gold tissue lehenga is paired with a vibrant vintage blouse with heritage crafts,The entrepreneur wore statement polki pieces to style her look,Nupur Sarvaiya,2025-12-27T10:46:19.405Z,"What’s old is new again and Navya Nanda echoed that sentiment in a multi-hued lehenga by Mayyur Girotra that felt less like occasion wear and more like a cherished inheritance brought back to life. A pale gold tissue silk lehenga serves as the canvas of the look. As the New Delhi-based designer explains, “Navya Nanda wears Mayyur Girotra gold tissue silk signature lehenga. The skirt is paired with a vintage brocade blouse, which is intricately hand-embroidered in zardozi and tilla that is inspired by archival motifs. From the fabric to craft, it carries stories of the past into the present.” The time-honoured designs hark towards patterns that once adorned bridal trunks and temple textiles. The delicate craftsmanship techniques add depth and just the right dose of opulence. What animates the ensemble is the blouse. A multi-coloured counterpoint to the otherwise pared-back, neutral-coloured lehenga. Rendered in multiple hues and finished with vintage brocade, it brings a burst of colour and personality to the look. The plunging V neckline lends a contemporary edge, while the half sleeves, colour-blocked with heritage textiles and artisanal crafts, ground it in tradition. It is this interplay of textiles and techniques that makes the outfit feel polygonal, present and perennial. Nanda’s styling follows the same time-honoured philosophy. She went with soft, understated makeup in old rose tones along with open hair for glam. Jewellery, however, made a statement. She opted for a bold choker set and earrings from Shri Paramani Jewels, echoing the old-world mood of the lehenga. “This exquisite set features handcrafted chandbaali earrings adorned with luminous diamond polki, delicately shaped to reflect timeless artistry and regal charm. Paired with a premium diamond polki choker, the neckpiece showcases superior craftsmanship, rich detailing and a graceful silhouette that sits beautifully on the neckline,” reveals Vinay Gupta, founder, Shri Paramani Jewellers. ","https://assets.vogue.in/photos/694fb859605e6456eb3d689c/16:9/w_1280,c_limit/SnapInsta.to_586875925_18545079208015749_8711401968788027676_n.jpg"
"Apr 01, 2026 @ 00:28:54.543",c74484954801dba26c9253ae281fc40d,https://www.vogue.in/content/statement-socks-are-winters-easiest-styling-hack,Statement socks are winter's easiest styling hack,"In a statement hue, a pair of playful socks is this season’s easiest way to add a bit of fun back into your winter wardrobe.  ",Olivia Allen,2025-12-28T03:30:00.000Z,"This close to the end of the holiday season, the urge to panic-buy inevitably sets in. What does your best friend, Once regarded as the reserve of uninspired gift-givers, a good pair of socks has become something I’m sincerely happy to receive. Not all socks are created equal, of course. I’m talking wool, My interest was first piqued by the embellished school socks Simone Rocha sent down the runway, slipped into techy Stylist Colour is just as crucial. “Sheer socks are everywhere again, but it’s the interesting hues that really catch my eye,” she says. “The right tone – something intentional, almost painterly – can anchor an outfit or make it feel more aspirational.” The statement sock is also a cost-effective way to add a bit of So, this holiday season, skip the hot sauce set and treat a loved one to a pair of statement socks instead. Capable of spicing up an entire outfit with the flash of an ankle, give the gift of the easiest styling hack you’ll try all season. ","https://assets.vogue.in/photos/694b698c37129dd03a402b89/16:9/w_1280,c_limit/New%20York%20str%20S26%201480.jpg"
"Apr 01, 2026 @ 00:29:02.564",359f775abdb761955d5ddcbb79855ffe,https://www.vogue.in/content/madhuri-dixit-nenes-black-house-of-masaba-corset-set-plays-with-illusion,Madhuri Dixit Nene’s black House of Masaba corset set plays with illusion,Corsetry and drape combine in a black ensemble built from separate pieces,Vogue Staff,2025-12-26T11:11:22.768Z,"Madhuri Dixit Nene stepped out in a black The outfit centres on a strapless corset adorned with gold-embroidered palm motifs, fastened at the back with an adjustable dori finished with tassels. It is paired with a black draped skirt, secured along the side seam, that falls cleanly to just above the ankle. A coordinating sash, edged with gold tassels, carries foil-appliqué palm detailing with embroidered highlights, looping around the arms. Gold jewellery adds warmth against the black base, with textured statement earrings and a stack of bangles keeping the palette tight. Her hair is worn in loose waves, parted softly and left to frame the face. Makeup stays evening-appropriate with smoky eyes with fine liner, softly flushed cheeks and muted rose lips, finished with defined brows. “For Madhuri Dixit Nene’s striking black evening look, play up the Cleopatra-esque glam. Keep makeup intense around the eyes with a strong wing, add a touch of sheer highlight on cheekbones, and a nude lip. Let the outfit’s silhouette shine by choosing sleek, sculpted hair. Finish with strappy heels and a statement ring or bracelet,” says Vogue India fashion associate Divya Balakrishnan. ","https://assets.vogue.in/photos/694b8875f11badc53c1b4607/16:9/w_1280,c_limit/A%20classic%20mood,%20always%20%F0%9F%96%A4.jpg"
"Apr 01, 2026 @ 00:29:10.594",e72e586d132bd3bb88ce5c208c1a21c1,https://www.vogue.in/content/kriti-sanons-fairytale-gown-and-mira-kapoors-dupatta-cape-led-this-weeks-best-looks,Kriti Sanon's fairytale gown and Mira Kapoor's dupatta cape led this week's best looks,"Playful prints, vibrant colours and flowy drapes were the go-tos",Vogue Staff,2025-12-26T02:30:00.000Z,"The year may be winding down but the fashion shows no signs of slowing. This week's standout looks leaned into experimentation—across print, drape and detail. Ananya Panday embraced Diana Penty’s burgundy Aditi Rao Hydari paired a loose black cotton top with a pleated silk skirt—featuring a playful checkerboard pattern—from Three. Accessories were minimalistic in essense—stud earrings, sculptural ear cuffs, stacked rings and a matching Kajol wore an ochre three-piece Ananya Panday allowed pattern to take centre stage in a black-and-white polka-dot satin maxi dress from Self Portrait. The lingerie-inspired sheer black Rakul Preet Singh sparkled in a strapless black corset dress by Shantnu Nikhil. A fully sequined mermaid skirt and dramatic train offered contract to the sheer lace detailing across the structured bodice. The styling was decidedly statement driven, with the actor opting for dagger earrings that framed her Kriti Kharbanda went classic in a royal blue crepe Bandhani sari by Anjana Bohra. Tassels and coin details along the trim added texture, while an open-black blouse with layered dori ties introduced a playful contrast. Oxidised silver jewellery, Keerthy Suresh’s Shantnu Nikhil corset gown featured Kriti Sanon stepped out of a fairytale in a lavender satin chiffon gown by Andrew Kwon. Defined by its gathered construction and volume, the dreamy dress featured a central cut-out, watteau train and a matching chiffon scarf that added to the flowiness of the ensemble. Petal-inspired earrings set with purple and white crystals mirrored the palette, while pearlescent lavender eyeshadow, glitter-lined under eyes and long ","https://assets.vogue.in/photos/694b9e2b47c475ea752a6d7c/16:9/w_1280,c_limit/Living%20a%20Fairy%20Tale%20%F0%9F%A7%9A%F0%9F%8F%BB%E2%80%8D%E2%99%80%EF%B8%8F%F0%9F%92%9C@andrewkwon_official-2.jpg"
"Apr 01, 2026 @ 00:29:18.623",4e09727395d37e322a482ea77b388512,https://www.vogue.in/content/samantha-ruth-prabhus-silk-sari-is-woven-with-a-houndstooth-pattern,Samantha Ruth Prabhu’s silk sari is woven with a houndstooth pattern,"Intricate zari borders, kundan jewellery and a classic red bindi grounded the look in tradition",Vogue Staff,2025-12-25T05:00:00.000Z,"Houndstooth is not a motif associated with Indian silk weaving. Its roots are in Scottish wool textiles, where the motif emerged as a repeating geometric check. In Samantha Ruth Prabhu’s The black silk base carries the houndstooth across the body of the sari, allowing the motif to remain clearly legible against the fabric’s natural sheen. A wide silver border runs along the edges, bringing in the ceremonial weight associated with classical silk saris. The pallu extends this detailing, revealing itself gradually as the sari moves. The blouse is intentionally pared back. Sleeveless and black, it steps away from pattern and ornament, giving the woven surface of the sari room to hold attention. The jewellery consists of kundan Makeup is kept minimal with a natural finish. The eyes are lightly smoked and the lips are finished in a muted pink. “Sheer black bishop sleeves on the blouse would elevate the houndstooth sari, with the pallu neatly pleated and pinned on the shoulder. Ditch the bangles but keep the earrings and ring, and go even bolder and bigger with the bindi. A classic red lip to finish it off,” says Vogue India fashion associate Manglien Gangte. ","https://assets.vogue.in/photos/694bc3bde208d1634d427fb8/16:9/w_1280,c_limit/After%20an%20action%20packed%20schedule%E2%80%A6%20bruises,%20blood,%20and%20pain,%20we%20cleaned%20up%20surprisingly%20well%E2%80%94consi-2.jpg"
"Apr 01, 2026 @ 00:29:26.655",da47e5442714bde543d3b248c358db1d,https://www.vogue.in/content/2025-is-the-year-we-pledged-allegiance-to-the-tabi-shoe,2025 is the year we pledged allegiance to the tabi shoe,The horse hoof-lookalikes are no longer just on the runway—they are also next to you on the Mumbai local.,Darshita Goyal,2025-12-25T03:30:00.000Z,"In an era of touch-and-go trends, no one would have imagined that shoes that look like horse hooves would have staying power. Back in 2023, when The controversial shoe has always been highly endorsed. In 1988, Let’s just say if you made a drinking game out of every time you saw a certified cool person in tabis, it would not end well for your nervous system. And the bug spreads well beyond celebrities. From the streets of Central Saint Martins in London to the Mumbai local, from Dua Lipa to Naina Bhan to “We’re the first generation with instant access to global fashion. Our appetite to experiment has never been stronger,” says Akanksha Rathore, the founder of lifestyle brand Kilchu. “We saw this as an interesting opportunity to define tabis in the context of Indian juttis.” At Kilchu, you can pick between hand-painted leather styles in aquamarine, salmon or a dark brown that quite literally passes as a horse hoof. That’s not all: even athleisure brands like Nike and Reebok have explored sneakerina split toes. And you know the hype is real when a trend transcends the chronically online and makes it to the glitzy shaadi circuit, as is the case with the golden tabi heels from Chal Jooti. Before you roll your eyes at the dupe-fication of Margiela, it’s essential to note that the tabis were not invented by the French. Their provenance can be traced back to 15th-century Japan, where these were worn as socks, separating the big toe from the rest to maintain grip, balance and comfort. By the early 20th century, rubber soles strengthened the slip ons, creating the style we now call tabis. In fact, the so-called luxury design is still commonly worn by labourers in Japan. Could it be that the internet’s obsession with Hobonichi planners, Studio Ghibli, matcha and all things East Asia summoned the return of the tabis? Well perhaps. But if you ask stylist and designer Jayati Monga, an ardent wearer of the In truth, the central conflict of the tabi—the ‘will they, won’t they’—is a major draw for many wearers. At a time when everything from your inside-joke laptop sticker to the DIY crochet keychain on your bag is a way to script your personality, wearing tabis signals which niche you bend the knee for. It is a strange IYKYK declaration, attracting those who subscribe to similar experimentation while weeding out others who are scared to err on the wrong side of fashion. In fact Monga influenced her flatmate to join the tabi tribe. “They felt super out there to me at first but I love how whimsical tabis can look,” says Udisha Madan, 27, who has just ordered her split-toe shoes. Most people will agree, the hoof lookalikes do not evoke love at first sight. Just like other great works of art—Lena Dunham’s Another factor, I suspect, that makes the design covetable is how gatekept it continues to be. In all honesty, even at its peak, the split-toe style will never become as popular as Docs, Birks or Crocs. However, that is also the point. The moment the controversial shoe wholly sinks into the mainstream, it will lose its appeal or intrigue. No one is going to ask you why you’re wearing horse hooves if everyone is wearing horse hooves. ","https://assets.vogue.in/photos/664f7f025f63b43c99d9949e/16:9/w_1280,c_limit/GettyImages-1561576914.jpg"
"Apr 01, 2026 @ 00:29:34.686",c8ac0bdec4d2ebd0db26fbd50363cc34,https://www.vogue.in/content/archival-fashion-was-everywhere-in-2025,Archival fashion was everywhere in 2025,"Archival fashion became one of the most visible styling choices, shaped by nostalgia and an increasingly crowded trend landscape",Nandana Francis,2025-12-24T18:01:16.883Z,"Fashion has always loved a comeback story, but lately, it has become more of a headline-maker. Archival fashion looks get social media traction, headlines and conversation, whether it’s a decades-old gown resurfacing on a red carpet or a vintage silhouette reworked through a contemporary lens. This return to the past reads as aesthetic, emotional and commercial. The current cultural instability, coupled with economic jitters and the exhaustion of the hyper-digital world that we live in has amplified the effect of the nostalgic cycle on fashion. When the present doesn’t meet our emotional needs, we look back, often with rose-tinted glasses. Every era had its own distinct fashion zeitgeist, from Y2K maximalism to the ‘90s grunge and hip-hop, and the preppy style of the ‘80s. Today’s landscape, by contrast, feels fragmented with the chaos of microtrends and overconsumption. In a market flooded with duplicates and lookalikes, vintage fashion reads as more authentic, proof of taste, effort and discernment. It offers a way to stand apart from an algorithm built on sameness. “Fashion wasn’t safe, and collections weren’t designed primarily around sales projections. That freedom produced work that still resonates today in a way that much of today’s more cautious fashion doesn’t,” says Allia Al Rufai, fashion stylist and consultant. Fashion has the capacity to shape culture in ways that extend far beyond the runway. Certain garments have become cultural markers, referenced and remembered decades later because they captured a moment with emotional force. That kind of resonance takes time, experimentation and, often, the willingness to fail. Today, the balance between artistry and business is often off-kilter. Creativity is expected to move at the speed of commerce, leaving little room for evolution. “Fashion cycles are much faster, critiques are immediate, and new creatives at heritage houses aren’t allowed enough time to experiment. They’re constantly compared to their predecessors, even before their vision has fully formed,” says SJ Singh, a fashion and culture analyst. Although designers across the world continue to push boundaries, the broader mood has changed. Iconicity rarely happens overnight. For something to become iconic, there has to be room for error and growth, a window that for some has narrowed significantly under the pressure of social media. When celebrities step out in carefully chosen pieces from a designer’s past, the response is immediate. These looks arrive with a built-in narrative, a recognisable image and a sense of intentionality that cuts through the noise. Archival dressing becomes cultural shorthand, signalling discernment rather than trend-chasing. It’s also why these moments travel so effectively. They encourage research and recognition, making it a conversation rather than a disposable moment. The resurgence of archival fashion today can feel like a retreat but perhaps is also a response to a present shaped by metrics and viral marketing. Fashion was never meant to exist solely for algorithms or rapid consumption. At its most powerful, it has been culturally tied, emotionally resonant and allowed the time to breathe. If archival fashion feels newly compelling now, it may be because it carries traces of that slower rhythm, one we are still learning how to recover. ","https://assets.vogue.in/photos/694c29e81d3f7e19a74cc9fc/16:9/w_1280,c_limit/SnapInsta.to_550534943_18540048145021763_914196176443314446_n.jpg"
"Apr 01, 2026 @ 00:29:42.717",4101f5fc64f9eff6ac097cb7146b9ee5,https://www.vogue.in/content/ananya-pandays-coral-arpita-mehta-sharara-glints-with-mirror-work,Ananya Panday’s coral Arpita Mehta sharara glints with mirror work,The beauty look holds its ground against the ornate craft of the ensemble,Vogue Staff,2025-12-24T16:43:24.855Z,"Ananya Panday stepped out in a coral sharara set by Arpita Mehta for a pre-wedding celebration in Dubai, styled by Ami Patel. The look was built around dense hand embroidery and a three-part ensemble comprising a cropped jacket, a sweetheart-neck blouse and wide sharara pants. The jacket set the proportions of the look, worn open over the blouse and detailed with heavy shisha embroidery along the front panels, sleeves and hem. Gold zari outlined the The sharara pants extended the design language downward in a more dispersed pattern, with embroidered motifs placed across the length of the fabric and gathered more closely near the waist. Panday paired the set with statement The makeup by Riviera Lynn keeps the focus on softly kohl-lined eyes, worked close to the lash line and gently smoked to add depth that holds up against the density of the shisha embroidery and mirror work. Skin is even and luminous, with warmth through the cheeks that picks up on the coral tones of the sharara. With hair in loose, soft waves by Sankalp Vilas Surve, the beauty look acts as a steady counterpoint to the ornate craft of the ensemble. “Ananya Panday’s Arpita Mehta look works best when the embellished jacket is the hero. Keep everything else pared back with fitted shorts and a simple white puffy blouse or crop top. Go for undone hair, natural makeup, a chunky wrist stack and boho sandals for some laid-back street style,” says Vogue India fashion associate Divya Balakrishnan. ","https://assets.vogue.in/photos/694b71df75474b5a7009865e/16:9/w_1280,c_limit/@ananyapanday%20in%20@arpitamehtaofficial,%20where%20mirror%20work%20meets%20oversized%20tailoring!%20Styled%20by%20@s.jpg"
"Apr 01, 2026 @ 00:29:50.760",3d4c5756524c9c3272d9ba389cc0cfe7,https://www.vogue.in/content/nita-ambani-pairs-a-painterly-floral-sari-with-a-rare-paraiba-necklace,Nita Ambani pairs a painterly floral sari with a rare Paraíba necklace,Don't miss the bow detail on the blouse,Vogue Staff,2025-12-23T11:48:38.935Z,"At a recent family celebration, Nita Ambani wore a Here, the clothes provided a backdrop; what drew the eye was a necklace with a vivid blue-green gemstone, the hues for which Paraíba tourmalines are renowned. Electric-toned blues and greens are caused by trace amounts of copper and manganese in the mineral structure. Paraíba tourmaline was first discovered in the Brazilian state of Paraíba in the late 1980s, according to the The necklace worn here sits long on the body, the stone’s hue dominating against the softer tones of the sari. With hair styled in gentle waves and warm makeup, there is a compositional hierarchy.  Double diamond earrings sat close to the ear and understated accompanying jewellery kept the focus on the gemstone itself. ""To highlight jewellery and make it the focal point, opt for an off-shoulder dress or a boat-neck gown. Solid colour blocks in golds, pearls or neutrals keep the outfit clean so your accessories pop. Keep the rest minimal; subtle earrings and sleek hair lets the jewellery shine,"" says Vogue India fashion associate Divya Balakrishnan. ","https://assets.vogue.in/photos/694a3db989d834b6830df129/16:9/w_1280,c_limit/Nita%20Ambani%202%20(1).jpg"
"Apr 01, 2026 @ 00:29:58.785",4450157a4622a95fbd5e97ebe39a48d6,https://www.vogue.in/content/a-zardozi-heavy-halter-blouse-shifts-the-balance-of-janhvi-kapoors-velvet-sari,A zardozi-heavy halter blouse shifts the balance of Janhvi Kapoor’s velvet sari,"Jewellery sits away from the neckline, with emphasis placed on earrings and bangles",Vogue Staff,2025-12-22T13:30:03.707Z,"Velvet is a material that brings its own constraints. Its weight, light absorption and texture affect how a garment drapes, where embroidery can sit, and how much surface can be worked before the material begins to feel crowded. Janhvi Kapoor wore a midnight-blue velvet Cut as a halter with a sweetheart neckline, the Kapoor wore her hair straight and left it loose, falling past her shoulders and sitting close to her body. Makeup stayed within a muted range, with softly lined eyes and a neutral lip that did not introduce additional contrast. Elongated drop earrings added verticality, while oxidised silver bangles brought texture to the wrists. “Work with a velvet strappy gown in the same navy hue with similar embroidery details to further enrich the look. Pair this with a statement silver or antique diamond chandelier earrings and dull silver strappy sandals,"" says Vogue India fashion associate Divya Balakrishnan. ","https://assets.vogue.in/photos/69490a8a1c30e99454c20e27/16:9/w_1280,c_limit/@ndtv%20actor%20of%20the%20year%20female%20for%20Homebound%20-)%20my%20biggest%20take%20away%20from%20the%20journey%20of%20this%20ve.jpg"
"Apr 01, 2026 @ 00:30:06.809",15d3150c9ffdcfc41ca1cdd9b28fe010,https://www.vogue.in/content/these-engagement-ring-trends-will-be-huge-in-2026,These engagement ring trends will be huge in 2026,"For almost a century, the big heritage jewellery houses dictated the diamond ring rules: bigger, whiter, more perfect. Engagement rings became shorthand for status, a taxonomy of size, clarity and budget. “But the next generation is rejecting that logic,” says Malaika Crawford. Taste, not scale, is the new luxury, even when the stones themselves are large.",Vogue India,2025-12-22T07:00:13.864Z,"In the early 2000s and 2010s, the engagement ring slipped into aesthetic autopilot, with bright-white round brilliants, sugary micro-pavé bands, halo settings, and princess cuts dominating the landscape. In 2025, we have a new version of diamond-ring ubiquity: the so-called “90210 ring,” a massive oval solitaire that was replicated endlessly on TikTok until it became its own algorithm. The result is a Classic silhouettes still prevail. The six-prong Tiffany & Co. setting introduced in 1886 continues to define the textbook image of a solitaire, and the emerald-cut diamond—worn by everyone from Elizabeth Taylor and Grace Kelly to A new mood is forming. It is warmer and more tactile, shaped by a desire for rings that feel designed rather than AI-generated. “People are trying to align with designers whose work actually resonates with them,” says New York-based jeweler Sarah Dyne, who sees clients gravitating toward labor-intensive, crafted settings rather than polished uniformity. Frank Everett, senior vice president of jewelry at Sotheby’s, notes the same shift. “People's preference for rings is turning towards While the 2000s celebrated pristine brilliance, the next wave embraces Zendaya’s east-west engagement ring is rumored to be the work of Jessica McCormack. The rise of antique diamonds—Old Mines, Old Europeans, and elongated Jessica McCormack has been central to this shift. Her silver-topped gold mountings and signature old-cut diamonds have reintroduced 19th-century styles to a new audience, including “I am getting loads of requests for antique-cut stones. Stones with interesting or unique cuts, tones and characteristics, and captivating inclusions, all of which indicate the stone is natural,” says Los Angeles-based designer Maggi Simpkins, who has seen a surge in requests for Old Mines and elongated cushions. Prounis founder Jean Prounis says the same: “Clients are increasingly drawn to the Everett sees this surge as a direct rejection of homogeneity and the overly perfect on social media. Culture has caught on in real time. If the 2010s were about delicate, skinny, supporting-act bands, this new decade is embracing weight and presence. Thick “Chunkier, thicker wedding bands are coming up often; clients are gravitating toward a more substantial gold profile paired with a single center stone,” says Prounis. She sees clients leaning towards gold-heavy rings with bezel settings, which are gaining traction over traditional prongs. Los Angeles-based designer Jenna Katz, known for her hand-fabricated 18k and 22k bands, gets similar inquiries from clients. “Bridal clients want something The look has an almost ’70s energy: bold, sculptural, warm-toned gold that feels intentional and slightly retro, without slipping into costume. The band itself is becoming a design statement. Instead of a simple shank-plus-stone formula, designers are exploring softened signets, undulating curves, melted textures, and forms that reference early modernist jewelry. “The trend right now is softer, smoother rather than sharp or geometric,” says Simpkins, whose bespoke work increasingly features signet-inspired silhouettes with “melty, imperfect texture.” Rooted in hand-engraved symbolism, Dyne shows a growing interest in tactile surfaces: brushed gold signaling a move away from high-polish gold. These sculptural and often sinuous The parallels to fashion and interiors are obvious. The rise of vintage textiles, coastal-elite interiors filled with batik prints and irregular pottery, and Lisa Eisner for The Row’s organic forms all reflect the same instinct. Sculptural Rounds remain ubiquitous, but elongated shapes will define 2026: ovals, elongated antique cushions, marquise cuts, and east-west settings. Ovals, boosted by TikTok and Elongated cushions are equally defining, helped along by Swift’s antique-cushion ring. They feel historical rather than glossy and offer softer Sara Beltran of the New York-based brand Dezso, whose pieces blend oceanic influences and artisanal techniques, never uses prong settings. Instead, she embraces long stones set horizontally, describing them as “ Colour is not replacing white diamonds, but the palette is warming. Designers are seeing greater interest in champagne diamonds, light yellows, honey tones, and smoky browns. “People are much more open to warm diamonds now,” says Katz. “The palette includes Beltran’s citrine and aquamarine pieces—though not strictly engagement rings—reflect the broader shift toward subtler, more ","https://assets.vogue.in/photos/678100e0bfd84985e134c325/16:9/w_1280,c_limit/Snapinsta.app_472491343_944950724265606_8774482625480081282_n_1080.jpg"
"Apr 01, 2026 @ 00:30:14.837",9bd1cb737a3067249095af94296bbfae,https://www.vogue.in/content/karisma-kapoors-beige-ritu-kumar-anarkali-relies-on-the-power-of-construction,Karisma Kapoor’s beige Ritu Kumar anarkali relies on the power of construction,Intricate threadwork elevates her suit set,Nupur Sarvaiya,2025-12-21T05:00:00.000Z,"For a recent outing, Karisma Kapoor opted for a beige kurta set from Ritu Kumar, which at a cursory glance seems pared-down but on a closer look, it’s intricate and commanding. The look’s neutral palette serves as a reminder that impact does not always rely on colour saturation. The silhouette is classic anarkali, but it is reimagined with a slightly jacket-style construction. Ritu Kumar’s beige Begum suit set unfolds with a thoughtful balance of heritage and ease. Crafted in Chanderi silk, the anarkali is structured at the bodice, where fine embroidery traces the form flowing into the fluid, flared skirt. The silhouette moves with grace, while a complementary tulle dupatta adds a diaphanous layer of lightness. Together, the elements create a look that feels ceremonial yet wearable. The embroidery deserves a special mention. Executed in resham threads, its colours draw from autumnal hues, including muted ambers, soft olives and burnished golds, and are shaped into delicate florals and foliage. A scooped back introduces a subtle sensuality and a counterpoint to the otherwise modest ensemble. Central to the outfit’s appeal is its fabric. Chanderi, often described by local artisans as “booni hui hawa” or woven air, is prized for its breathability and feather-light feel. Its ability to remain airy through humidity and transitional weather makes it ideal for Indian festivities that stretch across monsoon, autumn and winter. Long celebrated for its delicate transparency and understated lustre, Chanderi brings comfort to the forefront without sacrificing refinement. Kapoor’s beauty look completes the narrative with her signature makeup. Coppery smoky eyes paired with nude lips that keep the focus on the ensemble. She left her hair open and styled with soft curls and gentle braids at the crown. She accessorised with a gold necklace, drop earrings and bracelets from Kalyan Jewellers. From the makeup to the anarkali, it is the kind of look that will transcend seasons and occasions, making a compelling case for year-long dressing that feels festive without being fleeting. ","https://assets.vogue.in/photos/694510a56a38dc3cea618b49/16:9/w_1280,c_limit/SnapInsta.to_601350407_18547814209037246_2569704455079364472_n.jpg"
"Apr 01, 2026 @ 00:30:22.875",05b3d6878f30f302a640e4bab6d15c81,https://www.vogue.in/content/5-dress-trends-that-will-blow-up-in-2026,5 dress trends that will blow up in 2026,"From aprons to florals, here’s Vogue’s guide to the key dress trends to know.",Alice Cary,2025-12-21T02:30:00.000Z,"If dress trends have crossed your mind at all lately, chances are they’ve been occasion-driven. With the party season bringing a whirlwind of events and commitments, the spotlight shifts to standout styles—from florals and LBDs to something new every day. Besides the celebratory moments that might call for a dress, the winter season doesn’t seem like the optimal time to invest in a new style. But there’s no harm in getting ahead: the The string of designer debuts delivered fresh visions at At Bottega Veneta, too (Blazy’s former stomping ground), Louise Trotter catered to the brand’s loyal clientele with parachute dresses that appeared effortless, thanks to the lightweight Miuccia Even if a dress requiring function is way off the cards – and you plan on living in track suits throughout January – the below dress trends are worth bookmarking for a later date. This article first appeared on ","https://assets.vogue.in/photos/694382b733c7262e0a0d8fcc/16:9/w_1280,c_limit/AC-VOGUK-171225-001.jpg"
"Apr 01, 2026 @ 00:30:30.906",0d7992b315126f3d2c259d1b4c3bdf15,https://www.vogue.in/content/ananya-pandays-rust-house-of-masaba-ensemble-pairs-foil-detailing-with-a-gold-gota-blouse,Ananya Panday’s rust House of Masaba ensemble pairs foil detailing with a gold gota blouse,"The styling leans into texture and tonal harmony, with a sharp turn away from predictable accessories",Nupur Sarvaiya,2025-12-20T05:00:00.000Z,"Ananya Panday is firmly in her rom-com era. As she’s stepping out to promote Styled by Lakshmi Lehr, the The half-and-half drape is teamed up with a blouse crafted in golden gota, lending a rich, festive counterpoint to the rust drape. Designed as a bralette, it proves why a gold blouse is one of the smartest investments in a ceremonial wear wardrobe. Versatile and timeless, it can be paired across saris and lehengas, festive occasions or otherwise, making it practical and striking. Panday kept her beauty look within the same colour family. Her makeup followed a monotone rust palette, featuring soft eyeshadow, ","https://assets.vogue.in/photos/69450ee19b75c31d75ee9be3/16:9/w_1280,c_limit/SnapInsta.to_602871953_18550597912032012_6858605832977861478_n.jpg"
"Apr 01, 2026 @ 00:30:38.934",f3e878b38ac64a35c19c21ab6ebd4f5b,https://www.vogue.in/content/the-key-spring-summer-2026-bag-trends-to-know-now,The key Spring/Summer 2026 bag trends to know now,"From Chanel’s renewed 2.55 to styles from Prada, Miu Miu and Bottega Veneta",Alice Cary,2025-12-20T02:30:00.000Z,"The influx of designer debuts at several major houses this season brought a number of spring/summer 2026 bag trends to the fore. “I was interested in that kind of aspect of time and something you cherish,” Matthieu Blazy said of his new takes on Dabbling in the accessory archives was, by no surprise, a common theme for newcomers: at Anderson’s Lady Dior – and the angular top handles he included in his inaugural collection for the house – was one of many new “ladylike” Chain-handled silhouettes were another key spring/summer 2026 bag trend to emerge at the shows, seen at Chloé, Ferragamo, Stella McCartney, Here, Creative directors often head to the archives upon their appointment at a new house to ideate new design codes that will mark their tenure, yet there can be a reluctance to mess with the classics too much. Matthieu Blazy’s reinvigorated 2.55 Chanel flap bag retained the iconic quilting and chain handle, but was given new life with structural wire to make it look as if it were frozen in time. At Balenciaga, Pierpaolo Piccioli delivered new Le City bags; at In 2025, “ladylike” became a fashion archetype, expressed in dainty gloves, demure over-the-knee Chain This article first appeared on ","https://assets.vogue.in/photos/694380cb17e37ffe3a4dc696/16:9/w_1280,c_limit/Fresh%20Takes%20On%20Archive%20Classics.jpg"
"Apr 01, 2026 @ 00:30:46.958",7fbd1e0d6d1ab69e2db2152bebc74a62,https://www.vogue.in/content/sanya-malhotra-and-sreeleela-brought-taffeta-and-tissue-to-the-best-looks-of-the-week,Sanya Malhotra and Sreeleela brought taffeta and tissue to the best looks of the week,"Across silhouettes and palettes, styling and beauty stayed closely attuned",Vogue Staff,2025-12-19T13:40:29.343Z,"Occasionwear dominated celebrity wardrobes over the past few days, with designers returning to surface work, sculptural details and expressive colour. From Sreeleela’s champagne-toned tissue lehenga to Sreeleela wore a champagne tissue lehenga by Snneha Jethwa, with fabric choice driving the look. The sweetheart blouse brought structure to the bodice, while the lehenga and dupatta stayed light and fluid, allowing the sheen of the tissue to shift with movement. Jewellery remained tonal and restrained. Her hair was styled into a low ponytail finished with a white gajra, and warm-toned makeup kept the overall effect soft. A sculpted rose detail sat at the bodice of Proportion led Banita Sandhu’s all-Gucci ensemble, built around an oversized lavender blazer worn with tailored trousers. The shoulder line and relaxed cut set the silhouette, allowing the ruffled shirt beneath to add texture through layering. Accessories stayed minimal and loose, textured waves kept the look breezy. Sonali Bendre wore a black Chorus ensemble centred on a panelled corset-style top detailed with hand-painted floral appliqués, crystals and micro beading. The same detailing continued through the matching skirt, giving the look visual continuity. Jewellery stayed sculptural, with ear cuffs and stacked rings. Smoky eyes and a muted lip stayed in step with the depth of the palette. A gold tissue lehenga by Mayyur Girotra formed the base of Navya Nanda’s look, paired with an embroidered brocade blouse. Zardozi and tilla work in jewel tones ran across the vintage blouse and along the borders of the lehenga and dupatta, placing attention firmly on craftsmanship. Kundan jewellery, including a green-stone choker and chandbalis, reinforced the richness of the palette. Pink-toned makeup stayed in harmony with the colours of the embroidery. Ananya Panday embraced vibrant colours in a yellow ","https://assets.vogue.in/photos/694539c87c9e62a55a28ce17/16:9/w_1280,c_limit/Guysssss%20it%E2%80%99s%20a%20Breeutiful%20morningggg%20%E2%9C%A8%F0%9F%A5%B9From%20last%20night%E2%80%99s%20honors%20to%20this%20morning%E2%80%99s%20matcha%20celeb-2.jpg"
"Apr 01, 2026 @ 00:30:54.984",3b758bb67cb76b44b53c15fb78bb885d,https://www.vogue.in/content/alia-bhatts-anamika-khanna-ensemble-uses-a-zardozi-edged-cape-as-its-defining-layer,Alia Bhatt’s Anamika Khanna ensemble uses a zardozi-edged cape as its defining layer,Placement and proportion do the heavy lifting in this couture look,Vogue India,2025-12-19T09:49:05.983Z,"Alia Bhatt wears The cape is styled open and worn in place of a dupatta establishing scale and movement across the body. Its borders carry dense metallic embroidery and Polki earrings by Amrapali Jewels and haathphool by Rah Jewels add ornamentation without filling the neckline, allowing the blouse and cape borders to remain the visual centre. Bhatt wears her hair loose with natural volume, keeping the look relaxed. Her makeup follows the same logic. Warm, even skin, softly defined eyes and a muted “Lean into the regal feel of the cape and go all maximal with accessories. Add a polki necklace to add weight to the look while retaining the earrings and hand accessories. A side part slick back hair with crimson lips and heavy smoky eyes to make it all modern without compromising on the old world opulence,” says Vogue India fashion associate Manglien Gangte. ","https://assets.vogue.in/photos/6944f0c05ea80eeaa1757cf4/16:9/w_1280,c_limit/Last%20night%20with%20the%20golden%20girl%20@aliaabhatt%20in%20custom%20@anamikakhanna.in%20couture%20Jewels%20Haathphoo%20(1).jpg"
"Apr 01, 2026 @ 00:31:03.012",6482b9540b1f65073d33f5368aeeab21,https://www.vogue.in/shopping/promotion/step-into-the-diwali-festivities-with-these-showstopping-ensembles,Step into the Diwali festivities with these showstopping ensembles,These timeless pieces are rooted in artisanal craftsmanship and versatility.,Shambhavi Das,2025-10-06T10:30:00.000Z,"This is a roundup of ensembles that take the stress out of festive dressing, offering everything from pre-draped sarees and flowing lehengas to versatile Indo-Western sets. Each piece carries the care and craft of the hands that made it while being mindful and relevant. Perfect for dinners, celebrations, or gifting, they let you enjoy the festivities in comfort and style, while wearing something that feels meaningful rather than just decorative. For those who cherish timeless elegance, Pehli Nazar by Crafted in flowing silk, the short kaleedar set from The Baroque Nehru Jacket Set from the label The The Khaddi Georgette Bandhej Saree by ","https://assets.vogue.in/photos/68e35ea073d8b6e4acbf9fb1/16:9/w_1280,c_limit/Screenshot%202025-10-06%20at%2011.45.39%E2%80%AFAM.png"
"Apr 01, 2026 @ 00:31:11.037",41f804a7694521f132ec72c810a69a5d,https://www.vogue.in/shopping/promotion/these-stunning-jewellery-pieces-make-for-diwali-gifts-steeped-in-grandiosity,These stunning jewellery pieces make for Diwali gifts steeped in grandiosity,"Jewellery that transcends the season, carrying stories in every stone",Shambhavi Das,2025-10-06T12:30:00.000Z,"Jewellery has a way of marking moments, carrying stories, and turning them into lasting memories. These stunning pieces go beyond seasonal sparkle; they are crafted with care and are meant to be cherished long after the festivities end. Perfect for gifting or adding a statement piece to your own collection, these designs transform Diwali into a celebration of light, legacy, and elegance. The Rabbit Brooch from Mehr-Un-Nissa, meaning “sun among women,” is The ","https://assets.vogue.in/photos/68e35fe97ca45ef5d6cc84f5/16:9/w_1280,c_limit/Screenshot%202025-10-06%20at%2011.51.01%E2%80%AFAM.png"
"Apr 01, 2026 @ 00:31:19.062",dbdf5b22a5ce2a7077c67db68cdd5555,https://www.vogue.in/shopping/promotion/this-diwali-gift-wellness-its-starring-role-with-these-must-have-essentials,"This Diwali, gift wellness its starring role with these must-have essentials","Celebrate the festival of lights with gifts that nourish, pamper, and impress.",Shambhavi Das,2025-10-06T10:30:00.000Z,"Amidst the glow of lamps and the festive cheer, a gift can be a thoughtful gesture of care. This Diwali, put wellness at the heart of your celebrations with presents that go beyond self-care to also nurture the spaces you inhabit. These pieces bring coherence, calm, and a quiet sense of balance, transforming you and your surroundings into an extension of your well-being. We’ve curated a selection that spans skincare, sculptural décor, artisanal candles, handcrafted soaps, hydration essentials, and luxury fragrances that turn everyday rituals into moments of indulgence. Fika and Terra from Million Gold Elixir by Paco ","https://assets.vogue.in/photos/68e35dbe5fc6fe0962fc92d9/16:9/w_1280,c_limit/Screenshot%202025-10-06%20at%2011.41.19%E2%80%AFAM.png"
"Apr 01, 2026 @ 00:31:27.088",023e92d3c8d413801533c9f877553ba6,https://www.vogue.in/shopping/promotion/step-into-the-season-of-sparkle-with-these-beautiful-diwali-ready-brands,Step into the season of sparkle with these beautiful Diwali-ready brands,"A season of sparkle, told through design and detail",Shambhavi Das,2025-10-06T12:30:00.000Z,"Let the season of Diwali shine with pieces that tell a story, whether in hand embroidery, artisanal prints, or heritage-inspired accessories. Ideal for refreshing your festive wardrobe, these selections combine thoughtfulness, style, and timeless appeal, making every outfit feel intentional and memorable. Founded in 2017 by sisters Deepali, Monika, and Priyanshi, this label approaches fashion as a canvas for art, translating everyday surroundings, people, and nature into distinctive prints. Their collections focus on ease and individuality, offering silhouettes that are both relaxed and expressive. Among them is the Man with Flower long dress, crafted in cotton poplin and designed with an A-line cut that suits a range of body types. Its striking front print brings a touch of whimsy to an otherwise versatile daywear piece, making it well-suited for vacations or casual outings. The brand presents clothing that celebrates art while remaining wearable, thanks to its thoughtfully designed pieces, making it an ideal option for festive gift-giving. The Founded by brothers Pradeep and Sandeep Parihar, ","https://assets.vogue.in/photos/68e35f2ec244f05c169f682a/16:9/w_1280,c_limit/Screenshot%202025-10-06%20at%2011.47.44%E2%80%AFAM.png"
"Apr 01, 2026 @ 00:31:35.113",a2f4847c979b56d2ec75be562ae3356c,https://www.vogue.in/shopping/promotion/these-thoughtfully-curated-diwali-gift-hampers-are-perfect-for-celebrating-those-you-cherish,These thoughtfully curated Diwali gift hampers are perfect for celebrating those you cherish,"If picking the perfect gift isn’t your forte, these Diwali gift hampers have you covered.",Shambhavi Das,2025-10-06T08:30:00.000Z,"Finding the perfect Diwali gift can feel daunting, but these impeccably curated hampers make that process effortless. Each selection celebrates those you cherish, transforming gifting into a mindful, memorable experience. Blending care, elegance, and intention, these hampers range from artisanal sweets and sustainable lifestyle pieces to luxury keepsakes and bespoke creations. ","https://assets.vogue.in/photos/68e35d3c5fc6fe0962fc92d7/16:9/w_1280,c_limit/GettyImages-2161711035.jpg"
"Apr 01, 2026 @ 00:31:43.140",7f8a8bc856ca33768f09c06662a72dc6,https://www.vogue.in/shopping/promotion/6-sartorially-stunning-pieces-for-your-diwali-2025-wardrobe,6 sartorially stunning pieces for your Diwali 2025 wardrobe,Contemporary wardrobe staples to add for your festive out-of-the-day,Shambhavi Das,2025-10-06T10:30:00.000Z,"Craft, story, and style converge in these six wardrobe picks, ideal for those who prefer chic outfits over traditional heavy Indian wear this Diwali. From hand-embroidered shirts to sculptural jumpsuits, conscious resort wear, and minimalist dresses, each garment transforms festive dressing into a statement of individuality and taste. For Fall 2025, A conscious resort-wear label, The maroon sleeveless cotton dress from ","https://assets.vogue.in/photos/68e35e325fc6fe0962fc92db/16:9/w_1280,c_limit/Screenshot%202025-10-06%20at%2011.43.28%E2%80%AFAM.png"
"Apr 01, 2026 @ 00:31:51.169",e5f6db0e42fdd51b66bc3fb4a510a004,https://www.vogue.in/beauty/content/heres-how-to-achieve-a-minimal-yet-timeless-bridal-beauty-glow-according-to-makeup-artists,"Here's how to achieve a minimal yet timeless bridal beauty glow, according to makeup artists",Minimalistic bridal beauty isn’t a trend—it’s timeless. Vogue asks four makeup pros to share their tips on achieving and retaining that lit-from-within glow,Tatiana Dias,2022-11-21T05:42:15.363Z,"Elegant silhouettes, subtle hues, and a play on the natural: looking at a creased photograph of my grandmother as a Even with the most timeless looks, a lot can unravel a few hours into your wedding: Creased under-eyes, a lip colour that plays Houdini, and “Start your A look like this requires a dewy, fresh touch—and prepping your skin properly is one of the best ways to prevent it from wilting. Log suggests starting with a hydrating A naturally soft contour and striking Speaking of emphasis, if you want to amp up the glow and extend your golden hour across the day, Chemburkar recommends adding a hint of liquid Around since the 1920s, the finger wave is as prominent today as it was decades ago. Over the years, this sleek and stylish hairstyle has been twirled to fit into each era—retaining its true essence over the years. Log breaks down the look for us. “Start by applying a ","https://assets.vogue.in/photos/63777e2babfaf7db94442ae9/16:9/w_1280,c_limit/AVISHKAR%20JADON%20Vogue%20India.jpg"
"Apr 01, 2026 @ 00:31:59.194",b5d0649814232b5cd4c1a18ffc5d18ce,https://www.vogue.in/shopping/promotion/9-exquisite-decor-gifts-for-diwali-that-embody-artistry-and-legacy,9 exquisite décor gifts for Diwali that embody artistry and legacy,Celebrate the art of giving through objects that create lasting impressions this festive season,Shambhavi Das,2025-10-06T08:30:00.000Z,"This Diwali, gifting becomes an art form. Beyond lights and sweets, it’s about choosing pieces that linger in memory; hand-carved sculptures, embroidered wall art, luminous alabaster, and heirloom-worthy pottery, each carrying its own quiet prominence. These nine exquisite décor gifts transform a home into a sanctuary, where every story and detail is thoughtfully considered. In a season that celebrates warmth and togetherness, they make giving not just intentional but truly unforgettable. Known for designs that emphasise individuality and luxury, Founded by designer Sana Alam, Prasanaakshi by Handcrafted from natural rose quartz, this photo frame is all about endurance and appeal through subtlety. ","https://assets.vogue.in/photos/68e35c83a3e409c897b95de8/16:9/w_1280,c_limit/Screenshot%202025-10-06%20at%2011.36.42%E2%80%AFAM.png"
"Apr 01, 2026 @ 00:32:07.225",c6eeed6ee2818c8fa78ae6b7fc876354,https://www.vogue.in/content/exactly-how-to-prevent-your-concealer-from-cracking-according-to-the-pros,"Exactly how to prevent your concealer from cracking, according to the pros","Ultimately, it boils down to application and setting techniques, and who better than the pros to guide us? Tap to read their tips. ",Namrata Kedar,2024-02-15T01:00:00.000Z,"Concealers are the MVP in your beauty arsenal. It can conceal, brighten, and contour all at once, so it's obvious why concealers rank high on the list of But even the best concealers can look cakey and tend to crease as the hours go by. “This can be due to several reasons,” says Jane Richardson, Global Artistry Director, NARS Cosmetics. “The main ones include using too much of or the wrong type of Ultimately, it boils down to application and setting techniques, and who better than the pros to guide us? Here’s how you can get “Proper skin preparation is crucial to create a smooth base for concealer application, reducing the chances of creasing,” explains Mehak Oberoi, Artist in Residence, Bobbi Brown India. Richardson says, ""When I'm preparing the skin for makeup application, I first look to smooth the Here are some things you need to keep in mind when prepping your skin for the makeup to come, according to Richardson: Richardson swears by the NARS Soft Matte Primer. “It’s water-gel texture and exclusive Climate Balancing Technology retains hydration in dry climates and absorbs excess moisture in humid ones.” Oberoi recommends the Bobbi Brown's Vitamin Enriched Face Base, 2-in-1 moisturising cream and makeup primer, followed by the Bobbi Brown Eye Base for the “Choosing the right formula based on your skin type and concerns is crucial,” points Oberoi. “The right formula can enhance your features while addressing any skin issues. For example, if you have blemishes or uneven skin tone, opt for high-coverage formulas—cream or stick foundations provide excellent coverage. For Richardson uses different types of concealers on the face based on how she wants the skin to look. “I use NARS Radiant Creamy Concealer for a radiant finish or Soft Matte Complete Concealer for a matte finish,” she says. “Select a From using a brush to blending it with your fingers, there are several ways to apply concealer, and there’s no right or wrong way – it's about preference. “I tend to use a brush for application because it allows me to build and blend,” says Richardson. “My kit essential is the NARS Radiant Creamy Concealer. I use a Oberoi switches between brushes for precise coverage and sponges for excessive coverage. “Gently dab the concealer using a brush, like the Bobbi Brown Full Coverage Touch-Up Brush, starting from the inner corner and moving outward,” she says. “Avoid pulling or dragging the delicate skin to prevent creasing. The warmth of your fingers helps blend the product seamlessly into the skin, especially for cream or thicker concealers. Ensure you reach the To avoid a Setting powder is essential for making the skin look Oberoi uses Bobbi Brown's Sheer Finish Pressed Powder, applying it with a fluffy brush. “Focus on areas prone to creasing, like For those with breakouts or excess redness (rosacea), Richardson suggests taking the time to layer up the With that said, here are some other all-time favourite concealers: ","https://assets.vogue.in/photos/65cbd82a0d1da57ccaba6cda/16:9/w_1280,c_limit/Concealer%20.jpeg"
"Apr 01, 2026 @ 00:32:15.254",50e608b1db0cab020af47dee36626469,https://www.vogue.in/beauty/content/right-application-method-for-retinol-best-retinol-products-to-buy,How to use retinol and the best products to buy,Here's how you can get the most out of it,Shweta Vepa Vyas,2022-02-17T11:07:02.175Z,"So, you’ve decided to take the plunge and add retinol into your skincare routine. It exfoliates, reduces While consistent use of retinol is proven to give visible results in a couple of months, it can also have adverse effects like excessive Owing to its potency, retinol products can make the skin more sensitive to the sun. Hence, always apply it at night. “In the morning, make sure you follow up your skincare routine with a face wash, Skin experts always advocate applying Under no circumstances should retinol products be combined with any acids like For the very same reason, you should not be using any facial tools like massagers, rollers or Gua Shas—as they facilitate deeper penetration of products. As Dr Mittal Gupta sums it in a nutshell, with retinol patience and discipline are key. Follow the rules and you will see results in 2-3 months. In case, you're confused on how to go about this, here are some products to help you get started. ","https://assets.vogue.in/photos/669a15749b075d280d13c118/16:9/w_1280,c_limit/skinimalism.jpeg"
"Apr 01, 2026 @ 00:32:23.277",fb72735215e55866b42cd9ae0469e9ea,https://www.vogue.in/content/alia-bhatts-signature-glossy-nude-lip-holds-the-key-to-festive-beauty-perfection,Alia Bhatt's signature glossy nude lip holds the key to festive beauty perfection,A shining example of how to master a beauty trend,Kejhal Kalra,2023-10-25T04:00:00.000Z,"Alia Bhatt who is currently riding high on Festivities in India are synonymous with the colour red and Alia Bhatt knows how to embrace any hue and make it her own. Her choice of a Raji Ramniq velvet kurta paired with a red MUA Mickey Contractor's choice to go with soft nude-toned eyeshadow, subtly underlined with kohl, kept the focus on her eyes. Like many of her contemporaries, she went in for the small and understated, One trend that has emerged as a major beauty statement is the glossy nude lip, and who better to embrace this trend with Whether you find yourself at a grand celebration or an intimate family affair, let Alia Bhatt's beauty guide be your compass; sometimes, it's the most straightforward and traditional elements that can elevate your ","https://assets.vogue.in/photos/65363987ee16b26f0b476228/16:9/w_1280,c_limit/393663200_664124602168404_8703519705781833952_n.jpg"
"Apr 01, 2026 @ 00:32:31.300",07116a17b0f3445dd06031d8c28120dd,https://www.vogue.in/content/5-hairstyles-for-thin-hair-that-give-serious-volume-according-to-industry-experts,"The best hairstyles for thin hair, according to experts",Your cheat sheet to hair that looks twice as full in half the time,Elle Turner,2023-08-31T13:14:28.426Z,"If you have thin hair and want a little extra lift, the right hairstyles for thin hair can make all the difference. The good thing about fine hair is that it’s surprisingly flexible: it styles quickly, takes well to heat, and doesn’t need a whole shelf of products to look sleek. The real challenge is We spoke to top stylists to break it down. Some hairstyles can add more oomph than others, especially if they give texture or height. “I find that encouraging movement and texture into the hair adds volume and stacks out the hair, which leads to making it look fuller and thicker,” says Reece Wentworth, stylist at Blue Tit Salon Clapton. “You can use wands, straighteners or whatever you feel most comfortable using to wrap the hair in different directions to create a tousled, textured look. You can also use a wide tooth comb to soften out the movement,” he says. Two great examples of hairstyles for fine hair are a blow dry and an updo. We also love half-up hair, since it gives the illusion of volume up top, while maintaining the length. A blow-dry gives thin hair more structure than air-drying ever will. Water weighs roots down. Lifting them as they TikTok has turned Half-up hair styles pull the top half of your crown section upward (hello, built-in lift) while leaving the rest of your length loose, so you get the best of both worlds. It breaks up the flatness you normally see when all the hair sits in one layer. A good cut can make a big difference to thin hair, by removing wisps and adding texture. But, no matter what style you go for, “keep it Fine-haired girls can sometimes struggle to make XXL lengths work since the ends can begin to look a little frayed and skimpy. So if you can't fight it, embracing a shorter style can give you the healthy hair you want. “I recommend regular haircuts,” says Reece. “Make sure not to latch onto the length. Having a haircut with a strong one-length and especially above the shoulder will make hair look thicker,” he says. Some of your best bets are bobs and lobs, face-framing layers and the Bardot fringe, if you're feeling especially adventurous. As long as you embrace your fine hair, you're golden. ","https://assets.vogue.in/photos/692434e0610956996f79b47e/16:9/w_1280,c_limit/Hair%20by-%20sea%20salt%20and%20ocean%20breeze%F0%9F%90%9A.jpg"
