crawl_timestamp,uniq_id,page_url,article_title,sub_title,author_name,post_date,article_content,image_url
"Feb 07, 2026 @ 23:20:33.439",1df90d0174ecc54df207fac4d07ed86f,https://www.vogue.in/content/dont-miss-the-lion-motifs-on-nita-ambanis-woven-silk-sari,Don't miss the lion motifs on Nita Ambani's woven silk sari,"She paired the look with statement gold jewellery, heavy with symbolism and gemstone detail",Nupur Sarvaiya,2026-02-07T05:00:00.000Z,"Nita Ambani stepped out in a woven red silk Traditional weaves often rely on flora and fauna designs like peacocks, parrots and elephants, but her sari leans into symbolism with a striking deviation. Ambani’s drape illustrates lion motifs seated within a diamond-shaped floral border. The zari weaving appears in antique gold and is framed by a geometrical border that is further edged with aari embroidery and sequin work. The same techniques are translated onto the blouse’s sleeves and scooped neckline. Turn around, and the meticulous detailing truly begins. The back features two embroidered lions facing each other, anchored by floral elements and a jaal pattern. She wore a gold necklace constructed from a sequence of elephant pendants, forming a dense, sculptural line at the collarbone. Parrot motifs dropped from the strand, finished with emeralds. She paired it with matching drop earrings and a pair of gajra bangles set with uncut diamonds and emeralds, finished with three jhumka-style domes. Her beauty choices echoed the timelessness of her red silk sari. Ritika Kadam styled her locks into a neat braided bun and adorned it with fresh roses. Makeup stayed luminous with a dewy base, kohled eyes and ","https://assets.vogue.in/photos/698629b6c69cdbc5d44fef8c/16:9/w_1280,c_limit/626820707_1927285017914528_7700356148039474004_n.jpg"
"Feb 07, 2026 @ 23:20:34.776",011b0f37de5b83c1f21225474e2d5f83,https://www.vogue.in/content/the-90s-dresses-are-creeping-back-into-our-wardrobes,The '90s dresses are creeping back into our wardrobes,"From slip to babydoll to spaghetti strap, here’s your cheat sheet to every ’90s dress that feels current again",Daisy Jones,2026-02-07T02:00:00.000Z,"What’s that I hear? Distant birdsong that heralds the arrival of spring 2026? Right now, you may not remember what it’s like to feel the sun on your skin, but soon it will be cute dress season, and more specifically, a return to 90s Following the garish, boom-boom vibe of the late ’80s, the ’90s ushered in a cooler, sleeker, and sometimes grungier feel. The dresses of the decade reflected this approach, via slips styled with very little else, and spaghetti-strap dresses accessorized with tiny shades. It’s a In 2026, ’90s dresses are – surprise! – back on the agenda. From the slip dresses that were all over the Chanel, Acne Studios, and Dolce & Gabbana’s spring/summer 2026 runways (the sheer black slips styled with bulky Does it get more ’90s than a slip dress? Probably not. The underwear as outerwear trend once again has us in a chokehold (searches for “slip dress” on Depop have tripled recently). Pair with jeans or boots for a grungier feel, or throw on without a bra if you’re livin’ la vida loca. One good thing about slip dresses is that you can find them at basically any thrift Chloé It-girl Daisy Edgar-Jones swears by a ruffly babydoll dress (I often think about that yellow minidress she wore last spring), as does supermodel-slash-actor Kaia Gerber. Even so, I personally think there’s no greater babydoll dress-wearer than Courtney Love – the way she styles it with Spaghetti-strap dresses will always be a spring and I lived in a velvet bodycon dress in the early 2010s (I was emulating the ’90s, choker and all), and now we’re seeing More of a cut than a style, the column dress – as in, ","https://assets.vogue.in/photos/6985a3961c83d30708c8a04a/16:9/w_1280,c_limit/1664014305"
"Feb 07, 2026 @ 23:20:35.893",62a4bc461a1def641bdede72956f2077,https://www.vogue.in/content/sonam-kapoors-custom-bubble-skirt-and-diana-pentys-frilled-dress-led-this-weeks-best-looks,Sonam Kapoor’s custom bubble skirt and Diana Penty’s frilled dress led this week’s best looks,Monochromatic palettes let draping do the heavy lifting,Vogue Staff,2026-02-06T17:09:33.831Z,"Drape emerged as the common thread running through this week’s best looks, seen across everything from Sonam Kapoor’s relaxed ","https://assets.vogue.in/photos/69859b74f153324a60df448d/16:9/w_1280,c_limit/SnapInsta.to_626622774_18568201021010901_431352330613123865_n.jpg"
"Feb 07, 2026 @ 23:20:36.996",bda6529262a8923a308e66b965ad08aa,https://www.vogue.in/content/neha-dhupias-urvashi-kaur-ensemble-recuts-archival-indian-textiles-into-modern-silhouettes,Neha Dhupia’s Urvashi Kaur ensemble recuts archival Indian textiles into modern silhouettes,Old textiles get a second life through sharper cuts and modern styling,Vogue Staff,2026-02-06T16:26:07.987Z,"Neha Dhupia’s Urvashi Kaur ensemble brings two different ideas of dressing into the same frame. The upper half leans toward tailoring: a striped tissue silk jacket, worn over a Cut wide and pieced together from upcycled Jewellery is down to a single note: a neckpiece by Amrapali Jewels worn close to the neck. Younten Tsomo pulls hair into a Dutch braid bun, while kohl-lined eyes and a Kaur frequently works with reclaimed textiles, allowing variation and irregularity to remain, which is where Dhupia's look finds its strength. “Add an accent here to give the look an editorial edge. A metallic watch should go a long way and do the heavy-lifting. open up the shirt a button or two more, and leave the blazer unbuttoned. Add an obi belt to the waistline to break up the silhouette,” says Vogue India fashion associate Manglien Gangte. ","https://assets.vogue.in/photos/6985ac097477070e34cc96f3/16:9/w_1280,c_limit/Brocade%20%E2%9C%94%EF%B8%8F%20Blazer%20%E2%9C%94%EF%B8%8F%20braids%20%E2%9C%94%EF%B8%8F%20black%20%E2%9C%94%EF%B8%8F%20Just%20all%20my%20favourite%20things%20with%20my%20favourite%20girls%20%E2%80%A6.%20%20(1).jpg"
"Feb 07, 2026 @ 23:20:38.201",b18d2b031cc3b5a8e54552bab6d41fce,https://www.vogue.in/content/how-to-put-together-a-work-outfit-that-you-actually-like,How to put together a work outfit that you actually like,"Sommyyah Awan, Katrina O'Shea and Daribha Lyndem break down their approach to putting together a chic work outfit",Thea Mulchandani,2026-02-06T13:03:34.767Z,"If you’ve ever found yourself at the receiving end of a “This is a school, not a fashion show” reprimand because your skirt was hitched an inch too high, entering the corporate world as an adult can dredge up some embarrassing memories. Unless, of course, you were to make the office your runway. The average officegoer spends a significant amount of their life under fluorescent lights, shuffling between meetings and coffee runs, before slowly dissolving into monotony. So if the corporate world insists on consuming most of your waking hours, the least it can do is bear witness to a fabulous fit. It’s time to shake up those tired corporate dress codes and take a leaf out of the books of these three professionals. “I’m in the office four to five times a week from 9 to 5, that’s a considerable amount of my life,” shares Awan. “If I look my best, I feel good. I work in an environment where I never know who I’m going to meet. And every encounter is an opportunity for a great first impression.” Awan gravitates towards tailoring—suits, Accessories are where Awan has fun, “I love Awan's work outfit staples include: Finance isn’t known for encouraging fashion risks, but O’Shea has carved out a style that feels both personal and unfussy. Her philosophy is simple: start where you are. “It doesn’t have to be zero to a hundred,” she says. “You can introduce pieces gradually and see how they make you feel and how they’re received.” Those small choices build confidence. “If it feels right, keep going,” she says. “Even something small like a sculptural For O’Shea, practicality is important: “If you’re already running late and you’ve got to pull an ironing board out, it’s game over,” she says. Comfort, however, can be negotiated. “I often sacrifice comfort if it means the outfit comes together beautifully. I commute in heels more often than I should, but at the same time, comfort and style don’t have to be mutually exclusive.” Her wardrobe reflects that reality: wide-leg trousers, crisp shirts and O’Shea is also firmly anti-trend. “One of my greatest fears is walking into a room wearing the same thing as someone else,” she says. “I’d have no choice but to go home.” That approach has helped her build a wardrobe she actually enjoys. “It makes getting dressed exciting,” she says. “It feels like I’m constantly inventing and reinventing.” Crucially, her clothes haven’t undermined her credibility. “Once people see that your professionalism and output are unaffected by how you dress, those preconceptions fade away.” O'Shea's work outfit staples include: Lyndem’s approach to office dressing is uncomplicated. “The day I want to wear neutrals, I’ll wear neutrals,” she says. “The day I want to be colourful, I’ll wear colourful clothes.” Her style is eclectic, intuitive and driven by mood rather than rules. “Sometimes the colour combinations I choose are something I’ve just seen on the street, like the wall outside a shop and its shutters. Colour is everywhere in India, so it’s quite easy.” Experimentation is key. “You’re just going to have to mix and match and try everything,” she says. “You try everything and make do with whatever you have. If I see something trendy or something I like, I’ll get it stitched,” she explains, which allows her to personalise trends rather than replicate them. That same mindset carries into traditional wear. Lyndem often looks to Pinterest for inspiration, especially for And when all else fails? “I just wear a jumpsuit,” she laughs. “You zip it up and you’re done.” No second-guessing, no overthinking. Lyndem’s work outfit staples include: ","https://assets.vogue.in/photos/6985cef841753ced2e0090f2/16:9/w_1280,c_limit/DSC_3519.jpeg"
"Feb 07, 2026 @ 23:20:39.446",1606ab126dee25ac72ef5e7ec6448911,https://www.vogue.in/content/triptii-dimris-burnt-orange-anarkali-clusters-mirror-work-along-the-bodice,Triptii Dimri’s burnt-orange anarkali clusters mirror work along the bodice,"Paired with straight-fit pants, organza layers and traditional jewellery",Vogue Staff,2026-02-05T12:34:22.861Z,"Triptii Dimri stepped out for Netflix's The silhouette features a fitted strapless bodice with a deep plunge that accentuates her neckline, before opening out at the back and fastened by a dori. The empire waistline is fully embroidered in fragments of mirror work and floral motifs, which gently dissolve into faint Lakshmi Lehr emphasised the look's festive theme by accessorising it with earrings from Mortantra. A stack of gold bangles and rings curated from Maya Sanghavi and Shri Paramani jewels adorns the hands for added glamour. Seema Mane pinned her locks in a half-updo style. The beauty look was kept “Amplify the desi charm of this look. Swap the strappy sandals for a pair of leather juttis, add an embroidered potli with tassels and flowers to the hair. Take it even further by adding a stack of bangles to both hands,” says Vogue India fashion associate Manglien Gangte. ","https://assets.vogue.in/photos/6984293b11019219c3f034de/16:9/w_1280,c_limit/%E2%9D%A4%EF%B8%8F%E2%9D%A4%EF%B8%8F.jpg"
"Feb 07, 2026 @ 23:20:40.724",7fdf2fd5738d84bbe06ba425c6921f8e,https://www.vogue.in/content/in-2026-ballet-flats-should-be-paired-with-everything,"In 2026, ballet flats should be paired with everything","If 2025 was the year ballet flats came back, 2026 is the year we’re pairing them with everything. Here’s how the street-style set is wearing theirs, whatever the weather.",Laura Cerón,2026-02-05T10:01:41.584Z,"If any footwear trend dominated 2025, it was undoubtedly the Add a pair of well-chosen Ballerinas teamed with sweatpants, sweatshirts, or a techy shellsuit is a A combination that will be instantly familiar to anyone who spent their formative years on Tumblr, leggings with ballet flats immediately call to mind Alexa Chung in the 2010s, strutting around New York in her Charlotte Olympia Kitty Whether you’re in a rush or simply want something that works, this classic combination is always the answer. Paired with straight-leg jeans and a Ballerinas worn with tailored trousers are the ","https://assets.vogue.in/photos/698423266d017fd697227a82/16:9/w_1280,c_limit/GettyImages-2204539169.jpg"
"Feb 07, 2026 @ 23:20:41.876",ad6189d7868aa54aede9c31eb6e025f2,https://www.vogue.in/content/samantha-ruth-prabhus-jean-paul-gaultier-mariniere-top-breaks-into-fringe,Samantha Ruth Prabhu’s Jean Paul Gaultier marinière top breaks into fringe,The monochrome look is paired with metal accents and no-makeup makeup,Vogue Staff,2026-02-04T16:58:54.970Z,"Samantha Ruth Prabhu stepped out for Paired with black flared trousers, the monochrome palette carries across her ensemble with black YSL Opyum pumps and a Hermès Kelly Cut. Metal accents keep the look minimal, with a bangle, watch and Gold Flick earrings, one of Bhatia’s creations. The fringe feels current, having crept back into collections across global runways through texture and embellishment. In the past few seasons, it has surfaced at houses like Bottega Veneta, Alaïa, Burberry, Chanel, Kresha Bajaj and more. Here, it appears not at the hem but as a structural interruption, changing how the top moves as the body does. Her hair is slicked back, and makeup stays understated with light-smoky eyes, soft blush and a nude lip on a luminous “The look needs nothing else, but if you dare, add a hint of gold. Think of a metal breastplate glinting through that slit down to the waistline of the trousers. Not only will this add structure to the fringed top, it will also instantly elevate it to high-fashion brackets,” says Vogue India fashion associate Manglien Gangte. ","https://assets.vogue.in/photos/6982da3f1c9baf5740ae248b/16:9/w_1280,c_limit/GettyImages-2259279135.jpg"
"Feb 07, 2026 @ 23:20:42.920",ffee0b511089d49863639575fc33daeb,https://www.vogue.in/content/sreeleelas-tartan-ensemble-shifts-shape-at-the-waist,Sreeleela's tartan ensemble shifts shape at the waist,From AFEW Rahul Mishra’s Silk Route collection showcased at Lakmē Fashion Week and shaped by cross-cultural exchange,Vogue Staff,2026-02-03T15:15:13.287Z,"Sreeleela’s plaid look from AFEW Rahul Mishra Fall–Winter 2025 shifted attention away from the body’s usual lines. Instead of narrowing at the waist, the silhouette widened there, using volume as its defining move. Cut in Scottish tartan, the fabric brought familiarity to an otherwise unconventional shape. The bustier opens with a dramatic pannier-like expansion at the waist. The volume sat firmly at the midsection, while the lower half dropped straight, allowing the interruption in shape to stand on its own. Seen within AFEW Rahul Mishra’s Silk Route collection at Lakmē Fashion Week, the ensemble pushes proportions at a time when many silhouettes remain cautious. The emphasis here was not accents or ornamentation, but shape as structure. Malkit J Gill keeps the accessories limited to black pumps, drop earrings from Outhouse that mirror the rounded volume introduced at the waist. Raashika Shetty kept the eyes as the focus of the beauty look with fluttery lashes, a natural flush on the cheeks and a nude lip. “Lean into the drama of the silhouette by adding a Napoleon bolero to accentuate the pannier and balance its structure. Keep the hair sleek and away from the face, and add smoky eyes for that military effect. Take it even further with a pair of lace-up high-heeled boots,” says Vogue India fashion associate Manglien Gangte. ","https://assets.vogue.in/photos/69818023a2d6ac207e4e5c22/16:9/w_1280,c_limit/A%20lil%20dramatic%20...@afew.rahulmishra%20%E2%9C%A8.jpg"
"Feb 07, 2026 @ 23:20:44.328",ce616e6f558a3f80181489fa2f4a1218,https://www.vogue.in/content/madhuri-dixit-nenes-jayanti-reddy-sari-traces-its-emerald-silk-with-zardozi,Madhuri Dixit Nene’s Jayanti Reddy sari traces its emerald silk with zardozi,"The blouse is fully worked, with the neckline carving out the only pause in the surface",Vogue Staff,2026-02-02T14:00:23.770Z,"Madhuri Dixit Nene’s emerald green silk The blouse is fully embroidered to match, with a deep neckline at the front and an open back secured with a tie-up dori. The embroidery across the blouse is tighter and more compact than on the sari, creating a clear visual contrast. Styled by Disha C Punjabi, the jewellery stays within the traditional vocabulary. Dangling jhumkas from Khurana Jewellery House are paired with a kundan bangle and a statement ring from Maya Sanghavi. Ritika Turakhia works with warm brown tones on the eyes and a reddish-brown lip, keeping the skin luminous and even. Sheettal F Khan leaves the hair loose in loose waves akin to the softness of the drape. “Keep the ring but leave the wrists bare; the embroidery is already doing the heavy-lifting. If you still want to, a couple of slinky gold bangles should just hit the right spot. Add an embroidered gold potli with tassels to add some light movements to the look,” says Vogue India fashion associate Manglien Gangte. ","https://assets.vogue.in/photos/6980ad69e556304e9a212371/16:9/w_1280,c_limit/SnapInsta.to_626365633_18552444388052425_786484958423409839_n.jpg"
"Feb 07, 2026 @ 23:20:45.557",4c2923eef48fc6125ee7b1e2b615c33c,https://www.vogue.in/content/sonam-kapoors-velvet-alaia-gown-curves-wide-across-the-shoulders,Sonam Kapoor’s velvet Alaïa gown curves wide across the shoulders,Eveningwear built around absence rather than embellishment,Vogue Staff,2026-02-02T13:40:10.441Z,"Sonam Kapoor wore a navy velvet gown by The neckline runs wide across the shoulders, dipping gently at the front and opening further across the back. Seen from different angles, the cut shifts how the dress reads, drawing attention repeatedly to the upper frame rather than the body of the gown itself. Velvet gives the surface a low sheen that changes subtly under light. Styled by Rhea Kapoor with Sanya Kapoor, the look is finished with Amrapali Jewels drop earrings, a Golecha’s Jewels ring, and a Chopard watch. Hiral Bhatia leaves her hair loose while Namrata Soni softly shades her lids in warm brown tones with lined eyes, flushed cheeks and a muted “Like Sonam Kapoor, opt for a rich velvet gown in a darker hue to create a refined evening vibe that still feels comfortable during pregnancy. Choose an off-shoulder silhouette to draw the eye upward and balance your proportions beautifully. Keep accessories and makeup minimal so the outfit remains the focal point without feeling heavy,” says Vogue India fashion associate Divya Balakrishnan. ","https://assets.vogue.in/photos/6980290ade23057a4f1ca197/16:9/w_1280,c_limit/A%20new%20chapter.%20And%20a%20full%20circle%20moment%20with%20@lorealgroupe%20Proud%20to%20be%20the%20first%20face%20from%20India.jpg"
"Feb 07, 2026 @ 23:20:46.935",05755ff185749bef9c0ef93d20fd5616,https://www.vogue.in/gallery/from-sabrina-carpenter-to-lady-gaga-see-every-look-from-the-grammys-2026-red-carpet,From Sabrina Carpenter to Lady Gaga: See every look from the Grammys 2026 red carpet,"Keep up with the 2026 Grammys red carpet, and follow along throughout the night for live updates.",Vogue,2026-02-02T02:08:56.005Z,,"https://assets.vogue.in/photos/697ffff672cdc6dede15ba15/16:9/w_1280,c_limit/2259465961"
"Feb 07, 2026 @ 23:20:47.526",8b752a61595c772bb6fbfecd1c6c6206,https://www.vogue.in/content/keerthy-sureshs-lime-green-velvet-kurta-is-adorned-with-a-melange-of-zardozi-resham-and-metal-work,"Keerthy Suresh’s lime-green velvet kurta is adorned with a mélange of zardozi, resham and metal work",The south star styled her RajiRamniq look with a pair of jeans,Nupur Sarvaiya,2026-02-01T05:30:00.000Z,"For a recent press tour, Keerthy Suresh stepped out in a styling choice that reflects a larger shift in Indian occasion wear. She opted for a velvet kurta by RajiRamniq with blue At the centre of her look is a lime-green kurta from RajiRamniq’s ‘Nisbat’ collection, which draws from the idea of connection between craft and contemporary life. According to designers Raji Sharma and Ramniq Tangri Khatri, “crafted in a luminous velvet fabric, the kurta features a fluid straight silhouette with side slits for movement and modernity. The rich lime-green hue brings depth and royalty, while the relaxed structure keeps it breathable, wearable and celebration-ready.” A closer look at the kurta reveals its dense and layered craftsmanship. “The piece comes alive through an amalgamation of traditional embellishment like pearls, zardozi, Resham and metal coins in a modern, contemporary design,” the designers explain. “In the Nisbat collection, each element is applied through a carefully staged, hand-led process. Resham embroidery frames the borders and establishes definition. Zardozi adds architectural depth. Pearl work introduces softness and a subtle sheen, while mirror work is intentionally restrained to enhance light and movement. Metal coins at the neckline function as a tactile, heritage-inspired detail,” the duo elaborates about the surface ornamentation that took approximately 48 to 60 artisanal hours. “One of the understated strengths of the kurta lies in its versatility. While the craftsmanship gives it a ceremonial presence, the silhouette is intentionally balanced to move easily across contexts. It can be paired with a velvet sharara for formal settings or worn effortlessly with denims for a relaxed, contemporary look, much like Keerthy Suresh did,” they add. Leaning fully into the bohemian mood, the actor extended the aesthetic through her accessories, opting for a choker and earrings from Binni, a floral silver ring from Abhilasha Jewelry Collection, and another from Keiyura Jewelry. Her hippy fishtail braid was finished with oxidised accents from Rubans Jewellery, while smoky kohled eyes and nude lips completed the look. For footwear, she picked a pair of heels from Fizzy Goblet, adorned with embroidery that mirrored the crafts on her kurta. ","https://assets.vogue.in/photos/697deaee7dbb456fe68c55df/16:9/w_1280,c_limit/SnapInsta.to_621856561_18500679667072617_2944695769354488181_n.jpg"
"Feb 07, 2026 @ 23:20:48.846",f9bd8dc7082b36706da219ca99d8926e,https://www.vogue.in/content/kareena-kapoor-khan-and-tripti-dimri-embrace-the-colour-of-the-cloud-dancer-in-this-weeks-best-looks,Kareena Kapoor Khan and Triptii Dimri embrace Cloud Dancer in this week’s best looks,"A range of long, trailing ensembles puts its emphasis on a white base",Vogue Staff,2026-01-31T11:35:03.119Z,"This week’s standout looks leaned towards the colour of the year in long, dramatic silhouettes, with added flourishes of pleats and hand-embroidered motifs. From Kareena Kapoor Khan's fluid satin gown and Kareena Kapoor Khan's scallop-embroidered jacket adds more depth to an already composed ivory satin gown. The actress completes the look with diamond accessories and open-toe heels. Hair is slicked back in a neat bun, while the makeup stays minimal with a winged liner, a touch of blush and a nude lip. ","https://assets.vogue.in/photos/697c6c0f44aa19900d17299b/16:9/w_1280,c_limit/Layers%20of%20elegance%20%F0%9F%95%8A%EF%B8%8F%E2%9C%A8%20@kareenakapoorkhan%20for%20@malabargoldanddiamonds_me%20#LakshmiLehrStyles%20Wea.jpg"
"Feb 07, 2026 @ 23:20:50.054",fe63cf4644d577bda4820fc215e949ff,https://www.vogue.in/content/samantha-ruth-prabhus-pistachio-banarasi-silk-sari-is-hand-beaten-patua-zari,Samantha Ruth Prabhu’s pistachio Banarasi silk sari is hand-beaten patua zari,The actor paired her Label Sourav Das drape with emerald jewellery,Nupur Sarvaiya,2026-01-31T11:33:08.381Z,"On Republic Day, Samantha Ruth Prabhu made her way to the Rashtrapati Bhavan for the At Home reception after receiving an invite from President Droupadi Murmu. For the occasion, the south star wore heritage on her sleeves, turning to a revival Banarasi Iktara weave from the Label Sourav Das. Rendered in a pistachio green that looks time-honoured yet freshly calibrated for now, the sari breaks from the primary jewel tones typically associated with Banarasi drapes. The silk canvas is scattered with gold woven buttis, while a rich border and pallu elevates it. “Samantha’s is wearing a quintessential Hazar Buiti Asharfi Sikka revival Banarasi sari with a bygone angri border woven in finer counts of mulberry silk. It also has konias on either side of the pallu. The sari is woven with Kaduwa method in Iktara style with hand-beaten patua zari,” shares Sourav Das. The Iktara, also known as single thread, technique offers not just strength and smoothness but also a fluid fall and a resilient life that’s prized by connoisseurs. Banarasi saris have long occupied a rarefied place in Indian wardrobes. Their lineage traces back centuries of royal patronage and painstaking craftsmanship. One weave can take weeks, sometimes months, to complete, with master weavers translating complex designs onto looms that demand memory and muscle. What makes them singular is not just the silk or the zari, but the varied motifs, from florals nodding to abundance, to paisley border, signifying fertility and eternity. In the actor’s sari, the geometric buttis, which speaks of cosmic order, feels particularly resonant. It serves an emblem of continuity for a woman who has repeatedly chosen longevity over trend. She completed the look with an open-setting diamond and emerald choker, complemented by matching stud earrings and a statement ring from Golecha’s Jewels. Her hair was worn in a sleek, middle-parted half-up, half-down style, while her makeup stayed understated and refined with a matte, skin-like base, softly smoked eyes and a nude lip that let the jewellery and weave take the spotlight. A pistachio sari and jewels, like hers, is a smart trousseau investment. While it is timeless in spirit, it is refreshingly modern and versatile enough to move seamlessly from intimate family ceremonies to landmark events for years to come. ","https://assets.vogue.in/photos/697de80b14e8595cf3162357/16:9/w_1280,c_limit/SnapInsta.to_622435398_18426096313142519_2160560306263821409_n.jpg"
"Feb 07, 2026 @ 23:20:51.137",61bccb679ecd94391eb727940a0dc4f4,https://www.vogue.in/content/triptii-dimris-rohit-bal-anarkali-flows-beneath-an-aari-embroidered-dupatta,Triptii Dimri’s Rohit Bal anarkali flows beneath an aari-embroidered dupatta,"Cloud Dancer, but make it desi",Vogue Staff,2026-01-30T14:42:29.622Z,"Stepping out for film promotions, Triptii Dimri chose an ivory anarkali set by The chanderi silk has a light sheen and fluid fall. beneath it, straight-fit trousers are visible at the hem, adding a second layer of form under the anarkali’s sweep. An organza dupatta is draped along one side, with tonal silk-thread aari embroidery running along the edges, giving the appearance of texture against the plain white body of the outfit. Stylist Chandini Whabi pairs the ensemble with pearl juttis from Fizzy Goblet and jewellery from Amrapali Jewel. Hairstylist Seema Mane side-parted the open hair, which cascaded in soft waves. Makeup artist Pooja Rohira Fernandes pared back the beauty look with neutral tones on the kohl-eyed lids, fluttery lashes, smoothly shaped brows, rosy cheeks, and a neutral “Amp up the look with heavier jewellery and a heavier embroidered dupatta or shawl to create more depth. Work with a messy bun and thick kohl eyes to complete the look,” says Vogue India fashion associate Divya Balakrishnan. ","https://assets.vogue.in/photos/697c422e59c5e68db0a78e5c/16:9/w_1280,c_limit/I%E2%80%99d%20definitely%20win%20if%20posting%20late%20were%20an%20award%20category%F0%9F%8F%86%F0%9F%98%8E.jpg"
"Feb 07, 2026 @ 23:20:52.533",b2f7a31465a2402155be9d90ba0dc8f0,https://www.vogue.in/content/deepika-padukones-bandhani-sari-is-edged-with-marodi-embroidery,Deepika Padukone's bandhani sari is edged with marodi embroidery,"A deep-neck, fully embroidered blouse introduces a heavier surface against the sari’s open tie-dye",Vogue Staff,2026-01-29T14:59:04.886Z,"The first thing you notice about Deepika Padukone's ensemble by Label Anushree is the blouse. Deep-neck, densely embroidered, and visibly heavier in surface than the bandhani The silk sari itself is rendered in a purple bandhani, with large, evenly spaced tie-dye motifs running across its length. The pattern stays consistent from end to end, without variation in scale or spacing. A narrow embroidered border runs along the edge of the sari. The work here is finer and more linear than the bandhani, sitting as a clear edge detail of marodi embroidery. The blouse is fully covered in geometric embroidery with sequins and beads, worked closely across the bodice. Its surface treatment is tighter and more concentrated than the sari, setting up a clear textural difference between the two pieces. Stylist Shaleena Nathani kept the ensemble within its ethnic and festive theme with the jewellery featuring a pair of Padukone wears her hair slicked back and in a low bun with a beauty look that focuses on her eyes, kohl-lined and lightly smoked out. Soft, warm-toned blush sweeps up to her temples, giving her face a lifted appearance, paired with a “The pattern mixing works because of the unfussy styling. Take it just a notch further with an oxidised kamarbandh to match the choker, and a string of jasmine on the bun,” says Vogue India fashion associate Manglien Gangte. ","https://assets.vogue.in/photos/697ae8a5a7d84642d3fb961a/16:9/w_1280,c_limit/more%20moments%20from%20chris%20and%20sneha%E2%80%99s%20beautiful%20New%20York%20City%20wedding%20%F0%9F%92%8D%E2%80%A2%E2%80%A2%E2%80%A2#nycwedding%20#nycphotogr.jpg"
"Feb 07, 2026 @ 23:20:53.661",fa1cc36bb8c211818e1b51045129f33f,https://www.vogue.in/content/karisma-kapoors-siddhartha-bansal-jacket-hides-its-sharpest-detail-at-the-pockets,Karisma Kapoor’s Siddhartha Bansal jacket hides its sharpest detail at the pockets,The ensemble is a structured statement in florals,Vogue Staff,2026-01-28T14:00:26.417Z,"Dense florals run across the jacket and continue uninterrupted into the skirt worn by Karisma Kapoor for her appearance on MasterChef India. The Siddharth Bansal look centres on a teal bandhgala-inspired jacket and fabric-covered buttons running straight down the front. The surface is printed rather than Stylist Esha Amin Pradhan gives the structured piece a touch of heritage with its metallic accessories featuring an oxidised bangle, a stack of rings, Kritika Gill kept Kapoor's hair in a simple half-updo style, letting the remaining fall in soft waves. Makeup was kept bold with smoky eyes, voluminous lashes, defined eyebrows and a “Rethink this co-ord set by taking it from a formal setting to a fun, streetwear-inspired look. Swap the skirt for a mini bubble silhouette, or layer the skirt with a military-style jacket or structured blazer. Finish the look with Keds or classic sneakers, and keep the accessories effortless—think a relaxed wrist stack and easy, everyday add-ons,” says Vogue India fashion associate Divya Balakrishnan. ","https://assets.vogue.in/photos/697992a242c113675c0095b4/16:9/w_1280,c_limit/%F0%9F%A6%8B%F0%9F%A9%B5%F0%9F%91%A9%F0%9F%8F%BB_%F0%9F%8D%B3%F0%9F%A9%B5%F0%9F%A6%8B.jpg"
"Feb 07, 2026 @ 23:20:55.078",f0a71ebe9da47addaeb00e8537fcda1f,https://www.vogue.in/content/kareena-kapoor-khans-scallop-embroidered-jacket-adds-weight-to-an-otherwise-fluid-satin-gown,Kareena Kapoor Khan’s scallop-embroidered jacket adds weight to an otherwise fluid satin gown,"With jewellery kept architectural and a pared-back beauty look, the jacket is allowed to lead",Vogue Staff,2026-01-28T06:09:29.273Z,"Kareena Kapoor Khan stepped out for a Malabar Gold and Diamonds event wearing a satin gown and hand-embroidered jacket set by 431-88. The look centres on a fluid ivory halter dress, gathered into a soft knot at the waist that pulls the fabric inward before it releases into a straight, elongated fall. Layered over it is the label’s Tara scallop-embroidered jacket, worked densely in silver thread and beadwork. The surface pattern repeats in curved rows, creating a rippled texture that reads clearly even from a distance. Cut long and worn open, the jacket frames the gown with side slits and split sleeves, allowing the embroidery to move as she walks. Stylist Lakshmi Lehr paired the ensemble with open-toe heels from Aquazurra and long, diamond drop earrings by Malabar Gold and Diamonds that flow with the jacket's vertical lines Cristiano Pereira slicked her hair back, while Pompy Hans focused the makeup on a winged eye, a light touch of blush through the cheeks and a “Ditch the satin dress and swap it for a golden lamé tone-on-tone jumpsuit. Pair this with a long, embellished overcoat, like Kareena Kapoor Khan's. Pair this with statement earrings or a cuff. Chunky high heels if you are going for an event, or sleeker stilettos if you don't want to go that bold,” says Vogue India fashion associate Divya Balakrishnan. ","https://assets.vogue.in/photos/697841579e75f893c71d9a62/16:9/w_1280,c_limit/Layers%20of%20elegance%20%F0%9F%95%8A%EF%B8%8F%E2%9C%A8%20@kareenakapoorkhan%20for%20@malabargoldanddiamonds_me%20#LakshmiLehrStyles%20Wea.jpg"
"Feb 07, 2026 @ 23:20:56.513",716c6aefb3b2ca03f22d97f9465b4ca0,https://www.vogue.in/content/rani-mukerji-channels-quiet-luxury-in-an-ivory-sabyasachi-sari,Rani Mukerji channels quiet luxury in an ivory Sabyasachi sari,The sari returns with a different styling register to mark 30 years of her cinema,Vogue Staff,2026-01-26T11:33:48.217Z,"To mark 30 years in cinema, Rani Mukerji didn’t debut something new. She returned to an ivory Sabyasachi Commanding diamond earrings are paired with a slim necklace, softened by softly waved hair by Mitesh Rajani. Mickey Contractor centres the makeup look on smoky, kohl-lined eyes and a In its earlier outing, the sari was styled with layered pearl necklaces, a large pendant, ruby-centred earrings, bangles, a red bindi and hair worn in a low bun with a floral accent. Here, the styling shifts direction to a more minimal route. The fabric and embroidery do more of the work, and the styling steps back just enough to let that show. “A failsafe remedy to elevate an all-white look is oxidised jewellery. Add a pair of oversized jhumkas and keep the neck bare. brighten up the look with a dot of bindi, and a darker shade of lipstick to add some colour,” says Vogue India fashion associate Manglien Gangte. ","https://assets.vogue.in/photos/69732e751e1a1f7df74c8fde/16:9/w_1280,c_limit/30%20years%20later,%20still%20without%20limits.Grace%20that%20feels%20infinite.%20%F0%9F%A4%8D%F0%9F%92%87_%E2%99%80%EF%B8%8F%20+%20%F0%9F%92%84-%20@miteshrajani%20#Ran.jpg"
"Feb 07, 2026 @ 23:20:57.763",de5f3407466eae8b4c9c8121ee0f925d,https://www.vogue.in/content/jewellery-styling-tricks-to-steal-from-the-runway,The 7 jewellery styling tricks to steal from the runway,"From chandelier earrings and sunglasses at Saint Laurent to XL corsages at Chanel, these are the jewellery updates to add to your springtime wardrobe. ",Laura Hawkins,2026-01-25T03:00:00.000Z,"One of the simplest (and most successful) ways of easing into the new season is to adopt a From tie pins to chandelier earrings and sunglasses, below are the jewellery styling tricks to steal from the spring/summer 2026 runways. The most talked about and immediately translatable styling trend for spring/summer 2026 was layering jewellery over clothing. A maximalist look for the bohemian inclined (slick, stealth wealth dressing this is not), Rabanne stacked sizeable mixed-metal floral Thanks to Thanks to the ongoing obsession with preppy style (rugby shirts, boat shoes, baseball caps et al), the Sloane Ranger-adored signet ring has emerged as one of spring’s must-buy pieces. We could dedicate an entire story to the styling tricks at Michael Rider’s sophomore Celine show, but our strongest takeaway is that signet rings are not just for your pinky, they should be worn stacked with ostentatious aplomb on every finger. Where’s the beach? For Ralph Lauren – who hosted its show in its Madison Avenue HQ – it can be anywhere, as long as you’re sporting layered cord necklaces, strung with silver pendants and pearls. Silver is outpacing gold as the metal to invest in (according to the Editors literally swooned at Matthieu Blazy’s debut ready-to-wear show for The unofficial award for best souped-up chic goes to Saint Laurent, who delivered on unabashed ’80s glamour, with oodles of tiered taffeta, biker leathers and XL bows. For an entry-level take on Anthony Vaccarello excess, opt for oversized chandelier Tory Burch has decreed that brooches aren’t just for a jacket lapel or chest pocket. For spring/summer 2026, the designer lent into an eclectic individualism, which saw vintage-style bar brooches, embellished with ","https://assets.vogue.in/photos/697309a6c3f2ac6a9a5ca833/16:9/w_1280,c_limit/GettyImages-2238174907.jpg"
"Feb 07, 2026 @ 23:20:58.959",87671b373eff039ebad3d39d9e3bb75e,https://www.vogue.in/content/disha-patanis-ivory-pre-draped-sari-is-teamed-with-a-bejewelled-blouse-with-8000-gemstones,"Disha Patani’s ivory pre-draped sari is teamed with a bejewelled blouse with 8,000 gemstones","Keeping the spotlight on the outfit, she skipped ornate layering in favour of chaandbali earrings with uncut diamonds and emerald drops, finishing with just two kadas",Nupur Sarvaiya,2026-01-24T10:21:20.331Z,"Disha Patani's Monisha Jaising’s ‘Haya’ “I wanted to showcase that opulence into couture drapes. It is translated as linear jewelled lines that glide across the body with intention.” These embellishments are engineered to sculpt rather than merely ornament, creating what she describes as “a fluid, goddess-like silhouette that feels both sensual and strong.” The sari’s pre-draped construction underscores its modern sensibility and wearability. Crafted in fine tulle and bobbinet, it achieves “an almost weightless elegance,” despite the density of detail. The bejewelled blouse is where the narrative intensifies into full couture spectacle. “The blouse is truly a statement,” says Jaising, who imagined it “as a stacked composition of Victorian jewel lines.” The design language borrows directly from heirloom necklaces, layering various Keeping the focus firmly on the outfit, Disha Patani kept to an understated yet impactful beauty look, with soft smoky eyes, nude lips and layers of mascara. She also gave ornate accessories a rain check in favour of chaandbali earrings with uncut diamonds and emerald drops, finishing the look with just two kadas for finishing touches. ","https://assets.vogue.in/photos/69749addeab66172adb117e5/16:9/w_1280,c_limit/SnapInsta.to_620982840_18567680224013912_6243128825711559579_n.jpg"
"Feb 07, 2026 @ 23:21:00.220",68262854694722b2632809fd27813db5,https://www.vogue.in/content/in-2026-faded-jeans-are-making-a-comeback,"In 2026, faded jeans are making a comeback","Whether distressed, low-rise or bootcut, faded jeans are officially back.",Alexandre Marain,2026-01-24T02:00:00.000Z,"London-based designer Aaron Esh infuses his latest collection with details inspired by the British indie scene. The result is a pair of slightly distressed, faded jeans. For McQueen, Seán McGirr revived the A staple of the 2000s, faded jeans first appeared in the 1980s with the bleached process, which involves treating denim with bleaching enzymes and pumice stones. This process allows each pair to be unique and varied. Iconic celebrities like Paris Hilton, Tara Reid and Kate Moss have succumbed to this trend, which adapts to all styles, combining Y2K with At the time, If raw denim and To recreate the faded look without resorting to water, Guess teamed up with Jeanologia, giving birth to a technology that replaces water with air, drastically reducing its consumption. Jeanologia has already developed numerous innovations (laser, ozone, e-Flow, SmartBoxes and H2 Zero), all designed to reduce the use of water, energy and chemicals in the fashion industry. ","https://assets.vogue.in/photos/695b43f78f93bcca634d2879/16:9/w_1280,c_limit/Capture%20d%E2%80%99e%CC%81cran%202025-11-14%20a%CC%80%2012.14.15.png"
"Feb 07, 2026 @ 23:21:01.521",5b08b6ac517bdc0d006fd0bada388c45,https://www.vogue.in/content/madhuri-dixit-nenes-gauri-and-nainika-gown-lets-florals-take-over,Madhuri Dixit Nene’s Gauri and Nainika gown lets florals take over,"Warm, smoked eyes and a saturated berry lip add to the look's romantic mood",Vogue Staff,2026-01-23T15:53:40.817Z,"There’s something almost cinematic about the way florals take over Madhuri Dixit Nene’s organza gown. Large, unapologetic blooms stretch across the base of the midi gown by Gauri and Nainika. It is built to let print lead. Oversized florals in deep red and green hold their ground against the midnight base, creating a surface that feels lush without being busy. There’s no distraction here, no secondary texture or embellishment fighting for attention. A wrapped, shawl-like neckline shapes the bodice before the skirt opens out. Organza keeps everything flowing, allowing volume to exist without weight. Stylist Sukriti Grover pairs the dress with pieces from Joolry within the romantic floral theme of the ensemble. The beauty look by Billy Manik and Queensly Chettiar follows suit with soft waves and warm makeup; defined eyes and a berry lip that feels in conversation with the florals rather than layered on top of them. “For a look so well put together, it is always nice to add an unexpected element that doesn't belong. The plain nail on the ring finger, for example. Swap the pumps for a pair of white slingbacks to give the look a balanced contrast without killing the charm of the look,” says Vogue India fashion associate Manglien Gangte. ","https://assets.vogue.in/photos/6972fbb72223ce1076f16084/16:9/w_1280,c_limit/Elegant%20and%20Effortless%20%F0%9F%A4%8C%F0%9F%8F%BB%E2%9D%A4%EF%B8%8F@madhuridixitnene%20for%20The%20Kapil%20Sharma%20Show%20%F0%9F%A4%8DOutfit%20@gauriandnaini.jpg"
"Feb 07, 2026 @ 23:21:03.234",8be508e45a51295f5b6a5ea0b2df389c,https://www.vogue.in/content/sanya-malhotra-and-shanaya-kapoor-let-monotone-dressing-lead-this-weeks-best-looks,Sanya Malhotra and Shanaya Kapoor let monotone dressing lead this week’s best looks,"From coastal maxi dresses to denim co-ord sets, a singular palette took centre stage",Vogue Staff,2026-01-23T13:35:15.499Z,"This week’s standout fashion leaned into chic minimalism, with Shanaya Kapoor chose a green Christopher Esber jersey gown. The sleeveless silhouette hugged the body, while the midriff cut-out and strategic gathering at the hips created fluid movement. A plunging neckline dialled up the drama, offset by a sleek bun and gold earrings. Clean-girl makeup kept the styling sharp, confident and modern. ","https://assets.vogue.in/photos/697340287787b3492b0fe1f5/16:9/w_1280,c_limit/croc-coded%F0%9F%90%8A%20(1).jpg"
"Feb 07, 2026 @ 23:21:04.861",e6d614cee674f098c24ce536b58fa34b,https://www.vogue.in/content/dia-mirzas-benarasi-silk-jacket-set-is-woven-with-botanical-motifs,Dia Mirza's Benarasi silk jacket set is woven with botanical motifs,"From Anita Dongre’s Rewild ’26 collection, the ensemble brings the handwoven craft to a Western silhouette",Vogue Staff,2026-01-22T15:57:24.724Z,"Dia Mirza’s look centres on a Benarasi silk jacket set from The jacket is gathered at the waist with a wide black belt, which introduces a strong horizontal break through the brocade. That cinch shapes the upper half of the look, while the wide-leg trousers extend the same weave through the length of the body, keeping the pattern continuous from top to hem. Styled by Theia Tekchandaney, the look is kept minimal in its finishing. Flower-shaped stud earrings pick up on the botanical motifs already present in the fabric. Hair by Meitei Mohandas is worn loose with a side part, its natural wave offsetting the formality of the jacket. Makeup stays warm and tonal, with bronze-shadowed eyes, defined lashes and rose “A brocade blazer paired with a matching skirt is a versatile ensemble that transitions seamlessly from a corporate event to a wedding or an evening out. The key lies in the subtle nuances of styling, which allow the same look to feel appropriate for each occasion. To elevate the outfit, add one or two fine jewellery pieces—such as a polki choker or a statement cuff. For a corporate setting, opt for simpler metallic jewellery in understated tones to keep the look polished and professional, while adding a belt like Dia Mirza to cinch and break the look,” says Vogue India fashion associate Divya Balakrishnan. ","https://assets.vogue.in/photos/697241dcbb0903a9f8078fb2/16:9/w_1280,c_limit/SnapInsta.to_619189400_18551451247007430_5160172907391770716_n.jpg"
"Feb 07, 2026 @ 23:21:06.335",e25695aea4681b7e694f36d40f407d8a,https://www.vogue.in/content/10-stand-out-bags-from-priyanka-chopra-jonass-collection,10 stand-out bags from Priyanka Chopra Jonas's collection,"Spanning statement evening pieces, practical travel totes and off-duty staples",Vogue Staff,2026-01-22T14:46:07.907Z,"No matter the setting, an after-party, an airport run or a family holiday, The classic Mini bags may be an obsession, but it's the slightly roomier mini silhouettes Chopra Jonas is gravitating to. The Golden Globes presenter stepped into the after-party carrying a Bvlgari Serpenti Baia silver shoulder The actress styled a not-so-mini bucket bag with a sleek The actress stepped out from the Often known to experiment, some of her recent bags explored the avant-garde territory. A  feather-clad clutch claimed its own spotlight at Anjula Acharia's Diwali party. Another standout piece was her When travelling, the actress prioritises utility above all else, preferring larger totes that accommodate all her essentials while matching the overall comfort of her Days when she isn't hustling between sets or flights, her pace slows and so does her bag choice. Leaning into simpler, lighter shapes, her ","https://assets.vogue.in/photos/6972339fe3cf27781367c323/16:9/w_1280,c_limit/SnapInsta.to_502713317_18529510465041483_2472190590131403934_n.jpg"
"Feb 07, 2026 @ 23:21:07.726",b8eb3eb02083345a06e23d1b1c891ba7,https://www.vogue.in/content/a-life-beautifully-lived-hamish-bowles-remembers-valentino,A life beautifully lived—Hamish Bowles remembers Valentino,"Valentino Garavani conquered the worlds of fashion and style, bringing a certain idea of beauty to all he touched",Hamish Bowles,2026-01-22T05:17:47.570Z,"Valentino Clemente Ludovico Garavani—known, simply and powerfully, as Valentino—was born on May 11th, 1932, in Voghera, a rather quiet place lost somewhere between Milan and Genoa. But by the time he died, aged 93, on January 19, he had conquered the worlds of fashion and style, bringing a “I love beauty—it’s not my fault,” Valentino famously said with a shrug, and in fashion, he saw a way to captivate and ensnare women (his only clients when starting out, before he widened the purview of his well-dressed net). He trained at the Accademia dell’Arte in Milan, studying both French and fashion, and then, aged 17, moved to Paris, to the École des Beaux-Arts and the Chambre Syndicale de la Couture, before securing an apprenticeship in 1951 with the Athenian couturier Jean Dessès, who dressed royalty and high society ladies in his immaculately draped and vividly colored evening gowns. Jacqueline, the Comtesse de Ribes, dressed with Dessès, and when she was asked by Oleg Cassini to design some dresses for him in Paris, she mentioned it to Dessès, telling the designer that “I don’t know how to draw in a chic way.” Dessès was amused. “I have an Italian illustrator,” he told her, “who would be very happy to earn a little more money after working-hours doing the drawings for you”, and a friendship between Valentino and Jacqueline was born. When he was When Guy Laroche, Dessès’s assistant, departed to start his own couture house, Valentino joined him for a few years before leaving to work briefly with the Russian-Georgian Princess Irene Galitzine (Galitzine had made palazzo pyjamas a thing, amidst opulent evening clothes). Then, in 1959, Valentino started his own house with backing from his father and a family friend. In the meantime, someone had come into his life. Giancarlo Giammetti recently recalled their first meeting, with Giammetti seated alone in a Roman cafe. “A kind person came and said, ‘Are you alone?’ I said, ‘Yes.’ ‘Do you mind if me and my friend can sit here?’ Of course,” Giammetti remembered. “And Valentino sat next to me—I remember very deeply.” A whoosh of dark hair framed Valentino’s tanned face, with its sultry features and his arresting blue eyes. “Then Valentino started to speak to me in French. I said, ‘Sorry?’ ‘Oh, sorry—I just arrived from Paris after seven years, my mind goes French, and I was hoping that you speak French…’” Giammetti, it turns out, had studied French for most of his life. “He said, ‘From now on, if I see you again, we speak French.’ And we still do. Incredibly.” The two would speak French to each other—as lovers, and then as intimate friends and business partners—for the rest of Valentino’s life. Valentino soon found a lavish, frescoed apartment in the fashionable Via Condotti, but less than a year later, he was facing bankruptcy. (Though Valentino threw the blame at his “champagne tastes,” someone had not been paying the rent.) He and Giammetti simply moved the salon to a 16th-century palazzo on the Via Gregoriana. (Incidentally, Giammetti acquired the Via Condotti apartment recently and has had it transformed into his offices by Studio Peregalli’s Laura Sartori Rimini. It’s a sumptuous series of rooms, the walls now hung with silver tissue or silk velvet—though some still have their original frescoes—and filled with Hervé van der Straten furniture and antiques. What may have been “Champagne tastes” in 1959 are now sublime and defining.) Valentino gradually began to make his mark on fashion. His flashing good looks easily summoned the press, to be sure, but it was his clothes that had an allure for the stars who would pass through Rome. And when Elizabeth Taylor, there to shoot Suddenly, his work was appearing in As Valentino became a name to watch, with ladies—Audrey Hepburn, Sophia Loren, any number of princesses, Jaqueline Kennedy Onassis, Nan Kempner, Lynn Wyatt, and Susan Gutfreund, among so many more, flocking to dress with him—so his residences became exponentially more impressive. His Roman base—a penthouse apartment with Persian miniatures on the fabric-covered walls and banquettes fit for a Turkish salon, had been transformed into a house on the Appian Way, decorated by Renzo Mongiardino, the When I first went to Rome for the couture in the mid-’80s, long before my Appian Way adventure, I plucked up all my courage and walked into Valentino’s intimidating couture salon just off the top of the Spanish steps—two small-ish rooms that positively oozed with Of course, this pair of elegantly finished rooms opened onto a positive hive of industry occupying five floors of a vast palazzo. Here were the couture ateliers: room after room of industrious ladies and a smattering of men—hundreds of them—applied to the task at hand in light-flooded rooms. (Some years after my first adventure with the couture salon, the place was subtly transformed by the English architects and designers Peter Moore and Peter Kent—there were silvered bannisters, acres of pale grey marble in the hallways, and paintings by Julian Schnabel, Keith Haring, and Francesco Clemente, and it was all very, very chic.) Valentino’s show then always finished with music just before the In 1991, I had an appointment with Valentino to discuss his entire career, and met with him in an elegant room looking over the Piazza Mignanelli, filled with antiques and lush draperies that lent it a Cécile Sorel sort of look. It was not easy getting him to speak. Next door in a vast room—and I mean Of course, Valentino had a number of other properties: in Capri, in New York, in London. But in 1995, I was invited to the 17th century chateau of brick and stone he had acquired—a house that was revealed to me only after I had followed a drive and dramatically turned a corner: There, plunging downhill, and glimmering below, was the Chateau de Wideville, once home to Madame de la Valliere, mistress of Louis XIV (Versailles is conveniently near). In the evening’s light, I explored the breathtaking Jacques Wirtz gardens, where brilliant violet rosemary stretched across the field and cut through the forests, while roses and scented high-summer flowers filled the walled garden. And then: the breathtaking house itself. Valentino worked with Henri Samuel on the interiors, which—with their emerald silk-velvet armchairs and a sort of Chinoiserie motif, which gave the house a sort of fanciful Palm Beach air—brought a level of comfort to the splendidly austere exterior. I was amused to see that the enormous Francis Bacon in Valentino’s sitting room depicted an abstracted man sitting on a carpet of bunches of roses, quite unlike anything I had seen before in his work—as Valentino-ish as it was possible for a Bacon to be. As I headed in for dinner, rather moved by the exquisite gardens and the ravishing interiors—by everything that Giancarlo and Valentino had done in life—I said to Valentino, “What you’ve done is to create beauty.” He clasped my hand and, weeping, said, “It ","https://assets.vogue.in/photos/696e6873863eef9e28074b8f/16:9/w_1280,c_limit/19700415-valentino-garavani.jpg"
"Feb 07, 2026 @ 23:21:09.341",8477fe66eb5c9504839957333dbc5224,https://www.vogue.in/content/kajols-rohit-gandhi-rahul-khanna-jacket-brings-texture-to-an-all-white-ensemble,Kajol’s Rohit Gandhi + Rahul Khanna jacket brings texture to an all-white ensemble,"Linear taupe embroidery and padded shoulders give the jacket its shape, worn over a pared-back base",Vogue Staff,2026-01-21T17:02:04.109Z,"Kajol's three-piece ensemble places its weight on a Rohit Gandhi + Rahul Khanna jacket with Stylists Mohit Rai and Tarang Agarwal keep the look monochrome, with a top and wide-leg trousers. Accessories and beauty follow that same pared back approach with hair pulled back, a nude lip and Kajol's signature soft smoky eye. The H&M necklace and rings bring in sparkle with a pop of emerald on her little finger. “Achieve Kajol's elevated three-piece look with a long button-up kurta or anarkali, one that is long enough to achieve this look. Treat the unbuttoned kurta as a trench/overshirt and pair it with a slip top and trousers in a complementary colour, matching your kurta. Complete your look with an embellished pair of juttis and some chunky Indian earrings,” says Vogue India fashion associate Divya Balakrishnan. ","https://assets.vogue.in/photos/697073f67d7ac93b18e7e522/16:9/w_1280,c_limit/In%202026%20I%E2%80%99m%20going%20to%20be%20unstable%20%E2%80%A6.%20Oops%20%F0%9F%98%AC.%20I%20meant%20unstoppable%20%F0%9F%99%84_converted.jpg"
"Feb 07, 2026 @ 23:21:10.615",0af73edc0fa6ba134ae6d126dcc98db5,https://www.vogue.in/content/sonam-kapoor-joins-the-bump-baring-brigade-in-an-all-black-ensemble,Sonam Kapoor joins the bump-baring brigade in an all-black ensemble,"Jewellery by Zoya is kept light, leaving the rest of the look unencumbered",Vogue India,2026-01-20T16:25:47.000Z,"Rather than treating pregnancy as a reset, Sonam Kapoor has continued to dress through references she already trusts: tailoring, archive and craft. Her recent look, styled by Rhea Kapoor with Sanya Kapoor, pairs an Alaïa cropped high-neck top and skirt with a long black Hair stylist Hrishikesh Naskar styles the hair open and loose in a centre part, letting it fall over the shoulders. Makeup artist Savleen Manchanda mirrors the mood with a soft-glam winged eyeliner, flushed cheeks and a creamy nude lip. When Kapoor announced her second pregnancy, she did it in an The Banarasi sari by Swadesh x Abu Jani Sandeep Khosla also carried her love for craft and heritage. Jewellery by Sanjay Gupta and Rare Heritage stays concentrated at the neck and ear, mirroring the density of the border work. “Trust Sonam Kapoor to be fashionable even throughout her pregnancy. To achieve this look and balance comfort during this time, opt for fabrics with stretch like a lycra, knit or a light spandex. Work with a skirt akin to hers, which though well fitted, allows space near the feet for ease of movement. Pair this with a crop top if you want to flaunt that belly else you can do a band tee paired with a blazer. Keep your jewellery silver and minimal and pair this look with loafers or a stylish pair of sneakers,” says Vogue India fashion associate Divya Balakrishnan. ","https://assets.vogue.in/photos/696fac1e6d4348d93cf112fd/16:9/w_1280,c_limit/SnapInsta.to_618113881_18557701051009229_5218382858758867499_n.jpg"
"Feb 07, 2026 @ 23:21:12.252",5264cab2cf215fe5b3611e3590ed9319,https://www.vogue.in/content/heels-from-the-90s-making-a-big-return-in-2026,6 heels from the ’90s making a big return in 2026,From two-toned pumps to perspex heels—these nostalgic shoe styles and silhouettes are stomping all over the 2026 runways,Renata Joffre,2026-01-20T03:30:00.000Z,"Minimalist, elegant, powerful: When we think about the heel trends and While the Of course, going vintage should be a top priority, but there’s also plenty of cool-girl brands articulating their own fresh takes on the ’90s stompers. Here are the six key heel trends shining this season. The two-tone heeled shoes are so back, all thanks to The Nostalgia really is the name of the game among shoe designers, but many are adding a more modern edge, too. Last season, Gucci reinvented its iconic red Ancora If there is one pair of heels that screams ’90s, it’s the mule. The minimalist sandal has some serious star power, worn by top models from Kate Moss to Cindy Crawford. This is an option that stands out for how versatile and timeless a design it is. Square toe heels can’t be missed on this list: this infallible silhouettes is a sophisticated style with a masculine touch. Miu Miu, Prada, and Alexander McQueen have all produced their own versions. It is impossible to talk about the footwear that reigned in the ’90s without mentioning transparent heels. Loved and hated in equal parts, they were one of those pieces that defined a very particular strain of minimalism, in force until the mid-2000s. On his spring summer 1999 runway, Chado Ralph Rucci proposed a version with a wide heel, exposed toes, and black sole. Today, brands like Vetements and Maison Margiela put this sexy, sensual shoe back on the radar. ","https://assets.vogue.in/photos/696dcc04221acf59407ef6b7/16:9/w_1280,c_limit/GettyImages-2233450380.jpg"
"Feb 07, 2026 @ 23:21:13.693",983182867c5980ec3e156b1a43751d96,https://www.vogue.in/content/sreeleelas-ridhi-mehra-lehenga-shows-what-tissue-can-do-under-heavy-embroidery,Sreeleela’s Ridhi Mehra lehenga shows what tissue can do under heavy embroidery,Floral motifs in zari shine against the delicate lehenga’s vibrant colour scheme,Vogue Staff,2026-01-19T10:47:17.039Z,"What makes Sreeleela's fuchsia-orange lehenga set shine is the fabric choice beneath the embroidery. Crafted in tissue, the reflective fabric prevents the dense detailing from collapsing into visual noise. The ensemble separates into parts of a plunging neck blouse, a lehenga skirt and a dupatta draped on one shoulder. However, visually, the pieces unite with the intricate floral motifs in zari woven across the silhouette, starting from the blouse, trailing down the skirt and finally edging the Rishika Devnani styles the ensemble with jewellery curated from Raj Jewellery, featuring a kundan choker necklace, a pair of kundan earrings, along with bracelets and a ring. The high ponytail clears the shoulders and neckline. The makeup stays tonal and warm, with softly defined eyes and a It’s a look that understands density. By keeping decisions tight around the styling, the lehenga holds its shape visually, even in rich colour and motion. “Replace the dupatta with a sheer, barely-there cape in a soft blush or antique rose, worn loose from the shoulders. Switch the hair to a more textured and undone feel, something softer and lived-in, maybe parted and tucked behind the ears,” says Vogue India fashion associate Manglien Gangte. ","https://assets.vogue.in/photos/696dc474c17ee4574edf8b29/16:9/w_1280,c_limit/Your%20Pardesi%20felt%20Desi%20%E2%9C%A8.jpg"
"Feb 07, 2026 @ 23:21:14.960",1cc54a6233ce2d1a4656f8e02a7b23d2,https://www.vogue.in/content/are-you-brave-enough-to-wear-these-ugly-jeans,Are you brave enough to wear these ‘ugly jeans’?,"Fashion is all about taking risks, and for some, the reward is worth it",Vogue Staff,2026-01-19T09:44:16.634Z,"Fashion is an era where one person's ‘absolutely not’ is simply someone else's intrusive thoughts let loose. Whether it's jeans with a triple waistband—straight out of an Austin Powers wardrobe malfunction, or patchwork This isn’t about looking pretty anymore. It’s about audacity and daring to walk out the door like a Bratz doll in obnoxiously knee-high Fashion is temporary. Opinions are fleeting. And the only style that matters is the one that makes you feel alive. Look at it long enough, and it often grows on you—because beauty, after all, lies in the eye of the beholder. Millennials drowned in baggy jeans, so Gen Z could run in wide-leg ones. For people who don't trust handbags. There's nothing like intentionally torn clothes to disappoint your elders. Sometimes, even jeans need a little breathing Sustainability, but slightly confused, for when your past refuses to stay archived. For when you run out of clothes, but have a pair of scissors and some glue. The optical illusion that no one asked for, and yet, here we are. If you don’t own a pair of jorts yet, you can ease into it with some Bermuda shorts, their slightly less-cool cousin. ","https://assets.vogue.in/photos/696df75be2add1f6c554bb83/16:9/w_1280,c_limit/SnapInsta.to_295905057_1310558549774342_1070654665052902930_n.jpg"
"Feb 07, 2026 @ 23:21:16.172",e9f3908480f2107511a91c4e6625d541,https://www.vogue.in/content/alaya-fs-oxblood-lehenga-sits-between-y2k-playfulness-and-old-world-glamour,Alaya F’s lehenga sits between Y2K playfulness and vintage glamour,A mermaid-cut skirt and corseted blouse reframe traditional lehenga dressing,Nupur Sarvaiya,2026-01-18T05:30:00.000Z,"Alaya F’s fashion explorations span “The silhouette melts over the body, sculpted yet fluid, tracing elegance with a gentle glow, while the sumptuous luxury fabric drapes like poetry in motion,” share designers Diya and Rajvvir Aroraa of DiyaRajvvir. Instead of the usual voluminous lehengas, her skirt flows into a mermaid cut that skims the body. The blouse is the ensemble's standout element–a corset-style sweetheart neckline sculpts the torso, while sheer, crystal-embellished sleeves add sensuality. Delicate beaded strings cascade from the hem, functioning almost like body jewellery. “Each crystal and traditional cutdana was lovingly hand-picked, then patiently sewn together,” the duo reveal. “Over two months, this piece came to life in the hands of master artisans, where time softened into devotion.” Despite the lehenga’s opulence, Alaya kept the accessorising pared-down to let the outfit remain the protagonist. She paired the look with dainty diamond studs and a cocktail ring by Mahrukh Akuly. With her hair styled in a straight blow-dry, her makeup matched the lehenga’s mood with smoky eyes and hints of red shimmer, ","https://assets.vogue.in/photos/696a45f11f8a13b19e0cd3ed/16:9/w_1280,c_limit/SnapInsta.to_616604395_18545964520045786_5937140081472968780_n.jpg"
"Feb 07, 2026 @ 23:21:17.730",07f34d6929982e26a34287035152618e,https://www.vogue.in/content/make-way-for-the-new-it-girl-shoes-heeled-ballet-pumps,Make way for the new It-girl shoes: heeled ballet pumps,Elevated ballerinas are in,Alice Cary,2026-01-18T03:30:00.000Z,"Some of the most iconic ballerinas come courtesy of And while these echo Lagerfeld’s ballets, they’re less direct in their dance-inspired appearance than, say, Jacquemus’s Les Chaussures, which replicate the stiff squared-off toe of a pointe shoe – albeit with a biro-sized metal stiletto sprouting out their heels. Or, the teardrop-heeled takes on Miu Miu’s cult Ballet flat loyalists have embraced block heels courtesy of specialist Repetto, which offer elevation without the threat of falling over. The 3cm-heeled Camille is a sought-after model, and has recently gained as much traction as the classic Cendrillon style. Testament to their versatility, endorsers have sported theirs with jeans, flares, skirts and dresses throughout the seasons – sometimes paired with demure white The heel-ification of ballet pumps is ongoing, but there lies a question for anyone willing to try: how high are you willing to go? Shop ","https://assets.vogue.in/photos/696a0860b6f3ec3b3b15b01e/16:9/w_1280,c_limit/For%20the%20love%20of%20love%20%F0%9F%A5%B9%F0%9F%AB%B6%20So%20grateful%20to%20celebrate%20it%20in%20all%20its%20forms%20with%20@bumble_india%20x%20@vog.jpg"
"Feb 07, 2026 @ 23:21:19.240",0710b0b6b02866bcda747484a98ed6ed,https://www.vogue.in/content/alia-bhatts-bandhani-inspired-sari-took-252-hours-to-make,Alia Bhatt’s Bandhani-inspired sari took 252 hours to make,Ami Patel styled the Arpita Mehta look with pieces by Amrapali Jewels,Nupur Sarvaiya,2026-01-17T05:00:00.000Z,"Few celebrities make As Mehta explains, “Alia wears a custom ivory classic georgette sari with hand embroidery in shades of royal and ice blue, enhanced by silver cutdana and tiny mirrors.” Crafted in fluid fabric, the sari features intricate mirror and thread embroidery inspired by the age-old craft of The dotted Bandhani-inspired patterns are reimagined into delicate floral motifs. Adding subtle playfulness are mirror droplets that appear as tassels along the pallu’s hem. The craftsmanship is as considered as it is intricate. “The sari took 252 man hours to make,” Mehta shares, adding that “this is the newest version of our Bandhani pattern–inspired embroidered outfit.” The blouse reflects the same artisanal language. Sleeveless with a plunging neckline, it carries identical embroidery, reinforcing the sari’s serene, monotone canvas. Stylist Ami Patel turned to Amrapali Jewels to accessorise the look, paring the sari with a pearl choker featuring a Victorian-inspired pendant with diamonds and a cocktail ring. The pendant and the ring, both encrusted with a large navy sapphire, served as the centrepiece of the jewellery and complemented the blue embroidery on her sari. She finished with classic solitaire earrings. For glam, Bhatt opted for fresh, luminous makeup with winged eyeliner, a subtle flush and a red lip. ","https://assets.vogue.in/photos/696a3f3f331295b1e658782b/16:9/w_1280,c_limit/SnapInsta.to_608855547_18555077686028402_4918176183062915409_n.jpg"
"Feb 07, 2026 @ 23:21:20.786",79cb0da44650b27afb0f217f19824515,https://www.vogue.in/content/from-priyanka-chopra-jonas-to-alaya-f-this-weeks-standout-looks-leaned-into-high-shine,"From Priyanka Chopra Jonas to Alia Bhatt, this week's standout looks leaned into high-shine","Across custom saris, luxury gowns and sharara sets—shine was the staple",Vogue Staff,2026-01-16T11:06:00.911Z,"Embellishment took the lead this week with Kajol opted for a black crepe sari from Irth, elevated with antique gold embroidery. A thick, embellished border edged the drape, while the pallu unfolded into a detailed paisley motif in gold thread. The sleeveless blouse carried the sari’s richness, hand-embroidered with sequins and mirror work. Priyanka Chopra Jonas chose full couture in an ivory Vivienne Westwood gown for the Dia Mirza wore a hand-painted Archana Jaju Kalmakari sari where floral motifs flowed across the airy drape. Sequins and beads embroidered along the borders introduced a gentle shimmer. ","https://assets.vogue.in/photos/6969feb7bf4f35844a10bcf7/16:9/w_1280,c_limit/After%20after..%20@goldenglobes-2.jpg"
"Feb 07, 2026 @ 23:21:22.209",fbfefd67d85c06eabe1b2bb6a76c0d31,https://www.vogue.in/content/kriti-sanons-abhinav-mishra-lehenga-turns-mirror-work-into-the-main-event,Kriti Sanon’s Abhinav Mishra lehenga turns mirror work into the main event,"An ensemble built for a long evening of dancing, photographs and close quarters",Vogue Staff,2026-01-16T10:20:32.351Z,"Abhinav Mishra’s work often sits at the edge of all-out The blouse is crafted in special Chanderi, cut with slim spaghetti straps and a plunging neckline. Mirror work, zari, and lurex thread are arranged into dense floral motifs across the bodice, forming a continuous field of embroidery. At the back, a tie-up closure with dangling mirror tassels extends the embroidery. Side slits at the hem open into a gentle flare. The lehenga, also in special Chanderi, carries a multicoloured floral pattern organised into vertical panels, doing quiet but crucial work. Despite the multicoloured surface and heavy border, the skirt doesn’t collapse into visual noise because the mirror lines keep pulling the eye downward. A wide mirror-work border finishes the hem, giving the volume a clear endpoint. Sukriti Grover styled the Roshanara lehenga set with pieces from Raniwala 1881, Dedhia Jewellers and Jewels by Nupur & Shivani that carry on the outfit's language of reflective surfaces and irregular shapes. The beauty look by Aasif Ahmed and Adrian Jacobs is calibrated to sit comfortably with the fashion; kohl-lined eyes, defined brows, and an even, matte-leaning base with controlled highlight. Hair is styled half-up to keep the neckline and jewellery fully visible. “Strip the bangles out entirely to let the neck piece take charge. Add a sheer, barely-there cape instead, so the lehenga feels lighter without losing its drama. Slick the hair back or pull it into a low, unfussy bun to offset all that surface work below,” says Vogue India fashion associate Manglien Gangte. ","https://assets.vogue.in/photos/6969c2d642e8f780d94d9beb/16:9/w_1280,c_limit/@kritisanon%20absolutely%20owning%20the%20bridesmaid%20glow%20%F0%9F%AB%B6%F0%9F%8F%BBOutfit%20@abhinavmishra_%20@quirkbrandconsulti.jpg"
"Feb 07, 2026 @ 23:21:23.740",5973aec45daf581bb6595f9a6071f021,https://www.vogue.in/content/aditi-rao-hydari-chooses-structure-over-embellishment-in-an-archival-anand-kabra,Aditi Rao Hydari chooses structure over embellishment in archival Anand Kabra,"Temple-style jhumkas, messy braid and a black bindi balanced the look",Vogue Staff,2026-01-15T11:11:59.006Z,"Constructure carries Aditi Rao Hydari's archival Anand Kabra ensemble. From the designer's 2013 collection, the red kurta is cut with a high neckline and an From the waist down, the kurta opens into a gentle flare, almost like an anarkali with side slits that bring flowy movement to the look. The ivory palazzo pants are finished with a wide chevron-style patterned border in soft gold and rose gold along the hem, finished with red piping. It creates continuity across the set without repeating any motif. Hair and makeup by Charlotte Wang are kept pared back with light definition concentrated around the eyes through kohl and mascara, paired with an even, lightly finished base and a muted lip. A small black bindi adds a graphic point at the centre of the face. Manisha Melwani styled the ensemble with gold jhumkas with pearl detailing from Indriya Jewels, their ornateness tying into the embroidery work of the kurta. “The archival Anand Kabra look has a beautiful balance of masculine and feminine, thanks to the structure and silhouette. To achieve this for a street style look, why not work with a red or navy casual military jacket blazer with gold detailing on the buttons. Pair this with a white skirt and accessorise with a belt on your hip over the skirt for a quirky bohemian feel paired with strappy thonged sandals,” says ","https://assets.vogue.in/photos/6968b35e993972079cacd3eb/16:9/w_1280,c_limit/%E2%9D%A4%EF%B8%8FArchive%20look%20-%20@anand.kabra%20Jewels%20-%20@indriyajewelsStyled%20-%20@manishamelwani%20Style%20team%20-%20@styl.jpg"
"Feb 07, 2026 @ 23:21:25.428",4b4935da60b3ec88af4402847578052a,https://www.vogue.in/content/kajols-silk-kurta-set-places-marodi-embroidery-front-and-centre,Kajol’s silk kurta set places Marodi embroidery front and centre,"Fine silk, a relaxed cut, and minimal styling come together",Vogue Staff,2026-01-14T16:32:08.225Z,"In Kajol’s kurta set by Lajjoo C, Marodi The kurta is crafted in fine silk and cut in a straight, relaxed silhouette. Marodi floral embroidery runs along the neckline, centred with a drop paan motif. The sleeves carry smaller Marodi motifs and finish with embroidered organza at the hem, creating a clear edge to the sleeve. The wide-legged silk pants feature floral embroidery along the hem, repeating the detailing from the kurta without shifting its placement upward. Styled by Radhika Mehra, the accessories stay within the same colour range. Gold earrings pick up the tone of the embroidery and are paired with mule heels by Fizzy Goblet. Hair is worn with a side part and natural texture. Makeup artist Pallavi Symons keeps the beauty look pared back, with an even luminous base, softly defined brows, neutral eyes with kohl along the lash line and a muted rose lip. “Swap the footwear for a pair of strappy heels in butter yellow and the hoops for a pair of chandbalis. Rather than going with the mid-part straight hair, go for natural textures with a side sweep to give it that effortless glam look. finish off with an embroidered potli in gold,” says Vogue India fashion associate Manglien Gangte. ","https://assets.vogue.in/photos/69674f46ab5c73df95ca246b/16:9/w_1280,c_limit/Summer%20Shandy%20..%20that%E2%80%99s%20my%20colour!_converted.jpg"
"Feb 07, 2026 @ 23:21:26.942",58228e032b4c68bd6d71c6c23cf48b85,https://www.vogue.in/content/tabus-monochrome-chorus-look-makes-a-case-for-all-black,Tabu’s monochrome Chorus look makes a case for all-black,"Panelled sleeves, godet volume and tightly placed embellishment give black something to work with",Vogue Staff,2026-01-13T15:04:23.258Z,"All-black dressing can be risky. With colour stripped away, cut, surface and finish are exposed more clearly, and the success of the look depends on how these elements come together. On Tabu, the approach is controlled. She wore the Amaris dress by The silhouette stays close through the torso before opening out below and a front slit creates movement as she walks. Panelled sleeves and a peak collar shape the upper half like a tailored jacket. The detailing is concentrated at the shoulders, where hand-sewn crystal clusters sit against the black base. The embellishment is visible at close range, adding surface variation without spreading across the garment. There’s a sense of containment in the styling by Mohit Rai with Chintan Shah and Tarang Agarwal, but not a limitation. It's present and thoughtful. The jewellery is limited to Makeup by Mitali Vakil stays close to a single colour family with a berry-rose shadow across the lids and a lip kept in the same range. Hair, styled by Nanda Anand Panchal, is pulled back cleanly, leaving the collar and shoulder line fully visible. “Sharpen the silhouette by cinching the waist with a thick belt. Accessorise the look with an arm stack with a watch, some layered bracelets. Break this monochromatic look with some pop of colour in the heels and handbag to create a different point of attention. Open out the tight pony for an open wavy look to ease this look out of the boardroom,” says Vogue India fashion associate Divya Balakrishnan. ","https://assets.vogue.in/photos/6965ebea242e82945436aa68/16:9/w_1280,c_limit/Queen%20@tabutiful%20%E2%AD%90%EF%B8%8FStyled%20by%20@mohitrai%20with%20@chintan_shah08%20@tarangagarwalofficial%20Outfit%20-%20@cho.jpg"
"Feb 07, 2026 @ 23:21:28.225",13d765535b1e2cff7c9b95b9dc44fe88,https://www.vogue.in/content/priyanka-chopra-jonass-navy-dior-ensemble-places-its-volume-low,Priyanka Chopra Jonas’s navy Dior ensemble places its volume low,"The silhouette is broken at the waist by a side sash with Bvlgari high jewellery, adding shine",Vogue Staff,2026-01-12T15:42:05.184Z,"Priyanka Chopra Jonas's The deep navy fabric keeps attention on the structure, allowing Worn while presenting at the “The strength of this look is how unfussy it already is. Instead of adding contrast, play into the navy and treat it like a neutral. Echo the shade with smoky eyes and inky blue manicure. Keep the jewellery as is, but the hair slightly even more undone,” says Vogue India fashion associate ","https://assets.vogue.in/photos/6964a05ff78bd262825ea7d8/16:9/w_1280,c_limit/GettyImages-2255764201.jpg"
"Feb 07, 2026 @ 23:21:29.630",9260849440be0aa7559eba99de77eb9e,https://www.vogue.in/content/shanaya-kapoors-anita-dongre-lehenga-is-brought-to-life-with-hand-painted-pichhwai,Shanaya Kapoor’s Anita Dongre lehenga is brought to life with hand-painted Pichhwai,"Hand-painted flora and fauna move across the surface, layered with antique work that gives the piece a tactile richness",Nupur Sarvaiya,2026-01-11T05:00:00.000Z,"When it comes to occasionwear, Shanaya Kapoor consistently returns to pieces designed to last. Her latest pick, an Featuring a strappy blouse and a billowing skirt, the ensemble’s silk base lends a diaphanousness that mirrors Kapoor’s pared-back approach to ceremonial dressing. Set against a distinctive meadow greenish-yellow, the lehenga immediately stands apart for its nature-inspired hue. Motifs take centre stage in the look, in sync with Dongre's signature design language. The hand-painted Pichhwai artwork unfolds across the lehenga like a living landscape, populated with blooming florals, foliage, wildlife and fluttering birds. The blouse reflects the same story and is further elevated with intricate surface techniques. A delicate organza dupatta brings the ensemble together, offering a gentler counterpoint to the richly detailed lehenga. The ensemble draws its soul from the art of Pichhwai painting, a 400-year-old craft that originated in Rajasthan in the 16th century. Traditionally created as devotional backdrops depicting tales of Shrinathji, Pichhwai paintings were also deeply inspired by the rhythms of nature, from seasons to flora and fauna. In the lehenga, this heritage is reinterpreted with each motif meticulously hand-painted by skilled artisans and delicately enhanced with sequins. The lehenga took close to 90 days to create, a timeline that honours the patience and attention this craft demands. The piece is animated by an in-house master painter, whose deep-rooted Pichhwai lineage informs every brushstroke. As the designer shared, this lehenga is part of the House of Anita Dongre’s larger effort to ensure that art forms like Pichhwai continue to thrive within a contemporary language. She accessorised with intricate temple jewellery from Indinoor. A gold necklace adorned with bird motifs carried on the lehenga’s avian motifs, paired with statement jhumkas and kaan chains that were attached to her loose braid. For her beauty look, she stuck with dewy makeup in warm copper tones for a soft, sun-kissed finish. ","https://assets.vogue.in/photos/69611ef97c63fe024831ce9f/16:9/w_1280,c_limit/SnapInsta.to_611243580_18556630258032784_97596187525219590_n.jpg"
"Feb 07, 2026 @ 23:21:30.990",880a1dd249139b65a4f7508b6da3d0ce,https://www.vogue.in/content/are-satin-sneakers-fashions-next-ballet-flats,Are satin sneakers fashion’s next ballet flats?,"This spring, balletcore meets streetwear in fashion's softest, most elegant crossover yet: the satin sneaker",Alexandre Marain,2026-01-11T02:30:00.000Z,"What happens when the ease of ballet flats meets the practicality of sneakers? You get These follow in the trend of sneakers inspired by dance, such as the "" Among the trend-setting designers is London-based Simone Rocha, who has combined classic feminine with unique But the undisputed queen of the trend remains Miuccia Prada. After her collaboration with ","https://assets.vogue.in/photos/695f42b4328af3ea5f053a14/16:9/w_1280,c_limit/00050-prada-spring-2026-ready-to-wear-details-credit-gorunway.jpeg"
"Feb 07, 2026 @ 23:21:32.289",ff81be224b221f5f8fc929380c9559d7,https://www.vogue.in/content/tara-sutarias-minimal-tarun-tahiliani-sari-was-teamed-with-a-maximalist-pearl-encrusted-blouse,Tara Sutaria’s minimal Tarun Tahiliani sari was teamed with a maximalist pearl-encrusted blouse,The actor went the low-key route to accessorise her look,Nupur Sarvaiya,2026-01-10T05:00:00.000Z,"Nostalgia runs through Tara Sutaria’s recent sartorial pick, an ivory georgette The hero of her look is undoubtedly the blouse. Featuring elbow-length sleeves, it is densely embroidered with pearls, crystals and sequins. The thoughtful embellishments give the effect of jewellery worn on the body. The mirror work is structured to resemble a choker at the neckline, moving into what looks like layered, multi-string pearl necklaces draped across her torso. This trompe-l’oeil effect blurs the line between garment and adornment, making the blouse feel almost ceremonial. The high neckline further heightens its vintage appeal. Given the strength of the blouse, stylist Tanya Ghavri took a measured step back when it came to accessorising the look with jewellery. Thanks to the high neckline, she gave a necklace a rain check. She opted for a ring and stud earrings from Mohar by Priyanka and Nakul along with classic kadas by Diamantina Fine Jewels and Raj Diamonds. Soft glam defined the makeup, with a dewy base, gentle smoky eyes and glossy pink lips to keep things fresh. The sleek updo, too, felt inspired by yesteryears, completing the nostalgia-led narrative. What makes a look, like Sutaria’s sari, enduring is its versatility. The ivory palette acts as a blank canvas, allowing it to shift seamlessly across seasons and occasions. For daytime pheras, it feels serene and ceremonial, while a switch to a bold red pout, gemstone jewellery or sharper eye makeup can instantly take it into cocktail territory. ","https://assets.vogue.in/photos/696117abc7ccfeb7b2a7db67/16:9/w_1280,c_limit/SnapInsta.to_610155158_18554222320061428_3970144413349509253_n.jpg"
"Feb 07, 2026 @ 23:21:33.766",b543968bd646b1838c137683cc8f3564,https://www.vogue.in/content/its-only-2026-and-youre-right-on-time-for-these-skirt-trends,These are the skirt trends everyone will be wearing in 2026,"From the skirt worn low on the hips to its micro version, here's a look back at the skirt trends for 2026.",Alexandre Marain,2026-01-10T02:30:00.000Z,"Skirt trends in 2026 span every silhouette and mood. On the catwalks, from Paris to Milan, they are available in all shapes and sizes. When Balenciaga draws on its archives to modernise the ball In 2026, fashion will be effortless... and worn upside down. With this in mind, designers are revisiting formal essentials from the world of tailoring, such as the When Versailles inspires contemporary fashion... The Assertive rock accents and explosive sensuality: the leather skirt enters the scene, a new wardrobe essential for 2026. Worn with a We owe the return of the micro-skirt to The little sister of the slipdress, the slip skirt is as bankable as ever. In response to the democratisation of lingerie in the city, this ultra-flattering skirt, which can be worn day or night, has achieved its status as a wardrobe icon. Even Matthieu Blazy, for his first Chanel show, proposed his own version, dynamising the codes of the In 2026, colour dominates. Especially ","https://assets.vogue.in/photos/695f50c69935b977cd4cd08e/16:9/w_1280,c_limit/2239608540"
"Feb 07, 2026 @ 23:21:35.092",2aa752038d97908a9cd3f1efbbb7afd3,https://www.vogue.in/content/sara-ali-khan-and-karisma-kapoor-brought-mermaid-skirts-and-cape-sleeves-to-this-weeks-best-looks,Sara Ali Khan and Karisma Kapoor brought mermaid skirts and cape-sleeves to this week's best looks,"From pearl-drenched couture to peplum tops, thoughtful structure was in focus",Vogue Staff,2026-01-09T14:16:33.642Z,"Silhouettes took centre stage this week with sculpted waists, fluid drapes and asymmetrical structure shaping every standout look. From Sara Ali Khan’s pearl godet skirt and Mrunal Thakur’s ivory kalidar ","https://assets.vogue.in/photos/6960b164dd39b1ee28727197/16:9/w_1280,c_limit/@saraalikhan95%20%F0%9F%A9%B7%F0%9F%A9%B7%F0%9F%A9%B7%20in%20our%20Signature%20%20#pearlstory%20the%20way%20I%20love%20them%20%E2%80%94refined,%20chic,%20and%20full-3.jpg"
"Feb 07, 2026 @ 23:21:36.374",9477514d48d8b2e85f4f285feb6289fa,https://www.vogue.in/content/sharvaris-aditi-gupta-lehenga-puts-its-weight-in-a-scallop-edged-blouse,Sharvari’s Aditi Gupta lehenga puts its weight in a scallop-edged blouse,"The skirt carries pattern through panels and borders, leaving the heaviest surface work at the top",Vogue Staff,2026-01-09T14:03:00.126Z,"Sharvari chose a pearl-gold lehenga by Aditi Gupta for Up close, the lehenga reveals a careful layering of textiles. Panels of silk, zari tissue and jacquard Banarasi are pieced together in vertical sections, broken up by jharokha-inspired motifs and elongated paisley embroidery. The patterning moves downward rather than outward, giving the skirt weight without getting weighed down. The blouse introduces the most visual interest. Cut with a deep plunge neckline and scalloped edges, it is densely embroidered with paisley motifs that continue around the back. The embroidery shifts from compact geometry at the bodice to looser bead and pearl detailing along the straps and edges. At the back, tassel ties and beadwork added movement, making the blouse as considered from behind as it was from the front. Stylist Tanya Ghavri accessorises Sharvari's look with heritage jewellery by Razwada Jewels, featuring a statement choker, earrings and bangles worked in gold and stones. Hair is pulled back in a no-makeup makeup beauty look. “Pull the look away from overt bridal territory by editing it down rather than adding more. Skip the heavy necklace, soften the hair into a loose, low tie or knot, and let the blouse and skirt do the work. Drape the dupatta in a classic shoulder throw and secure it to the blouse with a brooch above the left side of the bust; let the ends fall. Keep jewellery minimal to one element at a time, lose the polki necklace to let the earrings breathe,” says Vogue India fashion associate Manglien Gangte. ","https://assets.vogue.in/photos/69607fd6f74eade47adbc29d/16:9/w_1280,c_limit/@sharvari%20for%20her%20sister%E2%80%99s%20wedding%20%E2%9C%A8#StyledByTanyaGhavriLehenga%20by%20-%20@aditiguptaofficial%20@fbo.pr.jpg"
"Feb 07, 2026 @ 23:21:37.594",c529296814ea66020982c3e5248fc0af,https://www.vogue.in/content/shanaya-kapoors-gaurav-gupta-sari-makes-a-case-for-all-sequins-everything,Shanaya Kapoor's Gaurav Gupta sari makes a case for all-sequins everything,The couture flows onto the body in a way that feels less like fabric and more like sculpture,Vogue Staff,2026-01-08T10:40:00.863Z,"Shanaya Kapoor wears a Gaurav Gupta The sari moves in a silver-to-charcoal gradient, its Drop earrings and hand chains from Indinoor, co-created by Kapoor, are worn with slicked-back hair, a flush of blush and winged liner. With its dense sequin surface, this sari sits best in evening settings that allow light and stillness to do their thing. “The takeaway from Shanaya Kapoor's look is the sculptural blouse. One that takes focus over the sari, to create such a look, work with a blouse or crop top that is detailed with pleats, surface embroidery techniques, made of interesting materials or holds a unique shape. Then work with a sari in a similar tonality or a complementary colour scheme.  Accessorise minimally, keeping the blouse as your main statement,” says Vogue India fashion associate Divya Balakrishnan. ","https://assets.vogue.in/photos/695f3b0bf37a23e5bccea059/16:9/w_1280,c_limit/%F0%9F%92%99.jpg"
"Feb 07, 2026 @ 23:21:38.785",1f854e4362dfa2eb06645cbed80baadc,https://www.vogue.in/content/janhvi-kapoors-scarlet-miu-miu-mini-stands-on-its-cut,Janhvi Kapoor’s scarlet Miu Miu mini stands on its cut,"The colour sets the tempo here, with everything else scaled back against it",Vogue Staff,2026-01-07T10:46:51.426Z,"Janhvi Kapoor steps out in a scarlet Miu Miu mini that plays with the familiarity of a cheongsam before cutting it short. The mandarin collar sits high and closed, the torso is held close and then the hem rises sharply, shifting what could have read as historic into something unmistakably current. The fabric blossoms in lily-inspired motifs across its surface, pale against red, spaced so the print never overtakes the colour. A small tie at the waist pulls the fabric slightly off-centre, introducing a looseness that keeps the silhouette from feeling sealed. She pairs the dress with white Rene Caovilla sandals, adding rings and drop earrings as the only adornment. Hair is worn up, leaving the collar and print unobstructed. ""Lean into the oriental preppy tone of the outfit with lace socks and a pair of glossy Mary-Janes. A coin purse or a sculptural mini handbag in white would add the right amount of character without overdoing the character. think ""in the mood for love"", but slightly edgier,"" says Vogue India fashion associate Manglien Gangte. ","https://assets.vogue.in/photos/695def447c6b525313bf358a/16:9/w_1280,c_limit/Happy%20new%20year%20frndz%20%E2%9D%A4%EF%B8%8F%20miu%20year,%20miu%20me%20#miumiu%20%F0%9F%92%8B.jpg"
"Feb 07, 2026 @ 23:21:40.149",a9f2d79f51bb701c183e01e2596365cf,https://www.vogue.in/content/5-ways-to-wear-leopard-print-starting-with-the-shoes,"5 ways to wear leopard print, starting with the shoes","The quintessential leopard print holds its place in the fashion lexicon, defying time through a fearless sense of style.",Alexandre Marain,2026-01-07T02:30:00.000Z,"Leopard In 2026, it is the star print of a multitude of They were everywhere on last season's catwalks: Conner Ives, Fendi, Leopard-print There's nothing more essential than a pretty pair of pumps. We're getting ready to ditch the classic black models for their leopard-print variation. Style it with a denim ensemble like Dua Lipa, or offset it with a feminine Ballerinas are more in vogue than ever. Revisited by Acne Studios, Simone Rocha, and Prada, this iconic model is enjoying a veritable renaissance, reviving the aura it exuded in the 2010s, a decade now considered the The emblematic moccasin is reinvented in leopard print, abandoning its status as a wisecracking classic to become a resolutely Leopard-print ","https://assets.vogue.in/photos/695b43f78f93bcca634d2879/16:9/w_1280,c_limit/Capture%20d%E2%80%99e%CC%81cran%202025-11-14%20a%CC%80%2012.14.15.png"
"Feb 07, 2026 @ 23:21:41.450",ec2af43dc315710446c028d40ebc3644,https://www.vogue.in/content/nita-ambanis-abu-jani-sandeep-khosla-sari-frames-lace-through-borders-and-blouse,Nita Ambani’s Abu Jani Sandeep Khosla sari frames lace through borders and blouse,A lotus-shaped diamond choker and Basra pearls from her personal collection introduce a floral counterpoint to the lace,Vogue Staff,2026-01-06T14:36:33.906Z,"Nita Ambani wears an Abu Jani Sandeep Khosla sari from the Burano collection, a reference to the needle lace made on the island of Burano, Italy, in a pale rose-pink georgette that reads light on the body but detailed at the edges. The colour stays even across the drape, setting up the lace embroidery as the defining feature. Embellishment is concentrated along the borders, pallu edge and blouse where lace motifs are meticulously hand embroidered in silk threads with sequins and pearls. The blouse mirrors the border pattern exactly, creating a visual loop that keeps the eye moving across the look rather than settling in one place. The Burano reference draws from the island’s lace-making tradition, particularly the openwork language associated with The jewellery comes from her own collection of distinct pieces: a lotus-shaped diamond choker surrounded by Basra pearls and a Basra pearl bracelet. With the drape kept spare and the colour understated, the sari’s impact comes from where the work is placed, not how much of it appears “Re-think this dreamy pink colour in a '50s evening look. Work with a pink silk structured gown, an off-the-shoulder and cinched at the waist. Pair it with jewellery akin to Nita Ambani working with pearls and diamonds, set in a traditional Hyderabad pearl design or French style. Ditch the jewellery on the arms and opt for a high-heeled pair of pumps,” says Vogue India fashion associate Divya Balakrishnan. ","https://assets.vogue.in/photos/695c9f0d2fd2fc47c5cc442d/16:9/w_1280,c_limit/SYMPHONY%20IN%20PINK.%20ABU%20JANI%20SANDEEP%20KHOSLA%20FOR%20NITA%20AMBANI.%20A%20masterpiece%20pink%20georgette%20sari%20fro.jpg"
"Feb 07, 2026 @ 23:21:42.732",ff9a45cc30346c573978dac322f7ff6b,https://www.vogue.in/content/pooja-hegdes-anita-dongre-brocade-sari-gown-is-a-masterclass-in-hybrid-dressing,Pooja Hegde’s Anita Dongre brocade sari gown is a masterclass in hybrid dressing,The actor’s hybrid look can go from daytime pheras to a glam cocktail night.,Nupur Sarvaiya,2026-01-06T05:01:59.688Z,"At first glance Pooja Hegde's custom As Dongre reveals, the look was instinctive, shaped around Hegde’s poised, contemporary femininity. The Fabric plays a pivotal part in grounding the look. Handwoven by master artisans in Banaras, the georgette base brings with it centuries of handweaving legacy and texture to the ensemble. Onto this surface, Dongre introduces her signature gota patti. Originating in Rajasthan, The sari gown is complemented with an eye-catching corset. Conceived as an architectural piece, it is adorned with nature-inspired motifs executed in gota patti and layered with pearls and sequins. While such pieces typically take 40 to 60 days to complete, this look came together in just three weeks, shares Dongre. With a special For styling, Hegde went with an all-Dongre approach, accessorising the look with a choker and a longer, layered necklace set with green gemstones. Matching stud earrings, a stack of kadas and a coordinating ","https://assets.vogue.in/photos/695765fcbdc0c024cc843e17/16:9/w_1280,c_limit/SnapInsta.to_606480736_18558029947048861_5891267227529008979_n.jpg"
"Feb 07, 2026 @ 23:21:43.972",e9d3240514aa4a04b1fe98f6392f6aa0,https://www.vogue.in/content/alaya-fs-jj-valaya-ensemble-puts-its-weight-in-the-blouse-not-the-drape,"Alaya F’s JJ Valaya ensemble puts its weight in the blouse, not the drape","The belt cuts across the sari mid-fall, interrupting its usual vertical flow",Vogue Staff,2026-01-05T13:42:25.664Z,"Alaya F’s JJ Valaya sari centres its weight at the torso. The midnight-blue silk is densely worked, but it’s the velvet blouse, fully embroidered and cut with a deep neckline and open back, that establishes the look’s gravity. Instead of acting as a support act to the sari, the blouse holds visual dominance, allowing the rest of the ensemble to fall into place around it. The loosely draped pallu showcases a dense botanical jaal of delicate vines that sprout small blossoms, tendrils, and leafy motifs. This bold yet delicate contrast casts the entire ensemble in a new light. Stylist Sheefa J Gilani gives a modern spin to the traditionals by adding a gold belt to, cutting horizontally across the sari rather than pulling it inward. The placement interrupts the vertical movement of the fabric and shifts attention back to the blouse and border work, changing how the proportions of the look are read. Statement teardrop earrings from MR Jewels complement her soft-glam makeup, with subtly smoked eyes, a flush of pink “The inky indigo, the metallic embroidery and the hardware accessories together carry the statement of the look. Sharpen that mood by belting the sari a little lower, to give it that effortless low-waist feel. Amp up the gloss and add shimmery highlights to the lid to give it that dewy and soft touch to an otherwise heavy look. Keep the hair slick and straight, away from the face,” says Vogue fashion associate Manglien Gangte. ","https://assets.vogue.in/photos/695bbf1979ab1a7b927d55f3/16:9/w_1280,c_limit/SnapInsta.to_610524742_18544139941045786_3752448616946918474_n.jpg"
"Feb 07, 2026 @ 23:21:45.654",837ab6db0fb018410f1d9714287150cf,https://www.vogue.in/content/the-biggest-trouser-styles-set-to-dominate-2026,9 biggest trouser styles set to dominate 2026,The catwalks show the variety of trouser styles that will be an absolute trend throughout the season.,Renata Joffre,2026-01-04T03:00:00.000Z,"New year, new Within the Spring-Summer 2026 fashion trends we will see attractive options such as harem pants, the return of the infamous low rise, a tighter, almost skinny fit, and basics such as Hello again, Valentino dictated that Yes, the infamous bumster or The favourites? Designs with elegant plaid motifs, ideal for an event or a day at work; in sophisticated shades such as brown, military green and steel grey. We will also see them in all types of outfits, from the most sophisticated to the most daring. Whether in a corporate look, with a romantic touch, librarian as in 2022 or in a modern key with tight blouses and normcore shoes. In winter they kept silent, but in summer they will be the object of desire of all, ready to make you feel attractive and spring everywhere. Louis Vuitton caught with a tailored design with a folded hem, a detail that lowers the seriousness of the garment. Isabel Marant pushes the Safari girl aesthetic through capri pants with functional pockets in military green. And Saint Laurent proposes an opaque green design in parachute fabric to face the high temperatures with style and elegance. For Spring-Summer 2026, harem pants become the competition of capri and bermuda shorts. Michael Kors adds them to his collection for the season in a vaporous fabric suitable for wearing with strappy blouses and heeled sandals. Balmain takes the style level up a notch by showing them in a satin and olive green version, ideal for creating 2000s-inspired outfits with button heels. Louis Vuitton made it clear that airy designs will be a basic to formulate minimalist or monochrome styles. Michael Kors chose XXL designs in chocolate-coloured cotton, perfect to wear in a tropical setting or simply to ornament the silhouette. Finally, Zimmermann pairs them with an elegant brown jumpsuit to look spectacular from day to night. Although everything seems to indicate that skinny pants will be the kings of the season, in reality, there is also room for baggy designs that have been on the radar for more than three (consecutive) years. Loewe, Calvin Klein, Stella McCartney, Zimmermann and Ami, to name a few, included them on their runways this season as one of the favourites. From traditional black models to electronic tones that go with the season. We will see them with elegant details such as darts, low rise, classic prints and the classic middle line that office workers love. The high waist below the ribs, which is always essential to seal an Which designs to invest in? Puddle pants in pastel shades, if it is in a suit, the better. Also in linen fabrics with a bluish dye (if you are looking for a modern garment), bootcut, cigarette and even straight. Which confirms that there is an infinity of options for every woman, the signal to take a break from the usual mini-dresses. Yes, Yes, palazzo pants - or also known as elephant leg - will define spring elegance in 2026. Celine confirmed that they can become more modern and less sober by combining them in an effortless look with sportswear and white sneakers. Ralph Lauren proposes them in a bright red sartorial ensemble with slatted espadrilles, the bold yet personality-driven outfit to keep in your favorites. Boss combined classic black pieces in an oversize style with satin blouses and pointed shoes. Lastly, Ulla Johnson suggests plaid print designs to embrace a lady-like-modern aesthetic for 2026. Favourites to invest in? Plains in neutral tones, loud ones like solid red and even modern prints, from plaid to retro '80s stripes. What are the favourite fabrics that will go from runway to street style? Last year linen and lace dominated the streets, now it's the turn of satin pants. These were positioned as the number one option that shone in more than one fashion show of the season. Ami opted for a low rise model with XL belt to play with the silhouette and build casual daytime outfits. Ferragamo revived the skort-skirt of the 2000s, but in an elegant, modern and functional version. Tom Ford gives a nod to the pajama looks that celebrities like Angelina Jolie popularized in the past. An evening blue ensemble to look glamorous with metallic pumps on a special evening. Khaite showed them in a cylindrical version, ideal to increase volume or to go out of the traditional in terms of style. Finally, Toteme enchants with straight satin pants that we will see in minimalist or one-tone styles. It seems that everything points to leather effect pants going from fall to summer, a glamorous piece that is worth continuing to wear. Especially for those days of unpredictable weather or summer showers that appear without warning. Bottega Veneta and Versace are adding braided leather or crocodile-effect designs to give a reptile touch to the outfit. While Hermès, Ami and Zimmermann choose plain models in classic shades ranging from matte black to variations of brown. ","https://assets.vogue.in/photos/69574bf97b0d83776ed78604/16:9/w_1280,c_limit/pantalones-de-chanel-primavera-verano-2026.jpg"
"Feb 07, 2026 @ 23:21:47.096",96c7b2b66c0b20e39fddcca7cc65be0e,https://www.vogue.in/content/khushi-kapoors-ivory-tarun-tahiliani-lehenga-is-brought-to-life-with-multi-hued-crafts,Khushi Kapoor’s ivory Tarun Tahiliani lehenga is brought to life with multi-hued crafts,The actor wore navratna jewellery to complement the vibrancy of her look.,Nupur Sarvaiya,2026-01-03T04:00:00.000Z,"Worn to a friend’s destination wedding, Khushi Kapoor’s The ivory skirt reveals a mélange of colours, featuring pinks, purples and verdant greens, woven together as varied prints and patterns. Architectural patterns sit alongside delicate Micro floral embroidery, scattered across the surface in multicoloured threads, lends a romantic delicacy to the blouse. But what elevates it is the ornate detailing at the hem and cuffs, both bejewelled bands encrusted with red and green gemstones, crystals, intricate embroidery and finishing pearl drops. The Kapoor’s stylist Mohit Rai tied the look together with a navratna choker and matching stud earrings from Golecha’s Jewels. Their pieces’ palette mirrored the gemstones on her blouse. A sleek, centre-parted bun kept the focus firmly on the craftsmanship, making it an ideal choice for festive celebrations. Her makeup stayed in sync with smoky eyes paired with nude pink lips. A multicoloured heart-shaped clutch from Doux Amour added a touch of whimsy. Ivory does not equate to pared down. A lehenga, like Kapoor’s, can become a conversation starter. With a different take on the accessories, it can transition seamlessly from a daytime beach wedding to a glam sangeet with diamonds swapped in for a fresh, after-dark edge. ","https://assets.vogue.in/photos/695763130e5e9693876bbab1/16:9/w_1280,c_limit/SnapInsta.to_607817533_18554929753043027_2267225380432503130_n.jpg"
"Feb 07, 2026 @ 23:21:48.614",a18a614e7b8c44b9836b3255992eb2f8,https://www.vogue.in/content/the-biggest-vintage-trends-of-2026-according-to-the-experts,"The biggest vintage trends of 2026, according to the experts","From the return of the 2010s to museum-worthy vintage, here’s what to look out for. ",Emily Chan,2026-01-03T03:00:00.000Z,"2025 has been a stellar year for In fact, Grande has been on a major vintage streak this year, with her partnership with Law Roach delivering a series of stand-out archival looks during the Beyond the red carpet, we’ve also seen stars embracing archival looks from the 2010s, including Could this be a sign of what to expect next year? Below, we asked the vintage experts to share their predictions for the biggest vintage trends to watch out for in 2026. While the obsession with Archival John Galliano, Thierry Mugler and Jean Paul Gaultier have dominated the red carpet in recent years, but increasingly we’re seeing celebrities and their stylists opting for lesser-known designers or no-label vintage going as far back as the 1920s. “We’re getting a ton of requests for older pieces, from the 1920s to 1950s, which makes sense,” Norris reflects. “After all, so many of the Come awards season, expect to see plenty of ’50s vintage on the red carpet – with Ariana Grande’s recent archival looks being particularly influential here. “I really think we are going to see a surge in Old Hollywood dressing,” says Trophy Major archival moments in recent years have typically come via instantly recognisable pieces of fashion history (Zendaya’s robot suit from Mugler’s autumn/winter 1995 collection comes to mind), but in 2026, experts are predicting a shift to more understated designs that celebrate craftsmanship. “The wow factor will come less from shine and more from craftsmanship, construction, and the kind of materials that stop people in their tracks without needing to scream,” We’ve seen the likes of the ","https://assets.vogue.in/photos/69576a4afa2d0102da0710b1/16:9/w_1280,c_limit/EC-VOGUK-151225-VINTAGE25.jpg"
"Feb 07, 2026 @ 23:21:50.017",1ccf5c914f5062bb5ccc0b9164e19489,https://www.vogue.in/content/diana-pentys-red-sari-finds-an-unexpected-hasli-moment,Diana Penty’s red Mahima Mahajan sari finds an unexpected hasli moment,"A corset-style blouse alters the balance of the Mahima Mahajan sari, concentrating detail at the bodice and letting the drape fall uninterrupted",Vogue Staff,2026-01-02T13:27:08.260Z,"Diana Penty’s Mahima Mahajan sari is densely worked from edge to edge. Fine gold butti embroidery is distributed evenly across the red silk. The embroidery becomes heavier and more concentrated, marking the outline of the drape as it falls from shoulder to hem and giving the sari a clearer finish. It is paired with a corset-style blouse, hand-embroidered and cut to sit close. The shaping is visible in the seams and structure of the blouse, setting it apart from a conventional sari blouse while keeping the drape itself unchanged. By concentrating embroidery on the blouse and along the sari’s edges, the look avoids feeling scattered, even with extensive surface work. Stylist Namita Alexander accessorised Penty with a diamond choker, matching earrings and stacked bangles that sit comfortably alongside the sari’s detailing. The standout is a beige mini bag by Özel from the Özel x Mortantra collaboration. The bag is embroidered with zardozi paisley motifs and finished with metallic detailing. The handle, crafted from a traditional hasli neckpiece, gives the bag a distinct identity and ties it back to the jewellery worn with the sari. Hair is worn in loose, side-parted waves. Makeup by Séverine Perina stays warm and natural, with softly lined eyes and a neutral lip that sit comfortably alongside the richness of the sari and accessories. “Reimagine this red look for a day wandering a gallery. Ditch the heavy jewellery and pair a simple silk or georgette red and cream polka sari with a cropped blouse. Try an off-white lace blouse with a small puff sleeve for a romantic, vintage edge or a boxy crop top with reverse polka to play with pattern. Finish with simple kolhapuris or keds and pull your hair into a clean top knot,” says Vogue India's fashion associate Divya Balakrishnan. ","https://assets.vogue.in/photos/6957c4057f87dbcea2ab8a21/16:9/w_1280,c_limit/SnapInsta.to_606605480_18548041621056249_1571663172053762081_n.jpg"
"Feb 07, 2026 @ 23:21:51.423",ae201f6c4f9e40e4e805c122c0e269b4,https://www.vogue.in/content/from-kajol-to-malavika-mohanan-this-weeks-best-looks-were-wrapped-in-jewel-tones-and-golden-zari,"From Kajol to Malavika Mohanan, this week’s best looks were wrapped in jewel tones and golden zari","Black velvet and olive silk were elevated with sequins, patchwork and statement bows",Vogue Staff,2026-01-02T12:12:32.391Z,"The new year arrived dressed in rich hues and serious shine, as earthy neutrals and Madhuri Dixit Nene brought Parisian chic in a skirt suit from Sage by Mala. The coffee-brown A-line skirt and tailored blazer balanced sharp tailoring with fluid movement, softened by a lace-trimmed Malavika Mohanan exuded opulence in a custom Soha Ali Khan embraced romance in a black Aisha Rao tulle babydoll ","https://assets.vogue.in/photos/69579c9f42cfbcbe523ebbbb/16:9/w_1280,c_limit/Don%E2%80%99t%20think%20I%20made%20it%20to%20Santa%E2%80%99s%20nice%20list%20%E2%80%A6%20no%20worries%20%E2%80%A6%20I%20can%20buy%20my%20own%20gifts%F0%9F%98%9C.jpeg"
"Feb 07, 2026 @ 23:21:52.909",d6168614384927e2a1659f99a4dfbc8f,https://www.vogue.in/content/anupama-parameswarans-silk-sari-is-built-on-bold-colour-breaks,Anupama Parameswaran’s silk sari is built on bold colour breaks,"Embroidery on the blouse adds detail up top, while the sari keeps its impact through colour and fall",Vogue Staff,2026-01-01T04:00:00.000Z,"Anupama Parameswaran wears a silk The blouse brings in detail through craft. A round neckline and elbow-length sleeves are finished with hand-embroidered zari butti, while small floral motifs picked out in gold thread appear across the body of the sari. It’s decorative, but controlled, allowing the colour story to stay front and centre. A blouse with a shorter sleeve or deeper neckline can shift the balance subtly, while keeping the sari’s colour blocks uninterrupted. Let the fabric and palette continue to lead. ","https://assets.vogue.in/photos/695368f463c16bc49e801bb6/16:9/w_1280,c_limit/%F0%9F%A4%8D%F0%9F%A4%8D%F0%9F%A4%8DStyled%20by%20-%20@poojakaranam%20Saree%20-%20@nisharahmed_%20Jewellery%20-%20@atiracreations%20Footwear%20-%20@ap.jpg"
"Feb 07, 2026 @ 23:21:54.165",c148aad9a6256eca2f7cb67efcc1f8a4,https://www.vogue.in/content/sobhita-dhulipalas-manish-malhotra-sari-brings-zardozi-to-a-luminous-tissue-weave,Sobhita Dhulipala’s Manish Malhotra sari brings zardozi to a luminous tissue weave,Zardozi-heavy sleeves and emerald polki jewellery build on the sari’s warmth,Vogue Staff,2025-12-31T12:05:29.280Z,"Sobhita Dhulipala wears a handwoven tissue sari by The blouse stays close to a classic silhouette, with a rounded neckline and elbow-length sleeves finished in dense zardozi embroidery. The detailing sits low on the arms, drawing attention outward and balancing the openness of the neckline. On the pallu, a larger floral motif appears in heavier zardozi work, placed deliberately so it reads clearly against the lighter tissue base rather than blending into it. Jewellery is drawn from Manish Malhotra High Jewellery, led by an emerald and polki choker that sits high on the collarbone. The scale of the choker establishes it as a focal point, while floral stud earrings and a single ring mirror the heirloom energy of the ensemble. If you’re working with a sari this rich in surface detail, let the blouse and jewellery do the heavy lifting. A clean neckline and a single statement choker will keep the look focused, while softer hair and makeup prevent the gold from feeling overwhelming. ","https://assets.vogue.in/photos/6954a84fb81f6796e6150d3a/16:9/w_1280,c_limit/@sobhitad%20draped%20in%20tissue%20by%20@manishmalhotraworld%20@manishmalhotrajewellery%20%F0%9F%A4%8E%E2%9C%A8#mymmsaree.jpg"
"Feb 07, 2026 @ 23:21:55.370",9862704cea38179f26dbca63bf2cfb31,https://www.vogue.in/content/genelia-deshmukhs-picchika-sari-places-painted-orchids-across-an-ivory-base,Genelia Deshmukh’s Picchika sari places painted orchids across an ivory base,"Gold gota embroidery traces the floral stems, while a large-scale pallu motif shifts the rhythm of the sari’s surface",Vogue Staff,2025-12-30T08:51:44.026Z,"Genelia Deshmukh wears a customised The florals vary in scale across the surface. A larger motif appears along the pallu, while smaller painted orchids repeat across the length of the sari. Gold gota embroidery traces the stems of the flowers, introducing a tactile element alongside the painted work. The Accessories stay within a limited palette. Deshmukh wears jewellery from Kalyan Jewellers, including Her hair is styled in a neat mid-rise bun, finished with fresh flowers tucked at the back. Makeup stays natural in tone, with an even satin finish on the skin, softly defined brown eyes and rosy pink lips. A small blue “Elevate the sari's hand-painted elegance by draping the pallu over one shoulder and letting it fall along the opposite arm. Keep the hairstyle largely the same, but allow a few loose strands to frame the face for a gentler, more effortless finish. Swap the elbow-length blouse for a full-sleeved one to make it more refined. Soften the eyes with a more muted shade of palette. Drop the dangling earrings for a pair of medium-sized pearl studs to match the necklace and complete the look with open-toe white sandals for a light, contemporary touch."" ","https://assets.vogue.in/photos/69529be4938ac652ed9619c0/16:9/w_1280,c_limit/@geneliad%20%F0%9F%AB%B6In%20a%20customised%20@picchika%20Earrings%20&%20hand%20accessories%20@kalyanjewellers_officialPotli.jpg"
"Feb 07, 2026 @ 23:21:56.583",7421a8b21401bec8ea97f1f366f4100a,https://www.vogue.in/content/khushi-kapoors-manish-malhotra-ensemble-puts-velvet-to-work-in-an-embellished-set,Khushi Kapoor’s Manish Malhotra ensemble puts velvet to work in an embellished set,A halter-style corset and straight-cut skirt shape the look through separation and continuity,Vogue Staff,2025-12-29T13:07:27.821Z,"Velvet has become a recurring choice in eveningwear this season because of how it carries embellishment. Its dense surface absorbs surrounding light, allowing crystals, pearls and metal embroidery to sit heavier and appear more concentrated, even when used in limited areas. The fabric does much of the visual work on its own, making placement more effective than coverage. Khushi Kapoor wears a black velvet ensemble from The strapless corset top is edged with silver and pearl embroidery along the neckline and hem, concentrating the detailing high on the body. On the skirt, jewelled motifs appear across the surface. The spacing allows the fabric to remain visually present between points of embellishment. Accessories are kept minimal, with diamond studs and a single ring. Hair is styled in a high bun, clearing the neckline and leaving the embroidery unobstructed. Makeup stays evening-appropriate, with an even base, softly contoured cheeks, dark liner at the eyes and a neutral lip. ""Soften the high-glam drama by breaking up the heavy embellishment with something unexpectedly easy, like a sheer black organza ","https://assets.vogue.in/photos/695216e7a4d955cc0c0f4ccc/16:9/w_1280,c_limit/%E2%9C%A8.jpg"
"Feb 07, 2026 @ 23:21:57.357",d32d88070ec0ab63a633ac923290158e,https://www.vogue.in/content/the-digital-vintage-casio-watch-is-bending-time-in-2025,The digital Vintage Casio watch is bending time in 2025,"From a certain NYC mayor to your style influencer cousin, simple 20th-century timepieces like Casio’s A1000MA series have become everyone’s go-to accessories.",Nirja Dutt,2025-12-29T05:37:36.241Z,"As I stand on an uneven platform for the next train, I am presented with my current favourite fashion show—the New York subway. You can spot a fall/winter ’25 And this isn’t just a New York thing. Over the last two months, I’ve started noticing the same glint everywhere I go. In Tokyo, it’s the clear-resin variants; in Seoul, the retro golds; in Mumbai cafés, the classic F91W that refuses to retire. One September afternoon in Bandra, outside a tiny post-production studio, a filmmaking student waited for his auto wearing a block-printed kurta and a gold-toned Casio LA670. A week later in Delhi, during a quick coffee run in Meherchand Market, a If you glance around, you’ll also spot the odd Seiko Rotocall and Q Timex, but somehow, it is vintage Casio watches that are dominating the conversation. Especially, the A1000MA-7—and somehow the entire Casio Vintage family has found itself back in the cultural spotlight. History was first made with the release of the Casiotron (QW02-10) in 1974—the world’s first fully digital wristwatch with an automatic calendar—but it was never just a timekeeper. Over the years, Casio digital watches have become pop-culture fixtures, appearing everywhere from on-screen sci-fi fantasies including They remain a staple of This lineage, from the pioneering Casiotron to the cult-classic F-91W of the 1990s, leads directly to today’s A1000 models. They carry the same retro credibility and matte-metal minimalism, now elevated with polished stainless steel and a Milanese strap. It’s this blend of historic tech cool and modern refinement that makes wearing the watch both disarmingly ordinary and unexpectedly iconic. “It’s one of the few timepieces that slips into anyone’s life without demanding a costume change,” says stylist Ayesha Amin Nigam, who has been spotting them on shoots across Delhi and Mumbai. She tells me that, in the last year alone, she’s seen them on interns, models, production assistants, even accountants who wander on set in between takes. “It shapeshifts into whatever the outfit needs—grounding streetwear, sharpening suiting or sitting quietly against a The variants alone could fill a moodboard: the brushed-steel A1000MA, its gold-toned MG counterpart, the pastel-tinted MPR editions, the ultra-slim LA670s, and even the resin-cased F-series that collectors love for its purist ’80s silhouette. And unlike many vintage icons, most of these models are still in production and available directly at brand stores, while a handful of discontinued colourways and older A1000 batches quietly trade hands on resale platforms like My Almari and Luxepolis for those seeking a deeper There is another reality that also exists: Christie’s Geneva Luxury Week reported sales of 21,641,435 Swiss francs (approximately ₹242 crores) in rare watches, with a significant 34% of the bidders being millennials and Gen Z’ers. If younger consumers are willing to spend big at auction, why are modest, sub-₹20,000 digital Casios suddenly the cultural touchstone? Part of the answer lies in accessibility, nostalgia and the social currency of effortless style. “Casio democratised digital timekeeping long before it was fashionable,” explains Sarosh Mody, founder of Luxury Watch Works, an after-sales boutique based in Mumbai. “The G-Shock, for example, became—and remains—a cultural icon. Its popularity reflects the people’s choice, not marketing, not snob value. Casio understood utility decades before smartwatches were conceived. The calculator, TV, radio and camera watches were made by them way before the Swiss even thought about them. The brand has blurred the line between Today, reissues and collaborations like the Timex T80 x Maison Margiela and Omega x Swatch drops show that design credibility doesn’t need a luxury price tag. Together, these watches have become a global shorthand for personality, nostalgia and style that crosses generations and geographies. And style icons and collectors continue the trend: Casio watches were a mainstay of But why this watch and why now? I suspect that it’s because it is fundamentally reminiscent of a simpler time. The only complication in the watch is an alarm, just like the one you would wear in school, beeping at the end of an exam. It’s something you perhaps spotted on your father back in the day, and till today, it rings a bell. A personal connection in your wardrobe that tells a story: perhaps that’s the ultimate style flex. ","https://assets.vogue.in/photos/694bc820cfc765fe6316cf82/16:9/w_1280,c_limit/get.jpeg"
"Feb 07, 2026 @ 23:21:58.606",82d111c512cb03643e45b341621780d6,https://www.vogue.in/content/tara-sutarias-floral-skirt-set-is-a-comfortable-alternative-to-heavy-lehengas,Tara Sutaria’s floral skirt set is a comfortable alternative to heavy lehengas,The actor went the minimal route to accessorise her Gauri & Nainika look,Nupur Sarvaiya,2025-12-28T05:30:00.000Z,"For her intimate Christmas celebrations at home, Tara Sutaria chose a look that straddled intimacy with high drama. Though technically a modern co-ord set, Sutaria’s look by Gauri & Nainika reads as something far more versatile. Inching towards a compelling alternative to an ornate lehenga, it appears equally suited to a destination wedding soirée where modernity is prized as much as tradition. At first glance, the ensemble feels like a modern-day lehenga reimagined through a contemporary lens. Comprising a high-waisted, billowing, floor-grazing skirt and a sculpted bralette, the set is lifted by painterly florals that bloom against a noir base. The ensemble is drawn from Gauri & Nainika’s Lakmē Fashion Week x FDCI Spring–Summer 2026 showcase, where the designer duo unveiled a collection rooted in wearable artistry. Inspired by painted canvases, dark roses and moody still lifes, the line translated romance into tactile form using organza, tulle and silk mikado, shaping silhouettes defined by volume, bows, ruffles and drama. On Sutaria, these themes distilled into a maximalist floral piece that felt opulent and of-the-moment. Black punctuated with bold florals has long held fashion’s imagination, from the late '30s’ bias-cut evening gowns to the lacquered rose prints of the ‘50s. This lineage is mirrored on her look. The high-waisted skirt elongates the frame, offering a sleek, cinched foundation, while the bralette’s open back introduces a sensual counterpoint. A sleek, centre-parted bun was adorned with red roses, complemented by a deep crimson lip, together conjuring a Frida Kahlo-esque romanticism. A pair of drop chandelier earrings added the final flourish, letting the noir florals take centre stage. With thoughtful styling, a skirt set, like hers, can seamlessly shift from a formal evening affair to a festive sangeet night. Swap the diamonds for polkis, dial up the drama with the makeup and you have a versatile statement that can be reworked and returned to, time and again. ","https://assets.vogue.in/photos/694fe08af1f11df52ba2e1ce/16:9/w_1280,c_limit/SnapInsta.to_603048614_18541426057025765_3116800142224519326_n.jpg"
"Feb 07, 2026 @ 23:21:59.934",c74484954801dba26c9253ae281fc40d,https://www.vogue.in/content/statement-socks-are-winters-easiest-styling-hack,Statement socks are winter's easiest styling hack,"In a statement hue, a pair of playful socks is this season’s easiest way to add a bit of fun back into your winter wardrobe.  ",Olivia Allen,2025-12-28T03:30:00.000Z,"This close to the end of the holiday season, the urge to panic-buy inevitably sets in. What does your best friend, Once regarded as the reserve of uninspired gift-givers, a good pair of socks has become something I’m sincerely happy to receive. Not all socks are created equal, of course. I’m talking wool, My interest was first piqued by the embellished school socks Simone Rocha sent down the runway, slipped into techy Stylist Colour is just as crucial. “Sheer socks are everywhere again, but it’s the interesting hues that really catch my eye,” she says. “The right tone – something intentional, almost painterly – can anchor an outfit or make it feel more aspirational.” The statement sock is also a cost-effective way to add a bit of So, this holiday season, skip the hot sauce set and treat a loved one to a pair of statement socks instead. Capable of spicing up an entire outfit with the flash of an ankle, give the gift of the easiest styling hack you’ll try all season. ","https://assets.vogue.in/photos/694b698c37129dd03a402b89/16:9/w_1280,c_limit/New%20York%20str%20S26%201480.jpg"
"Feb 07, 2026 @ 23:22:01.237",358ab74ad1e77d98fb79cc8d01025947,https://www.vogue.in/content/navya-nandas-gold-tissue-lehenga-is-paired-with-a-vibrant-vintage-blouse-with-heritage-crafts,Navya Nanda’s gold tissue lehenga is paired with a vibrant vintage blouse with heritage crafts,The entrepreneur wore statement polki pieces to style her look,Nupur Sarvaiya,2025-12-27T10:46:19.405Z,"What’s old is new again and Navya Nanda echoed that sentiment in a multi-hued lehenga by Mayyur Girotra that felt less like occasion wear and more like a cherished inheritance brought back to life. A pale gold tissue silk lehenga serves as the canvas of the look. As the New Delhi-based designer explains, “Navya Nanda wears Mayyur Girotra gold tissue silk signature lehenga. The skirt is paired with a vintage brocade blouse, which is intricately hand-embroidered in zardozi and tilla that is inspired by archival motifs. From the fabric to craft, it carries stories of the past into the present.” The time-honoured designs hark towards patterns that once adorned bridal trunks and temple textiles. The delicate craftsmanship techniques add depth and just the right dose of opulence. What animates the ensemble is the blouse. A multi-coloured counterpoint to the otherwise pared-back, neutral-coloured lehenga. Rendered in multiple hues and finished with vintage brocade, it brings a burst of colour and personality to the look. The plunging V neckline lends a contemporary edge, while the half sleeves, colour-blocked with heritage textiles and artisanal crafts, ground it in tradition. It is this interplay of textiles and techniques that makes the outfit feel polygonal, present and perennial. Nanda’s styling follows the same time-honoured philosophy. She went with soft, understated makeup in old rose tones along with open hair for glam. Jewellery, however, made a statement. She opted for a bold choker set and earrings from Shri Paramani Jewels, echoing the old-world mood of the lehenga. “This exquisite set features handcrafted chandbaali earrings adorned with luminous diamond polki, delicately shaped to reflect timeless artistry and regal charm. Paired with a premium diamond polki choker, the neckpiece showcases superior craftsmanship, rich detailing and a graceful silhouette that sits beautifully on the neckline,” reveals Vinay Gupta, founder, Shri Paramani Jewellers. ","https://assets.vogue.in/photos/694fb859605e6456eb3d689c/16:9/w_1280,c_limit/SnapInsta.to_586875925_18545079208015749_8711401968788027676_n.jpg"
"Feb 07, 2026 @ 23:22:02.543",359f775abdb761955d5ddcbb79855ffe,https://www.vogue.in/content/madhuri-dixit-nenes-black-house-of-masaba-corset-set-plays-with-illusion,Madhuri Dixit Nene’s black House of Masaba corset set plays with illusion,Corsetry and drape combine in a black ensemble built from separate pieces,Vogue Staff,2025-12-26T11:11:22.768Z,"Madhuri Dixit Nene stepped out in a black The outfit centres on a strapless corset adorned with gold-embroidered palm motifs, fastened at the back with an adjustable dori finished with tassels. It is paired with a black draped skirt, secured along the side seam, that falls cleanly to just above the ankle. A coordinating sash, edged with gold tassels, carries foil-appliqué palm detailing with embroidered highlights, looping around the arms. Gold jewellery adds warmth against the black base, with textured statement earrings and a stack of bangles keeping the palette tight. Her hair is worn in loose waves, parted softly and left to frame the face. Makeup stays evening-appropriate with smoky eyes with fine liner, softly flushed cheeks and muted rose lips, finished with defined brows. “For Madhuri Dixit Nene’s striking black evening look, play up the Cleopatra-esque glam. Keep makeup intense around the eyes with a strong wing, add a touch of sheer highlight on cheekbones, and a nude lip. Let the outfit’s silhouette shine by choosing sleek, sculpted hair. Finish with strappy heels and a statement ring or bracelet,” says Vogue India fashion associate Divya Balakrishnan. ","https://assets.vogue.in/photos/694b8875f11badc53c1b4607/16:9/w_1280,c_limit/A%20classic%20mood,%20always%20%F0%9F%96%A4.jpg"
"Feb 07, 2026 @ 23:22:03.932",e72e586d132bd3bb88ce5c208c1a21c1,https://www.vogue.in/content/kriti-sanons-fairytale-gown-and-mira-kapoors-dupatta-cape-led-this-weeks-best-looks,Kriti Sanon's fairytale gown and Mira Kapoor's dupatta cape led this week's best looks,"Playful prints, vibrant colours and flowy drapes were the go-tos",Vogue Staff,2025-12-26T02:30:00.000Z,"The year may be winding down but the fashion shows no signs of slowing. This week's standout looks leaned into experimentation—across print, drape and detail. Ananya Panday embraced Diana Penty’s burgundy Aditi Rao Hydari paired a loose black cotton top with a pleated silk skirt—featuring a playful checkerboard pattern—from Three. Accessories were minimalistic in essense—stud earrings, sculptural ear cuffs, stacked rings and a matching Kajol wore an ochre three-piece Ananya Panday allowed pattern to take centre stage in a black-and-white polka-dot satin maxi dress from Self Portrait. The lingerie-inspired sheer black Rakul Preet Singh sparkled in a strapless black corset dress by Shantnu Nikhil. A fully sequined mermaid skirt and dramatic train offered contract to the sheer lace detailing across the structured bodice. The styling was decidedly statement driven, with the actor opting for dagger earrings that framed her Kriti Kharbanda went classic in a royal blue crepe Bandhani sari by Anjana Bohra. Tassels and coin details along the trim added texture, while an open-black blouse with layered dori ties introduced a playful contrast. Oxidised silver jewellery, Keerthy Suresh’s Shantnu Nikhil corset gown featured Kriti Sanon stepped out of a fairytale in a lavender satin chiffon gown by Andrew Kwon. Defined by its gathered construction and volume, the dreamy dress featured a central cut-out, watteau train and a matching chiffon scarf that added to the flowiness of the ensemble. Petal-inspired earrings set with purple and white crystals mirrored the palette, while pearlescent lavender eyeshadow, glitter-lined under eyes and long ","https://assets.vogue.in/photos/694b9e2b47c475ea752a6d7c/16:9/w_1280,c_limit/Living%20a%20Fairy%20Tale%20%F0%9F%A7%9A%F0%9F%8F%BB%E2%80%8D%E2%99%80%EF%B8%8F%F0%9F%92%9C@andrewkwon_official-2.jpg"
"Feb 07, 2026 @ 23:22:05.241",4e09727395d37e322a482ea77b388512,https://www.vogue.in/content/samantha-ruth-prabhus-silk-sari-is-woven-with-a-houndstooth-pattern,Samantha Ruth Prabhu’s silk sari is woven with a houndstooth pattern,"Intricate zari borders, kundan jewellery and a classic red bindi grounded the look in tradition",Vogue Staff,2025-12-25T05:00:00.000Z,"Houndstooth is not a motif associated with Indian silk weaving. Its roots are in Scottish wool textiles, where the motif emerged as a repeating geometric check. In Samantha Ruth Prabhu’s The black silk base carries the houndstooth across the body of the sari, allowing the motif to remain clearly legible against the fabric’s natural sheen. A wide silver border runs along the edges, bringing in the ceremonial weight associated with classical silk saris. The pallu extends this detailing, revealing itself gradually as the sari moves. The blouse is intentionally pared back. Sleeveless and black, it steps away from pattern and ornament, giving the woven surface of the sari room to hold attention. The jewellery consists of kundan Makeup is kept minimal with a natural finish. The eyes are lightly smoked and the lips are finished in a muted pink. “Sheer black bishop sleeves on the blouse would elevate the houndstooth sari, with the pallu neatly pleated and pinned on the shoulder. Ditch the bangles but keep the earrings and ring, and go even bolder and bigger with the bindi. A classic red lip to finish it off,” says Vogue India fashion associate Manglien Gangte. ","https://assets.vogue.in/photos/694bc3bde208d1634d427fb8/16:9/w_1280,c_limit/After%20an%20action%20packed%20schedule%E2%80%A6%20bruises,%20blood,%20and%20pain,%20we%20cleaned%20up%20surprisingly%20well%E2%80%94consi-2.jpg"
"Feb 07, 2026 @ 23:22:06.606",da47e5442714bde543d3b248c358db1d,https://www.vogue.in/content/2025-is-the-year-we-pledged-allegiance-to-the-tabi-shoe,2025 is the year we pledged allegiance to the tabi shoe,The horse hoof-lookalikes are no longer just on the runway—they are also next to you on the Mumbai local.,Darshita Goyal,2025-12-25T03:30:00.000Z,"In an era of touch-and-go trends, no one would have imagined that shoes that look like horse hooves would have staying power. Back in 2023, when The controversial shoe has always been highly endorsed. In 1988, Let’s just say if you made a drinking game out of every time you saw a certified cool person in tabis, it would not end well for your nervous system. And the bug spreads well beyond celebrities. From the streets of Central Saint Martins in London to the Mumbai local, from Dua Lipa to Naina Bhan to “We’re the first generation with instant access to global fashion. Our appetite to experiment has never been stronger,” says Akanksha Rathore, the founder of lifestyle brand Kilchu. “We saw this as an interesting opportunity to define tabis in the context of Indian juttis.” At Kilchu, you can pick between hand-painted leather styles in aquamarine, salmon or a dark brown that quite literally passes as a horse hoof. That’s not all: even athleisure brands like Nike and Reebok have explored sneakerina split toes. And you know the hype is real when a trend transcends the chronically online and makes it to the glitzy shaadi circuit, as is the case with the golden tabi heels from Chal Jooti. Before you roll your eyes at the dupe-fication of Margiela, it’s essential to note that the tabis were not invented by the French. Their provenance can be traced back to 15th-century Japan, where these were worn as socks, separating the big toe from the rest to maintain grip, balance and comfort. By the early 20th century, rubber soles strengthened the slip ons, creating the style we now call tabis. In fact, the so-called luxury design is still commonly worn by labourers in Japan. Could it be that the internet’s obsession with Hobonichi planners, Studio Ghibli, matcha and all things East Asia summoned the return of the tabis? Well perhaps. But if you ask stylist and designer Jayati Monga, an ardent wearer of the In truth, the central conflict of the tabi—the ‘will they, won’t they’—is a major draw for many wearers. At a time when everything from your inside-joke laptop sticker to the DIY crochet keychain on your bag is a way to script your personality, wearing tabis signals which niche you bend the knee for. It is a strange IYKYK declaration, attracting those who subscribe to similar experimentation while weeding out others who are scared to err on the wrong side of fashion. In fact Monga influenced her flatmate to join the tabi tribe. “They felt super out there to me at first but I love how whimsical tabis can look,” says Udisha Madan, 27, who has just ordered her split-toe shoes. Most people will agree, the hoof lookalikes do not evoke love at first sight. Just like other great works of art—Lena Dunham’s Another factor, I suspect, that makes the design covetable is how gatekept it continues to be. In all honesty, even at its peak, the split-toe style will never become as popular as Docs, Birks or Crocs. However, that is also the point. The moment the controversial shoe wholly sinks into the mainstream, it will lose its appeal or intrigue. No one is going to ask you why you’re wearing horse hooves if everyone is wearing horse hooves. ","https://assets.vogue.in/photos/664f7f025f63b43c99d9949e/16:9/w_1280,c_limit/GettyImages-1561576914.jpg"
"Feb 07, 2026 @ 23:22:08.035",c8ac0bdec4d2ebd0db26fbd50363cc34,https://www.vogue.in/content/archival-fashion-was-everywhere-in-2025,Archival fashion was everywhere in 2025,"Archival fashion became one of the most visible styling choices, shaped by nostalgia and an increasingly crowded trend landscape",Nandana Francis,2025-12-24T18:01:16.883Z,"Fashion has always loved a comeback story, but lately, it has become more of a headline-maker. Archival fashion looks get social media traction, headlines and conversation, whether it’s a decades-old gown resurfacing on a red carpet or a vintage silhouette reworked through a contemporary lens. This return to the past reads as aesthetic, emotional and commercial. The current cultural instability, coupled with economic jitters and the exhaustion of the hyper-digital world that we live in has amplified the effect of the nostalgic cycle on fashion. When the present doesn’t meet our emotional needs, we look back, often with rose-tinted glasses. Every era had its own distinct fashion zeitgeist, from Y2K maximalism to the ‘90s grunge and hip-hop, and the preppy style of the ‘80s. Today’s landscape, by contrast, feels fragmented with the chaos of microtrends and overconsumption. In a market flooded with duplicates and lookalikes, vintage fashion reads as more authentic, proof of taste, effort and discernment. It offers a way to stand apart from an algorithm built on sameness. “Fashion wasn’t safe, and collections weren’t designed primarily around sales projections. That freedom produced work that still resonates today in a way that much of today’s more cautious fashion doesn’t,” says Allia Al Rufai, fashion stylist and consultant. Fashion has the capacity to shape culture in ways that extend far beyond the runway. Certain garments have become cultural markers, referenced and remembered decades later because they captured a moment with emotional force. That kind of resonance takes time, experimentation and, often, the willingness to fail. Today, the balance between artistry and business is often off-kilter. Creativity is expected to move at the speed of commerce, leaving little room for evolution. “Fashion cycles are much faster, critiques are immediate, and new creatives at heritage houses aren’t allowed enough time to experiment. They’re constantly compared to their predecessors, even before their vision has fully formed,” says SJ Singh, a fashion and culture analyst. Although designers across the world continue to push boundaries, the broader mood has changed. Iconicity rarely happens overnight. For something to become iconic, there has to be room for error and growth, a window that for some has narrowed significantly under the pressure of social media. When celebrities step out in carefully chosen pieces from a designer’s past, the response is immediate. These looks arrive with a built-in narrative, a recognisable image and a sense of intentionality that cuts through the noise. Archival dressing becomes cultural shorthand, signalling discernment rather than trend-chasing. It’s also why these moments travel so effectively. They encourage research and recognition, making it a conversation rather than a disposable moment. The resurgence of archival fashion today can feel like a retreat but perhaps is also a response to a present shaped by metrics and viral marketing. Fashion was never meant to exist solely for algorithms or rapid consumption. At its most powerful, it has been culturally tied, emotionally resonant and allowed the time to breathe. If archival fashion feels newly compelling now, it may be because it carries traces of that slower rhythm, one we are still learning how to recover. ","https://assets.vogue.in/photos/694c29e81d3f7e19a74cc9fc/16:9/w_1280,c_limit/SnapInsta.to_550534943_18540048145021763_914196176443314446_n.jpg"
"Feb 07, 2026 @ 23:22:09.356",4101f5fc64f9eff6ac097cb7146b9ee5,https://www.vogue.in/content/ananya-pandays-coral-arpita-mehta-sharara-glints-with-mirror-work,Ananya Panday’s coral Arpita Mehta sharara glints with mirror work,The beauty look holds its ground against the ornate craft of the ensemble,Vogue Staff,2025-12-24T16:43:24.855Z,"Ananya Panday stepped out in a coral sharara set by Arpita Mehta for a pre-wedding celebration in Dubai, styled by Ami Patel. The look was built around dense hand embroidery and a three-part ensemble comprising a cropped jacket, a sweetheart-neck blouse and wide sharara pants. The jacket set the proportions of the look, worn open over the blouse and detailed with heavy shisha embroidery along the front panels, sleeves and hem. Gold zari outlined the The sharara pants extended the design language downward in a more dispersed pattern, with embroidered motifs placed across the length of the fabric and gathered more closely near the waist. Panday paired the set with statement The makeup by Riviera Lynn keeps the focus on softly kohl-lined eyes, worked close to the lash line and gently smoked to add depth that holds up against the density of the shisha embroidery and mirror work. Skin is even and luminous, with warmth through the cheeks that picks up on the coral tones of the sharara. With hair in loose, soft waves by Sankalp Vilas Surve, the beauty look acts as a steady counterpoint to the ornate craft of the ensemble. “Ananya Panday’s Arpita Mehta look works best when the embellished jacket is the hero. Keep everything else pared back with fitted shorts and a simple white puffy blouse or crop top. Go for undone hair, natural makeup, a chunky wrist stack and boho sandals for some laid-back street style,” says Vogue India fashion associate Divya Balakrishnan. ","https://assets.vogue.in/photos/694b71df75474b5a7009865e/16:9/w_1280,c_limit/@ananyapanday%20in%20@arpitamehtaofficial,%20where%20mirror%20work%20meets%20oversized%20tailoring!%20Styled%20by%20@s.jpg"
"Feb 07, 2026 @ 23:22:10.713",3d4c5756524c9c3272d9ba389cc0cfe7,https://www.vogue.in/content/nita-ambani-pairs-a-painterly-floral-sari-with-a-rare-paraiba-necklace,Nita Ambani pairs a painterly floral sari with a rare Paraíba necklace,Don't miss the bow detail on the blouse,Vogue Staff,2025-12-23T11:48:38.935Z,"At a recent family celebration, Nita Ambani wore a Here, the clothes provided a backdrop; what drew the eye was a necklace with a vivid blue-green gemstone, the hues for which Paraíba tourmalines are renowned. Electric-toned blues and greens are caused by trace amounts of copper and manganese in the mineral structure. Paraíba tourmaline was first discovered in the Brazilian state of Paraíba in the late 1980s, according to the The necklace worn here sits long on the body, the stone’s hue dominating against the softer tones of the sari. With hair styled in gentle waves and warm makeup, there is a compositional hierarchy.  Double diamond earrings sat close to the ear and understated accompanying jewellery kept the focus on the gemstone itself. ""To highlight jewellery and make it the focal point, opt for an off-shoulder dress or a boat-neck gown. Solid colour blocks in golds, pearls or neutrals keep the outfit clean so your accessories pop. Keep the rest minimal; subtle earrings and sleek hair lets the jewellery shine,"" says Vogue India fashion associate Divya Balakrishnan. ","https://assets.vogue.in/photos/694a3db989d834b6830df129/16:9/w_1280,c_limit/Nita%20Ambani%202%20(1).jpg"
"Feb 07, 2026 @ 23:22:12.153",4450157a4622a95fbd5e97ebe39a48d6,https://www.vogue.in/content/a-zardozi-heavy-halter-blouse-shifts-the-balance-of-janhvi-kapoors-velvet-sari,A zardozi-heavy halter blouse shifts the balance of Janhvi Kapoor’s velvet sari,"Jewellery sits away from the neckline, with emphasis placed on earrings and bangles",Vogue Staff,2025-12-22T13:30:03.707Z,"Velvet is a material that brings its own constraints. Its weight, light absorption and texture affect how a garment drapes, where embroidery can sit, and how much surface can be worked before the material begins to feel crowded. Janhvi Kapoor wore a midnight-blue velvet Cut as a halter with a sweetheart neckline, the Kapoor wore her hair straight and left it loose, falling past her shoulders and sitting close to her body. Makeup stayed within a muted range, with softly lined eyes and a neutral lip that did not introduce additional contrast. Elongated drop earrings added verticality, while oxidised silver bangles brought texture to the wrists. “Work with a velvet strappy gown in the same navy hue with similar embroidery details to further enrich the look. Pair this with a statement silver or antique diamond chandelier earrings and dull silver strappy sandals,"" says Vogue India fashion associate Divya Balakrishnan. ","https://assets.vogue.in/photos/69490a8a1c30e99454c20e27/16:9/w_1280,c_limit/@ndtv%20actor%20of%20the%20year%20female%20for%20Homebound%20-)%20my%20biggest%20take%20away%20from%20the%20journey%20of%20this%20ve.jpg"
"Feb 07, 2026 @ 23:22:13.537",15d3150c9ffdcfc41ca1cdd9b28fe010,https://www.vogue.in/content/these-engagement-ring-trends-will-be-huge-in-2026,These engagement ring trends will be huge in 2026,"For almost a century, the big heritage jewellery houses dictated the diamond ring rules: bigger, whiter, more perfect. Engagement rings became shorthand for status, a taxonomy of size, clarity and budget. “But the next generation is rejecting that logic,” says Malaika Crawford. Taste, not scale, is the new luxury, even when the stones themselves are large.",Vogue India,2025-12-22T07:00:13.864Z,"In the early 2000s and 2010s, the engagement ring slipped into aesthetic autopilot, with bright-white round brilliants, sugary micro-pavé bands, halo settings, and princess cuts dominating the landscape. In 2025, we have a new version of diamond-ring ubiquity: the so-called “90210 ring,” a massive oval solitaire that was replicated endlessly on TikTok until it became its own algorithm. The result is a Classic silhouettes still prevail. The six-prong Tiffany & Co. setting introduced in 1886 continues to define the textbook image of a solitaire, and the emerald-cut diamond—worn by everyone from Elizabeth Taylor and Grace Kelly to A new mood is forming. It is warmer and more tactile, shaped by a desire for rings that feel designed rather than AI-generated. “People are trying to align with designers whose work actually resonates with them,” says New York-based jeweler Sarah Dyne, who sees clients gravitating toward labor-intensive, crafted settings rather than polished uniformity. Frank Everett, senior vice president of jewelry at Sotheby’s, notes the same shift. “People's preference for rings is turning towards While the 2000s celebrated pristine brilliance, the next wave embraces Zendaya’s east-west engagement ring is rumored to be the work of Jessica McCormack. The rise of antique diamonds—Old Mines, Old Europeans, and elongated Jessica McCormack has been central to this shift. Her silver-topped gold mountings and signature old-cut diamonds have reintroduced 19th-century styles to a new audience, including “I am getting loads of requests for antique-cut stones. Stones with interesting or unique cuts, tones and characteristics, and captivating inclusions, all of which indicate the stone is natural,” says Los Angeles-based designer Maggi Simpkins, who has seen a surge in requests for Old Mines and elongated cushions. Prounis founder Jean Prounis says the same: “Clients are increasingly drawn to the Everett sees this surge as a direct rejection of homogeneity and the overly perfect on social media. Culture has caught on in real time. If the 2010s were about delicate, skinny, supporting-act bands, this new decade is embracing weight and presence. Thick “Chunkier, thicker wedding bands are coming up often; clients are gravitating toward a more substantial gold profile paired with a single center stone,” says Prounis. She sees clients leaning towards gold-heavy rings with bezel settings, which are gaining traction over traditional prongs. Los Angeles-based designer Jenna Katz, known for her hand-fabricated 18k and 22k bands, gets similar inquiries from clients. “Bridal clients want something The look has an almost ’70s energy: bold, sculptural, warm-toned gold that feels intentional and slightly retro, without slipping into costume. The band itself is becoming a design statement. Instead of a simple shank-plus-stone formula, designers are exploring softened signets, undulating curves, melted textures, and forms that reference early modernist jewelry. “The trend right now is softer, smoother rather than sharp or geometric,” says Simpkins, whose bespoke work increasingly features signet-inspired silhouettes with “melty, imperfect texture.” Rooted in hand-engraved symbolism, Dyne shows a growing interest in tactile surfaces: brushed gold signaling a move away from high-polish gold. These sculptural and often sinuous The parallels to fashion and interiors are obvious. The rise of vintage textiles, coastal-elite interiors filled with batik prints and irregular pottery, and Lisa Eisner for The Row’s organic forms all reflect the same instinct. Sculptural Rounds remain ubiquitous, but elongated shapes will define 2026: ovals, elongated antique cushions, marquise cuts, and east-west settings. Ovals, boosted by TikTok and Elongated cushions are equally defining, helped along by Swift’s antique-cushion ring. They feel historical rather than glossy and offer softer Sara Beltran of the New York-based brand Dezso, whose pieces blend oceanic influences and artisanal techniques, never uses prong settings. Instead, she embraces long stones set horizontally, describing them as “ Colour is not replacing white diamonds, but the palette is warming. Designers are seeing greater interest in champagne diamonds, light yellows, honey tones, and smoky browns. “People are much more open to warm diamonds now,” says Katz. “The palette includes Beltran’s citrine and aquamarine pieces—though not strictly engagement rings—reflect the broader shift toward subtler, more ","https://assets.vogue.in/photos/678100e0bfd84985e134c325/16:9/w_1280,c_limit/Snapinsta.app_472491343_944950724265606_8774482625480081282_n_1080.jpg"
"Feb 07, 2026 @ 23:22:15.003",9bd1cb737a3067249095af94296bbfae,https://www.vogue.in/content/karisma-kapoors-beige-ritu-kumar-anarkali-relies-on-the-power-of-construction,Karisma Kapoor’s beige Ritu Kumar anarkali relies on the power of construction,Intricate threadwork elevates her suit set,Nupur Sarvaiya,2025-12-21T05:00:00.000Z,"For a recent outing, Karisma Kapoor opted for a beige kurta set from Ritu Kumar, which at a cursory glance seems pared-down but on a closer look, it’s intricate and commanding. The look’s neutral palette serves as a reminder that impact does not always rely on colour saturation. The silhouette is classic anarkali, but it is reimagined with a slightly jacket-style construction. Ritu Kumar’s beige Begum suit set unfolds with a thoughtful balance of heritage and ease. Crafted in Chanderi silk, the anarkali is structured at the bodice, where fine embroidery traces the form flowing into the fluid, flared skirt. The silhouette moves with grace, while a complementary tulle dupatta adds a diaphanous layer of lightness. Together, the elements create a look that feels ceremonial yet wearable. The embroidery deserves a special mention. Executed in resham threads, its colours draw from autumnal hues, including muted ambers, soft olives and burnished golds, and are shaped into delicate florals and foliage. A scooped back introduces a subtle sensuality and a counterpoint to the otherwise modest ensemble. Central to the outfit’s appeal is its fabric. Chanderi, often described by local artisans as “booni hui hawa” or woven air, is prized for its breathability and feather-light feel. Its ability to remain airy through humidity and transitional weather makes it ideal for Indian festivities that stretch across monsoon, autumn and winter. Long celebrated for its delicate transparency and understated lustre, Chanderi brings comfort to the forefront without sacrificing refinement. Kapoor’s beauty look completes the narrative with her signature makeup. Coppery smoky eyes paired with nude lips that keep the focus on the ensemble. She left her hair open and styled with soft curls and gentle braids at the crown. She accessorised with a gold necklace, drop earrings and bracelets from Kalyan Jewellers. From the makeup to the anarkali, it is the kind of look that will transcend seasons and occasions, making a compelling case for year-long dressing that feels festive without being fleeting. ","https://assets.vogue.in/photos/694510a56a38dc3cea618b49/16:9/w_1280,c_limit/SnapInsta.to_601350407_18547814209037246_2569704455079364472_n.jpg"
"Feb 07, 2026 @ 23:22:15.840",05b3d6878f30f302a640e4bab6d15c81,https://www.vogue.in/content/5-dress-trends-that-will-blow-up-in-2026,5 dress trends that will blow up in 2026,"From aprons to florals, here’s Vogue’s guide to the key dress trends to know.",Alice Cary,2025-12-21T02:30:00.000Z,"If dress trends have crossed your mind at all lately, chances are they’ve been occasion-driven. With the party season bringing a whirlwind of events and commitments, the spotlight shifts to standout styles—from florals and LBDs to something new every day. Besides the celebratory moments that might call for a dress, the winter season doesn’t seem like the optimal time to invest in a new style. But there’s no harm in getting ahead: the The string of designer debuts delivered fresh visions at At Bottega Veneta, too (Blazy’s former stomping ground), Louise Trotter catered to the brand’s loyal clientele with parachute dresses that appeared effortless, thanks to the lightweight Miuccia Even if a dress requiring function is way off the cards – and you plan on living in track suits throughout January – the below dress trends are worth bookmarking for a later date. This article first appeared on ","https://assets.vogue.in/photos/694382b733c7262e0a0d8fcc/16:9/w_1280,c_limit/AC-VOGUK-171225-001.jpg"
"Feb 07, 2026 @ 23:22:17.349",0d7992b315126f3d2c259d1b4c3bdf15,https://www.vogue.in/content/ananya-pandays-rust-house-of-masaba-ensemble-pairs-foil-detailing-with-a-gold-gota-blouse,Ananya Panday’s rust House of Masaba ensemble pairs foil detailing with a gold gota blouse,"The styling leans into texture and tonal harmony, with a sharp turn away from predictable accessories",Nupur Sarvaiya,2025-12-20T05:00:00.000Z,"Ananya Panday is firmly in her rom-com era. As she’s stepping out to promote Styled by Lakshmi Lehr, the The half-and-half drape is teamed up with a blouse crafted in golden gota, lending a rich, festive counterpoint to the rust drape. Designed as a bralette, it proves why a gold blouse is one of the smartest investments in a ceremonial wear wardrobe. Versatile and timeless, it can be paired across saris and lehengas, festive occasions or otherwise, making it practical and striking. Panday kept her beauty look within the same colour family. Her makeup followed a monotone rust palette, featuring soft eyeshadow, ","https://assets.vogue.in/photos/69450ee19b75c31d75ee9be3/16:9/w_1280,c_limit/SnapInsta.to_602871953_18550597912032012_6858605832977861478_n.jpg"
"Feb 07, 2026 @ 23:22:18.895",f3e878b38ac64a35c19c21ab6ebd4f5b,https://www.vogue.in/content/the-key-spring-summer-2026-bag-trends-to-know-now,The key Spring/Summer 2026 bag trends to know now,"From Chanel’s renewed 2.55 to styles from Prada, Miu Miu and Bottega Veneta",Alice Cary,2025-12-20T02:30:00.000Z,"The influx of designer debuts at several major houses this season brought a number of spring/summer 2026 bag trends to the fore. “I was interested in that kind of aspect of time and something you cherish,” Matthieu Blazy said of his new takes on Dabbling in the accessory archives was, by no surprise, a common theme for newcomers: at Anderson’s Lady Dior – and the angular top handles he included in his inaugural collection for the house – was one of many new “ladylike” Chain-handled silhouettes were another key spring/summer 2026 bag trend to emerge at the shows, seen at Chloé, Ferragamo, Stella McCartney, Here, Creative directors often head to the archives upon their appointment at a new house to ideate new design codes that will mark their tenure, yet there can be a reluctance to mess with the classics too much. Matthieu Blazy’s reinvigorated 2.55 Chanel flap bag retained the iconic quilting and chain handle, but was given new life with structural wire to make it look as if it were frozen in time. At Balenciaga, Pierpaolo Piccioli delivered new Le City bags; at In 2025, “ladylike” became a fashion archetype, expressed in dainty gloves, demure over-the-knee Chain This article first appeared on ","https://assets.vogue.in/photos/694380cb17e37ffe3a4dc696/16:9/w_1280,c_limit/Fresh%20Takes%20On%20Archive%20Classics.jpg"
"Feb 07, 2026 @ 23:22:20.263",7fbd1e0d6d1ab69e2db2152bebc74a62,https://www.vogue.in/content/sanya-malhotra-and-sreeleela-brought-taffeta-and-tissue-to-the-best-looks-of-the-week,Sanya Malhotra and Sreeleela brought taffeta and tissue to the best looks of the week,"Across silhouettes and palettes, styling and beauty stayed closely attuned",Vogue Staff,2025-12-19T13:40:29.343Z,"Occasionwear dominated celebrity wardrobes over the past few days, with designers returning to surface work, sculptural details and expressive colour. From Sreeleela’s champagne-toned tissue lehenga to Sreeleela wore a champagne tissue lehenga by Snneha Jethwa, with fabric choice driving the look. The sweetheart blouse brought structure to the bodice, while the lehenga and dupatta stayed light and fluid, allowing the sheen of the tissue to shift with movement. Jewellery remained tonal and restrained. Her hair was styled into a low ponytail finished with a white gajra, and warm-toned makeup kept the overall effect soft. A sculpted rose detail sat at the bodice of Proportion led Banita Sandhu’s all-Gucci ensemble, built around an oversized lavender blazer worn with tailored trousers. The shoulder line and relaxed cut set the silhouette, allowing the ruffled shirt beneath to add texture through layering. Accessories stayed minimal and loose, textured waves kept the look breezy. Sonali Bendre wore a black Chorus ensemble centred on a panelled corset-style top detailed with hand-painted floral appliqués, crystals and micro beading. The same detailing continued through the matching skirt, giving the look visual continuity. Jewellery stayed sculptural, with ear cuffs and stacked rings. Smoky eyes and a muted lip stayed in step with the depth of the palette. A gold tissue lehenga by Mayyur Girotra formed the base of Navya Nanda’s look, paired with an embroidered brocade blouse. Zardozi and tilla work in jewel tones ran across the vintage blouse and along the borders of the lehenga and dupatta, placing attention firmly on craftsmanship. Kundan jewellery, including a green-stone choker and chandbalis, reinforced the richness of the palette. Pink-toned makeup stayed in harmony with the colours of the embroidery. Ananya Panday embraced vibrant colours in a yellow ","https://assets.vogue.in/photos/694539c87c9e62a55a28ce17/16:9/w_1280,c_limit/Guysssss%20it%E2%80%99s%20a%20Breeutiful%20morningggg%20%E2%9C%A8%F0%9F%A5%B9From%20last%20night%E2%80%99s%20honors%20to%20this%20morning%E2%80%99s%20matcha%20celeb-2.jpg"
"Feb 07, 2026 @ 23:22:21.454",3b758bb67cb76b44b53c15fb78bb885d,https://www.vogue.in/content/alia-bhatts-anamika-khanna-ensemble-uses-a-zardozi-edged-cape-as-its-defining-layer,Alia Bhatt’s Anamika Khanna ensemble uses a zardozi-edged cape as its defining layer,Placement and proportion do the heavy lifting in this couture look,Vogue India,2025-12-19T09:49:05.983Z,"Alia Bhatt wears The cape is styled open and worn in place of a dupatta establishing scale and movement across the body. Its borders carry dense metallic embroidery and Polki earrings by Amrapali Jewels and haathphool by Rah Jewels add ornamentation without filling the neckline, allowing the blouse and cape borders to remain the visual centre. Bhatt wears her hair loose with natural volume, keeping the look relaxed. Her makeup follows the same logic. Warm, even skin, softly defined eyes and a muted “Lean into the regal feel of the cape and go all maximal with accessories. Add a polki necklace to add weight to the look while retaining the earrings and hand accessories. A side part slick back hair with crimson lips and heavy smoky eyes to make it all modern without compromising on the old world opulence,” says Vogue India fashion associate Manglien Gangte. ","https://assets.vogue.in/photos/6944f0c05ea80eeaa1757cf4/16:9/w_1280,c_limit/Last%20night%20with%20the%20golden%20girl%20@aliaabhatt%20in%20custom%20@anamikakhanna.in%20couture%20Jewels%20Haathphoo%20(1).jpg"
"Feb 07, 2026 @ 23:22:22.750",5d07fafeab47f16c0d215e49f701e021,https://www.vogue.in/content/alaya-fs-oxblood-gown-plays-with-sharp-shoulders-and-a-folded-waist-detail,Alaya F’s oxblood gown plays with sharp shoulders and a folded waist detail,An edited red-carpet appearance where colour and silhouette do the heavy lifting,Vogue Staff,2025-12-18T12:58:31.698Z,"If you want proof that a single colour can carry a whole fashion look, Alaya F’s oxblood gown does it. The look is about clean lines, strategic cut-outs and a silhouette that keeps your eye moving, rather than drowning you in detail. She wears a deep V-neck gown by C.Dam with cutaway shoulders and long glove sleeves that extend the arm into one uninterrupted line. The bodice sits close and sleek, then breaks at the hip with an asymmetric drape that reads like a folded panel, adding shape and movement before the skirt drops straight to the floor. The styling stays tight with a diamond collar necklace that sits high on the neck, repeating the gown’s geometry, with small studs to keep the focus on the neckline and shoulder line. Hair is worn down with a centre part and smooth, glossy lengths that match the dress’s clean finish. Even, luminous skin, softly defined eyes with liner and lashes, and a neutral nude lip that lets the gown’s colour stay in charge. “Alaya's cherry red ensemble is the perfect color for the festive season, her torque neckpiece steals the show. The space that the torque shape reveals creates intrigue, there are many such neckpiece shapes with stones and beads. Rethink this in a contemporary bohemian look. Work with a burgundy strapless top or tank and pair that with a ruffled asymmetrical chiffon skirt. Pair this with a bandana, a bangle stack and some thonged sandals to complete the look,” says Vogue India fashion associate Divya Balakrishnan. ","https://assets.vogue.in/photos/6943ba7402f13981b7b9d061/16:9/w_1280,c_limit/In%20my%20red%20era%20%F0%9F%92%83%F0%9F%8F%BB%F0%9F%8D%92.jpg"
"Feb 07, 2026 @ 23:22:24.244",d5b3b9d455ee51eb1d406d99fa4b85e0,https://www.vogue.in/content/the-case-for-the-oversized-shoulder-mini-dress-this-party-season,This ’80s mini dress is trending just in time for party season,The ’80s mini dress is making a comeback in our end-of-year wardrobe,Chloé Versabeau,2025-12-18T07:21:00.200Z,"We first noticed strong-shouldered minidresses taking over the catwalks for autumn/winter 2025. At the Stella McCartney show, there was a draped dress with It’s not just on the catwalks that the trend is taking hold. At The Fashion Awards, In many ways, 2025 has been all about the mini dress – so why not round off the year with this grown-up take on the trend? Whether you’re looking for a flattering draped number, or a ","https://assets.vogue.in/photos/69438a8737b942ac60000782/16:9/w_1280,c_limit/SnapInsta.to_483598606_18495274237007182_7144547255601440272_n.jpg"
"Feb 07, 2026 @ 23:22:25.578",efcb9f0678929fe66f51d0c1965c2058,https://www.vogue.in/content/alia-bhatts-archival-herve-leger-dress-revisits-a-90s-red-carpet-silhouette,Alia Bhatt’s archival Hervé Léger dress revisits a ’90s red-carpet silhouette,A halter-neck bodycon from Fall/Winter 1993 brings back a body-skimming language that once dominated eveningwear,Vogue Staff,2025-12-17T16:47:15.460Z,"Alia Bhatt’s appearance in an archival Hervé Léger dress for the Filmfare Awards draws attention to a silhouette that once defined red-carpet dressing in the early ’90s. Styled by Rhea Kapoor, Bhatt wore a black halter-neck gown from the house’s Fall/Winter 1993 collection, part of the era when Hervé Léger’s bandage construction became a red carpet favourite,  embedded in fashion culture. The dress follows a now-familiar structure from that era: a close-fitting column that traces the body from neckline to hem, paired with a halter cut that exposes the shoulders and upper back. The fabric’s engineered stretch creates a smooth, uninterrupted surface, while the scalloped neckline introduces a subtle architectural detail. A high slit breaks the line just enough to bring in movement. This kind of silhouette appeared repeatedly on red carpets throughout the ’90s with figures like Cindy Crawford, Naomi Campbell and Sharon Stone often wearing similarly pared-back, body-skimming gowns. Bhatt’s styling keeps the emphasis clear. Her hair is swept back into a loose updo, leaving the neckline unobstructed. Jewellery is limited to a diamond choker and small studs. Her eye look by makeup artist Puneet B Saini is built in layers of warm browns and muted rose shimmer diffused across the lids. Skin is evened out to a satin finish, with warmth concentrated at the cheeks rather than a high-gloss highlight moment. The lips sit firmly in neutral territory, a softly contoured nude that keeps the focus upward. “Strip it back and let the dress do the talking. Lose the choker and swap it for nothing at all, bare skin feels more modern here. Loosen the hair in an almost undone way. Finish with simple black heels and a classic red lip,” says Vogue India fashion associate Manglien Gangte. ","https://assets.vogue.in/photos/694285aa610e8c5f59c65707/16:9/w_1280,c_limit/Herve%20Leger%20FW93%20for%20ABK%20%E2%8C%9B%EF%B8%8FStyled%20by%20me%20with%20@meaganconcessio%20and%20@sanyakapoor%20Necklace%20@mahesh_.jpg"
"Feb 07, 2026 @ 23:22:26.844",1ad4f38529342dc1bda246034f01103a,https://www.vogue.in/content/gabriela-hearst-on-her-arrival-in-india-and-the-future-of-conscious-fashion,Gabriela Hearst on her arrival in India and the future of conscious fashion,“I don’t want to contribute to more disconnection between nature and our species”,Thea Mulchandani,2025-12-16T15:02:49.928Z,"“I’ve always been conscious of what’s happening to our environment,” says Gabriela Hearst. “And I say ‘environment’ because the Earth will be fine without us. Without an environment we can survive in, humanity cannot thrive.” Long synonymous with Born in Uruguay, Hearst grew up on her family’s ranch surrounded by horses, cattle and sheep. To her, luxury has always meant things that were thoughtfully created and built for the future. After more than a decade as a designer in New York, she launched her eponymous label in 2015. “Nobody needs another fashion brand,” she says. “We desire it, yes. When I launched Gabriela Hearst, I had a long-term vision that placed sustainability and ethical sourcing as the priority. But good intentions alone aren’t enough. The design had to be exceptional.” And exceptional design is what the brand delivered. Hearst’s ‘Nina’ bag, first released in 2016, was quick to become a cult favourite. It featured a minimalistic round pouch, almost cinched at the top, with a long structured handle. Crafted from Nappa From entirely eliminating plastic packaging to staging fashion’s first carbon-neutral runway show in Spring/Summer 2020, Gabriela Hearst (the brand and the designer) has set benchmarks for sustainable luxury. A member of the board of trustees of Save the Children, Hearst has repeatedly donated proceeds from her stores to the organisation, supporting their relief efforts across the globe. Even during the designer's tenure at Chloé (December 2020–September 2023), the house became the first European luxury brand to earn B Corp certification. Below, Vogue India speaks to Gabriela Hearst about her philosophy, her practice and the story behind the Nina bag. I don’t want any polymers, petroleum or plastic even in our shoe soles. With But the bigger issue—not just for fashion, but for every industry—is energy. Until we reduce our dependence on fossil fuels, we’re in a tight spot. The good news is that new, abundant energy sources are coming down the pipeline, like fusion. We’re not going to consume less energy, and expecting developing nations to do without infrastructure or hospitals isn’t fair; that’s climate injustice. The biggest challenge, ultimately, is energy. ","https://assets.vogue.in/photos/69413ea8d215a7891fdea45b/16:9/w_1280,c_limit/ZGhertner_GH_PORTRAIT.jpg"
"Feb 07, 2026 @ 23:22:28.156",4ca88bee606a2fbdeabc1fa125d6139e,https://www.vogue.in/content/ananya-pandays-halter-neck-elie-saab-gown-puts-surface-work-front-and-centre,Ananya Panday’s halter-neck Elie Saab gown puts surface work front and centre,"The archival gown relies on cut, sequins and a strong vertical line to create movement on the red carpet",Vogue Staff,2025-12-16T10:58:00.994Z,"Ananya Panday turned to the archives for the Filmfare Awards, stepping out in an Elie Saab Spring Summer 2007 gown styled by Priyanka Kapadia. The halter-neck gown is cut close through the bodice before falling into a column shape that follows the body without fuss. The surface is mapped with gold Styling mirrors the gown’s lines. A high bun sharpens the neckline, while elongated earrings and a single ring by Irasva Fine Jewellery continue the vertical rhythm set by the halter cut and slit. Darkened eyes bring depth, paired with softly flushed skin and a warm “To translate Ananya Panday's sparkly evening wear into something you can wear to a cafe, why not opt for a similar halter neck top. Choose one with a bit of shimmer, like up-cycled sari style. Or you can creatively drape a chamki/sparkle dupatta into a halter neck top. Pair this with boot leg blue denims and channel that Y2k energy. Don a baguette bag, which also has main character energy in terms of the color. Finish your look with a subtle touch of shimmer on your eyelids on a nude face and you are good to go,” says Vogue India fashion associate Divya Balakrishnan. ","https://assets.vogue.in/photos/6940e8f5cce0ee205bac85c4/16:9/w_1280,c_limit/My%20best%20girl%20BAE%20did%20well%20%E2%99%A5%EF%B8%8F%20@filmfare%20Best%20Actress%20in%20a%20Comedy%20Series%20for%20%E2%80%98Call%20Me%20Bae%E2%80%99%20%E2%99%A5%EF%B8%8F%E2%99%A5%EF%B8%8F%E2%99%A5%EF%B8%8F%20%20(1).jpg"
"Feb 07, 2026 @ 23:22:29.467",867cdb70543f6a461f610e69f88f4cbe,https://www.vogue.in/content/kareena-kapoor-khan-revisits-an-archival-valentino-skirt-set-designed-by-valentino-garavani-himself,Kareena Kapoor Khan wears an archival Valentino skirt set designed by Valentino Garavani himself,Small changes in cut and surface detail give the archival skirt suit its edge,Vogue Staff,2025-12-15T10:32:53.664Z,"Kareena Kapoor Khan’s latest look pulls from fashion history as she steps out in a beige skirt-and-blazer set from Then the details start to register. Two embroidered elephants sit low on the blazer’s front panels, placed symmetrically and treated as graphic elements rather than ornament. A line of statement buttons runs through the centre, acting as a vertical anchor, while the Styled by Hair is pulled back into a sleek bun, clearing the neckline and sleeves so the cut of the blazer reads clearly. Makeup stays minimal, with neutral eyes, defined liner and a “This vintage two-piece on Kareena Kapoor Khan is already a statement of its own, however you can amp it up with a pop of contrast, perhaps with a hot pink top handle bag. Open up the hair to a lush 90s blowout, and go bolder with the eyes with dark brown smoky effects instead of the shades. Swap the nude pumps for the Valentino rockstuds to complete the ensemble,” says Vogue India fashion associate Manglien Gangte. ","https://assets.vogue.in/photos/693fb12838c5319bef41db9c/16:9/w_1280,c_limit/@kareenakapoorkhan%20today%20in%20Valentino%20Spring%20Summer%20%E2%80%9893%20by%20Mr%20Valentino%20himself%20styled%20by%20me%20wit.jpeg"
"Feb 07, 2026 @ 23:22:30.898",f00457bf60f50787a6144d1550050830,https://www.vogue.in/content/from-street-style-to-holidays-scarf-skirts-take-the-spotlight-this-season,Summer’s favourite scarf skirt trend works just as well in the winter,"While the scarf skirt dominated the summer months, it’s clear that this trend didn’t die out with the warm weather",Hannah Jackson,2025-07-23T09:04:36.864Z,"Sure, it’s not surprising to layer up during the frigid months. But yesterday, Jessie Buckley attended the Paris photocall for While the look reaches back decades (it nods to While Sevigny opted to show lots of leg, others preferred to wear theirs over trousers—a styling trick that translates well to winter. On a walk through London, Alexa Chung offered an update on a simple white tee and businesslike gray trousers thanks to the brown Gucci scarf she wore over her pants. Alessandra Ambrosio had the same idea when she touched down at the Later in the summer, While the scarf skirt dominated the summer months, it’s clear that this trend didn’t die out with the warm weather. When winter dressing feels too dreary, take a cue from Jessie Buckley and Diana Vreeland. ","https://assets.vogue.in/photos/693f9386a716541abe0c9ee8/16:9/w_1280,c_limit/00009-chanel-pre-fall-2026-credit-gorunway.jpeg"
"Feb 07, 2026 @ 23:22:32.228",a3cfb04a2625acd83fcf81214b065fd9,https://www.vogue.in/content/aneet-paddas-amit-aggarwal-gown-gives-pre-loved-banarasi-textile-a-new-form,Aneet Padda’s Amit Aggarwal gown gives pre-loved Banarasi textile a new form,"Built from a vintage Banarasi textile, the gown combines Aggarwal’s signature pleating with a unique brown-and-copper palette",Nupur Sarvaiya,2025-12-14T05:30:00.000Z,"For the star-studded Swadesh Christmas party hosted by “Aneet’s look is an asymmetric one-shoulder gown designed to contour the body with intent,” the designer explains. “The silhouette begins at the shoulder and moves into Amit Aggarwal’s signature micro-pleating, twisting gently through the waist to sculpt and define the form.” At the waist, corset-style boning added definition and amplified the textile’s innate lustre. “Strategic cording reinforces the structure of the Banarasi textile, allowing the gown to hold its shape, while remaining fluid. A subtle trail extends from the silhouette, designed to be held in hand, adding a sense of movement and drama,” Aggarwal elaborated. What elevates the look further is its material narrative. “The gown is crafted from a pre-loved, pre-owned Her beauty look mirrored this modern-classic duality. With softly sculpted waves framing her face, her makeup was completed with bronzed lids, defined lashes and a ","https://assets.vogue.in/photos/693c196cb70dde78efa42b81/16:9/w_1280,c_limit/SnapInsta.to_590362262_18158183122404979_3101282693410537901_n.jpg"
"Feb 07, 2026 @ 23:22:33.535",068c2d2d4112bbc825538820c34fc3c3,https://www.vogue.in/content/karisma-kapoors-black-and-silver-eka-dress-reframes-linen-zari-for-festive-dressing,Karisma Kapoor’s black-and-silver EKA dress reframes linen zari for festive dressing,"A tiered dress and matching jacket highlight handloom linen from Bhagalpur, finished with zardozi embroidery and scalloped trims",Nupur Sarvaiya,2025-12-13T05:30:00.000Z,"Textiles make a dress, and sometimes, they make a memorable sartorial moment. Karisma Kapoor’s recent appearance in a black-and-silver EKA dress proves exactly that. With her ensemble, handwoven Called ‘Ophelia’, the tiered silhouette falls from the shoulder to hem and pintucks define its yoke. A scalloped organza trim lends an air of delicacy, while hand-embroidered zardozi borders on the hem and neckline bring a festive richness. Designer Rina Singh of EKA frames the ensemble in an artisanal narrative, “Karisma is wearing handwoven linen zari metallic stripes from the Festive ‘25 collection. The weavers are based in Bhagalpur. We have worked with these weavers since the inception of the brand 15 years ago. They are masters in handloom tussar, linen and cotton weaves. The silhouette is form-friendly and easy fit, embellished with zardozi embroidery.” Paired with the dress is the Celian jacket. A short striped Kapoor kept the styling contemporary too, with a sleek ponytail, softly smoky eyes and a muted mauve lip to complement the metallic palette. The unexpected hero is a vintage Chanel brooch pinned to her lapel, an accent that reinstates the cross-cultural dialogue. A black calfskin quilted medallion flap bag from the luxury label rounded off her accessory look. The wearability of the textile and the versatility of the silhouette make her look especially compelling for a destination wedding wardrobe. Lightweight yet opulent, linen zari thrives in tropical climates. It’s festive without being season-bound, making it an investment piece that works as seamlessly for an intimate mehendi in Goa as it does for a cocktail in Jaipur. ","https://assets.vogue.in/photos/693bff8751c8aff37881be79/16:9/w_1280,c_limit/SnapInsta.to_599246247_18546932482037246_7414204982217355925_n.jpg"
"Feb 07, 2026 @ 23:22:34.963",efd3b5bcceb72eb9874ba70a20534f13,https://www.vogue.in/content/alia-bhatts-romantic-draped-gown-and-sonam-kapoors-embroidered-statement-sleeves-led-this-weeks-best-looks,Alia Bhatt’s romantic draped gown and Sonam Kapoor’s embroidered statement sleeves led this week’s best looks,"Bronzed skin, sculptural jewellery and sleek buns were the go-tos",Vogue Staff,2025-12-12T13:22:32.316Z,"This week’s fashion looks took a decidedly structured turn with ensembles that sculpted, Aditi Rao Hydari wore an AKOK black pantsuit elevated with cascading Alia Bhatt wore an Shanaya Kapoor reimagined the power suit with a playful, contemporary twist in a beige cut-out Ananya Panday leaned towards Parisian elegance in an all- Sonam Kapoor embraced Kajol embraced the Christmas spirit with a fashionable nod to holiday colours in a double-breasted green ","https://assets.vogue.in/photos/693c04d00bfa711785651180/16:9/w_1280,c_limit/@aliaabhatt%20wears%20look%209%20from%20@eliesaabworld%20Haute%20Couture%20F-W%202025-26%20to%20receive%20the%20very%20First.jpg"
"Feb 07, 2026 @ 23:22:36.240",fa81ad8d518ada2642cb73ee4e2b76fe,https://www.vogue.in/content/priyanka-chopra-jonass-arpita-mehta-ensemble-flips-the-sari-script-with-a-corset-led-silhouette,Priyanka Chopra Jonas's Arpita Mehta ensemble flips the sari script with a corset-led silhouette,"Soft botanical prints, silver Bvlgari Serpenti jewellery and pared-back beauty keep the look light",Vogue Staff,2025-12-12T10:38:50.200Z,"Priyanka Chopra Jonas appeared on Instead of a traditional drape, the look begins with a structured corset with soft blue botanical motifs on an ivory base. Cut with a sweetheart neckline and gentle peplum flare, it brings the familiarity of floral Indian textiles into a sharper, sculpted frame. The sari skirt flows out from beneath it, keeping the movement intact while sidestepping convention. Jewellery stays pared back: silver Bvlgari Serpenti Viper earrings and bracelet introduce a sleek counterpoint to the softness of the print. Beauty follows suit, with muted makeup and a side-parted blowout that keeps the focus squarely on the silhouette rather than the spectacle. The beauty look built on the soft romantic theme of the ensemble with light defined eyes, a muted pink lip and a voluminous “Ditch the blowout for a sleek wet-look bun to an add some edge to an otherwise soft girl look. Add a silver clutch, just enough to accentuate the blue print without overdressing it,” says Vogue India fashion associate Manglien Gangte. ","https://assets.vogue.in/photos/693beec7ba891fdc61691f4c/16:9/w_1280,c_limit/SnapInsta.to_597793020_18568248838041483_7705333267472803380_n.jpg"
"Feb 07, 2026 @ 23:22:37.519",e41bc616707ea79bf5a167b4caaccc7a,https://www.vogue.in/content/alia-bhatt-goes-classic-black-in-archival-pierre-balmain-for-the-red-sea-film-festival,Alia Bhatt goes classic black in archival Pierre Balmain for the Red Sea Film Festival,"Wearing a mid-century silhouette styled with unfussy accessories and a dewy finish, the actor let the craft of the archival gown speak for itself",Vogue India,2025-12-11T09:51:01.186Z,"Alia Bhatt walked the red carpet at the Red Sea Film Festival in a ready-made couture gown from Pierre Balmain's Florilège line, a collection dating back to 1952. Dressed in classic black, the gown cinches at the waist, while her flowing hair added just the right touch of drama. Styled by Rhea Kapoor, the gown featured a gentle scoop neckline with a close-fitting bodice that trails into a voluminous midi-length skirt. Her For the “Channeling Holly Golightly with a modern romantic twist, rethink Alia’s look with a black lace off-shoulder constructed corset top paired with black pedal-pusher cigarette capris for an edgier, flirtier take on the classic little black dress. Add thin-framed black sunglasses and black kitten heels to keep the vibe effortlessly refined, then finish with sleek hair pulled into a low bun with a soft front curl for a touch of vintage charm,” says ","https://assets.vogue.in/photos/693a6401326e8aaa2c8733f2/16:9/w_1280,c_limit/A%20day%20in%20Jeddah,%20celebrating%20the%20magic%20of%20the%20movies%20%F0%9F%96%A4%F0%9F%A4%8D@redseafilm-3.jpeg"
"Feb 07, 2026 @ 23:22:38.836",c8457b6552db5ade83f8c25ae27d563b,https://www.vogue.in/content/genelia-deshmukh-channels-old-bollywood-glamour-in-a-tonal-baroque-anavila-sari,Genelia Deshmukh channels old-Bollywood glamour in a tonal baroque Anavila sari,"Softly defined eyes, a deep lip and brushed waves meet a rose-patterned sari built on subtle shimmer and thoughtful texture play",Vogue Staff,2025-12-10T13:56:03.630Z,"Genelia Deshmukh’s latest Cut in a fitted silhouette with a quilted embroidered pattern, the blouse plays against the lightness of the sari. For jewellery, a statement multi-layered kundan necklace, complemented with classic Her beauty stayed true to the cinematic theme with soft, defined eyes, a deep lip and a small bindi. The hair, set in loose “Swap the studs for long Art Deco earrings to echo the sheen of the fabric. And if you must do a necklace, switch the multi-strand pearls for a single, longer diamond lariat to open up the neckline and modernise the silhouette. Add a metallic clutch in antique silver to break the pink-on-pink and bring contrast,” says ","https://assets.vogue.in/photos/693954c3d730f546a8c62f9e/16:9/w_1280,c_limit/This%20is%20a%20Monday%20morning%20reminder%20-%20that%20you%20can%20handle%20whatever%20the%20week%20throws%20at%20you%20%F0%9F%92%9A@aeshy-3.jpg"
"Feb 07, 2026 @ 23:22:40.204",ad01fadccabb61f6b024b6f31c1a595c,https://www.vogue.in/content/your-guide-to-the-biggest-jeans-trends-for-winter,Your guide to the biggest jeans trends this winter,These jeans are the protagonists of all your closet basics.,Luz García,2025-12-10T03:00:00.000Z,"The Fall-Winter 2025 fashion trends for jeans, highlighted a range of silhouettes such as ultra-wide ""While wide-leg denim has dominated the debate recently, it hasn't reached the level of importance that The flared jeans that had triumphed in the 70s refuse to walk away this 2025. We saw them at Paris fashion week, on the Chloé runway and paired with long sweaters and Easing on the fit, Baggy Jeans bring a relaxed style to any combination. This season they were seen on the runways of Valentino, Acne Studios, and Blumarine. Pair them with heels, tennis Wide-leg jeans—often referred to as mom jeans—are set to go even bolder next season. The silhouette widens dramatically, turning the cut itself into a statement. At Sportmax, they appeared in full Cut just above the ankle, cropped jeans hit the fall-winter 2025 runways in brands like Brandon Maxwell, Brunello Cucinelli and Prada. As for footwear, pointed-toe heels—whether minimal or embellished with details—remain the chicest pairing, adding an instant touch of sophistication. Finally, we come to the skinny flare jeans, defined by their narrower upper fit and flared hem. At ","https://assets.vogue.in/photos/6937b2ff7b2d1d679cde55c6/16:9/w_1280,c_limit/2151456398"
"Feb 07, 2026 @ 23:22:41.456",6cd9ccff7b72af383943c3a1499299b0,https://www.vogue.in/content/aditi-rao-hydaris-puff-sleeved-blouse-brings-a-romantic-mood-to-her-jewel-toned-ensemble,Aditi Rao Hydari’s puff-sleeved blouse brings a romantic mood to her jewel-toned ensemble,"The look draws on deep colour, velvet accents and traditional craftsmanship, styled with understated jewellery and a braid dressed in fresh blooms",Vogue Staff,2025-12-09T14:16:09.979Z,"Aditi Rao Hydari chose a rich jewel-toned Anju Modi ensemble with an eye-catching voluminous, purple skirt contrasted by a maroon dupatta densely Her blouse brought a lighter counterpoint, built on a sheer, puff-sleeved silhouette with intricate tonal embellishment across the bodice, giving it a romantic touch and balancing the richness of the look. Jewellery followed the same language of heirlooms: a statement choker with green and pearl tones, “The hero of Aditi Rao Hydari's Anju Modi look is the puff sleeve. To make this look your own, don a puff-sleeved top working with the principle: the bigger the puff, more the drama. Pair this with a high-waisted trousers to ground the look, it will also help add height and create a sleeker silhouette. Pair this with closed pointed tone-on-tone (to the pant) heel, a tote bag and a watch for an interesting look for the office.” says Vogue India fashion associate Divya Balakrishnan. ","https://assets.vogue.in/photos/693829fb49e4254c03216a53/16:9/w_1280,c_limit/SnapInsta.to_588614677_18541933783043618_8659914486246955989_n.jpg"
"Feb 07, 2026 @ 23:22:42.650",5945f1753595f6af2f93af22ba4fbd52,https://www.vogue.in/content/madhuri-dixit-nenes-banarasi-khadi-silk-set-places-the-weave-front-and-centre,Madhuri Dixit Nene’s Banarasi khadi silk set places the weave front and centre,"With its embroidery-free silhouette and saturated Banarasi weave, the set places craftsmanship above ornament",Vogue Staff,2025-12-09T12:37:06.460Z,"Styled by Sukriti Grover and Vani Gupta, Madhuri Dixit Nene's Reeti Arneja ensemble is cut from Banarasi Paired with a jewellery set of Bringing a fresh rendition to Indian wear, this look by Madhuri Dixit shows how an age-old silhouette can be styled with a modern flair. “Lean into the vintage charm of the multi-panel lehenga skirt with oxidised chandbali in place of the polki set. Add a diaphanous dupatta, that cling to the skin, to drape over the neck to give company to the bare neck and add a touch of evening glamour,” says ","https://assets.vogue.in/photos/6937da639ece22102df1377b/16:9/w_1280,c_limit/Image%2009-12-25%20at%201.42%E2%80%AFPM.jpeg"
"Feb 07, 2026 @ 23:22:43.928",971c77451172cdc60cf0281b69cffe23,https://www.vogue.in/content/deepika-padukone-pairs-a-ruched-maxi-dress-with-a-lived-in-leather-jacket-for-the-abu-dhabi-grand-prix,Deepika Padukone pairs a ruched maxi dress with a lived-in leather jacket for the Abu Dhabi Grand Prix,"Ruching, leather, monogrammed trunks and a touch of Cartier",Vogue Staff,2025-12-08T13:20:25.163Z,"For the Formula 1 Abu Dhabi Grand Prix, Deepika Padukone stepped out in a warm-toned, Adding a hint of cool, off-duty contrast, Priyanka Kapadia Badani styled Padukone's dress with an oversized brown aviator A stack of Cartier love bracelets, a Cartier “A pair of aviators away from full Top Gun chic: the jacket already carries the flight-jacket swagger, all she needs is the eyewear to seal the mood,” says ","https://assets.vogue.in/photos/6936c905e484f1afae08a770/16:9/w_1280,c_limit/SnapInsta.to_589953962_18563423671011278_7244257313753041417_n.jpg"
"Feb 07, 2026 @ 23:22:45.240",3f72abc05ad3051b9abf1c27db88261d,https://www.vogue.in/content/why-kitten-heel-boots-may-be-the-answer-to-your-winter-dressing-woes,Why kitten heel boots may be the answer to your winter-dressing woes,"Perfect for office yet effortless after-hours, these boots are ready to replace your go-to flats",Nuala Phillips,2025-12-07T06:00:00.000Z,"Comfort is key when it comes to day-to-day dressing, which is why flat The success of this elegant boot silhouette should, in some ways, come as no surprise. As early as 2023, Khaite launched its iconic With a wide shaft, elongated toe and low heel, kitten heel boots are perfect for the office, thanks to their elevated aesthetic and wearable shape. They’ll look great layered under Considering their versatility, comfort and style kudos, it’s no coincidence that A-listers such as ","https://assets.vogue.in/photos/6933e1a1f3c40f8807b20e39/16:9/w_1280,c_limit/GettyImages-818511436.jpg"
"Feb 07, 2026 @ 23:22:46.438",1c2108f62f627fcb7236254ca46f847c,https://www.vogue.in/content/janhvi-kapoors-ivory-kalidar-kurta-set-celebrates-varied-craftsmanship-techniques-textiles-and-textures,"Janhvi Kapoor’s ivory kalidar kurta set celebrates varied craftsmanship techniques, textiles and textures",Her Mayyur Girotra outfit took 845 man hours to complete,Nupur Sarvaiya,2025-12-07T05:00:00.000Z,"For a recent outing, Janhvi Kapoor opted for a kalidar kurta set by Mayyur Girotra. Despite its ivory palette, the impact of her ensemble is anything but vanilla. The outfit relies on the effortlessness of mulmul, a fabric prized in India for its breathability and softness, especially during the country’s long festive season. “Janhvi Kapoor wears Mayyur Girotra’s signature ivory mulmul kalidar that is detailed with meticulous zardozi and tilla embroidery and paired with handwoven Jamdani pyjamas,” the designer shares, setting the stage for a deep dive into the garment’s layered artistry. The kalidar, with its gentle flare and fall, became a canvas for intricately embroidered motifs of peacock, florals and foliage that lends the outfit its heirloom-worthy character. “My objective is to always create pieces that translate into heirlooms that speak about the past in the present and are here to stay for the future. And this look takes you back in time. It took 845 man hours for the look to come to life,” Girotra adds. What truly sets the look apart is the mélange of textiles, techniques and textures. “The ivory mulmul and Jamdani set is completed with an ash grey handwoven dupatta featuring classic Kanchipuram borders and rich zardozi accents, a celebration of Indian textile artistry.” The result is an outfit that brings together the finesse of Jamdani, the sheen of Kanchipuram and the delicacy of mulmul in one versatile set. The back is cut into an elegant open curve, adding a sensual counterpoint to the otherwise modest silhouette. The actor’s styling was in tandem with the nostalgic approach she aimed for. She accessorised with a Victorian-inspired ornate necklace, drop earrings and kada by Amrapali Jewels along with a ring by Golecha’s Jewels. A pair of juttis from Elements By Radhika Gupta and a silver bag by Motifs By Surabhi Didwania completed her look. Her beauty look, too, stayed true to quiet glamour, featuring sleek, centre-parted hair pulled into a polished bun. Smoky bronze lids, kohl-defined eyes and a soft nude lip completed the mood of classic, camera-ready elegance. Glamorous without overwhelming in weight or embellishment, Kapoor’s look proves that celebratory dressing in tropical climes like India can be pretty and practical. ","https://assets.vogue.in/photos/6933de8e4c1e47bc297c367a/16:9/w_1280,c_limit/SnapInsta.to_587725854_18547281445000700_1381780395555788778_n.jpg"
"Feb 07, 2026 @ 23:22:47.742",97e1d84f10eba80a11a8392845c01529,https://www.vogue.in/content/im-calling-it-leggings-will-be-everywhere-in-2026,"I’m calling it, leggings will be everywhere in 2026","Forget clean girl leggings, the leggings I want are of the indie sleaze dirtbag variety",Daisy Jones,2025-12-06T07:38:43.228Z,"Leggings are back. Or at least they are according to the autumn/winter 2025 collections. If you don't believe me, look at the runway shows from the likes of But I sense something else in the air. Something beyond the In the 2000s, leggings were sort of a casual alternative to jeans. People wore leopard print leggings and slouchy vintage T-shirts, or black leggings and a hoodie and Ugg boots. They weren’t worn with pulled-up Alo sports socks or three-quarter length with kitten Essentially, I wouldn’t be surprised if we started seeing more of the above type of leggings as 2026 hits, as opposed to the type of leggings favoured by As someone who basically has to be comfortable at all times, I for one can’t wait for the leggings comeback part two. There are many Y2K trends that I draw the line at–baggy hats, those weird elastic headbands–but leggings aren’t one of them. ","https://assets.vogue.in/photos/6932cbc746bd28ccbf9d2673/16:9/w_1280,c_limit/1257311932"
"Feb 07, 2026 @ 23:22:48.893",842be5acefee281c295f121396ba70b1,https://www.vogue.in/content/ananya-pandays-floral-anita-donge-skirt-and-bralette-set-showcases-delicate-cord-embroidery,Ananya Panday’s floral Anita Dongre skirt-and-bralette set showcases delicate cord embroidery,The actor accessorised her look with minimal jewellery pieces,Nupur Sarvaiya,2025-12-06T07:31:19.354Z,"For the Jaipur promotions of her upcoming rom-com Panday’s look, Anita Dongre reveals, “is the Flowers of the Forest Embroidered Cord Silk Skirt Set from the label’s ‘Rewild 2023’ collection, which is inspired by the idea of returning to nature.” It is imagined, she says, to move with the wearer rather than weigh her down. “Crafted in pure silk, the silhouette is fluid and effortlessly feminine, with functional pockets that bring quiet practicality. The tree and floral motifs were designed to reflect harmony and peaceful coexistence with nature, in line with our Rewild initiative,” she notes. Each motif was drawn exclusively for the collection, hand-illustrated to evoke an emotional connection rather than merely adorn the garment. “The print is not just visually expressive but carries a sense of meaning and connection,” she reinstates. The set’s embroidery, too, is dreamed up to resonate with destination-wedding dressing. “The ensemble features intricate cord embroidery with subtle sequin detailing. It brings depth and light to the silk, while keeping the overall mood calm, refined and timeless.” The three-piece structure, comprising a cropped skirt, bralette and gilet, makes a compelling case for hands-free celebration. With no dupatta to manage and a flattering, effortless fall, it’s the kind of silhouette that invites dancing, mingling and moving through a wedding weekend with ease. “A detail we hold close are the concealed pockets in our outfits,” Dongre adds. “They offer comfort and ease without interrupting the elegance of the silhouette, reinforcing the idea that craftsmanship and functionality can coexist beautifully.” The set, which came to life over nearly 60 days of patient hand-embroidery, is “a reminder that true luxury is shaped by time, intention and craftsmanship.” A pair of ruby and diamond encrusted earrings and ring by Amrapali Jewels. For footwear, she kept it comfy with Fizzy Goblet mules adorned with 3D gold leaves along with nakashi and patti work. Her au naturale makeup and easy half-up, half-down hairstyle echoed the outfit’s effortless spirit. ","https://assets.vogue.in/photos/6933d66040cc0afe902b489f/16:9/w_1280,c_limit/SnapInsta.to_587793483_18547662769028402_7390232583791909711_n.jpg"
"Feb 07, 2026 @ 23:22:50.133",f9a3b654cc056814d87440fc0d0a7156,https://www.vogue.in/content/from-aishwarya-rai-bachchan-to-bhumi-pednekkar-this-weeks-standout-looks-leaned-into-high-impact-detailing,"From Aishwarya Rai Bachchan to Bhumi Pednekkar, this week’s standout looks leaned into high-impact detailing","From monochrome drama to colour-rich textiles, the lineup moved across silhouettes, surfaces and eras",Vogue Staff,2025-12-05T14:00:22.544Z,"This week, shimmer proved to be the most versatile accent of all. Whether through Aishwarya Rai Bachchan chose a black-and-white Sanya Malhotra wore a Nicobar Her accessories bring in craft-led charm with long silver fish earrings, enamelled kadas and chunky rings in saturated stones. A slick bun tied with a cobalt scrunchie and kohl-lined eyes kept the look sharp. A black archival anarkali from Her jewellery followed the same heirloom mood with a hand-enamelled Zoya necklace, jhumkis, stacked bangles and sculptural rings. Bhumi Pednekkar chose an all-black Nikhil Thampi look built around sheer sleeves transformed into kundan-studded gloves. The blouse has a sharp, almost armoured quality once the stones catch the light, while the tied-waist skirt keeps the silhouette long and clean. A Rakul Preet Singh embraced an architectural silhouette in a midnight-blue pre-constructed slit sari from Aneet Padda took the high-glam route in a form-fitting, strapless Fatima Shaikh’s all-white ","https://assets.vogue.in/photos/6932c136658b3f6fea274c60/16:9/w_1280,c_limit/Black%20is%20my%20love%20language%20%F0%9F%A4%AB%20#ShaadiSznThank%20you%20@nikhilthampi%20for%20putting%20it%20all%20together%20for%20m-2.jpg"
"Feb 07, 2026 @ 23:22:51.299",e513c65a9b0427333fef392ad3c05231,https://www.vogue.in/content/alia-bhatts-peach-manish-malhotra-tissue-sari-frames-an-intricately-embroidered-sculpted-blouse,"Alia Bhatt’s peach Manish Malhotra tissue sari frames an intricately embroidered, sculpted blouse",Priyanka Kapadia Badani styled the peach drape with mixed gold kadas and multi-part jhumkas,Vogue Staff,2025-12-05T08:49:42.060Z,"Tissue has a way of glowing from within, and on Alia Bhatt it does exactly that. The peach Manish Malhotra The blouse carries a more unconventional cut with sleeves extending slightly over the shoulder like a structured cap sleeve. It is embroidered with sequins and thread florals placed in compact clusters across the sleeves and neckline, creating a textured contrast to the smoother surface of the sari. The embroidery sits slightly raised, adding dimension without shifting the tone of the look. The jewellery by Khurana Jewellery House and Maya Sanghavi Jewels hits a traditional note with jhumkas that extend with chains into the gajra adorning her bun. The wrist stack features two openwork gold kadas with lotus-like motifs outlined in white stones, paired with a heavier bangle set with small ruby accents. Makeup remains understated with luminous skin, shaped brows, a muted lip and a small bindi. “Alia Bhatt’s handloom tissue sari by Manish Malhotra perfectly captures the softness of a pastel-pink golden hour. The real showstopper, though, is the blouse—its silhouette and style stand out beautifully with intricate zari gold work on tissue and net. Now imagine translating that craftsmanship onto a vest-style top, paired with high-waisted, sleek straight-leg denims. You can throw on a trench based on the weather. Complete the look with delicate strappy heels or even embellished golden/bronze juttis. Keep the hair down and effortless, skip the heavy accessories and let a single statement bag tie the whole look together,” says ","https://assets.vogue.in/photos/693298fa9fff33b94e88ed5e/16:9/w_1280,c_limit/SnapInsta.to_588727076_18541183618022361_4272894327450109308_n.jpg"
"Feb 07, 2026 @ 23:22:52.730",cd39d673c18e42f43810a74314aa5356,https://www.vogue.in/content/the-2026-pantone-colour-is-cloud-dancer-a-natural-white,"The Pantone colour of the year is Cloud Dancer, a natural white",“It’s about expressing our aspiration for a future free from toxicity and excess”,Laia Garcia-Furtado,2025-12-04T14:39:39.218Z,"Since 1999, Pantone has been selecting a colour that will characterise the culture of the year ahead. “We wanted to highlight to our audience how what is taking place in our global culture is expressed and reflected through the language of colour,” Laurie Pressman, Vice President of the Pantone Colour Institute, “We talk about, is it an evolution or a seismic shift?” Pressman adds on a call to discuss 2026’s Pantone colour of the year selection with The relief will come in the form of a shade they’ve dubbed Cloud Dancer, “a lofty white that reads like a breath of fresh air and is imbued with a feeling of serenity,” as Lee Eisman, Pantone’s executive director, describes it. “It’s about expressing our aspiration for a future free from toxicity and excess. Cloud Dancer evolves our desire for contentment and harmony and the feeling of peace, unity, and cohesiveness.” Pressman adds, “It’s not a stark white, it’s specifically a natural shade of white.” It’s an unexpected choice. Given the current political and cultural climate, declaring a shade of white the colour of the year is a bold statement. At the same time, observing the world around us—which is first and foremost what the Institute does—it’s almost as if there were no other possible options. Indeed, we are all searching for purity; we just have such different ideas of how to go about it. Aesthetically speaking, white it is a colour that does not disturb, does not rock the boat, a colour easily found in everything around us: in cars, in architecture, in furniture and interiors, even in food, and certainly in fashion where it is a “classic,” that “never goes out of style,” and a “wardrobe essential.” White simultaneously hints at futuristic sensibilities—minimal, stark, clean—and at traditional ones—“It’s a nice day for a white wedding,” “When we went down this path, we felt very strongly about encouraging creativity, encouraging you to use your imagination and bring this [color] in a way that suits who you are and how you want others to see you and how you want to feel,” Pressman concluded. “It’s self-expression.” Below, the best examples of the Pantone colour of the year, Cloud Dancer-white, on the spring 2026 runways. ","https://assets.vogue.in/photos/6883738a236e9ce2880f7105/16:9/w_1280,c_limit/Abandonment%20issues.jpeg"
"Feb 07, 2026 @ 23:22:53.867",e3ec6aa3fd20f1a715fd953b538a9686,https://www.vogue.in/content/madhuri-dixit-nenes-maroon-lehenga-set-plays-with-silk-tissue-and-fine-zari-texture,Madhuri Dixit Nene’s maroon lehenga set plays with silk tissue and fine zari texture,"She paired the textured set with statement jhumkis, soft glam and an easy updo",Vogue Staff,2025-12-04T11:34:35.089Z,"Madhuri Dixit Nene offered a richer take on festive dressing in a maroon Shanti Banaras set styled by Sukriti Grover. The On top, she chose a matching Her jewellery amplified the royal ensemble: statement sparkling jhumkis adorned with cascading white stones and two sculptural rings that introduced just the right amount of boldness. Makeup leaned into “Lose the textured jacket and switch to a clean velvet or silk blouse to let the Banarasi shine. If you keep the jacket, add a slim gold kamarbandh to break the monotone. Swap the heavy earrings for statement gold studs. Finish with a pair of juttis in, you guessed it, gold,” says ","https://assets.vogue.in/photos/69314c021d336116c0ff2109/16:9/w_1280,c_limit/Dressed%20in%20dreams%20and%20dazzling%20in%20reality%F0%9F%8C%9F-2.jpg"
"Feb 07, 2026 @ 23:22:55.212",59cba6daa26243ba3e7f663979f42568,https://www.vogue.in/content/denim-is-getting-darker-this-winter,Denim is getting darker this winter,"Cold-weather denim leans darker, tougher and far more forgiving. These are the shades and silhouettes worth adding to your rotation now",Alice Cary,2025-12-03T10:38:19.199Z,"Everything is darker in the winter. As far as denim is concerned, dark washes tend to dominate this time of year, replacing summer-leaning white jeans and acid finishes for fabrications in charcoal and black. But it’s not all doom and gloom: dark palettes can look striking against the backdrop of the low sun on a bright winter’s day, plus they’re more practical for the unpredictable weather. Wearing dark-wash Baggy silhouettes look especially good when rendered in a grungy hue, like textured pewter, as do straight-leg and wide-leg cuts. The steady ","https://assets.vogue.in/photos/69300cd85dd64a1c2d7d24ae/16:9/w_1280,c_limit/1207313887"
"Feb 07, 2026 @ 23:22:56.442",f00ba17935ae0a1f77097fac5f2429ef,https://www.vogue.in/content/janhvi-kapoors-anamika-khanna-ensemble-is-all-about-embroidered-florals-and-bright-colours,Janhvi Kapoor's Anamika Khanna ensemble is all about embroidered florals and bright colours,"The details included fringed hems, turquoise jewellery and an hourglass silhouette",Vogue Staff,2025-12-03T09:37:36.260Z,"Janhvi Kapoor’s Anamika Khanna dress offered a striking take on modern Balancing the structure of the bodice was a yellow draped skirt bordered with long Kapoor carried a custom pastel-pink mini bag by Meera Mahadevia, embroidered with a similar floral motif and intricately detailed metal hardware. Her jewellery accented the blue tones in the corset, with the actor donning a pair of The makeup stayed modern—clean skin, long lashes, pink lips and a pop of blue eyeliner for contrast. “Janhvi Kapoor's mustard Anamika ensemble can be played down and worn as a warm-toned yellow tassel skirt paired with a handkerchief or tube top. One can opt for a neutral top in grey or white for the yellow skirt. Keep the updo, ditch the big earrings and instead opt for a casual ring stack and your favourite watch. Complete the look with sleek sandals,” says ","https://assets.vogue.in/photos/693003f6a56ab3b8dd4f8f0d/16:9/w_1280,c_limit/SnapInsta.to_589487752_18547925878000700_5639291411085237465_n.jpg"
"Feb 07, 2026 @ 23:22:57.589",86348314064c2e082713d8d822d11ec5,https://www.vogue.in/content/kajols-black-manish-malhotra-sari-shows-the-softer-side-of-the-shade,Kajol’s black Manish Malhotra sari shows the softer side of the shade,She paired the satin drape with a sheer lace blouse and classic gold-and-diamond pieces,Vogue Staff,2025-12-02T13:04:36.666Z,"Kajol chose a darker register for the Jewellery was kept classic, with a Her beauty look brought luminosity with glossy lips, a “Lean in to the old bollywood charm of the look with a winged liner and red lip. Go off-shoulder with the blouse, swap the earrings for a pair of drop downs and go bare on the neck. A small dot of bindi will complete the look just right,” says ","https://assets.vogue.in/photos/692ee317edf7ce3d246f71fa/16:9/w_1280,c_limit/SnapInsta.to_589835685_18441346402102427_467458877942525334_n.jpg"
"Feb 07, 2026 @ 23:22:59.084",e94deb4b2c0a25af5cd88ac45177be5d,https://www.vogue.in/content/the-knitwear-edit-that-makes-winter-dressing-easier,The knitwear edit that makes winter dressing easier,"From chunky cardigans to embellished knitwear, Vogue breaks down the biggest knitwear trends to up your knit game this winter","Emma Spedding,Augustine Hammond",2025-12-01T12:19:43.547Z,"A good knit can transform an outfit. Whether you’re throwing a But which jumpers and In the past, being “mindful” of what we were wearing basically amounted to “not fur” and “not fast fashion”, but in recent years, people have wised up to knitwear’s impact on the planet, from synthetic materials derived from fossil fuels to the issue of land degradation when it comes to fibres like cashmere. Fortunately, there has been a whole new wave of eco-friendly and ethical knitwear that is worth investing in now. Last year, the autumn/winter 2024 collections invited us to be more adventurous and intentional with our knitwear This season, designers are leaning into texture when it comes to knitwear trends. Think: exaggerated fisherman cable-knits, brushed mohair that’s cloud-like against the skin, and embellished knits with added interest. Pattern has also been a focus, from intarsia knits depicting bucolic scenes and cute animal motifs to golf-course-ready Argyle. When it comes to colour, while black and Silhouettes are shifting, too, with slouchy jumpers with built-in shawls and Scroll to discover the knitwear trends to invest in for winter 2025–moths, be damned. The ultimate practical purchase, grey knitwear was all over the autumn/winter 2025 runways, from chunky hooded cardigans at Stella McCartney to slate sweaters worn as dresses at Victoria Beckham. At Cecilie Bahnsen’s show, ribbed crewneck jumpers were used as a base, styled underneath delicate You don’t have to play golf to wear a Draping swept the runways, with oversized Over the past few seasons, shrunken, fitted Miu Miu always dictates the key styling notes for the season ahead, and for autumn/winter 2025, knitted cardigan sets had a vintage quality, worn with glossy One of the standout knitwear pieces from across the collections was a lime-green oversized cardigan at High-fashion frump was a key mood of this season. In the face of AI-generated perfectionism, designers have been busy subverting traditional notions of good taste with clothing that feels awkward, off-kilter and really quite frumpy. SS Daley’s homespun knitwear, which looks like it’s been knitted by a great aunt or found in a thrift shop, is one of the examples. Rather than anything too perfect or chic, opt for novelty, nostalgic knits with embroidered slogans, farmyard animals and bucolic scenes. ","https://assets.vogue.in/photos/692d64d579c59f4ec181506b/16:9/w_1280,c_limit/#Fighter@shaleenanathani%20@anilc68%20@yiannitsapatori%20@studionails_mumbai%20@nehachandrakant%20@bishnu_.jpg"
"Feb 07, 2026 @ 23:23:00.256",87b289748e43381610ab18c9f41a3150,https://www.vogue.in/content/shanaya-kapoor-pairs-an-ivory-and-black-kutch-embroidered-lehenga-with-a-zari-woven-banarasi-dupatta,Shanaya Kapoor pairs an ivory-and-black Kutch-embroidered lehenga with a zari-woven Banarasi dupatta,"Styled with kundan-polki accents and a centre-parted bun, the ensemble highlights the designer's detailed approach to surface work",Vogue Staff,2025-12-01T09:52:01.435Z,"Shanaya Kapoor’s Mayyur Girotra lehenga builds its visual story through contrast and surface work. The ivory skirt is covered in Kutch-inspired The woven zari Banarasi dupatta shifts the texture. Draped over one shoulder, its gold tracery brings in a different kind of shine that sits well alongside the stark ivory-and-black palette. The choli-cut blouse keeps the silhouette sharp, with cap sleeves, a keyhole back and sequin tassels that add movement. Her jewellery continues the mix of tones. She paired a The beauty look stays close to the outfit’s lines. A centre-parted bun wrapped with a gajra keeps the neckline open for the choker. A smoky black eye ties in with the darker embroidery, while brown-pink lips and a small bindi complete the face without drawing attention away from the textiles. “Shanaya Kapoor reminds us that black, ivory and gold is an overlooked but regal colour combination. When done with Indian wear, it reads rich (texturally) and regal. Take a cue from her and make a Rajasthani choli or kanchli your focus. Pair this with a draped skirt in ivory or black silk. Complete this look with traditional jewellery and a metallic filigree clutch,” says Vogue India fashion associate Divya Balakrishnan. ","https://assets.vogue.in/photos/692d5b1b6ed70948ab86ca92/16:9/w_1280,c_limit/SnapInsta.to_587529002_18549467425032784_557663632439185972_n.jpg"
"Feb 07, 2026 @ 23:23:01.479",ea344dbabb8b7c0cb7c5dfe13d160662,https://www.vogue.in/content/ananya-pandays-crystal-laden-gaurav-gupta-sari-gown-is-black-at-its-boldest,Ananya Panday’s crystal-laden Gaurav Gupta sari-gown is black at its boldest,The actor went the minimal route to accessorise her look,Nupur Sarvaiya,2025-11-30T05:00:00.000Z,"In a season dominated by primaries, pastels and gilded embellishments, Ananya Panday is making a compelling argument for the power of black. The actor turned heads in a Gaurav Gupta creation that challenges every preconceived notion about festive dressing. Her pick was a “This piece is from our latest 2025 couture collection, ‘Quantum Entanglement’, and it is my way of reimagining the sari through our evolving design language,” says Gupta. His reinterpretation begins with the silhouette: a fluid, side-slit silk- The bustier above the drape is intentionally simple in its structure to let the embellishment do the storytelling. And it certainly does with strands of graded black crystal tassels going over the torso. “The crystal pallu is completely handwoven,” he adds, “connecting into a crystalline macramé bustier with satin detailing that matches the graded jewelled tassels.” This detail turns the pallu into a piece of kinetic jewellery rather than fabric. And then there is the technical prowess behind the look. “Just the tassel work took around 70–80 hours,” Gupta shares. “For me, it’s a very meditative process, as it reflects the idea of threads, light and time coming together in one form.” This mindfulness is clear in the way every bead and tassel appears deliberately placed. Her jewellery, too, stayed true to the mood. She wore Yin Yang earrings, Trillion Georgian tops, an Amore blue sapphire and grey pearl pendant and Modern Love rings by Shruti Sushma, along with a diamond and gemstone-encrusted serpentine bracelet on her wrist by Amrapali Jewels. Her beauty look mirrored the outfit’s sleek, sculptural energy, featuring smoky eyes, highlighted cheeks and nude lips. ","https://assets.vogue.in/photos/69298efeba4f040bdee22d30/16:9/w_1280,c_limit/SnapInsta.to_588507321_18542287771056093_3988749613299445771_n.jpg"
"Feb 07, 2026 @ 23:23:02.670",4ac4968fcea66a30a2a14b1dd5d6e246,https://www.vogue.in/content/janhvi-kapoors-manish-malhotra-look-is-all-pearls-threadwork-and-high-impact-detailing,"Janhvi Kapoor’s Manish Malhotra look is all pearls, threadwork and high-impact detailing",The actor styled her lehenga with a pearl choker,Nupur Sarvaiya,2025-11-29T04:30:00.000Z,"Janhvi Kapoor’s latest Manish Malhotra look goes straight for impact. In Indian couture, some of the most prized possessions, once reserved for royalty and heirloom-worthy The actor's cream lehenga consisted of a voluminous skirt, dupatta and blouse. The neutral base comes alive with floral thread embroidery in leaf motifs, further elevated with clusters of Kapoor’s choice is hardly incidental. It continues her affinity for pearl-encrusted ensembles that she keeps returning to. Consider the sage-gold Gaurav Gupta half-sari she wore during the press tour of And then, of course, there was her opening-night look at the NMACC gala. Another one of Malhotra's creations, an ivory lehenga where a pearl blouse that met a thread-embroidered skirt. In effect, it is strikingly similar to her recent cream lehenga. She finished the outfit with a wide pearl choker set with an emerald, small earrings, a silver clutch and straight, centre-parted hair. The makeup stayed clean enough not to compete but complement the surface work. ","https://assets.vogue.in/photos/69296d22ce028477e553616b/16:9/w_1280,c_limit/SnapInsta.to_587719687_18537407377038772_5263097658900178253_n.jpg"
"Feb 07, 2026 @ 23:23:03.992",9ac2c67fd968c258d5f21a72b55d2266,https://www.vogue.in/content/from-nita-ambani-to-sonam-kapoor-this-weeks-best-looks-featured-zardozi-crystals-and-mirrorwork,"From Nita Ambani to Sonam Kapoor, the week featured Zardozi, crystals and mirrorwork","A neutral palette can still deliver maximum impact, with the right embroidery",Vogue Staff,2025-11-28T12:30:10.901Z,"If there was a theme running through the best fashion looks of the week, it was embroidery—intricate, shimmering and meticulously crafted. Mindy Kaling’s Nita Ambani wore custom Abu Jani Sandeep Khosla. Her off-white sari featured Phulwari hand-embroidery, intricate Resham work, touches of Zardozi and a pearl-encrusted chevron border. She paired it with a matching double-layered blouse. Her hair was in an updo, adorned with a gajra. Disha Patani went for a classic Sonam Kapoor reached into Nora Fatehi slipped into a champagne-toned Rakul Preet opted for a structured Shantnu & Nikhil set that carried a touch of ’70s bling. Her hand-embroidered jacket was embellished with Swarovski crystals, while her pleated ivory skirt cinched at the waist with two belts, detailed with jewelled buckles. A ","https://assets.vogue.in/photos/69297d75ced428b1f81a8bd3/16:9/w_1280,c_limit/Congratulations%20Nita%E2%9D%A4%EF%B8%8F#nitaambani.jpg"
"Feb 07, 2026 @ 23:23:05.279",7bf6efce30e0e9c87a9bce2497619911,https://www.vogue.in/content/sreeleelas-bottle-green-sari-shows-the-power-of-a-single-shade,Sreeleela’s bottle-green sari shows the power of a single shade,The actor leaned into soft femininity with a sweetheart blouse and tousled hair,Vogue Staff,2025-11-28T12:11:33.794Z,"A single hue, when shaped through the right silhouette, fabric and styling, can be just as impactful as layers of colour. Sreeleela captured this effortless appeal, dressed in a bottle-green Styled by Tanya Ghavri, the silky The jewellery added the right touch of sparkle: a gold choker and matching earrings embellished with mirror work, accompanied by a ring of the same design. Two slim gold and crystal bracelets, and a tiny crystal bindi finished the look. Keeping in tune with the sari’s understated appeal, Sreeleela opted for a soft glam: nude-pink lips, a brush of highlight and well-defined eyes. Her hair, worn open and naturally tousled, played into the ease of the entire ensemble. “Open up the look with salt waves to take the method dressing a notch higher. Lose all jewellery and replace with one seashell or clam inspired necklace to dial up the desi-Ariel feel. Dial up the bronzer and keep the bindi,” says ","https://assets.vogue.in/photos/6929510ad17516745d877206/16:9/w_1280,c_limit/%E2%9A%94%EF%B8%8F-3.jpg"
"Feb 07, 2026 @ 23:23:06.421",4155f5133929263eec3754992b9a1606,https://www.vogue.in/content/karisma-kapoor-paired-a-mauve-manish-malhotra-sari-with-a-sequinned-tailored-blazer-and-playful-fringe-pallu,Karisma Kapoor paired a mauve Manish Malhotra sari with a sequinned tailored blazer and playful fringe pallu,"The ensemble came alive through its fringe-trimmed pallu, geometric embellishment and minimalist jewels",Vogue Staff,2025-11-27T09:26:59.841Z,"Styled by Esha Amin, the actor chose a dusty mauve sari with a satin finish. Its long pallu, trimmed with sparkly Her accessories remained minimal: small rhinestone earrings embedded with gemstones from Minerali and layered silver rings from Curio Cottage, adding a subtle glimmer without clashing with the sequins. Transparent pointed stilettos embellished with rhinestones completed the look. The makeup was kept within the same mauve-toned palette: a brush of sparkly mauve eyeshadow, thick eyelashes and a dark mauve lip. The hair was pulled away from the face in a sleek half-up, half-down style with a soft side part. “Roll the sleeves up and add a chunky watch to give the look a touch of insouciance. Tie the hair up into a messy low bun, open up the jacket and swap the pumps for a pair of strappy high-heeled sandals. Now the code switches from evening party to city sleek,” says ","https://assets.vogue.in/photos/6927f6ed5b3639ba2efba5c9/16:9/w_1280,c_limit/Glitter%20and%20Groove%20%F0%9F%A9%B6%F0%9F%AA%A9%F0%9F%8E%B6For%20#IndianIdol%20@sonytvofficial%20In%20@manishmalhotra05%20@manishmalhotrawor.jpg"
"Feb 07, 2026 @ 23:23:07.639",e80a29e054ab08c121200fff009d35ac,https://www.vogue.in/content/kriti-sanons-silver-brocade-kurta-set-is-all-about-the-wide-leg-silhouette,Kriti Sanon’s silver brocade kurta set is all about the wide-leg silhouette,"From the tight grid of silver motifs to the ear cuff and embroidered heels, every element of the look works within the same metallic vocabulary",Vogue Staff,2025-11-26T12:55:24.392Z,"In a season of weddings and festivities, often characterised by who can outdo whom, Styled by Sukriti Grover, the black kurta featured woven silver Her jewellery brought a sculptural element to the look, with Sanon wearing statement silver ear cuffs from Apala by Sumit, crafted with The actor’s makeup and hair remained refined: a sleek half-up, half-down hairstyle with a centre part, paired with bold black smudged liner, a soft smoky eye and pink lips that balanced the metallic notes of the outfit. “Open up the hair to a soft wavy half-part, and tease the top of it to give it that Brigitte Bardot effect. this will amplify the 70s silhouette inspired feel of the sahara. lose the earcuffs for a pair of chandbaalis instead, and the juttis for a pair of strappy kolhapuris,” says Vogue India fashion associate Manglien Gangte. ","https://assets.vogue.in/photos/6926cc69f0618d6b2d49428e/16:9/w_1280,c_limit/@kritisanon%20serving%20Soft%20Sass%20%F0%9F%94%A5%F0%9F%96%A4Outfit%20@sobariko%20@dipublicrelationsEarrings%20@apalabysumitoffic-3.jpg"
"Feb 07, 2026 @ 23:23:08.929",09339ff76a9ea919f3e61253ed1eae8a,https://www.vogue.in/content/ananya-pandays-sky-blue-sari-has-been-handwoven-using-banarasi-tanchoi,Ananya Panday's sky blue sari has been handwoven using Banarasi Tanchoi,"The details include two roses, oversized chaandbalis and a black bindi",Vogue Staff,2025-11-25T14:17:55.762Z,"Ananya Panday’s Ekaya Banaras sari celebrated The pallu fell around her elbows, letting the blouse, which carried the same floral motifs as the For accessories, the actor opted for a touch of traditional glamour: oversized chaandbalis from Jagdish Jewellers in gold, with green stones that contrasted against the cool-toned ensemble. Her hair was pulled back into a neat braid, “Add another layer of drape with a shawl or a cape over one shoulder in a deep and contrasting hue, something in tangerine or wine. Define the lips with a dark liner to add that ombre effect, remove the roses and tie the braid into a low bun to let the chaandbalis breathe,” says ","https://assets.vogue.in/photos/6925732715d653132fe8839e/16:9/w_1280,c_limit/%F0%9F%A9%B5%E2%9D%A4%EF%B8%8F%F0%9F%A4%8C%F0%9F%8F%BE@ananyapanday%20in%20@ekayabanaras%20@jagdishjewellerspatiala%20Hair%20@the.mad.hair.scientist%20Mak.jpg"
"Feb 07, 2026 @ 23:23:10.108",857dd378b73cd487c6a732a72f41afeb,https://www.vogue.in/content/ara-pret-by-kulsum-shadab-wahab-is-pioneering-purpose-led-fashion,Ara Pret by Kulsum Shadab Wahab is pioneering purpose-led fashion,"The label brings acid-attack survivors to the forefront, with clothing that celebrates empowerment",Thea Mulchandani,2025-10-11T04:30:00.000Z,"“So many acid-attack survivors have been made to feel invisible, so giving them that light, giving them that platform was very important to me,” says Kulsum Shadab Wahab, philanthropist and founder of Ara Lumiere and Ara Pret. Through her brands, she’s worked to create spaces where these survivors can rebuild their confidence, express themselves through creativity and rediscover a sense of self-worth. Her impact, within the fashion industry and outside of it, also lead to her appointment as the first Indian Ambassador for Women’s Empowerment by the Camera Nazionale della Moda Italiana (Italian Fashion Council). Launched in 2019, Ara Lumiere has earned global recognition for its handcrafted Building on Ara Lumiere’s success, Shadab Wahab launched Ara Pret in August of this year, a ready-to-wear label that focuses on affordability, everyday design and empowerment. Each piece is ethically crafted and rooted in the stories of the women it supports. With its clean silhouettes and timeless appeal, Ara Pret marks a new chapter in Indian fashion—purpose-led prêt, where style and social change go hand in hand. Below, the philanthropist opens up about how she got started, the vision behind her brands and the moments that make it all worthwhile. ","https://assets.vogue.in/photos/68e94170288b9a16a75f5cb4/16:9/w_1280,c_limit/IMG_9608.JPG"
"Feb 07, 2026 @ 23:23:11.326",a22e39e6eabe73588352571db19a72a8,https://www.vogue.in/content/khushi-kapoor-brings-romantic-pastels-to-the-wedding-season-in-a-mint-green-sari-with-3d-florals,Khushi Kapoor brings romantic pastels to the wedding season in a mint-green sari with 3D florals,She completed the fairytale-like look with a heart-shaped purse,Vogue Staff,2025-11-24T09:45:13.530Z,"Khushi Kapoor's wedding guest look features soft pinks, romantic details and a whole lot of florals. Shauna Gautam, who made her directorial debut with Khushi Kapoor in The fully embroidered blouse included an exaggerated sweetheart neckline and tiny cap sleeves with pearl tassels along every hem that added subtle movement to the garment. The sheer pallu was adorned with pink 3D floral motifs and pastel The accessories stayed in the same Her hair was braided with white baby's breath that complemented the look. The makeup was kept minimal: long lashes and nude lips on a glowing base. “Go all out on the romantic, dainty feel of the look with an off-shouder blouse with just the right amount of pearls cascading down the arms. Swap the baby's breath for a string of mogra at the base of the braid, just about enough for you to have your moment without stealing the ","https://assets.vogue.in/photos/69240b120ab505bd274a2086/16:9/w_1280,c_limit/Celebrating%20@shaunagautam%20and%20@parekh.kush%20%F0%9F%A4%8DFav%20people,%20fav%20food%20and%20best%20company%F0%9F%AB%B6%F0%9F%8F%BC%F0%9F%A5%B0.jpg"
"Feb 07, 2026 @ 23:23:12.615",16cbfbf75f7e1e49f7320e9e9d610bc2,https://www.vogue.in/content/tara-sutarias-pearl-and-crystal-dress-channels-1930s-couture-glamour,Tara Sutaria’s pearl-and-crystal dress channels 1930s couture glamour,"She paired the high-shine gown with diamond earrings, Rene Caovilla heels and a silver clutch",Nupur Sarvaiya,2025-11-23T05:30:00.000Z,"Tara Sutaria kicked off birthday week with a sun-soaked vacation followed by an intimate soirée with close friends and family. For the occasion, Sutaria turned to Yousef Al Jasmi couture, going the high-octane, high-glam route in a Her look is part of the 2022-23 Haute Couture outing of the Kuwaiti couturier, whose pull extends across continents. His high-embellished gowns and dresses have been graced by the likes of On Sutaria, the effect was a dress that fit like a glove. With a body-contouring silhouette, a nude canvas and high neck showcase, the gown appears almost poured onto her body. Its surface has come alive with thousands of pearls and crystals that create a trompe l'oeil effect, as if suspended mid-air, floating against skin. According to her stylist For her jewellery look, Tara Sutaria went with a pair of diamond stud earrings by Mahesh Notandass. Other accessories featured the Juniper Metal Silver Sandal by Rene Caovilla and a bag from Beau Monde Accessories. ","https://assets.vogue.in/photos/6920467d2c4406a7de48aa70/16:9/w_1280,c_limit/SnapInsta.to_582087925_18536231452025765_1094560263068128171_n.jpg"
"Feb 07, 2026 @ 23:23:13.754",476220daad1f0c2cb1b1bbf6837586a9,https://www.vogue.in/content/kriti-sanon-embraces-tonal-dressing-with-a-pearl-trimmed-rohit-bal-anarkali-and-embroidered-jacket,Kriti Sanon embraces tonal dressing with a pearl-trimmed Rohit Bal anarkali and embroidered jacket,A pair of statement chandbaali earrings and lit-from-within makeup defined her festive-appropriate look,Nupur Sarvaiya,2025-11-22T04:30:00.000Z,"Tonal dressing done right isn't about simply sticking to one colour palette. In the right hands, it's a mix of textures and silhouettes. Kriti Sanon's ivory anarkali and embroidered jacket by The floor-length, fluid The same artisanal vocabulary extended to Sanon’s accompanying jacket, featuring a deconstructed bandhgala silhouette. Its embroidery mirrored that of the anarkali, creating a cohesive narrative between the two pieces. At a time when winter weddings often prompt panic-driven layering, from over-the-counter trench coats or insipid puffers that clash with festive wear, Sanon’s look offers a refined alternative. A complementing embroidered jacket becomes a styling hack that is functional and fashionable, keeping the wearer warm without sacrificing style. She went the pared-down route with accessories, allowing the craftsmanship of the anarkali shine yet adding just the right dose of sparkle. Her picks: ornate chandbaali earrings by Sanzany Jewels and meenakari rings by Golecha’s Jewels. For makeup, Sanon stayed true to her signature aesthetic: fresh, luminous and feminine. A soft wash of shimmer across the lids, diffused highlighter and nude lips played up her dewy, radiant base. Her hair echoed the same undertones with a dishevelled bun adorned with fresh white flowers. A pair of ivory juttis The Desi Darzi polished off her look. From her outfit to glam, her look serves as the perfect formula for a chic, light-filled daytime celebration. ","https://assets.vogue.in/photos/692032972767e674804f6dec/16:9/w_1280,c_limit/SnapInsta.to_584539001_18535535740054678_722395702732074888_n.jpg"
"Feb 07, 2026 @ 23:23:14.966",f30eec040f25b0d2386f16f931629847,https://www.vogue.in/content/the-chicest-mini-heel-pairings-for-long-skirts-and-trousers-this-winter,The chicest mini-heel pairings for long skirts and trousers this winter,The runways have confirmed the power of mini heels,Paulina Berges,2025-11-22T02:30:00.000Z,"If we had to choose a pair of shoes to worship for their silhouette and comfort, they would be the mini heels. Their design comes to say goodbye to flat soles, but without forcing us to take dizzying steps. They allow us to go on walks that last for hours without our feet hurting and make any look, no matter how casual or formal it may seem, to be elevated with just three centimetres (or even less). Their perception as 'granny shoes' was left behind several seasons ago, becoming the favourite of the best-dressed. Whether it's Erdem's casual furry models, Rachel Comey's scale prints or Shushu/Tong's cherry red proposals, mini heels will always be the great ally of style, capable of transmitting an elegant character without much effort or sacrifice. A concept that fashion trends for Winter 2025 approve of, since to look impeccable, you don't need a strident impact. Maximising style is also achieved through discretion, and the shoes in trend for Fall-Winter 2025, including the well-known We saw it very clearly on Stella McCartney's runway, low-heeled shoes look divine paired with sartorial garments. They are ideal to elevate the elegance of baggy pants and double-breasted blazers, so that, both in the office and on the street, comfort goes hand in hand with style. Wear them in neutral tones and go for square-toe Brands like Altuzarra have taken it upon themselves to push the star shoe of the '80s. That pair of discreet height with a tie behind the ankle. Known by their English name, Pairing skirts with Last season, it was Victoria Beckham who presented the footwear of a ""modern Cinderella"", and now it's the Khaite brand that is responsible for demonstrating how the inclusion of transparent shoes with mini heels also finds a place in the days of falling temperatures. Perfect for doing justice to executive style cravings, they allow sleeker pegged pants to find a breath of renewal and look as With the heel exposed, For festive parties, fringe and dazzling sequins are not relegated to handbags or jewellery. At Erdem, their presence is the protagonist, and they are shown off in all their splendour. The maximalist skirts, which are stylised at night, could hardly be combined with more perfect shoes. Sharp pointed toe, low heel and with spun embellishments, they ensure you stand out effortlessly. Before the end of the year, you can take advantage of their glamorous look to look fabulous, whether paired with a sleeveless blouse or more formally with Carolina Herrera-style white shirts. For the last look, textures take over the visual reading, resulting in an outfit that you can imitate for a dinner with friends. This time it's pumps, those shoes that both grandmothers and younger girls keep on their wish list. With a furry toe, they are combined with some schoolgirl socks and, following the schoolgirl theme, a low-slung tailored skirt with a ","https://assets.vogue.in/photos/69200988b1b681cfd19d4e23/16:9/w_1280,c_limit/SnapInsta.to_565607763_18531121237043618_6972817108144783268_n.jpg"
"Feb 07, 2026 @ 23:23:16.238",fc2424b4e4bfd26de858b35beb24f662,https://www.vogue.in/content/sonam-kapoor-and-tara-sutaria-opted-for-crystals-and-pearls-in-the-best-looks-of-the-week,Sonam Kapoor and Tara Sutaria turned to crystals and pearls in the best looks of the week,"From old Hollywood glamour to avant-garde silhouettes, this week covered every fashion mood",Vogue Staff,2025-11-21T12:26:39.292Z,"If there’s one foolproof way to level up a look, it’s shine. Sonam Kapoor’s hand-painted Tarun Tahiliani jacket caught the light in a soft, subtle way. Tara Sutaria, on the other hand, dialled it all the way up with pearls and crystals. Sanya Malhotra leaned into a clean, glossy finish, while Shanaya Kapoor's gold set shone from every angle. Different approaches, same instinct to reach for something that catches the eye. Sonam Kapoor set the bar with a cream ensemble from Bhumi Pednekar took the experimental route in São Paulo–based Penha Maia: a white Disha Patani brought us vintage-tinged glamour in a sheer, metallic Tara Sutaria channelled old Hollywood in a high-neck illusion dress dripping in pearls and Sreeleela kept things classic in a deep-crimson Gazal Gupta sari, paired with a heavily embellished blouse. The gold straps and borders added texture to the pallu without overwhelming the red. She opted for a simple gold choker and a statement Rounding things out was Sanya Malhotra, who wore an electric-blue cocktail dress by LEH Studios. The cinched waist and voluminous skirt were reminiscent of European silhouettes from the 50s, with shoulder-length curls that echoed the vintage mood. She completed the look with matching earrings, see-through ","https://assets.vogue.in/photos/692059cadde0bfd64670f723/16:9/w_1280,c_limit/SnapInsta.to_582517186_18546798706009229_8504810644020110182_n.jpg"
"Feb 07, 2026 @ 23:23:17.552",d91c959e19b15257889eb647a43a3c1a,https://www.vogue.in/content/nita-ambani-paired-a-tarun-tahiliani-sari-with-rare-golconda-diamonds,Nita Ambani paired a Jamawar Tarun Tahiliani sari with vintage Golconda diamonds,"The Jamawar sari was embellished with Kashida embroidery, adding a subtle sparkle to the rich textile",Vogue Staff,2025-11-21T10:15:50.749Z,"For the inauguration of the Shiv Mandir at Gir in Gujarat, Nita Ambani picked up a striking Jamawar is known for its patterns woven directly into the textile, a technique that originated in Ambani never holds back with jewellery. For this look, two sizable strands of vintage Golconda Her hair was loosely braided and threaded with red and white flowers in a simple, festive finish, while her makeup featured defined eyes and a nude lip on a clean base. A traditional red ""Nita Ambani’s sari is a beautifully layered and intricate piece of craftsmanship known as Jamawar. Saris with such detailed handiwork are best styled simply so the richness of the fabric stands out. Choose a deep autumnal hue like this TT sari and pair it with a tone-on-tone blouse. Keep jewellery minimal with just a single-strand gemstone necklace and small earrings, a yellow or green stone could go well with autumn colours. Style your hair in a low French bun or let it fall over your shoulder in a soft curl to maintain a refined look,"" says ","https://assets.vogue.in/photos/6920363d7c2254d0f4cadaef/16:9/w_1280,c_limit/%F0%9D%97%A1%F0%9D%97%B6%F0%9D%98%81%F0%9D%97%AE%20%F0%9D%97%94%F0%9D%97%BA%F0%9D%97%AF%F0%9D%97%AE%F0%9D%97%BB%F0%9D%97%B6%20%F0%9D%97%B6%F0%9D%97%BB%20%F0%9D%97%A7%F0%9D%97%AE%F0%9D%97%BF%F0%9D%98%82%F0%9D%97%BB%20%F0%9D%97%A7%F0%9D%97%AE%F0%9D%97%B5%F0%9D%97%B6%F0%9D%97%B9%F0%9D%97%B6%F0%9D%97%AE%F0%9D%97%BB%F0%9D%97%B6%20Mrs.%20Nita%20Ambani%20looked%20resplendent%20at%20.jpg"
"Feb 07, 2026 @ 23:23:18.940",cc45c241d666efb830ffadbf3a7b1296,https://www.vogue.in/content/barrel-leg-jeans-are-a-new-staple-heres-how-to-style-them,Barrel-leg jeans are a new staple – here’s how to style them,Six ways to wear barrel-leg jeans for winter,Augustine Hammond,2025-11-20T11:39:49.444Z,"Barrel leg jeans AKA horseshoe jeans AKA banana jeans – whatever you want to call them – I’ll admit, I never thought these jeans would stick. With their awkward bowlegged silhouette, curving outward from the thigh before tapering inwards at the ankle, they initially felt like too much of a detour from the Just a matter of months later came the return of Phoebe Philo’s long-awaited namesake label, which imbued the style with her signature brand of quiet, architectural cool. If Since then, the barrel-leg jeans have gone from curious newcomer to a bona fide wardrobe staple. Retailers have responded accordingly: nowadays, you’d be hard-pressed Despite their sculptural look, styling the barrel leg isn’t as complicated as it may seem. In fact, the exaggerated shape does most of the heavy lifting, which means the rest of your outfit can stay minimal and streamlined. The recent runways provided plentiful inspiration: Mulier’s Resort collection featured a classic pair in washed blue, styled with a double-breasted blazer and pointed boots, while A couple of other big questions surrounding barrel-leg jeans – second only to “can I pull these off? Whether you prefer polished tailoring or a more relaxed off-duty formula, the barrel leg is about to enter your daily rotation. Here are six ways to style them this winter. ","https://assets.vogue.in/photos/691e9a11bbf2a1e207dca9b2/16:9/w_1280,c_limit/GettyImages-2214536525.jpg"
"Feb 07, 2026 @ 23:23:20.159",647cb3aba37495cb51c905d25e2fb292,https://www.vogue.in/content/sonam-kapoor-announces-her-pregnancy-in-an-archival-escada-suit-once-worn-by-princess-diana,Sonam Kapoor announces her pregnancy in an archival Escada suit once worn by Princess Diana,"A vintage Escada suit becomes the backbone of a look that pairs bold colour with crisp, late-80s tailoring",Vogue Staff,2025-11-20T11:13:56.014Z,"Hot pink is not subtle, and Sonam Kapoor chose the shade with intention, making it part of a pregnancy announcement. The archival Escada suit carries its own legacy. The 1988 Margaretha Ley design, styled by The silhouette is classic Her accessories were minimal, featuring chunky gold hoops and rings from L’Atelier La Marquise Jewellery, a sleek For beauty, Kapoor kept the makeup soft with subtle contouring, lightly defined eyes and a diffused wing. Her hair fell in loose waves, lending ease to a look otherwise rooted in sharp, late-’80s tailoring. “Amp up the 80s touch with a little bit of colour blocking. swap the black stockings for red or purple ones, and the black pumps for a silver pair. Don't change anything else but add a striped twilly to the neck for the full effect,” says Vogue India fashion associate Manglien Gangte. ","https://assets.vogue.in/photos/691ed80dbc5bebe5acaa4493/16:9/w_1280,c_limit/@sonamkapoor%20wears%20Escada%20by%20Margaretha%20Ley,%201988%20for%20@audemarspiguet%20Styled%20by%20@rheakapoor%20@san.jpg"
"Feb 07, 2026 @ 23:23:21.499",ed07a8e30beea88e35d26000e9fa6ca6,https://www.vogue.in/content/3-chic-ways-to-style-a-knitted-vest-and-a-shirt,3 chic ways to style a knitted vest and a shirt,"Grandpa, preppy but also chic: how to wear a knitted vest to create ever-changing looks",Lucrezia Malavolta,2025-11-19T14:39:44.888Z,"A little bit grandpa, a little bit college, but also preppy with that corporate edge: the knitted vest and shirt combo is the combo to rediscover for winter 2025, not ancient and definitely not boring, and far more versatile than it looks. From the fashion shows to streetstyle, the undisputed protagonist remains the Let's start with the emblematic combo of college style, the A mix of different styles and references, in some ways contrasting, but precisely for this reason winning: Katie Holmes pairs a white shirt with a black knit vest where, instead of the classic tailored or tartan Personally, my undisputed favourite, the sleeveless cardigan: in this case, in a neutral nuance like beige, worked in mohair, which goes well with the patterned skirt, also in brown tones. To be paired with a pair of suede ","https://assets.vogue.in/photos/691d4663afcb5f65a834c182/16:9/w_1280,c_limit/gilet%20lana%20.jpg"
"Feb 07, 2026 @ 23:23:22.732",17fea7f12bb454bf198edb38f146e6ed,https://www.vogue.in/content/priyanka-chopra-jonas-plays-with-textures-in-an-all-black-roberto-cavalli-ensemble,Priyanka Chopra Jonas plays with textures in an all-black Roberto Cavalli ensemble,"Sheer chiffon and lace form the backbone of her monochrome look, styled with Bvlgari accents and velvet pumps",Vogue Staff,2025-11-19T12:54:18.999Z,"Head-to-toe black can go flat fast, but Priyanka Chopra Jonas arrived in Hyderabad with a Roberto Cavalli look that played with textures. Styled by Ami Patel, the Her accessories all came from With bronzed makeup—sculpted skin, warm-toned lids and “The black Roberto Cavalli cutout skirt is the highlight here. Why not pair this with a white shirt and short black tie. Pair this with black chunky Prada like brogues for an androgynous look or kitten black heels if you want a more classic tone. Black sunnies to complete the look,” says Vogue India fashion associate Divya Balakrishnan. ","https://assets.vogue.in/photos/691d6a19afcb5f65a834c18a/16:9/w_1280,c_limit/Power%20dressing%20for%20a%20powerful%20story.@priyankachopra%20on%20the%20road,%20sharing%20Varanasi%20with%20the%20world.jpg"
"Feb 07, 2026 @ 23:23:24.068",9137844c762ff8d3bbef5cda2e86d67f,https://www.vogue.in/content/how-to-style-boho-blouses-with-flared-trousers,How to style boho blouses with flared trousers,"Boho blouses are slowly becoming wardrobe mainstays, and we are here for it",Michel Mejía,2025-11-18T12:09:02.851Z,"A year ago, when Different brands have taken note. And of course, when it comes to 70s-inspired blouses, the best garments to combine with them are flared pants, as Twiggy, Cher and When it comes to Winter 2025 fashion, items that look like they were pulled out of our grandparents' closets have gained great popularity. If you don't know which boho blouse to choose, you can always play it safe with a brown one. After all, this is a shade that has made its presence known on the catwalks. Both in accessories like blazers and boots from Ralph Lauren and Hermès, as well as with blouses from Those interested in fully immersing themselves in bohemian, should give woven flared pants a try. Warm and comfortable, they are best worn with printed boho blouses with long sleeves, to make a more dynamic outfit, and as for footwear, high platform boots are recommended to keep with the seventies theme. Embroidered boho blouses offer texture, which translates into a more interesting Earlier in the year, we talked about moto boho fashion, a combination of leather jackets, biker boots, dresses and biker blouses. This fusion of aesthetics has become the go to, with sporty t-shirts being worn with ruffled skirts and shirts with pants. However, nothing better than opting for the original trend that Pinterest predicted since the end of 2024, so it's worth choosing a blouse with flared sleeves, flowy style and flowers in the design, to match flared leather pants and of course, biker boots. If it is the first time wearing a boho blouse, start with a velvety black turtlenck. Elegant and timeless, it is a great addition to the closet to pair with jeans and white flared pants alike; and thus shine with boho style no matter the day of the week. ","https://assets.vogue.in/photos/691c5dc810f541c053afd627/16:9/w_1280,c_limit/The%20very%20lovely%20@nehadhupia%20in%20our%20free%20size%20shibori%20cape%20from%20Out%20of%20Blue%20series.%20%E2%80%94Styled%20by%20@g.jpg"
"Feb 07, 2026 @ 23:23:25.293",b6c4c2ac04c8e8fcb8ca4c4721b29d0f,https://www.vogue.in/content/janhvi-kapoors-elie-saab-gown-embraces-sequinned-botanicals,Janhvi Kapoor's Elie Saab dress shimmers with micro-sequins and painterly florals,"A body-skimming silhouette, botanical motifs and crystal accessories defined the evening",Vogue Staff,2025-11-18T11:07:02.984Z,"Janhvi Kapoor’s latest appearance paired her affinity for elongated silhouettes with a painterly wash of florals and soft shimmer. Her Gir forest look, styled by Megan Concessio, featured a long sequin dress from The slender, body-contouring cut that flared subtly at the knees was doused with thousands of micro-sequins that formed a honeycomb surface across the garment. Toward the hem, the palette deepened into botanical artwork: muted greens, soft pink florals and hand-painted foliage motifs that mirror the collection’s rainforest cues. A matching elongated Her accessories extended the botanical theme with a pair of long, floral earrings from House of Yarané—pink Her beauty look was kept soft: subtly glittered lids, wispy lashes and a glossy, peach-toned lip. “Drape the scarf over the neck with both ends falling behind her shoulders, tie the hair into a messy low bun to give the look a touch of insouciance. Lose the clutch and add a few more rings to both hands,” says Vogue India fashion associate Manglien Gangte. ","https://assets.vogue.in/photos/691c307e6e9b67a0730177b2/16:9/w_1280,c_limit/@janhvikapoor%20serving%20jungle%20glam%20in%20Gir%F0%9F%8C%B3%F0%9F%8C%B8%F0%9F%A6%8C%20#ColoursOfTheJungleTheme%20Wearing%20@eliesaabworld%20S.jpg"
"Feb 07, 2026 @ 23:23:26.435",22d3e34100bc2ae7d70511f1ce1a9eb1,https://www.vogue.in/content/sonam-kapoor-makes-a-case-for-tangkhul-craft-in-an-east-set,Sonam Kapoor makes a case for Tangkhul craft in an EAST set,It was paired with gold jewellery from Zoya and black kitten heels,Saumyaa Goradia,2025-11-17T12:18:48.866Z,"Sonam Kapoor rarely misses a chance to champion Indian craft, and this time, she turned to Manipur’s EAST for the Architectural Digest dinner hosted at her Mumbai home. The actor slipped into the label’s Tangkhul Kashan-inspired ĀKHA set from the Patron Collection. “This collection stands as a tribute to every client who has been part of our journey and helped sustain our craft,” says designer Easternlight Zimik. It’s the same body of work he recently showcased in Seoul, handloom-rooted in Tangkhul Naga identity and reinterpreted through a deeply personal design language. The ĀKHA look leaned into the language of Tangkhul textiles with minimal interference: a wrap-style upper layer tied at the back, worn over a black collared shirt and paired with a matching skirt or kashan, its monochrome palette and clean lines keeping the focus firmly on the craft. “ĀKHA—meaning first number in our dialect—marks the opening look of the Patrons Collection,” Zimik shares. The textile, handwoven on the traditional loin loom, draws from the essence of four of EAST’s previous collections, “weaving together our most beloved pieces into one unified creation,” he adds. The Kashan traditions came through in its linear motifs, ribbed panels and tasselled ends, each rooted in Tangkhul weaving, where shifts in line, density and rhythm carry cultural meaning. For this iteration, Zimik notes that the studio worked with the rich tonalities of autumn, “intertwining two distinct patterns, one from our RASI series that reimagines our land’s night sky in constellation-like dots and another that echoes the enduring canopy of trees, the silent guardians of our homeland.” Finished with grand, flowing fringes, the look becomes “a celebration of craft, lineage, and cultural memory.” Her jewellery from Zoya added metallic polish: a sleek gold choker inlaid with tiny Her beauty look stayed minimal with centre-parted hair worn down, smoky eyes and barely-there matte skin, keeping the focus on the craft-forward silhouette. “The Tangkhul Kashan inspired set is already a statement in and of itself. Go heavier on the metal jewellery to amplify the look; think oversized and oxidised molten metal jewellery,” says Vogue India fashion associate Manglien Gangte. ","https://assets.vogue.in/photos/691ae8a76d7eff300a5d275a/16:9/w_1280,c_limit/As%20Amy%20Astley%20(@amyastley),%20global%20editorial%20director%20and%20editor-in-chief%20of%20Architectural%20Diges.jpg"
"Feb 07, 2026 @ 23:23:27.609",dd7ec1d4d757110ffc03b86a8dc84aa0,https://www.vogue.in/content/priyanka-chopra-jonass-anamika-khanna-sari-layers-ivory-threadwork-with-statement-jewellery,Priyanka Chopra Jonas’s Anamika Khanna sari layers ivory threadwork with statement jewellery,"Classic draping, tonal lace and gold jewellery led the styling",Vogue Staff,2025-11-17T12:10:59.827Z,"There’s no shortage of high-shine occasionwear right now, which is why Priyanka Chopra Jonas’s latest Styled by Her jewellery adds volume. A layered gold choker sits close to the neck, paired with earrings, a round Her hair is set into a centre-parted low updo with loose tendrils softening the face. The makeup stays warm and seamless: brushed brows, a diffused wing, a hint of shine on the lids and a rose-toned lip that keeps everything in the same tonal lane as the sari. “To embody Priyanka's devi aesthetic, start with an off-white or ivory Chikankari sari or any subtle tone-on-tone weave. Pair it with a matching blouse; the blouse silhouette truly defines the mood, so consider a sweetheart neckline. Adorn your braid with mogras or baby breath. With the jewellery stray from tradition and opt for diamond and platinum pieces for some edge,” says Vogue India fashion associate Divya Balakrishnan. ","https://assets.vogue.in/photos/691ad20fc048592565fbd9ef/16:9/w_1280,c_limit/Shutting%20it%20down%20as%20only%20she%20can.To%20describe%20@priyankachopra%20in%20this%20look%20is%20merely%20an%20attempt%20t.jpg"
"Feb 07, 2026 @ 23:23:28.768",53013620b0ec3a68497cde8700a83242,https://www.vogue.in/content/aditi-rao-hydaris-manish-malhotra-sari-pairs-liquid-satin-with-scalloped-lace,Aditi Rao Hydari’s Manish Malhotra sari pairs liquid satin with scalloped lace,The actor’s look is proof that a sari is the hardest-working piece in your closet,Nupur Sarvaiya,2025-11-16T05:30:00.000Z,"Aditi Rao Hydari has long leaned on modern romantic saris to craft her signature style of softness. But this time, for an awards night in November, she reached out for a Manish Malhotra creation that channels nostalgia with a tinge of modernity. Her choice of a satin silk sari with lace and pearl accents instantly calls to mind the languid elegance of the early 20th century, an era defined by boudoir dressing, intimate glamour and luxe fabrics. The period was marked by texture and tactility. Today, those same codes are in full revival. The delicate lace-and-satin pairing has swept through runways with a force that feels nostalgic yet relevant. Earlier this year, designers like The Row, Prada and Dries Van Noten spotlighted the romantic, lacy slip skirt as one of the season’s most defining trends. Chloé, Givenchy, Miu Miu and Saint Laurent doubled down for autumn/winter 2025, continuing to embrace “undone” styling with lace trims. Now, Hydari brings this mood to Indian occasion wear, making a persuasive case for the satin-and-lace sari as the next frontier of evening elegance. Her pale gold Manish Malhotra drape is cut from lustrous satin that falls with liquid softness, its edges framed by a scalloped black lace border with pearlescent detailing. The result is a look where each element adds old-world romance without overwhelming it. The craftsmanship is unmistakably Malhotra: rich, ornate yet modern. Her look is paired with a black velvet bralette blouse, offering a textural interplay that elevates the whole ensemble. She accessorised with an emerald and polki choker, coordinating earrings, along with sculptural ear huggies wrapped high along the ear. A stack of mixed bangles in varied colours, textures and widths rounded it off. For glam, she went with soft and luminous makeup, featuring a dewy base, highlighted cheekbones and a nude lipstick. A look like hers can easily transition from a glamorous cocktail evening to a daytime destination wedding ceremony, making it a fuss-free, versatile choice for the season. ","https://assets.vogue.in/photos/6916f6d327b9d77266dd5344/16:9/w_1280,c_limit/SnapInsta.to_580571787_18537845356043618_7263217199737608702_n.jpg"
"Feb 07, 2026 @ 23:23:30.109",a28d7178fa16eeff0c3684a7d6e16fad,https://www.vogue.in/content/why-fancy-sneakers-should-be-your-next-styling-hack,Why fancy sneakers should be your next styling hack,"For those days when you just want to bundle up in pragmatic layers, fancy sneakers are always there to level up your outfit.",Christian Allaire,2025-11-16T02:30:00.000Z,"This time of year, with winter creeping around the corner, is always tricky to dress for. Even so, fancy sneakers have become the one reliable way to elevate an outfit on days when you just want to bundle up in pragmatic layers to stay warm. The outfits become less about looking trendy and more about simply staying toasty. But the good news is, they're still a hero accessory that works even on the most frigid mornings with your top half ensconced in wools and Yes, low-tops (or high-tops, if that is your preference) can be dressy, despite their more casual connotations. Case in point: This past Fashion Month, designers went all-in on sneakers with elevated details and sartorial twists, bringing the comfort shoes into more statement-making territory. At Dries Van Noten, they were embellished and covered in sprightly floral prints. At Simone Rocha, sneakers were given a The bold sneaker movement is the perfect thing to insert into your hum-drum fall wardrobe. Sure, dressing for warmth does not have to mean sacrificing style overall—you can lean on a great power coat or sweater to keep you both chic and snuggly—but there is something about a fabulous shoe that just brings any ensemble, maximalist or minimalist, to the next level. Playing it safe in your best black cashmere Plus, there is also a cool nonchalance to sporting a statement sneaker versus, say, a sky-high Inspired by the fancy sneaker trend? Below, shop an edit of 8 fancy sneakers below. ","https://assets.vogue.in/photos/6916b242fcca204ff753c8a0/16:9/w_1280,c_limit/Sneakers_christian.png"
"Feb 07, 2026 @ 23:23:31.433",b7eda8b9e4becc280190fd4e799965c4,https://www.vogue.in/content/5-ways-to-elevate-your-v-neck-and-jeans-outfit,5 ways to elevate your V-neck and jeans outfit,Only a few combinations are as reliable as a V-neck and jeans and here are 5 ways to style them this winter.,Daisy Jones,2025-11-15T07:17:35.568Z,"Is there a more classic combo than a good V-neck and jeans? It’s a casual pairing, but there’s a certain degree of polish to this particular While V-necks can be styled with everything from suit trousers to printed midi-skirts and Just because you’re wearing a V-neck doesn’t mean you have to go full corporate mode, or only opt for blacks and greys – plenty of street-stylers have been spotted in autumnal reds, oranges and vivid mustard tones. The exposed neckline also means you can show off some layered “Boring” grey knits were arguably the most dominant knitwear trend across the autumn/winter 2025 collections, and they’ve also been a hit with the street-style set. One of my favourite styling tricks is going masculine with the colours and fit, as above, with a slash of feminine make-up or hair to balance things out. Wearing a uniform to school mostly sucked (what was with the itchy fabric, and why were they always disgusting colours like purple?) Wearing a uniform in your 20s, 30s and beyond, however? Nearly always immaculate. Pair with a We often think of V-necks as being thin and fitted, but an oversized V-neck can work wonders – yes, even with a pair of There’s something delectably Noughties about a V-neck and boot-cut jeans – like a preppy New England collegiate at the weekend, or someone from ","https://assets.vogue.in/photos/6916b2499703745babd49818/16:9/w_1280,c_limit/Milano%20str%20S26%201604.jpg"
"Feb 07, 2026 @ 23:23:32.554",8d0a824d74053a2688f7fdb35988ec78,https://www.vogue.in/content/ananya-pandays-punit-balana-lehenga-mixes-a-european-style-corset-with-a-bandhani-jaal-skirt,Ananya Panday’s Punit Balana lehenga mixes a European-style corset with a bandhani-jaal skirt,"At her friend’s Udaipur wedding, the actor delivered a bridesmaid look that felt playful, easy and made for a sunlit celebration",Nupur Sarvaiya,2025-11-15T05:30:00.000Z,"Ananya Panday played bridesmaid to the hilt at her friend’s wedding in Udaipur by simply At the heart of her ensemble was Staying true to his design vocabulary, Balana infused his indelible identity into the look. “Once the outfit was ready, I felt it needed a touch of PB identity, so we added our signature coin detail on the cups of the corset,” he says. The delicate embellishments lent a pared-down glint without overpowering the fabric. Heritage, too, found its place. “We work a lot with Bandhani itself is a storied craft and remains one of India’s oldest tie-resist dyeing techniques, believed to have been practised for over 5,000 years. The process is painstaking: artisans pinch and tie thousands of tiny dots by hand, often spending weeks on a single fabric. A single bandhani thaan can involve up to 20,000 ties, each knot forming part of an intricate constellation once dyed and opened. It’s this labour and precision that make bandhani a heritage rendered wearable. For jewellery, she followed suit with minimal yet impactful pieces. A delicate pendant chain and a stack of kadas from Razwada Jewels completed her look. “Ananya is wearing handcrafted uncut bangles from our heritage collection. It is encrusted with approximately 35 carats of polki,” says Jeetendra Sirohiya, founder, Razwada Jewels. She went with a no-makeup makeup finish, featuring fresh skin, softly flushed cheeks and a nude lip. Her hair, styled in a half-up, half-down do was accented with whimsical butterfly accessories. From the lehenga to the makeup, it’s the kind of breezy yet beautiful look that makes for the perfect bridesmaid ensemble. ","https://assets.vogue.in/photos/69170217ddd9eb38555ed7b0/16:9/w_1280,c_limit/SnapInsta.to_575503100_18545687782040637_6372955939838721403_n.jpg"
"Feb 07, 2026 @ 23:23:33.824",fe856a1a54331ac49702275a5e5f6a82,https://www.vogue.in/content/deepika-padukones-cashmere-sabyasachi-jacket-and-sayani-guptas-tonal-grey-set-led-this-weeks-best-looks,Deepika Padukone's cashmere Sabyasachi jacket and Sayani Gupta’s tonal grey set led this week’s best looks,"Sharp suits, sweeping lehengas and high-shine eveningwear defined the week",Vogue Staff,2025-11-14T11:57:53.215Z,"In a week that spanned wedding revelry, awards-night flashpoints and high-powered industry appearances, everyone turned up in styles intrinsic to them. From razor-sharp tailoring and sweeping lehengas to liquid drapes and sequinned evening blazers, the style docket was as varied as it was visually commanding. Fresh off a win at an awards night, Aditi Rao Hydari chose a Deepika Padukone’s latest outing saw her in Keep scrolling to discover more standout looks. ","https://assets.vogue.in/photos/69171708008718543c96fc6d/16:9/w_1280,c_limit/SnapInsta.to_575218785_18540399490022931_1473374562249854085_n.jpg"
"Feb 07, 2026 @ 23:23:35.005",48a86a36150ffef1a619ad4696ecacd9,https://www.vogue.in/content/alia-bhatt-steps-out-in-an-archival-bob-mackie-gown-built-on-shimmer,Alia Bhatt steps out in an archival Bob Mackie gown built on shimmer,The gown was paired with crystalline detailing and statement jewellery,Vogue Staff,2025-11-14T11:05:14.504Z,"For an event appearance in Dubai, Alia Bhatt stepped out in a look rooted in Styled by Rhea Kapoor and Shanaya Kapoor, it was crafted in nude-illusion mesh, featuring a mandarin collar, long sleeves, and a body-contouring silhouette that opened into a thigh-high slit. Across the base, frosted winter-white sequins, silver bugle beads and Swarovski crystal loch rosen formed sweeping The actress rounded off the look with Aquazzura’s Tell Me Crystal sandals, their crystal-edged straps adding shine without competing with the gown’s surface. Her jewellery matched the high-impact mood: House of Yarané solitaire earrings—a round centre stone set in white gold and encircled by a starburst of accent diamonds—and a A knot at the top of her head kept the high collar and beadwork uninterrupted, while “Let shimmer steal the spotlight. Opt for skin-hinting silhouettes: a slinky shimmery tank paired with relaxed cargo pant for an effortless look. Keep the rest minimal, thong sandals and a wrist stack to finish the look,” says Vogue India fashion associate Divya Balakrishnan. ","https://assets.vogue.in/photos/6916dba99703745babd4982b/16:9/w_1280,c_limit/when%20in%20dubai%20%E2%9C%A8.jpg"
"Feb 07, 2026 @ 23:23:36.177",9356fcffabb6b0382dbeb01e634b1197,https://www.vogue.in/content/isha-ambani-piramals-plum-satin-suit-sharpens-into-a-corseted-waist-and-column-skirt,Isha Ambani Piramal’s plum satin suit sharpens into a corseted waist and column skirt,"The ensemble was styled with sleek hair, soft makeup and subtle jewels",Vogue India,2025-11-13T12:05:18.327Z,"At the CFDA/Vogue Fashion Fund dinner in New York—a celebration of craftsmanship and emerging design—Isha Ambani arrived in a sharply tailored plum satin ensemble styled by Jamie Mizrahi. The creation, by New York-based label Cut in lustrous satin, the Accessories stayed minimal: a slim black-strap watch, small stacked “Isha makes a strong case for this deep glossy plum hue from head to toe. Take a cue from her with a leather skirt in a similar shade paired with a tee in the same color family. As we head into winter, layer on a jacket to add texture and some edge to the look,” says Vogue India fashion associate Divya Balakrishnan. ","https://assets.vogue.in/photos/6915b1e454e8f516042e70bb/16:9/w_1280,c_limit/Isha%20Ambani%20last%20night%20in%20New%20York.%F0%9F%93%B7%20@huyylluong%20%F0%9F%91%97%20@sweetbabyjamie%20%20@wiederhoeft%20assisted%20by%20@.jpg"
"Feb 07, 2026 @ 23:23:37.455",9868a2a7d65e8cb072f506241df58730,https://www.vogue.in/content/how-to-make-sheer-dresses-work-off-the-red-carpet,How to make sheer dresses work off the red carpet,"From smart layering to texture play, here’s how to bring sheer into your wardrobe",Nandana Francis,2025-11-13T11:17:57.060Z,"Sheer dresses have always been a fashion favourite. But it has mostly lived in the red-carpet ecosystem. Rihanna in Adam Selman? Iconic. Also the kind of dress you’d never wear outside a chauffeured car. Out of journalistic curiosity, I once asked my mother how she’d style a sheer dress. The look she gave me could have stripped paint off the walls and possibly summoned a That reaction reminded me how sheer dresses (or any garment, really), despite never being new to India, still make people clutch imaginary pearls. “Sheer dressing in India has always carried an interesting duality, it’s both traditional and modern. If we think about it, sheer elements have long existed in Indian clothing through fabrics like Sheer is stunning on the carpet, but can it survive real pavement? After all, few things in fashion are as intimidating to wear in real life, maybe, barring Margiela Tabi shoes. “Celebrities on the red carpet have entire teams ensuring everything stays perfectly in place, but for everyday wear, you want to feel secure and comfortable while still keeping the look interesting,” reminds Sandeep Tupili, founder and creative director at Maison Tai. “Sheer can sound intimidating at first, but confidence is everything. The trick is to highlight the areas you feel comfortable showing, that way, the sheer detail feels intentional, elegant, and never awkward,” suggests Tupili. Rather than diving head-first (or body-first) into the trend, Nefertari Joshi, founder of Nef’s Finds, recommends beginning gently. “Play with fabric textures like lace, georgette, crochet or embroidery and let the sheerness become part of your personal style narrative rather than a bold experiment. You can even start with pieces that already play with a mix of sheerness so it’s more wearable.” It’s important to let sheer dresses have their moment. Joshi adds that the most common mistake is trying to do everything at once. “They tend to either over-layer, losing the delicacy that makes sheer fabrics so special, or under-layer, which can feel accidental rather than intentional.” “I love pairing sheer with a corset, clipping the sheer layer to the corset instantly adds structure and elegance. Try gathering or crunching the sheer slightly for extra visual interest, and if you’re feeling bold, layer it over a semi-sheer corset for a daring yet refined look,” advises Tupili. In case you are planning your next vacation, Joshi recommends Sheer dresses over bikini sets or bralets. “It really enhances the figure and is perfect for vacation dressing.” And for everyday elegance? “Tailored blazers or waistcoats instantly add sharpness — pair a sheer blouse with wide-leg trousers and a blazer or waistcoat for an understated power look,” says Joshi. “A crisp white shirt under a sheer dress really balances androgyny with an otherwise feminine silhouette."" “There’s something so poetic about sheer fabrics being paired with delicate lace detailing. The sheerness allows the lace to truly stand out, creating a play of texture that feels feminine yet understated,” says Jajodia. But in a country where the weather is always plotting against you, layering takes strategy. “Balancing layers in sheer dressing is about creating depth without overheating. Pair sheer overlays with fitted inner slips or camisoles in breathable fabrics like cotton, silk, or modal. Soft, pastel colours and light fabrics naturally help keep the look airy and elegant,” says Jajodia. This year belonged to sheer, from Margot Robbie’s Armani Privé moment to Madison Beer at the Grammys 2025. And maybe it can be yours too, minus the red carpets and minus the oopsies. ","https://assets.vogue.in/photos/6915bd1a0f4fb71d68757bf4/16:9/w_1280,c_limit/SnapInsta.to_190870427_467247941035639_997283746366225084_n.jpg"
"Feb 07, 2026 @ 23:23:39.022",43dba54f90f01d99c7ba2c98b934b99c,https://www.vogue.in/content/7-ways-to-wear-a-blazer-according-to-the-street-style-set,7 ways to wear a blazer according to the street style set,The blazer proves its versatility once again this winter,Olivia Allen,2025-11-13T08:41:25.199Z,"It’s official: winter is here — and it’s time for the blazer to take centre stage. Try as we might, even the most reluctant among us can’t deny that as we approach mid-November, the 4 pm sunsets and cold weather are here to stay. Those flimsy summer dresses and Thankfully, this doesn’t have to mean fisherman knits and When paired with a breezy shirt (ideally leftover from summer and layered over a Uniqlo Heattech top, for practicality), a classic tailored blazer shakes off its boardroom associations. Slung together yet still slightly put-together, this one’s for the “throw on and go” dressers among us. Not all blazers are created equal. Some bring to mind A more polished spin on the above summer shirt and Sometimes, it pays to commit, so rather than fighting the ’80s power-dressing associations, lean into a full pinstripe look. Make sure to throw in a pair of slouchy It’s easy to slip into soft silhouettes and shapeless knitwear when winter hits, but a structured, power-shouldered blazer is an instant antidote to the November slump. While you’re at it, why not opt for an in-your-face hue to pair with oversized Sometimes, it’s all about the simple life. The 2025 update on traditional tailoring comes oversized and slightly slouchy, with not a If there’s one thing we owe the Noughties, it’s the humble ","https://assets.vogue.in/photos/69155db9f6f1bbe3559d0995/16:9/w_1280,c_limit/Paris%20str%20S26%200532.jpg"
"Feb 07, 2026 @ 23:23:40.184",88c113319b2a5fba14a192114147328a,https://www.vogue.in/content/aditi-rao-hydaris-gauri-and-nainika-ensemble-makes-a-case-for-sculpted-silhouettes-and-polka-dots,Aditi Rao Hydari’s Gauri & Nainika ensemble makes a case for sculpted silhouettes and polka dots,The actor’s monochrome ball gown balanced playfulness with structure,Vogue Staff,2025-11-12T13:10:04.507Z,"At the The actress paired the gown with black satin lace-up ballerina heels from “Polka dots are a surefire path to timeless style. Take a cue from Aditi, who’s toyed with both white-on-black and black-on-white in her playful hair tie. Step away from soft, romantic silhouettes and create contrast and structure. Pair a  polka shirt with a polka tie to add playful depth. Channel Diane Keaton’s iconic edge with tailored black trousers, brogues and finish the look with a classic boxy bag or a sleek watch,” says Vogue India fashion associate Divya Balakrishnan. ","https://assets.vogue.in/photos/691452fae1406e0da16eb3c1/16:9/w_1280,c_limit/%F0%9F%A4%8D%20Celebrating%20the%20opening%20of%20the%20iconic%20@galerieslafayetteindia%20in%20mumbai%20Congratulations%20@adit.jpg"
"Feb 07, 2026 @ 23:23:41.365",4b0c8867cb85dc1323659af9b6941990,https://www.vogue.in/content/ananya-pandays-bhumika-sharma-lehenga-paired-a-textured-tissue-skirt-with-an-embroidered-velvet-bodice,Ananya Panday’s Bhumika Sharma lehenga paired a textured tissue skirt with an embroidered velvet bodice,"Alternating aqua and gold kalis met a sculpted teal halter, styled with uncut-stone jewellery, kohl-rimmed eyes and fanned lashes",Vogue Staff,2025-11-11T13:41:19.003Z,"Giving wedding guest inspiration, Ananya Panday sported The Her jewellery from Razwada followed a more traditional route with a statement choker layered with uncut stones, matching earrings and stacked “Ananya Panday’s green Bhumika blouse could be reimagined as a playful ","https://assets.vogue.in/photos/691314436394948583b0e119/16:9/w_1280,c_limit/Glam%20for%20this%20duo%20%E2%9D%A4%EF%B8%8F%E2%9D%A4%EF%B8%8F%E2%9D%A4%EF%B8%8F@ananyapanday%20@navyananda%20Hair%20-%20@hairbydablu%20@isadiik_%20Outfit%20-%20@bhumik.jpg"
"Feb 07, 2026 @ 23:23:42.752",e091179994551ae9af03a0a3c38ad1d8,https://www.vogue.in/content/the-lace-trim-dress-has-became-the-ultimate-cool-girl-staple,The lace-trim dress has become the ultimate cool-girl staple,"The lace-trim dress has lasted decades (and yes, we have receipts)",Sanika Achrekar,2025-11-11T10:31:51.434Z,"Scroll through a model’s Instagram or any set of paparazzi shots, and you will spot a lace-trim dress soon enough. A scalloped hem peeking from under a During a The lingerie-as-outerwear idea continues to resurface, each time in a fresh guise. Kaia Gerber favours nineties bias cuts; Bella Hadid opts for halters and polka dots, a quiet nod to nonchalance. After the polished austerity of quiet luxury and the exuberance of the Y2K revival, fashion has found a middle ground: tactile, emotional, familiar. These pieces feel personal, like something you might have discovered in your mother’s wardrobe or at a Henrietta Rix, co-founder of RIXO, a British label specialising in lace-trimmed silhouettes, explains, “There is a clear link to the ’90s supermodel aesthetic — think Kate Moss in silk slips — that still influences how women dress today. Contrasts work best: a delicate lace edge against a bold print or rich colour. Placement matters; framing the neckline or hem draws the eye and enhances femininity without tipping into overt sweetness. And craftsmanship matters too — quality lace makes all the difference.” You know the formula by now: Then come the pop girls: Olivia Rodrigo pairs hers with cowboy boots, Sabrina Carpenter goes butter-yellow, Gracie Abrams wears them on tour, and Kacey Musgraves collaborated with Reformation on lace–trimmed pieces. Rix sums it up: “The lace-trim silhouette has a sensuality, undone in the best possible way. You can wear it and look composed without seeming over-styled. For daytime, I love grounding it with something unexpected, a chunky knit or trainers. Evening is about letting the dress shine: a delicate heel, some vintage-inspired jewellery, maybe a silk scarf.” Meghna Goyal, the founder of Summer Away, adds: “By day, a long lace-trim tunic layered over a sweater or T-shirt, paired with trousers and edgy accessories, feels modern. By night, a silk slip under a structured blazer or co-ord set makes for a polished finish.” Lace trims have been everywhere lately — Chloé, Carolina Herrera, Dries Van Noten, Fendi, Alberta Ferretti, Blumarine, Shiatzy Chen and Saint Laurent. From minis to asymmetric midis, slips to sweeping gowns. Goyal notes, “These dresses have dominated runways for seasons. What makes them stand out now is how they are layered with unconventional, edgy pieces. The mix gives each outfit a distinct energy. For models and pop stars, it’s a piece that moves from day to night, cafe to stage, always looking intentional even when thrown on last minute.” And the new guard is carrying the torch. SIR, Dôen, Realisation Par, Zimmermann, Charo Ruiz, Self Portrait, For Love & Lemons, Sandro, Retrofete, and VRG GRL are giving lace a modern spin — less prim, more personality. Lace-trim dresses keep coming back because they are more than just pretty. A masterclass in contradiction made wearable — sweet but sly, soft but self–assured. Between shows or on a humid Sunday, a lace midi makes it look like you just woke up interesting. And when Cox joked about the number, “It’s probably gone in and out of style four times,” Aniston simply said, “It will always be in style.” She was right. ","https://assets.vogue.in/photos/6912c9394413482191d8de56/16:9/w_1280,c_limit/miss%20@bellahadid%20in%20the%20audrey%20mini%20%E2%99%A5%EF%B8%8F.jpg"
"Feb 07, 2026 @ 23:23:44.098",a5cea12c766ee1885f898458934b31d7,https://www.vogue.in/content/ariana-grandes-custom-rahul-mishra-gown-is-a-love-letter-to-the-emerald-city,Ariana Grande’s custom Rahul Mishra gown is a love letter to The Emerald City,The ensemble captured Wicked's iconic hues,Vogue Staff,2025-11-10T14:01:19.398Z,"Ariana Grande arrived at the The bodice, densely hand-embroidered with sequins, glass beads and metallic threads, rose into contoured peaks resembling a skyline. Its sculpted planes caught the light in shifting facets before giving way to a cascade of blush. The voluminous Ariana Grande wore her hair in a sleek, high knot with warm makeup and her signature winged eyeliner. Her minimal jewellery choices featured diamond studs and a fine chain punctuated by a small While custom in its execution, the piece drew from Rahul Mishra’s sculptural vocabulary established in his The Pale Blue Dot Haute Couture collection, where garments fluctuated between fantasy and form. Already having found its place on global red carpets and been worn by international names, including Zendaya and Jennifer Lopez, alongside multiple displays at Paris Haute Couture Week, this look extends the label’s growing presence on the global stage. “Rahul Mishra's construction of the Emerald City is already the jewel of the crown and looks straight out of a surreal dream. Amplify it by adding something to the hair, an oversized bow with a bit of train in the same pink silk taffeta of the skirt. Remove the pendant necklace and studs entirely, and add a statement cocktail ring. finish it off with a pair of white slingbacks,” says Vogue India fashion associate Manglien Gangte. ","https://assets.vogue.in/photos/6911c6a1e55c0dcadef516cf/16:9/w_1280,c_limit/%F0%9F%AB%A7%F0%96%A6%B9%20%E2%98%BC%20%E2%8B%86%EF%BD%A1%CB%9A%20tune%20in%20now%20to%20Wicked%20One%20Wonderful%20night%20on%20@nbc%20%F0%9F%AB%A7%20%EF%BD%A1%20%EA%95%A4.%EF%BE%9F%F0%9F%AB%A7.jpg"
"Feb 07, 2026 @ 23:23:45.488",5830dd8a407f61fb60f397959f603e05,https://www.vogue.in/content/midi-skirts-socks-and-loafers-are-the-chicest-street-style-trio,"Midi skirts, socks and loafers are the chicest street style trio",Street style experts show the versatility of a midi skirt with socks and loafers,Michel Mejía,2025-11-10T13:03:44.590Z,"Street style experts, always on the lookout for Winter 2025 trends, have wasted no time in establishing that loafers, even as controversial as In recent years, Katie Holmes has become a key reference for dressing comfortably with pieces that subtly redirect the look. One of her tricks is wearing Neutral colours have long been essential for minimalists, and they remain the perfect formula for looking put-together with minimal effort. While an all-black outfit will never go out of style, in the second half of the year, brown pieces—like striped midi skirts and sleeveless blouses—become foolproof options, especially when worn together. Simply add black almond-toe loafers, long white socks and a T-shirts aren’t just wardrobe basics; they’re surprisingly useful when paired with more dramatic items like midi This pairing naturally evokes the preppy aesthetic that Gen Z has embraced—Miu Miu being a major reference. But that doesn’t mean more mature wardrobes can’t explore it, whether through beige Turtleneck sweaters are signature pieces for the season. Besides offering warmth, they can add a touch of drama through sequins, puffed sleeves or structured shoulders. These details instantly elevate an outfit, whether worn casually with jeans or for something more refined with straight midi skirts, flat loafers and black socks. Mixing contrasting aesthetics has been a key concept in recent seasons. Hybrid shoes—like ","https://assets.vogue.in/photos/6911650edba4fc45ddf3b97f/16:9/w_1280,c_limit/mocasines-calcetas-falda-midi-camisa-mezclilla.jpg"
"Feb 07, 2026 @ 23:23:46.730",06c1383f99a40192de5ff5dd3db3c72d,https://www.vogue.in/content/tara-sutarias-crimson-banarasi-sari-came-edged-with-an-antique-gold-embroidered-border,Tara Sutaria’s crimson Banarasi sari came edged with an antique gold embroidered border,The actor wore statement polki pieces with her classic drape,Nupur Sarvaiya,2025-11-09T06:00:00.000Z,"Few garments command presence like a Handwoven in lustrous silk, the Each one is a labour of love. It is handwoven on traditional looms, often taking weeks or even months to complete. A single sari can involve over 5,000 threads and is the result of seamless collaboration between designers, weavers and pattern-makers. Historically commissioned for royalty, the Banarasi’s signature The actor used the high neckline of her blouse as the canvas to accessorise with statement adornments from Raj Mahtani Couture Jewels. She went with a choker, matching earrings and bangles, all encrusted with large uncut diamonds and emeralds. “Opulent, bold and unyielding, this is my vision of artistry. Luminous Her beauty look featured a dewy, luminous base paired with kohl-rimmed eyes and nude lips. For her hairdo, she styled it in a sleek bun adorned with fresh gajra and a striking red bindi. A red Banarasi like this isn’t just an outfit, it’s a lifelong wardrobe investment that is destined to be passed down through generations. ","https://assets.vogue.in/photos/690dddc2773a9e97f80aa462/16:9/w_1280,c_limit/SnapInsta.to_572712019_18531503116025765_2225988881277352502_n.jpg"
"Feb 07, 2026 @ 23:23:48.096",e9c700ac1c6bf55acb752f0b4aff95f4,https://www.vogue.in/content/the-runway-guide-to-styling-metallic-shoes,The runway guide to styling metallic shoes,"From the catwalks to the streets, metallic shoes are setting the tone this season",Paulina Berges,2025-11-09T03:00:00.000Z,"A new season is here, and with it, the eternal dilemma: which shoes to choose? This fall, metallic shoes take the spotlight. The whispers proclaiming the return of The perfect fusion between glamour and the fascination for science fiction defined the decade of maximalism, pushing fashion into a more provocative and risky terrain. The decade that danced to tunes like In the 80s, Emanuel Ungaro, known for his vibrant colours and exuberant romanticism, went for metallic hues in looks that, from head to toe, expressed the power of the chrome finish. As for footwear, heels with a classic silhouette and pointed toe accompanied the drama of tight-fitting Their name reflects their distinctive silhouette: with a heel and a fit that wraps around the ankles. Thus, metallic shoes become the accessory that exudes an undeniable sensuality, evoking the references of the 80s and those catwalks that began to experiment with exposure and structure. A similar version reappeared this season at Conner Ives, with adjustable straps and an ankle buckle. Thus, this type of footwear is once again positioning itself as a key piece to achieve high-impact looks, with an avant-garde spirit and a dazzling sensuality. For decades, the classic Meanwhile, ","https://assets.vogue.in/photos/690d73447fbcecf48d68174f/16:9/w_1280,c_limit/botas-plateadas.png"
"Feb 07, 2026 @ 23:23:49.385",dbb70acc4257de6e485e71fc5d8f2763,https://www.vogue.in/content/i-swore-by-minimalism-until-maximalist-jewellery-changed-my-mind,I swore by minimalism until maximalist jewellery changed my mind,"Traditional Indian jewellery styled with everyday neutrals should look out of place, but somehow, it works",Thea Mulchandani,2025-11-08T05:15:00.000Z,"It’s 10 minutes before we have to leave for my cousin’s mehendi and my mum won’t stop handing me jhumkas, each pair bigger and shinier than the last. And I won’t stop turning them down, My wardrobe is devoid of pattern, painted in solid shades of earthy tones and Sindhis are bold—unapologetically so. They show off the richness of South Asian design with unfaltering pride, and there is so much to be shown off. I felt both awe and alienation. Why can’t I do the same—in a way that allows me to breathe and still feel like myself? Online, the NRIs—physically distanced from their culture—had found a solution to my problem. Maximalist jewellery. Heavy gold jhumkas, stacks of glass bangles, chunky silver chokers. At the 2025 VMAs, I saw Katseye’s “As a kid, even though I loved my culture, I pushed it away because I didn’t feel very connected to it, but seeing the way other desi people here embrace it really inspired me. Once I accepted that part of myself, it just kept coming out—and now, implementing my culture in my outfits has become a big part of my style,” says New York–based stylist Humza Syed. He regularly wears his hoodies and blazers with For Portugal-based Zahra Omarji, founder of slow-fashion brand Designation, Indian maximalist jewellery became a way to play. “I started experimenting after my wedding, I had all this jewellery Blending South Asian and European fashion is by no means a novel idea. Neighbourhood aunties have worn their salwar kameez with Reebok sneakers since time immemorial. But Indo-Western fusion, the one on couture runways, worked off the similarities in the two cultures. You take the fluid drape of the sari, the ease of an evening gown and you have something new but still familiar. The ‘desi baddie’ aesthetic is based on contrast, a conscious subversion of expectations rooted in cultural pride. A meenakari hasli on a fitted tank top, paired with baggy blue Anu Merton, founder of her namesake jewellery brand, describes jewellery as the core of her personal style: “Clothes have always been my canvas and jewellery is the paint. Clothes So I wore a necklace with an oversized silver pendant—a handcrafted design studded with deep red stones and an antique finish—to the office. I styled it with a thrifted brown vest, a black Aritzia mini skort, espresso brown Stoffa Over the next week, I gathered the courage to push forward. I decided to amp my style all the way up. I layered bangles, slipped on statement earrings—gold floral cuffs that ran from the top of my ear to the lobe—added multiple necklaces and set out on the streets of South Now, I have a new routine to end my days. I unclasp my necklace, untie my choker, unhook my bracelet, slip off my bangles, take off my rings, unclip my waist chain and place my earrings on my desk. It feels like a weight has been lifted, but it also feels bare. Have I taken it too far? Or not far enough? Maybe that’s the point—that there is no boundary between the two. I don’t have to be a ","https://assets.vogue.in/photos/690da3397b7847ce05a3e44a/16:9/w_1280,c_limit/_DSF2076.jpg"
"Feb 07, 2026 @ 23:23:50.641",c1ae4199c158e6f55b640d9938815f82,https://www.vogue.in/content/rashmika-mandannas-embroidered-ivory-jj-valaya-lehenga-was-inspired-by-an-antique-carpet,Rashmika Mandanna’s embroidered ivory JJ Valaya lehenga was inspired by an antique carpet,"The look is elevated with a melange of crafts, colour and motifs",Nupur Sarvaiya,2025-11-08T05:00:00.000Z,"The surface of Rashmika Mandanna’s The ensemble plays with contrast, balancing a richly embroidered crimson-toned blouse with the expanse of the ivory skirt adorned with painterly motifs. Valaya explains, “Rashmika’s lehenga is indeed special. It is inspired by a beautiful antique carpet that I saw in a museum in Baku. It is replete with intricately worked flora and fauna in silk threads, aged metals and glass beads and is a fascinating blend of colour and texture.” Crafted with meticulous artistry, this lehenga set brings together resham thread work, crystal and Meagan Concessio accessorised Mandanna's look with a necklace, bangles and rings from Shrihari Diagems by Anirudh. The statement necklace with cascading pearl strings and an ornate peacock pendant subtly echoes the aviary patterns on the skirt, tying the ensemble together. A ","https://assets.vogue.in/photos/690ddb1dcb50623c295d773a/16:9/w_1280,c_limit/SnapInsta.to_573269767_18542062060000700_4598266231656503229_n.jpg"
"Feb 07, 2026 @ 23:23:51.882",169e86132067fd9de70afcf19477e9fb,https://www.vogue.in/content/ananya-pandays-mirror-work-lehenga-and-rashmika-mandannas-pearl-edged-sari-led-the-best-looks-of-the-week,Ananya Panday’s mirror-work lehenga and Rashmika Mandanna’s pearl-edged sari led the best looks of the week,From sculptural tailoring and hand-worked embroidery to modern mini statements and heritage drapes,Vogue Staff,2025-11-07T13:32:36.465Z,"If one thread ran through the week in fashion, it was texture. From mirror work and coin embroidery to silk organza and hand-cut florals, surface played protagonist, ensuring each ensemble was layered in craft and tactility in new ways. Leaning heavily into craftsmanship, Ananya Panday’s look, styled by Priyanka Kapadia, in a Mayyur Girotra lehenga was rich in tones of yellow and blue, and hand-embroidered with mirror work and resham florals. Kapadia paired it with a mustard yellow blouse worked in botanical motifs, its cropped fit defining the waist against the gilded, cobalt-toned expanse below. Polki and meenakari jewellery by Golecha—an emerald-and-pink necklace, earrings, earcuff and a matching bangle set—extended the festive overtones, while makeup stayed radiant with a dewy base, centre-parted hair pulled back in a braid and a small bindi. Nargis Fakhri’s Janhvi Kapoor’s ivory silk-organza ensemble by For the launch of ","https://assets.vogue.in/photos/690df07cb165d29739f5ad7c/16:9/w_1280,c_limit/SnapInsta.to_573834389_18544886008040637_5143810861428087754_n.jpg"
"Feb 07, 2026 @ 23:23:53.055",cfa9e12988e1cddf53015a392a00982a,https://www.vogue.in/content/why-are-men-with-nose-piercings-hotter,Why are men with nose piercings hotter?,"It’s no longer about rebellion but about comfort, confidence and cultural reconnection",Saachi Gupta,2025-11-06T11:13:50.610Z,"Of the few things my corner of the internet unanimously agrees on, it’s this: Zayn Malik is probably the hottest man alive. Hotter, since he got a nose The current poster boy for men with nose piercings follows in the dashing footsteps of Tupac Shakur and Lenny Kravitz, the few male celebrities bold enough to get a nose piercing. But the risk (and pain, described as a sharp pinch) pays off. “Men with no nose piercing, what is stopping you from simply piercing your nose? get to it thanks,” reads another tweet with over 2,000 likes. I tap on the heart button. Luckily for me, India has historically celebrated bejewelled piercings as a form of body modification. “Jewellery was a marker of celebration, identity and status,” notes In 1995, the first strains of this revival came from the unlikeliest of sources: Akshay Kumar, in a magazine photoshoot, pulling off a nose chain. Then Ranveer Singh followed in 2016. Aamir Khan’s 2017 nose stud—in addition to his pierced ears—only adds to what the internet fondly refers to as his ‘divorced lesbian’ look. Now, from social media’s favourite DILF Kanan Gill to director Bijoy Shetty, it feels like every cool guy is lining up to puncture their nostrils and septums. Shetty confesses he got his nose pierced seven years ago, at the age of 20, only because his sisters had too. “They were just badasses and people in my family were scared of them. I wanted to emulate that energy and feel more confident,” he shares. “Women are definitely still a majority but men have also started checking the option, especially post Covid,” says professional piercer and tattoo artist My group chat heartily supports this uptick, as do the many women who slide into my DMs when I put up an Instagram story asking to connect with men who have pierced noses. “Send him my way once you’re done with journalistic work,” a friend quips. I ask them: What makes men with nose piercings so irresistible? “It shows comfort in their own masculinity,” one replies on the group chat. “That they’re not afraid to be a little feminine,” another adds. In 2007, On that tweet asking what’s stopping men from getting their noses pierced, a popular response from a man reads, “Because I’m not gay.” Shetty finds that while most people admire his facial piercings, they also make him a target for harassment. “In public transport, I’ve had men approach me, touch me inappropriately, call me names. College was also difficult because random boys would say weirdly homophobic things,” he admits. “My family says I look like a cow because of my septum ring,” confesses 30-year-old Nikhil Poddar, an artist based in Bengaluru, “Sometimes older people in my village ask if I’m a girl because they’re only used to seeing women with septum piercings.” 22-year-old Delhi-based musician Farookh got one to dispute this very perception. “I’d wanted to get a nose piercing since 10th grade but my conservative Catholic school didn’t allow it,” he says. “But also, as someone who makes hip hop music, I wanted to challenge the ingrained idea of hypermasculinity that people often associate with this genre.” Of course, I reckon #notallmen can pull one off. But for some, the humble nose piercing has been life-changing. For sports commentator Pulasta Dhar, it was a nose piercing that sealed the deal with his then-Hinge match, now-wife Sakshi Rawte-Dhar. “She had two piercings on both sides of her nose, so when we matched on Hinge, my first message was something along the lines of ‘Btw, I have a nose piercing, so if this works out, I’m going to steal all your nose jewellery.’ Cut to a few months later and she’s stealing all of my nose jewellery every day.” To the men who are still on the fence: a Hinge photo update might be overdue. ","https://assets.vogue.in/photos/690c82275a3a42ce39bed561/16:9/w_1280,c_limit/GettyImages-986600408.jpg"
"Feb 07, 2026 @ 23:23:54.370",603eff0b59fe71720cf3a6529d08740f,https://www.vogue.in/content/janhvi-kapoors-cobalt-patola-lehenga-celebrates-indian-maximalism-at-its-finest,Janhvi Kapoor’s cobalt Patola lehenga is Indian maximalism at its finest,The look was paired with gemstone-encrusted silver jewellery and bold colour contrasts,Vogue Staff,2025-11-06T10:50:44.789Z,"'Tis the season of maximalist Indianwear and Janhvi Kapoor channelled it effortlessly in a The ensemble featured a The voluminous ghaghra continued this intricate surface story, its borders framed by Draped across the other shoulder was the contrast Accessories added another artisanal layer. Kapoor carried the Agira purse by Surabhi Didwania, a silver box-shaped minaudière adorned with turquoise and blush gemstones arranged in a mosaic of colour. Her jewellery, by Janhvi Kapoor's beauty look stayed warm with kohl-rimmed eyes, fanned lashes and a velvet-matte pink lip anchored by a small bindi. “The star in this look is the embroidered dupatta, taking a breather from maximalist Indian looks. Lets highlight a hand embroidered dupatta with a plain tone-on-tone dress. Work with a slip dress and wrap the dupatta in a stole like manner across you. Wear your hair up in a messy chic look and finish with minimal jewellery and open toe heels. An ode to the 90s simplicity,” says Vogue India fashion associate Divya Balakrishnan. ","https://assets.vogue.in/photos/690c7cb147ef707e9374af8b/16:9/w_1280,c_limit/SnapInsta.to_572138693_18534866515006330_9205127489926101029_n.jpg"
"Feb 07, 2026 @ 23:23:55.480",034dd89b280e2e4f3c09013dc62ad94e,https://www.vogue.in/content/bhumi-pednekkars-silk-tarun-tahiliani-sari-shimmers-with-zardozi-and-resham-embroidery,Bhumi Pednekkar’s silk Tarun Tahiliani sari shimmers with zardozi and resham embroidery,The actor paired the sari with sculptural jewellery and a matching clutch,Vogue Staff,2025-11-05T11:02:26.019Z,"Bhumi Pednekkar’s ensemble captures Originating from Bidar in Bhumi Pednekkar's accessories extend the look’s maximalist language through gemstone-led pieces. A ruby and The beauty look consisted of hair pulled back into a “Ease the tension by going minimal on the accessories. remove the ear cuff and choker, and add a pair of dainty jhumkas instead. Open up the hair and go dewy and fresh on the makeup by removing the burgundy eyeshadow. Lose the clutch and add a micro chrome bag with silver chain,” says Vogue India fashion associate Manglien Gangte. ","https://assets.vogue.in/photos/690ae3c3e18a4774d6a5a7a0/16:9/w_1280,c_limit/Sohni%20mera%20dil%20le%20gayi%20oye%20hoye%20%E2%99%A5%EF%B8%8FOutfit%20-%20@taruntahiliani%20Necklace%20and%20rings%20-%20@golecha_jewels%20.jpg"
"Feb 07, 2026 @ 23:23:56.655",69f1a320734131d8d745af34874650f6,https://www.vogue.in/content/sushmita-sens-hand-embroidered-ivory-rohit-bal-jacket-is-tonal-threadwork-at-its-finest,Sushmita Sen’s hand-embroidered ivory Rohit Bal jacket is tonal threadwork at its finest,The hand-embroidered Malta silk jacket captures the craft central to the designer's language,Vogue Staff,2025-11-04T07:39:00.822Z,"Sushmita Sen’s latest outing balanced power and poise in equal measure. Styled by Theia Tekchandaney, she wore an ivory Malta silk jacket by Her jewellery delivered a counterpoint: diamond and gold chains, cascading into a sculptural pendant set with “When wearing an anarkali jacket/ coat as subtly decadent as this ivory Rohit Bal number, why not pair with a lace ivory sari inside to create layered opulence. Work with a tone-on-tone layering. Ditch any neck or wrist jewellery, instead don a subtle pearl or diamond earring. The coat ought to be your focal point and let the silhouette do all the talking,” says Vogue India fashion associate Divya Balakrishnan. ","https://assets.vogue.in/photos/69099410bc9663cabe9e9f6c/16:9/w_1280,c_limit/My%20first%20ever%20visit%20to%20#doha%20#qatar%20made%20super%20special%20by%20the%20@aldarwishjewellery%20family%20&%20@bird.jpg"
"Feb 07, 2026 @ 23:23:57.934",7b474abdf84f0518447625bdfad93d7d,https://www.vogue.in/content/the-comeback-of-low-heeled-pumps-in-power-dressing,How to elevate your power dressing look with low-heeled pumps,Style tips for wearing the experts' favourite shoes—low-heeled pumps.,Melisa Vargas,2025-11-04T06:16:22.162Z,"Some trends are more successful than others. Some do not last over time, and others, on the contrary, manage to be eternal, as is the case with low-heeled Given its success in the midst of the Winter 2025 fashion trends, we started a tour through the street style and catwalks to gather ideas on how to wear them, just as the experts do, because they are a garment that transcends in terms of sophistication. Their classic design remains, and the height of their heel allows comfort to never be lost. Low heels are at their best, and we should take advantage of them. We could talk about different ways to combine them. With pants, for example, they will be an essential element for formal occasions, while with dresses, they will give dynamism. New options appear, so we select the most appropriate for winter 2025. This is a fusion that transitions from office to street style seamlessly. The base of this one is a Pairing low heel pumps with jeans is all that's right. This outfit is ideal for dressy occasions, such as meetings or social dinners. A tip to take into consideration is the silhouette of the Let's talk about the combination of pumps with So far, we have talked about the combination of low-heeled pumps with jeans, To finish, an outfit that we could wear to a ceremony this season, creating a simple yet elevated guest look. The draped dress will be essential to achieve the demand that an elegant dress code requires. Now, the shoes will do the rest. In this case, we are talking about low-heeled pumps that will accentuate the design of the dress and allow you to be on your feet all day long. ","https://assets.vogue.in/photos/6908ae21fdd263396e3f6510/16:9/w_1280,c_limit/zapatos-de-tac%C3%B3n-marr%C3%B3n-con-pantal%C3%B3n-street-style-2022.jpg"
"Feb 07, 2026 @ 23:23:59.248",fa6665906da889043e01ca99de2386fc,https://www.vogue.in/content/ananya-pandays-vintage-jacques-fath-corset-meets-manish-malhotra-lace-in-a-bridge-between-eras,Ananya Panday’s vintage Jacques Fath corset meets Manish Malhotra lace in a bridge between eras,"Styled by Priyanka Kapadia Badani, the ensemble is paired with diamond ear cuffs, soft waves and a muted rose lip",Vogue Staff,2025-11-03T10:37:24.837Z,"Ananya Panday’s look was a meeting point between two eras. Styled by Priyanka Kapadia Badani, she paired a vintage Jacques Fath haute couture corset from 1948 with a lace sari by The corset is intricately hand-embroidered with The sari’s Soft, cascading waves frame the face, paired with precise winged eyeliner and a soft, muted rose lip, completing the styling while keeping attention on the intricate lace, structured corset detailing and vivid “Ditch the emerald ring and watch in place of a bracelet watch, and go fully monotone to amplify the old-world drama. Amplify the winged liner and add a classic red lip,” says Vogue India fashion associate Manglien Gangte. ","https://assets.vogue.in/photos/690861cf8e504a20569ca786/16:9/w_1280,c_limit/SnapInsta.to_574183329_18544041460040637_5337490663947488596_n.jpg"
"Feb 07, 2026 @ 23:24:00.433",7c724a15a5db960b819d45d7391cccc0,https://www.vogue.in/content/bhumi-pednekkars-ritu-kumar-look-blends-brocade-and-metallic-threadwork,Bhumi Pednekkar’s Ritu Kumar look blends brocade and metallic threadwork,The Ritu Kumar ensemble was completed with layered polki jewellery by Anu Merton and hand-embroidered heels by Preet Kaur,Vogue Staff,2025-11-03T09:42:19.760Z,"Bhumi Pednekkar’s Diwali look offered a striking reinterpretation of Ritu Kumar’s design language. Styled by Manisha Melwani, her ensemble—complete with jewellery by The cropped jacket and flared skirt formed a dialogue of textures. The high-neck jacket, densely embroidered with Pednekkar’s accessories mirrored the outfit’s maximalist character. Around her neck sat a mix of layered pieces: a Bhumi Pednekkar's beauty look stayed close to earthy tones with softly contoured skin, a neutral peach lip and “This Ritu Kumar ensemble is sharp and opulent. Ditch the dupatta and heavy jewellery. Let the suit and skirt set be the focal point focusing on the textiles and richness of the colours and handwork. Pair with a structured mini bag and a ponytail to complete the look,” says Vogue India fashion associate Divya Balakrishnan. ","https://assets.vogue.in/photos/690850f5e901c42e8607ac75/16:9/w_1280,c_limit/Loved%20wearing%20this%20so%20so%20much%20%20@ritukumarhq%20@amrishpkumar%20#Diwali2025@lilly%20what%20a%20night%20%E2%99%A5%EF%B8%8FJewel.jpg"
"Feb 07, 2026 @ 23:24:01.612",66eb574f2ee274a7e4b385355bdf6967,https://www.vogue.in/content/shruti-haasans-silver-trimmed-banarasi-drape-proves-black-can-be-ceremonial,Shruti Haasan’s black Banarasi sari makes the traditional weave feel fresh,The south star styled her sari with statement jhumkas and a coin ring,Nupur Sarvaiya,2025-11-02T06:30:00.000Z,"Shruti Haasan didn’t reach for the usual reds or golds this festive season. Instead, she chose a midnight-toned Banarasi from Shanti Banaras, proof that black silk can feel just as ceremonial as any jewel hue. “Shruti Haasan, luminous in our Silver-Woven Onyx sari, embodies a quiet kind of power, one that doesn’t seek attention yet holds it completely,” says Khushi Shah, creative director at Shanti Banaras. “The sari is adorned with fine silver Banarasi weave remains one of India’s most enduring symbols of luxury craftsmanship. These Haasan’s accessories mirrored her approach to go the understated, elegant route. She ditched necklaces and opted for nothing except a pair of ornate jhumkas from Golden Window - Luxury Silver Jewellery. She rounded it off with an oxidised silver and Kundan-studded ring from Vasundhara: Creative Jewelry. A look, like Haasan’s, easily transcends occasions and aesthetics. It can be styled to feel either traditional or modern, simply by switching up the accessories. ","https://assets.vogue.in/photos/6905dc9d35a0fdd1198a59fd/16:9/w_1280,c_limit/Shruti%20Haasan%20in%20Shanti%20Banaras%20(11).jpg"
"Feb 07, 2026 @ 23:24:02.847",d9c9b84b27bb00ff42f252fcfb277b4b,https://www.vogue.in/content/vogues-guide-to-styling-denim-on-denim,Vogue's guide to styling denim on denim,The rumours are true: denim-on-denim is back,Paulina Berges,2025-11-02T01:30:00.000Z,"Forget the debate between whether to wear flared or straight denim; this season, it's all about the 'double or nothing' premise. A styling formula that comes as no surprise, considering that denim has dominated the runways and, along with the collective nostalgia for decades past, has revived its versatility as one of the most essential outfits to count on for everyday wear. After all, no closet is complete without a solid denim selection. From looks that look straight out of an Old West movie, to those that pay homage to There are endless ways to combine on-trend denim pants for Fall-Winter 2025; however, this time the focus is less James Dean and more Julia Fox wearing head-to-toe Undoubtedly, to wear a total denim outfit flawlessly, the secret lies in formulating a two-piece styling composed of matching pants and a shirt. The experts bet on the dark wash with contrasting hems and cuffs, a simple styling trick that adds dynamism to the look. For a more original effect and to deviate from the classic Canadian suit, opt for a collarless shirt and complete it with the icing on the cake: black heeled As we mentioned, denim is not pigeonholed in a single silhouette or garment, so all tastes find a haven in its universe. The proposals of street style put on the table the case of oversized fit, where the legs crumble casually over the shoes, and the cut of the shirts frees the body of any restriction. The trick, then, is to look outside the cotton fabric, so a You can't talk about jeans for fall 2025 without mentioning the quintessential bohemian cut. On the streets, Straight, high-waisted denim pants come into play in this proposal, one of the most prolific options during the fall months. With decorative pockets, exposed zipper and distinctive waistband, it's just a matter of adding a high-top shoe to enhance the functionality of these jeans. With them, a white t-shirt is no longer enough to highlight their potential. That's why a crop denim shirt with a collar in the same finishes characteristic of brands like Dsquared2 will give a matching twist to your look. One thing that style mavens have completely loved about sporting a denim total look is its versatility. As it turns out, button-front shirts are not the only available option to consider; the trend repertoire reminds us that neck ties and boho ruffles are not to be missed. These pieces combine perfectly with the flowing cut of high-waist pants, which, when paired with When we talk about double denim, we don't just mean pants and shirts. Different styling options that allow you to explore different facets of coordinated outfits also come into play in this category. With that in mind, plaid print jeans rely on the timeless sophistication of a dress shirt, and to give the layering game a different meaning, a shirt with the same print is tied at the hip. The perfect effortless touch, whether for a day at the office or a casual Saturday. ","https://assets.vogue.in/photos/69052468b66235b5aa0ec139/16:9/w_1280,c_limit/%F0%9F%91%96.jpg"
"Feb 07, 2026 @ 23:24:04.105",e95d9162b2a12c79e34c7fe7f75232f1,https://www.vogue.in/content/aditi-rao-hydaris-two-toned-velvet-sharara-sari-took-200-hours-of-handwork,Aditi Rao Hydari's two-toned velvet sharara sari took 200 hours of handwork,"If you’re looking for a smart investment, the actor’s plum and peacock Sureena Chowdhri hybrid is for you",Nupur Sarvaiya,2025-11-01T06:57:43.815Z,"To usher in the wedding season, Aditi Rao Hydari embraced a bold hybrid. The actor opted for a sumptuous sharara sari from New Delhi-based label, Sureena Chowdhri. The look fuses couture detailing with comfort-led design. With its fluid drape, sculpted “Aditi is wearing the Rukhsar Corset Sharara Saree from our collection, ‘Daur’. For us, the collection was crafted as an ode to timelessness. With velvets as our canvas, we wanted to create pieces that feel like keepsakes, gathering meaning and memory over time. Her outfit captures that sentiment and is designed to be worn and re-worn, to move with ease while still feeling special,” shares Chowdhri about the inspiration. The silhouette itself is a hybrid that marries the elegance of a sari with the effortlessness of a The two-tone silk velvet, rendered in a blend of plum and peacock blue palette, forms its canvas. “We wanted to play with the inherent quality of silk velvet and explore how light interacts with the fabric as it moves and reveals its different shades. The plum and peacock blue together create depth and dimension, adding richness without overpowering the silhouette.” Craftsmanship is at the heart of Rao Hydari’s sharara Over 200 hours of artisanal work went into this piece, from sketch to final finishing. Luxurious yet timeless, a silk velvet ensemble, like her Sureena Chowdhri look, lends a stately richness and sumptuous warmth, making it an impeccable choice for winter celebrations. The actor kept the focus on the outfit, styling it with nothing except a pair of ","https://assets.vogue.in/photos/6905ae64acb075a43baeebd9/16:9/w_1280,c_limit/SnapInsta.to_565707038_18287325010279072_9094670057634833290_n.jpg"
"Feb 07, 2026 @ 23:24:05.320",14ca77fd04101f5d71cd49d85763c59b,https://www.vogue.in/content/how-to-style-midi-dresses-with-colourful-shoes,"How to style midi dresses with colourful shoes, according to the runways","From blue pumps to printed shoes, here’s how to pair your midi dresses with interesting shoes.",Paulina Berges,2025-11-01T04:36:50.796Z,"It's always a good day to wear midi dresses, whether you're going to the office, picking up the kids from school or going to lunch with friends. With them, whether the neckline is adorned with ruffles or has a To say that they are a necessity would be a bit daring, but there is no denying that their passage through the fashion trends for this season is not going to pass by stealthily; these midi dresses sweep as absolute protagonists. There is no shortage of options, and with enough designs designed for the colder months, now it's time to focus on the footwear that best complements them. Perhaps brown boots or Victorian Now, as we face the final stretch of the year, the task of finding the on-trend midi dresses for this season that evoke elegance and warmth with style is a job that starts by looking to the runways, and if you don't know how to start, let the fashion experts inspire you. Ready to be the most elegant guest at your next dinner party? Tanya Taylor proposes to achieve it with a midi dress with long sleeves, a high neck and a V-neck that transforms the simple into something subtly dramatic. To accompany it and create a flattering visual effect, tone-on-tone In autumn, in addition to dresses in It is almost impossible to think of midi dresses with a sweetheart neckline in white without thinking of a diamond ring. Accessory that for shoe aficionados, like Dries Van Noten points out another essential premise: how to combine prints in autumn? Beyond colour, the patterns that make up the fabrics are a huge terrain to explore, and the runways propose a golden rule: leave fear behind. With that in mind, bohemian print mules in green and yellow tones find harmony in a draped midi dress with two-tone polka dots, achieving the greatest visual impact possible without sacrificing elegance. This season, everything taking over the runways and sidewalks seems to materialise in brown tones. However, dressing head-to-toe in the same hue is not limited to basic neutrals. Such is the case of No. 21, which, in a refreshing mint green, combines a pair of heeled pumps to perfection with a midi dress with a relaxed fall. A pastel ","https://assets.vogue.in/photos/69043876a5ec087e17239d15/16:9/w_1280,c_limit/Zapatos-colores-alaia-otono-invierno-2025.jpg"
"Feb 07, 2026 @ 23:24:06.538",fd669deec3c19bdbcb91889987c4bd8b,https://www.vogue.in/content/rashmika-mandannas-sculpted-gaurav-gupta-gown-and-mindy-kalings-minimalist-hermes-look-led-the-best-looks-of-the-week,Rashmika Mandanna’s sculpted Gaurav Gupta gown and Mindy Kaling’s minimalist Hermès look led the best looks of the week,"From archival treasures to contemporary couture, this week’s stars brought individuality and craftsmanship to the spotlight",Vogue Staff,2025-10-31T14:00:28.610Z,"This week’s standout fashion moments saw For the opening of Sabyasachi’s new Bangalore store, At an awards ceremony, At Swarovski’s 130-year celebration, For Vogue World: Hollywood, For an event in London, ","https://assets.vogue.in/photos/69048e8a7f59ee926386f85a/16:9/w_1280,c_limit/SnapInsta.to_573501948_18538463848045304_4553267866205143637_n.jpg"
"Feb 07, 2026 @ 23:24:07.741",1d78985862ed92c58d6b2de8ccc17d43,https://www.vogue.in/content/serena-williamss-red-gaurav-gupta-gown-is-power-dressing-for-minimalists,Serena Williams's red Gaurav Gupta gown is power dressing for minimalists,"Cut in matte red jersey with a single shoulder and a sculpted knot at the hip, the gown makes a statement without relying on shine or embellishment",Vogue Staff,2025-10-31T12:30:19.896Z,"At the Princess of Asturias Awards in Spain, Serena Williams wore a red gown by The rich ruby fabric, sculpted close to the body, fell with equal force, embodying a fluid elegance typical of Gupta's design language. The designer's signature codes—sinuous lines, sculpted draping and wave-like motion—have steadily built him The dress was paired with matching ruby-red pointed-toe pumps with a sleek “Serena looks fierce in this sculpted red Gaurav Gupta number, proof that red remains unmatched when you want to make an impact. When choosing a red gown, let the fabric do the talking, opt for structured materials like satin, georgette for flow or a sculpted jersey that holds shape. With a colour this commanding, less is more: keep accessories minimal and let the silhouette speak for itself. Swap those tone-on-tone heels for a pop of contrast—think fuchsia, gold or even cobalt strappy stilettos,” says ","https://assets.vogue.in/photos/6904a8dbe26229b67da0b0dc/16:9/w_1280,c_limit/05.jpg"
"Feb 07, 2026 @ 23:24:08.940",4c7f258b3b4d45f42b296d5519fc8451,https://www.vogue.in/content/sreeleela-makes-a-case-for-velvet-in-sureena-chowdhris-sharara-set,Sreeleela makes a case for velvet in Sureena Chowdhri’s sharara set,"Velvet, stripped of its reputation for heaviness",Vogue Staff,2025-10-30T16:22:14.051Z,"Sreeleela’s look hinged on a simple idea: how to make velvet feel light. Her peacock-blue The drape slipped over wide, embroidered sharara pants traced with fine vertical lines of gold thread that elongated the frame. Along the hem, denser latticework added weight to the shape. The cropped blouse, with slim straps and a tasselled border, kept the proportions sharp. Sreeleela's jewellery—uncut diamond-encrusted “Instead of a velvet sharara why not lean into the bohemian trend with a velvet overcoat or jacket. Work with a darker tonality like a blue velvet similar to Sreeleela's sharara or a burgundy. Pair with a chiffon ruffled blouse and a pair of shorts. Pair in a velvet potli, tousled bed hair and a fun pair of boots to complete the look,” says ","https://assets.vogue.in/photos/69033be6be1ee1477b304f95/16:9/w_1280,c_limit/THIS%20FRIDAY%20%E2%9C%A8All%20set%20to%20knock%20on%20your%20door%20MASS%20JATHARA%20releasing%20on%20OCTOBER%2031st%20%F0%9F%92%A5#SeeYouInThe.jpg"
"Feb 07, 2026 @ 23:24:10.075",c6a2f052d81933001a04699a89f02c64,https://www.vogue.in/content/mrunal-thakurs-gold-tissue-sari-captures-light-like-molten-metal,Mrunal Thakur’s gold tissue sari captures light like molten metal,"The actor paired the Prisho ensemble with emerald-polki jewellery, minimal makeup and matching heels",Vogue Staff,2025-10-30T10:24:03.400Z,"For her latest appearance, Mrunal Thakur wore a Styled by Sheefa Gilani, the look was finished with a Her makeup stayed soft: dewy skin, “Tissue saris continue to dominate festive dressing, bringing an elevated edge to traditional wear. Update the look by rethinking the blouse: try a high Chinese-collar halter or a cropped tissue shirt for contrast. Add height with block heels and define the waist with a broad belt for added structure. Finish with a tight top knot and a geometric eye,” says Vogue India fashion associate Divya Balakrishnan. ","https://assets.vogue.in/photos/69030956801ccc97a5d4e2d5/16:9/w_1280,c_limit/SnapInsta.to_573901907_18364312315094812_8338171701510314542_n.jpg"
"Feb 07, 2026 @ 23:24:11.313",a698952eadbdbce1314f7fdba3b1c314,https://www.vogue.in/content/samantha-ruth-prabhu-pairs-a-translucent-indigo-drape-with-a-sharply-cut-zari-striped-blouse,Samantha Ruth Prabhu pairs a translucent purple drape with a sharply cut zari-striped blouse,Her look balanced sheer organza with structured silk and statement jewellery,Vogue Staff,2025-10-29T09:45:30.947Z,"Samantha Ruth Prabhu’s latest appearance showed how traditional craft can feel entirely new. She wore a purple silk sari from Eka, styled by Open House Studio, and paired it with Sunita Shekhawat’s uncut diamond and sapphire The handwoven drape featured sheer organza panels and a gold-piped border, with subtle jacquard butti motifs scattered across its length. A sharply cut Her jewellery, including an arresting Hair and makeup followed the same direction with Samantha Ruth Prabhu’s side-parted hair styled into a soft updo, “Samantha stuns in this handloom sheer purple sari. Nothing quite says regal like a violet or a navy. To make this your own, why not pair a violet drape with a sharp cropped jacket instead of a blouse? Worn with tousled hair and a bold cuff instead of heavy jewels. The trick? Let the transparency do the talking and keep everything else a tad bit undone,” says Vogue India fashion associate Divya Balakrishnan. ","https://assets.vogue.in/photos/6901900f06bce911e92500f0/16:9/w_1280,c_limit/Huge%20congrats%20to%20the%20@robbreportindia%20!%20A%20big%20moment%20for%20the%20world%20of%20luxury%20in%20India.Wishing%20yo.jpg"
"Feb 07, 2026 @ 23:24:12.457",7216e51cd0e8919a259b863d757f3020,https://www.vogue.in/content/isha-ambani-piramal-makes-a-scarlet-statement-in-a-sequinned-co-ord-set-for-her-birthday-celebration,Isha Ambani Piramal makes a scarlet statement in a sequinned co-ord set for her birthday celebration,"The entrepreneur styled the ensemble from the London-based label Saloni with diamond jewellery, sleek hair and matching pumps",Vogue Staff,2025-10-28T08:38:07.463Z,"For her birthday celebration in Jamnagar, Isha Ambani Piramal opted for a scarlet-hued co-ord set from the London-based luxury label Saloni. The ensemble, crafted with thousands of Paired with it was the Aidan Venyx Skirt in the same tone, a fluid, Founded by Saloni Lodha in 2011, the label is known for its vibrant colours and detailed craftsmanship. Lodha’s creations, inspired by her Ambain Piramal styled the sequinned outfit with diamond jewellery: a pair of oversized diamond earrings that framed her face and a Her makeup was soft and radiant, with dewy skin, subtly defined eyes and a rose lip that balanced the vibrancy of the ensemble. She wore her hair Completing her outfit, Ambani Piramal wore “Isha Ambani Piramal shows us how to elevate sequins and take it out of the club. The trick lies in working with a tone-on-tone sequin work, the size of the sequin and the length of the garment. When working with sequins, it's usually associated with a party look which is short but to elevate it and add a pop of fun to an outfit work with a midi sequin dress, a midi circle or fitted skirt in sequin. The latter if you want some relief and to break up the outfit with a simple top to balance the piece. Keep the jewellery and makeup minimal so that nothing outshines the sequins. Pair with strappy or pointed kitten heels to finish the look,” says ","https://assets.vogue.in/photos/6900684352851e5a5a3988a9/16:9/w_1280,c_limit/SnapInsta.to_569020495_18535030393023789_4439790290526343260_n.jpg"
"Feb 07, 2026 @ 23:24:13.713",b49b09dd1fc4e8ce6a72c3307ab40801,https://www.vogue.in/content/maitreyi-ramakrishnan-channels-old-hollywood-glamour-through-manish-malhotras-indian-lens-at-vogue-world-2025-hollywood,Maitreyi Ramakrishnan channels old Hollywood glamour through Manish Malhotra’s lens at Vogue World 2025: Hollywood,"The look featured a corseted gold ensemble, a veil inspired by the ghunghat and crystal-studded accessories",Vogue Staff,2025-10-27T08:21:34.736Z,"At The bodice, sculpted close to the body, was meticulously hand-embroidered with rows of pearl beading and stones. Its off-shoulder neckline dipped gently into a structured U cut, while the draped sleeves, looped and beaded, fell off the shoulders in fluid arcs that softened the corset’s architectural shape. The construction featuring exaggerated, protruding hips recalled the discipline of mid-century couture, with internal boning and precision, but the surface spoke to South Asian ornamentation. The voluminous tea-length skirt was cut from archival gold Her styling continued the mood of vintage opulence with rhinestone-studded “Opt for a hooded, tone-on-tone corset to mirror Maitreyi's look. Balance the structure with Y2K-inspired, fitted flared denim, strappy, colourful heels and a baguette-shaped shoulder bag. A moodier eye and a nude glossy lip to finish the look,” says ","https://assets.vogue.in/photos/68ff0b2005c91a81e22bf117/16:9/w_1280,c_limit/JK2_0495_pPP7O0xx_20251026083134.jpeg"
"Feb 07, 2026 @ 23:24:14.950",d15f6dfc692f4e335cb254e76d3499db,https://www.vogue.in/content/mira-rajput-kapoor-revisits-a-decade-old-anamika-khanna-lehenga-in-black-and-blue-threadwork,Mira Rajput Kapoor revisits a decade-old Anamika Khanna lehenga in black and blue threadwork,The beauty entrepreneur’s archival pick proves that timeless couture doesn’t follow the calendar,Nupur Sarvaiya,2025-10-26T09:33:57.411Z,"Where most festive wardrobes lean towards metallics and marigolds, Mira Rajput Kapoor chose the opposite end of the spectrum in a striking The skirt was left untouched by embellishment, relying on the depth of the ebony fabric for its statement. The blouse, however, carried Khanna’s unmistakable signature: a plunging neckline, half sleeves, and multi-coloured floral threadwork tracing the neckline, sleeves and waist. A gradient dupatta moved from black into sapphire, creating a subtle ombré that created visual interest without overwhelming the eye. In her caption, Rajput Kapoor revealed that the piece was “an Anamika lehenga from 10 years ago that still fits,” a reminder that longevity can be its own form of luxury. Her decision to restyle an old favourite in the age of algorithmic dressing feels refreshing. By reimagining the look with modern accessories, she showcased how classic couture can transcend seasons and occasions. She went with an ornate sapphire necklace with complementing stud earrings and a blue clutch. She opted for a sleek, pulled-back ponytail that kept every strand in place, perfect for navigating through Diwali gatherings, greeting guests and moving seamlessly from puja to party. Mira Rajput Kapoor's makeup followed the same philosophy with a flawless base, defined brows and a subtle lip that wouldn't require constant touch-ups between courses of festive feasting. ","https://assets.vogue.in/photos/68fdea43d36f20f16fd6f029/16:9/w_1280,c_limit/SnapInsta.to_567472408_18328151548214603_3798312411949917269_n.jpg"
"Feb 07, 2026 @ 23:24:16.360",dc598d34e224bde31f2039a7404dcccf,https://www.vogue.in/content/5-flat-shoes-that-prove-comfort-can-be-chic,5 flat shoes that prove comfort can be chic,From special moccasins to suede ballerinas: here are all the trendy flat shoes,Mayte Salido,2025-10-25T03:00:00.000Z,"Don’t get me wrong: After a summer of barely-there flip-flops and toe-exposing Once reserved for New England dads on sailing trips, the classic boat shoe has quietly become the fashion insider’s favourite off-duty flat. Mixing worn-in leather with chunky, weather-resistant soles makes for a practical yet polished way to stomp through autumn leaves. More casual than a classic lace-up brogue, these are the flats for anyone looking to inject a little preppy appeal into their shoe collection. A pair of classic loafers will always be a worthwhile investment, but this season’s styles are decidedly bolder. Whether metallic, animal print, or dotted with subtle studs, these eye-catching options are a playful way to add a bit of pizzazz to a minimalist autumn outfit. Unless you’ve been living under a rock, you’ll know the Swap out your tried-and-tested leather It’s been a big year for the ","https://assets.vogue.in/photos/68f9e5af4d1edca546479dcd/16:9/w_1280,c_limit/GettyImages-1704045697.jpg"
"Feb 07, 2026 @ 23:24:17.551",ee3d326ece378bdc55382bfc906ecda7,https://www.vogue.in/content/suhana-khans-torani-lehenga-reimagines-patola-with-mirror-work-ghungroos-and-pearl-detailing,"Suhana Khan’s Torani lehenga reimagines patola with mirror work, ghungroos and pearl detailing","The actor’s ensemble champions different textiles, techniques and tones",Nupur Sarvaiya,2025-10-25T05:30:00.000Z,"Suhana Khan stepped out in a Torani lehenga that captures the spirit of Gujarati The ensemble is a mélange of colours and crafts. The handwoven lehenga, the designer explains, is ""a story that has travelled centuries from the looms of Gujarat, once worn only by queens and women of royal lineage."" It is composed of 24 kalis, each a universe of elephants, parrots and butterflies, the traditional symbols of abundance, love and transformation sacred to patola. “The palette draws from the light of Diwali itself, hues that move from marigold mustard to the burning red of diyas, contrasted against soft Originally envisioned as a choli set, the outfit was later transformed into “a satranga Khan complemented the look with earrings and bangles from Jagdish Jewellers Chandigarh.  “Suhana’s wearing Navratan earrings that are crafted in 18-carat gold and studded with Suhana Khan's hair was styled in soft waves with a micro bindi, luminous skin and nude lips, a minimal finish that let the textiles do the talking. ","https://assets.vogue.in/photos/68fb9b9ae08629efb7b8f62f/16:9/w_1280,c_limit/SnapInsta.to_567117718_18540036895031791_5963329766190847377_n.jpg"
"Feb 07, 2026 @ 23:24:18.692",97942cb17d8f37edaf10b52d0994b53c,https://www.vogue.in/content/sonam-kapoors-embroidered-separates-and-ananya-pandays-pastel-arpita-mehta-lehenga-led-the-best-looks-of-the-week,Sonam Kapoor's embroidered separates and Ananya Panday’s pastel Arpita Mehta lehenga led the best looks of the week,"From handwoven silks and artisanal embroidery to contemporary couture, every look echoed the festive spirit",Vogue Staff,2025-10-24T12:54:48.185Z,"The week in fashion unfolded as a celebration of Indian craftsmanship, seen through a festive lens. From Sonam Kapoor’s homage to Gujarat crafts in Aseem Kapoor’s creation to Sanya Malhotra's vivid For Dhanteras, Sonam Kapoor turned muse for Aseem Kapoor, styled by Rhea Kapoor. Her ensemble, a richly detailed top and skirt with the label's signature asymmetry and layering, showcased Sanya Malhotra chose a white-and-gold Nomad suit, styled with a sleek bun adorned with mogra flowers, handcrafted gold jewellery and fresh mehendi; sleek in its simplicity. Together, these looks were a dialogue between heritage and personal style, where every weave, drape and jewel told a story of craft and contemporary celebration. Keep scrolling to see more standout looks from the week. ","https://assets.vogue.in/photos/68fb5892b7673cdce5d0c99b/16:9/w_1280,c_limit/SnapInsta.to_567428008_18540177478009229_746775780013199118_n.jpg"
"Feb 07, 2026 @ 23:24:19.930",43197b7cd570b3673e7d112d6a0332ad,https://www.vogue.in/content/bhumi-pednekkars-falguni-shane-peacock-ensemble-pairs-a-cut-out-blouse-with-an-undone-silver-sari,Bhumi Pednekkar’s Falguni Shane Peacock ensemble pairs a cut-out blouse with an undone silver sari,"The actor’s styling focused on movement and texture, keeping the metallic embroidery at the centre of the visual story",Vogue Staff,2025-10-24T08:21:52.425Z,"For the All That Glitters Diwali Ball, Bhumi Pednekkar wore a custom The silver Jewellery was minimal with small earrings and a ring, keeping focus on Falguni Shane Peacock's craftsmanship. Bhumi Pednekkar's makeup followed the same tone: brushed-up brows, bronze lids, luminous skin and a soft Falguni Shane Peacock's design process is one driven by detail, revealed through embroidery, texture and finish. Their use of feathers, sequins and metallic work brings in an element of play, turning traditional craftsmanship into something fun and contemporary. The look reflected their approach to evening wear: intricate surface work and structured tailoring. It was detailed without feeling heavy, and styled to keep movement at the centre of the look. The designer duo attended the Diwali Ball themselves, dressing several guests for the evening. “A pair of satin heels in gold will add a tone of contrast and elongate the silhouette. Give the hair that city sleek wet-hair finish, and stack up mix metal bangles to lend the look some weight. Finish it off with a tiny crystal bindi,” says ","https://assets.vogue.in/photos/68fb33d5c0818cdf8c99a70a/16:9/w_1280,c_limit/BhumiPednekarinFSP1.jpg"
"Feb 07, 2026 @ 23:24:21.129",fffe922123e84bf7ba87c86c748e3b56,https://www.vogue.in/content/sonam-kapoor-celebrates-textile-craft-in-a-custom-rimple-and-harpreet-look,Sonam Kapoor celebrates India’s textile heritage with patchwork craft and vintage embroidery,"It was paired with a matching bag, brown moccasins and chandelier earrings",Vogue Staff,2025-10-23T10:56:39.490Z,"When we think of festive dressing, it’s easy to picture shimmer, zari and rhinestones, but Sonam Kapoor continues to make a case for another kind of silhouette. Styled by Rhea Kapoor for Diwali, she chose a custom look from The ensemble was built from the designers’ extensive textile archive, assembled through years of collaboration with craft clusters across India. Each panel in Kapoor’s long, voluminous kurta—cut with exaggerated The accessories stayed true to the craft narrative with a matching patchwork crescent bag echoing the kurta’s panels, dark brown moccasins by The Row, ornate emerald and polki With her hair parted at the centre and “Ease up the volumes by removing the dupatta, replace it with a gilet/vest—think camel suede—to add some definition to the look. replace the shoes with a pair brown leather Kolhapuri to string it all together and leave the hair away from the face,” says ","https://assets.vogue.in/photos/68f9cfeaf6dc82c8dc107d95/16:9/w_1280,c_limit/Wrapped%20in%20craft,%20colour%20and%20quiet%20celebration.%20This%20Diwali,%20I%E2%80%99m%20choosing%20soft%20lights%20over%20loud%20.jpg"
"Feb 07, 2026 @ 23:24:22.351",9ef0cc3f00649cea1321a0cf7c8814a0,https://www.vogue.in/content/bhatts-abu-jani-sandeep-khosla-look-pairs-a-sheer-embroidered-kurta-with-a-lungi-style-sarong,Alia Bhatt’s Abu Jani Sandeep Khosla look pairs a sheer embroidered kurta with a lungi-style sarong,"The actor paired the ensemble with Basra pearls necklace, matching hand-embroidered shoes and jasmine flowers",Vogue Staff,2025-10-23T10:50:02.573Z,"For Diwali, Alia Bhatt stepped away from traditional silhouettes like saris or lehengas in favour of a pastel creation by Abu Jani Sandeep Khosla. She paired a blush pink kali kurta with a pistachio green The kali kurta was crafted from sheer organza with shadow hand embroidery, a technique that uses fine threadwork on translucent fabric to create depth through light and shade. The floral and geometric motifs were accented with Swarovski crystals, adding a subtle shimmer. The sarong brought fluidity with matching hand-embroidered shoes, designed to coordinate with the pastel palette and intricate detailing, completing the look. Bhatt wore a Her makeup followed a clean, minimal direction: By choosing this silhouette over more familiar festive attire like suits, lehengas or saris, Alia Bhatt highlighted a growing preference for comfort-driven couture that still feels rooted in craft. “Remove the necklace. Swap it for a very delicate matha patti that is barely visible, but reflects the light just enough to elevate that whimsical feel of the outfit,” says ","https://assets.vogue.in/photos/68f9edcf020af94e84cf4552/16:9/w_1280,c_limit/SnapInsta.to_569048281_18546656485021763_3964297074618860843_n.jpg"
"Feb 07, 2026 @ 23:24:23.620",8020ff0ccdcc2e2427699a93707b576b,https://www.vogue.in/content/radhika-merchant-ambanis-rose-pink-anarkali-shimmers-with-marodi-embroidery-and-tamba-tikki-accents,Radhika Merchant Ambani’s rose-pink anarkali shimmers with marodi embroidery and tamba tikki accents,"She paired the Abu Jani Sandeep Khosla ensemble with oversized sahara jhumkas, luminous makeup and a bun adorned with fresh flowers",Vogue Staff,2025-10-22T08:36:48.153Z,"For Diwali celebrations, Radhika Merchant Ambani turned to Intricate The embroidery grew denser along the cuffs and borders, where layered bands of Jewellery mirrored the garment’s grandeur: elaborate jhumka “Lighten up the mood with a pair of brown leather juttis. Get rid of the gajra and open up the hair for an effortless look, swap the earrings for something simpler and in gold,” says ","https://assets.vogue.in/photos/68f61e82487283016ff97084/16:9/w_1280,c_limit/A%20Golden%20Moment%20-%20Radhika%20Ambani%20celebrates%20Diwali%20in%20Custom%20Abu%20Jani%20Sandeep%20Khosla%20Crafted%20fro.jpg"
"Feb 07, 2026 @ 23:24:24.900",7be14c8af8c0c1c426504163baf7a209,https://www.vogue.in/content/why-everyones-falling-for-balloon-pants-right-now,Why everyone’s falling for balloon pants right now,The fashion-savvy crowd is opting balloon pants with puffed designs that ornament the figure,Renata Joffre,2025-10-22T03:00:00.000Z,"For many years, tailored, slim-fitting, or slightly fitted trousers were the go-to choice for elegant women. Now, balloon pants are making a strong comeback, driven by the “effortless dressing” trend and a nostalgic revival of retro styles. Women increasingly want to slip into puffy or flowing designs that flatter a modern silhouette. The Balloon pants are easily recognised by their high waistband and cylindrical fit through the thighs. Their aim is neither to push minimalist nor maximalist fashion—they strike a delicate balance, being eye-catching without veering into exaggeration. Several styles are already part of the Fall-Winter 2025 fashion trends, with brands such as Not only do they look distinct, but balloon pants also add theatricality, play with silhouette, and gently push you out of your sartorial comfort zone. Are they easy to style? Initially, it may feel tricky to pair them with basic pieces, but it’s far from impossible. Here are seven inspirational looks to prove it. Moschino’s Fall/Winter 2025 collection embraces the puffer silhouette with high-waist trousers featuring pleated detailing and a slightly cylindrical shape that enhances the figure. Perfect for an elegant yet modern look, they are styled with a wool sweater over a ruffled shirt, a slim Zimmermann offers a hybrid design: half balloon, half harem pants, ideal for a bohemian autumnal look. Details such as a versatile beige tone, elegant pleats, and hems suited to various footwear—from Ralph Lauren evokes the season’s palette with brown balloon trousers reminiscent of Pantone’s Mocha Mousse. Styled with a matching mid-length blazer, a black T-shirt, and classic heeled ankle boots, the addition of a wide belt over the Max Mara encourages stepping away from basic black or white, exploring autumnal hues such as moss green. High-waist corduroy balloon trousers pair with a matching button-down shirt, sash belt, and block-heeled ankle boots for a polished, subtly nostalgic ensemble reminiscent of the grandpacore aesthetic. Street style confirms the return of elegant wide-legged trousers, perfect for reimagining everyday office wear. Mouse-grey designs can be paired with a cropped coat over a turtleneck blouse and pumps for a sophisticated, modern twist. The bikercore trend of 2022 reappears with faux-leather balloon pants styled with a coordinating blazer, shirt, and Hybrid styles—half harem, half balloon—also emerge on street style scenes, particularly in sheer fabrics with XXL hems. The key is a monochrome outfit: long blouse, ","https://assets.vogue.in/photos/68f601078ba5c24719a36ff0/16:9/w_1280,c_limit/GettyImages-2214536525.jpg"
"Feb 07, 2026 @ 23:24:26.215",6482b9540b1f65073d33f5368aeeab21,https://www.vogue.in/shopping/promotion/step-into-the-diwali-festivities-with-these-showstopping-ensembles,Step into the Diwali festivities with these showstopping ensembles,These timeless pieces are rooted in artisanal craftsmanship and versatility.,Shambhavi Das,2025-10-06T10:30:00.000Z,"This is a roundup of ensembles that take the stress out of festive dressing, offering everything from pre-draped sarees and flowing lehengas to versatile Indo-Western sets. Each piece carries the care and craft of the hands that made it while being mindful and relevant. Perfect for dinners, celebrations, or gifting, they let you enjoy the festivities in comfort and style, while wearing something that feels meaningful rather than just decorative. For those who cherish timeless elegance, Pehli Nazar by Crafted in flowing silk, the short kaleedar set from The Baroque Nehru Jacket Set from the label The The Khaddi Georgette Bandhej Saree by ","https://assets.vogue.in/photos/68e35ea073d8b6e4acbf9fb1/16:9/w_1280,c_limit/Screenshot%202025-10-06%20at%2011.45.39%E2%80%AFAM.png"
"Feb 07, 2026 @ 23:24:27.484",41f804a7694521f132ec72c810a69a5d,https://www.vogue.in/shopping/promotion/these-stunning-jewellery-pieces-make-for-diwali-gifts-steeped-in-grandiosity,These stunning jewellery pieces make for Diwali gifts steeped in grandiosity,"Jewellery that transcends the season, carrying stories in every stone",Shambhavi Das,2025-10-06T12:30:00.000Z,"Jewellery has a way of marking moments, carrying stories, and turning them into lasting memories. These stunning pieces go beyond seasonal sparkle; they are crafted with care and are meant to be cherished long after the festivities end. Perfect for gifting or adding a statement piece to your own collection, these designs transform Diwali into a celebration of light, legacy, and elegance. The Rabbit Brooch from Mehr-Un-Nissa, meaning “sun among women,” is The ","https://assets.vogue.in/photos/68e35fe97ca45ef5d6cc84f5/16:9/w_1280,c_limit/Screenshot%202025-10-06%20at%2011.51.01%E2%80%AFAM.png"
"Feb 07, 2026 @ 23:24:28.632",dbdf5b22a5ce2a7077c67db68cdd5555,https://www.vogue.in/shopping/promotion/this-diwali-gift-wellness-its-starring-role-with-these-must-have-essentials,"This Diwali, gift wellness its starring role with these must-have essentials","Celebrate the festival of lights with gifts that nourish, pamper, and impress.",Shambhavi Das,2025-10-06T10:30:00.000Z,"Amidst the glow of lamps and the festive cheer, a gift can be a thoughtful gesture of care. This Diwali, put wellness at the heart of your celebrations with presents that go beyond self-care to also nurture the spaces you inhabit. These pieces bring coherence, calm, and a quiet sense of balance, transforming you and your surroundings into an extension of your well-being. We’ve curated a selection that spans skincare, sculptural décor, artisanal candles, handcrafted soaps, hydration essentials, and luxury fragrances that turn everyday rituals into moments of indulgence. Fika and Terra from Million Gold Elixir by Paco ","https://assets.vogue.in/photos/68e35dbe5fc6fe0962fc92d9/16:9/w_1280,c_limit/Screenshot%202025-10-06%20at%2011.41.19%E2%80%AFAM.png"
"Feb 07, 2026 @ 23:24:29.804",023e92d3c8d413801533c9f877553ba6,https://www.vogue.in/shopping/promotion/step-into-the-season-of-sparkle-with-these-beautiful-diwali-ready-brands,Step into the season of sparkle with these beautiful Diwali-ready brands,"A season of sparkle, told through design and detail",Shambhavi Das,2025-10-06T12:30:00.000Z,"Let the season of Diwali shine with pieces that tell a story, whether in hand embroidery, artisanal prints, or heritage-inspired accessories. Ideal for refreshing your festive wardrobe, these selections combine thoughtfulness, style, and timeless appeal, making every outfit feel intentional and memorable. Founded in 2017 by sisters Deepali, Monika, and Priyanshi, this label approaches fashion as a canvas for art, translating everyday surroundings, people, and nature into distinctive prints. Their collections focus on ease and individuality, offering silhouettes that are both relaxed and expressive. Among them is the Man with Flower long dress, crafted in cotton poplin and designed with an A-line cut that suits a range of body types. Its striking front print brings a touch of whimsy to an otherwise versatile daywear piece, making it well-suited for vacations or casual outings. The brand presents clothing that celebrates art while remaining wearable, thanks to its thoughtfully designed pieces, making it an ideal option for festive gift-giving. The Founded by brothers Pradeep and Sandeep Parihar, ","https://assets.vogue.in/photos/68e35f2ec244f05c169f682a/16:9/w_1280,c_limit/Screenshot%202025-10-06%20at%2011.47.44%E2%80%AFAM.png"
"Feb 07, 2026 @ 23:24:30.959",7f8a8bc856ca33768f09c06662a72dc6,https://www.vogue.in/shopping/promotion/6-sartorially-stunning-pieces-for-your-diwali-2025-wardrobe,6 sartorially stunning pieces for your Diwali 2025 wardrobe,Contemporary wardrobe staples to add for your festive out-of-the-day,Shambhavi Das,2025-10-06T10:30:00.000Z,"Craft, story, and style converge in these six wardrobe picks, ideal for those who prefer chic outfits over traditional heavy Indian wear this Diwali. From hand-embroidered shirts to sculptural jumpsuits, conscious resort wear, and minimalist dresses, each garment transforms festive dressing into a statement of individuality and taste. For Fall 2025, A conscious resort-wear label, The maroon sleeveless cotton dress from ","https://assets.vogue.in/photos/68e35e325fc6fe0962fc92db/16:9/w_1280,c_limit/Screenshot%202025-10-06%20at%2011.43.28%E2%80%AFAM.png"
"Feb 07, 2026 @ 23:24:30.986",a2f4847c979b56d2ec75be562ae3356c,https://www.vogue.in/shopping/promotion/these-thoughtfully-curated-diwali-gift-hampers-are-perfect-for-celebrating-those-you-cherish,These thoughtfully curated Diwali gift hampers are perfect for celebrating those you cherish,"If picking the perfect gift isn’t your forte, these Diwali gift hampers have you covered.",Shambhavi Das,2025-10-06T08:30:00.000Z,"Finding the perfect Diwali gift can feel daunting, but these impeccably curated hampers make that process effortless. Each selection celebrates those you cherish, transforming gifting into a mindful, memorable experience. Blending care, elegance, and intention, these hampers range from artisanal sweets and sustainable lifestyle pieces to luxury keepsakes and bespoke creations. ","https://assets.vogue.in/photos/68e35d3c5fc6fe0962fc92d7/16:9/w_1280,c_limit/GettyImages-2161711035.jpg"
"Feb 07, 2026 @ 23:24:32.214",b5d0649814232b5cd4c1a18ffc5d18ce,https://www.vogue.in/shopping/promotion/9-exquisite-decor-gifts-for-diwali-that-embody-artistry-and-legacy,9 exquisite décor gifts for Diwali that embody artistry and legacy,Celebrate the art of giving through objects that create lasting impressions this festive season,Shambhavi Das,2025-10-06T08:30:00.000Z,"This Diwali, gifting becomes an art form. Beyond lights and sweets, it’s about choosing pieces that linger in memory; hand-carved sculptures, embroidered wall art, luminous alabaster, and heirloom-worthy pottery, each carrying its own quiet prominence. These nine exquisite décor gifts transform a home into a sanctuary, where every story and detail is thoughtfully considered. In a season that celebrates warmth and togetherness, they make giving not just intentional but truly unforgettable. Known for designs that emphasise individuality and luxury, Founded by designer Sana Alam, Prasanaakshi by Handcrafted from natural rose quartz, this photo frame is all about endurance and appeal through subtlety. ","https://assets.vogue.in/photos/68e35c83a3e409c897b95de8/16:9/w_1280,c_limit/Screenshot%202025-10-06%20at%2011.36.42%E2%80%AFAM.png"
"Feb 07, 2026 @ 23:24:33.419",e5f6db0e42fdd51b66bc3fb4a510a004,https://www.vogue.in/beauty/content/heres-how-to-achieve-a-minimal-yet-timeless-bridal-beauty-glow-according-to-makeup-artists,"Here's how to achieve a minimal yet timeless bridal beauty glow, according to makeup artists",Minimalistic bridal beauty isn’t a trend—it’s timeless. Vogue asks four makeup pros to share their tips on achieving and retaining that lit-from-within glow,Tatiana Dias,2022-11-21T05:42:15.363Z,"Elegant silhouettes, subtle hues, and a play on the natural: looking at a creased photograph of my grandmother as a Even with the most timeless looks, a lot can unravel a few hours into your wedding: Creased under-eyes, a lip colour that plays Houdini, and “Start your A look like this requires a dewy, fresh touch—and prepping your skin properly is one of the best ways to prevent it from wilting. Log suggests starting with a hydrating A naturally soft contour and striking Speaking of emphasis, if you want to amp up the glow and extend your golden hour across the day, Chemburkar recommends adding a hint of liquid Around since the 1920s, the finger wave is as prominent today as it was decades ago. Over the years, this sleek and stylish hairstyle has been twirled to fit into each era—retaining its true essence over the years. Log breaks down the look for us. “Start by applying a ","https://assets.vogue.in/photos/63777e2babfaf7db94442ae9/16:9/w_1280,c_limit/AVISHKAR%20JADON%20Vogue%20India.jpg"
"Feb 07, 2026 @ 23:24:34.786",c6eeed6ee2818c8fa78ae6b7fc876354,https://www.vogue.in/content/exactly-how-to-prevent-your-concealer-from-cracking-according-to-the-pros,"Exactly how to prevent your concealer from cracking, according to the pros","Ultimately, it boils down to application and setting techniques, and who better than the pros to guide us? Tap to read their tips. ",Namrata Kedar,2024-02-15T01:00:00.000Z,"Concealers are the MVP in your beauty arsenal. It can conceal, brighten, and contour all at once, so it's obvious why concealers rank high on the list of But even the best concealers can look cakey and tend to crease as the hours go by. “This can be due to several reasons,” says Jane Richardson, Global Artistry Director, NARS Cosmetics. “The main ones include using too much of or the wrong type of Ultimately, it boils down to application and setting techniques, and who better than the pros to guide us? Here’s how you can get “Proper skin preparation is crucial to create a smooth base for concealer application, reducing the chances of creasing,” explains Mehak Oberoi, Artist in Residence, Bobbi Brown India. Richardson says, ""When I'm preparing the skin for makeup application, I first look to smooth the Here are some things you need to keep in mind when prepping your skin for the makeup to come, according to Richardson: Richardson swears by the NARS Soft Matte Primer. “It’s water-gel texture and exclusive Climate Balancing Technology retains hydration in dry climates and absorbs excess moisture in humid ones.” Oberoi recommends the Bobbi Brown's Vitamin Enriched Face Base, 2-in-1 moisturising cream and makeup primer, followed by the Bobbi Brown Eye Base for the “Choosing the right formula based on your skin type and concerns is crucial,” points Oberoi. “The right formula can enhance your features while addressing any skin issues. For example, if you have blemishes or uneven skin tone, opt for high-coverage formulas—cream or stick foundations provide excellent coverage. For Richardson uses different types of concealers on the face based on how she wants the skin to look. “I use NARS Radiant Creamy Concealer for a radiant finish or Soft Matte Complete Concealer for a matte finish,” she says. “Select a From using a brush to blending it with your fingers, there are several ways to apply concealer, and there’s no right or wrong way – it's about preference. “I tend to use a brush for application because it allows me to build and blend,” says Richardson. “My kit essential is the NARS Radiant Creamy Concealer. I use a Oberoi switches between brushes for precise coverage and sponges for excessive coverage. “Gently dab the concealer using a brush, like the Bobbi Brown Full Coverage Touch-Up Brush, starting from the inner corner and moving outward,” she says. “Avoid pulling or dragging the delicate skin to prevent creasing. The warmth of your fingers helps blend the product seamlessly into the skin, especially for cream or thicker concealers. Ensure you reach the To avoid a Setting powder is essential for making the skin look Oberoi uses Bobbi Brown's Sheer Finish Pressed Powder, applying it with a fluffy brush. “Focus on areas prone to creasing, like For those with breakouts or excess redness (rosacea), Richardson suggests taking the time to layer up the With that said, here are some other all-time favourite concealers: ","https://assets.vogue.in/photos/65cbd82a0d1da57ccaba6cda/16:9/w_1280,c_limit/Concealer%20.jpeg"
"Feb 07, 2026 @ 23:24:35.811",50e608b1db0cab020af47dee36626469,https://www.vogue.in/beauty/content/right-application-method-for-retinol-best-retinol-products-to-buy,How to use retinol and the best products to buy,Here's how you can get the most out of it,Shweta Vepa Vyas,2022-02-17T11:07:02.175Z,"So, you’ve decided to take the plunge and add retinol into your skincare routine. It exfoliates, reduces While consistent use of retinol is proven to give visible results in a couple of months, it can also have adverse effects like excessive Owing to its potency, retinol products can make the skin more sensitive to the sun. Hence, always apply it at night. “In the morning, make sure you follow up your skincare routine with a face wash, Skin experts always advocate applying Under no circumstances should retinol products be combined with any acids like For the very same reason, you should not be using any facial tools like massagers, rollers or Gua Shas—as they facilitate deeper penetration of products. As Dr Mittal Gupta sums it in a nutshell, with retinol patience and discipline are key. Follow the rules and you will see results in 2-3 months. In case, you're confused on how to go about this, here are some products to help you get started. ","https://assets.vogue.in/photos/669a15749b075d280d13c118/16:9/w_1280,c_limit/skinimalism.jpeg"
"Feb 07, 2026 @ 23:24:37.060",fb72735215e55866b42cd9ae0469e9ea,https://www.vogue.in/content/alia-bhatts-signature-glossy-nude-lip-holds-the-key-to-festive-beauty-perfection,Alia Bhatt's signature glossy nude lip holds the key to festive beauty perfection,A shining example of how to master a beauty trend,Kejhal Kalra,2023-10-25T04:00:00.000Z,"Alia Bhatt who is currently riding high on Festivities in India are synonymous with the colour red and Alia Bhatt knows how to embrace any hue and make it her own. Her choice of a Raji Ramniq velvet kurta paired with a red MUA Mickey Contractor's choice to go with soft nude-toned eyeshadow, subtly underlined with kohl, kept the focus on her eyes. Like many of her contemporaries, she went in for the small and understated, One trend that has emerged as a major beauty statement is the glossy nude lip, and who better to embrace this trend with Whether you find yourself at a grand celebration or an intimate family affair, let Alia Bhatt's beauty guide be your compass; sometimes, it's the most straightforward and traditional elements that can elevate your ","https://assets.vogue.in/photos/65363987ee16b26f0b476228/16:9/w_1280,c_limit/393663200_664124602168404_8703519705781833952_n.jpg"
"Feb 07, 2026 @ 23:24:38.103",07116a17b0f3445dd06031d8c28120dd,https://www.vogue.in/content/5-hairstyles-for-thin-hair-that-give-serious-volume-according-to-industry-experts,"The best hairstyles for thin hair, according to experts",Your cheat sheet to hair that looks twice as full in half the time,Elle Turner,2023-08-31T13:14:28.426Z,"If you have thin hair and want a little extra lift, the right hairstyles for thin hair can make all the difference. The good thing about fine hair is that it’s surprisingly flexible: it styles quickly, takes well to heat, and doesn’t need a whole shelf of products to look sleek. The real challenge is We spoke to top stylists to break it down. Some hairstyles can add more oomph than others, especially if they give texture or height. “I find that encouraging movement and texture into the hair adds volume and stacks out the hair, which leads to making it look fuller and thicker,” says Reece Wentworth, stylist at Blue Tit Salon Clapton. “You can use wands, straighteners or whatever you feel most comfortable using to wrap the hair in different directions to create a tousled, textured look. You can also use a wide tooth comb to soften out the movement,” he says. Two great examples of hairstyles for fine hair are a blow dry and an updo. We also love half-up hair, since it gives the illusion of volume up top, while maintaining the length. A blow-dry gives thin hair more structure than air-drying ever will. Water weighs roots down. Lifting them as they TikTok has turned Half-up hair styles pull the top half of your crown section upward (hello, built-in lift) while leaving the rest of your length loose, so you get the best of both worlds. It breaks up the flatness you normally see when all the hair sits in one layer. A good cut can make a big difference to thin hair, by removing wisps and adding texture. But, no matter what style you go for, “keep it Fine-haired girls can sometimes struggle to make XXL lengths work since the ends can begin to look a little frayed and skimpy. So if you can't fight it, embracing a shorter style can give you the healthy hair you want. “I recommend regular haircuts,” says Reece. “Make sure not to latch onto the length. Having a haircut with a strong one-length and especially above the shoulder will make hair look thicker,” he says. Some of your best bets are bobs and lobs, face-framing layers and the Bardot fringe, if you're feeling especially adventurous. As long as you embrace your fine hair, you're golden. ","https://assets.vogue.in/photos/692434e0610956996f79b47e/16:9/w_1280,c_limit/Hair%20by-%20sea%20salt%20and%20ocean%20breeze%F0%9F%90%9A.jpg"
"Feb 07, 2026 @ 23:24:39.328",9870be35ff2220bb33292a93f4fb9e4d,https://www.vogue.in/content/the-best-beauty-products-based-on-your-zodiac-sign-in-2024,The best beauty products based on your zodiac sign in 2024,Consider this your beauty horoscope for the new year,Namrata Kedar,2024-01-08T16:57:04.471Z,"While 2024 has begun with a Ahad, see your horoscope for the year according to your zodiac sign and the beauty product that can get you through it, while you look your best. 2024 is set to be a transformative year for your professional and creative endeavours. Take the career challenges on with Chanel’s Noir Allure Mascara in Expect the unexpected this year. With unpredictable surprises to challenge your grounded nature, the upside is that your ruling planet, Venus, does not enter retrograde. Don't fear the unknown and take solace in the known, like your trusty 2024 promises to be anything but boring—it is a year of change in your work and love life. Match that energy with makeup that is anything but boring. Wear an All good things await the crab in 2024. From friendships to love life, all aspects of your life will do well, especially your professional life. Get ready to shine bright in the spotlight with 2024 is about self-care. Focus on personal wellness and nurture your well-being as your professional and personal life undergo reshaping. Masking is a surefire way to unwind and relax, and we like the Sulwhasoo White Ginseng Radiance Refining Mask​​ for The year begins with Pluto moving into your 6th House of Health. Translation – now is the time to rejig your beauty and wellness routines. Change things up with curtain bangs for 2024, or experiment with a trending makeup look like the When Venus retrogrades, finances and love can slow down. It is also an unfavourable time to undergo any changes in your appearance. But that’s not the case this year – if a Your two ruling planets – Mars and Pluto – undergo retrograde this year. Slow down and focus on self-care and wellness to reduce stress and avoid This year sees your ruling planet retrograde – Jupiter. Indulge in a luxe wellness ritual to put focus on self-care. It's also your year for experimentation – eschew your go-to look and The year for you is about finding a balance between your personal and professional. Navigate all the challenges and opportunities with resilience and determination. Keep your Your ruling planet, Uranus, goes retrograde twice. With that in mind, balance all aspects of your life and prepare for inner growth. Let this not ruffle your feathers. Instead, opt for soft and subtle The new year focuses on your relationship and encourages you to explore its loving and passionate side. With romance in the air, we suggest an intensified glazed doll-like blush – the perfect mix of ","https://assets.vogue.in/photos/659c28559988900346afb248/16:9/w_1280,c_limit/Zodiac%20sign.jpg"
"Feb 07, 2026 @ 23:24:40.524",fa5f9f4a805e7044a7ae4096d2ddccc4,https://www.vogue.in/beauty/content/4-hair-oil-blends-you-can-make-at-home-for-all-hair-problems-dandruff-hair-growth,"4 oil blends you can make at home for all hair concerns, from dandruff to thinning hair","While coconut oil might be your go-to for every hair issue you might have, using targeted hair oils can be more efficient",Avanti Dalal,2020-06-30T10:54:47.223Z,"A good 'ol If you've been using If you're using this mix as a protective spray, mix them into a bottle and spritz before using a straightening or curler. For a more They call For best results, warm up the coconut and jojoba oil and apply the liquefied mixture onto dry hair, focusing on massaging it onto the scalp. Then, after leaving it on for 20-30 minutes, wash off with a regular shampoo and conditioner. Purported as the best miracle growth agent for eyebrows and eyelashes, castor's oil properties have been much discussed. While studies have not proven that castor oil can increase hair growth, it can help improve blood circulation to the scalp, making other growth-inducing products work better. ","https://assets.vogue.in/photos/5efaf267800c753aed1a4a63/16:9/w_1280,c_limit/hair%20oil%20chitrangada%20singh.jpg"
"Feb 07, 2026 @ 23:24:41.579",48546827813d30f39a1ca15e6c490393,https://www.vogue.in/content/janhvi-kapoor-reclaims-sexy-wet-glam-in-a-red-latex-dress,Janhvi Kapoor reclaims sexy wet glam for the holiday season,"After a no-glam look for Christmas, Kapoor added a sultry twist to this season's greetings",Vogue Staff,2023-12-28T09:09:29.001Z,"Wet glam is back, according to Janhvi Kapoor. Drenched in water, wearing a latex leather dress that perfectly complemented her wet look, the star elevates sexy party-wear makeup. Donning a captivating red dress with turtle neck detailing and full sleeves, she ditched all accessories, allowing her outfit and makeup to take center stage. As for her glam, makeup artist Riviera Lynn went in for a delicate shimmering pink, adding a soft glow to her eyes, complementing the overall wet look without overpowering it. The mascara-laden lashes and the use of mauve on her lips is a stroke of genius—it's a shade that's understated yet undeniably chic. The rouge on her cheekbones and highlighter along her facial contours accentuated her features. Completing the look, Kapoor’s kohl and eyeliner played a significant role. Her eyebrows styled into feathery, But the most important part of the look is a The wet hair look, as seen on runways and crafted by Marce Pedrozo for Kapoor, involves creating a 'just-out-of-water' appearance—one that is backswept and softly ruffled. This hairstyle not only complements the wet makeup theme but also adds a sense of movement and fluidity, enhancing the overall aesthetic. Products like hair gels or oils can create that To bring this glamorous wet look to life for an exciting New Year's Eve night out, you might want to add some of these to your beauty arsenal: ","https://assets.vogue.in/photos/658d2b54e716766035149b4d/16:9/w_1280,c_limit/Snapinsta.app_412887352_18404185429006330_3587697872660751751_n_1080.jpg"
"Feb 07, 2026 @ 23:24:42.694",a9ec19e599c762c3b079ba3a18afc0bb,https://www.vogue.in/content/priyanka-chopra-jonas-gives-the-naked-dress-an-angelic-twist,Priyanka Chopra Jonas gave the naked dress an angelic twist at the Victoria's Secret comeback,The actor attended Victoria’s Secret’s star-studded premiere in a sheer Giambattista Valli column,Daniel Rodgers,2023-09-08T13:20:21.395Z,"In 2021, Airing as a feature-length film on Amazon Prime later this month, The Manhattan Center in New York played host to a star-studded premiere last night. A pantheon of new and old faces walked the red carpet – among them Tyra Banks, Naomi Campbell, The traditional ","https://assets.vogue.in/photos/64fab63c298b52d76c1fc840/16:9/w_1280,c_limit/news0709_GettyImages-1665124582.jpg"
"Feb 07, 2026 @ 23:24:43.997",8a57f99b757f3506b76fba583ee9d93f,https://www.vogue.in/content/katrina-kaif-in-a-neon-dress-is-the-inspiration-we-need-for-how-to-bring-out-the-best-in-the-bold-colour,Katrina Kaif's neon dress is a fashion controversy we'd love to debate,"If you want to make a statement in colour, then neon is the way to go about it","Shriya Zamindar,Srishti Singh",2023-11-11T02:30:00.000Z,"Katrina Kaif is seen less on the red carpet and more in fashion campaigns. One can spot the actor adding endorsements to her kitty and working on her beauty brand, Kay Beauty. The 40-year-old, who recently became the global ambassador for A trend that originated during the era of facebook chats and BBMs, the everything-neon concept was shortlived, and could perhaps be considered a fashion ick for some now. But that was the consensus on ballet flats before Miu Miu brought it back from the dead. So, it definitely makes sense to weigh the merits of adopting this starkling hue into the wardrobes. Neon pinks and yellows have become a popular choice among celebrities, like Katrina opted for a fluorescent yellow satin-crepe gown from the Australia-based designer The “highlight” of the flattering dress, however, is the vibrant neon colour, which works in sync with the fluid fabric, to form a bold monotone ensemble that works for both minimalists and ","https://assets.vogue.in/photos/654b69a9affa2a3d96639974/16:9/w_1280,c_limit/Snapinsta.app_399110674_18399121960032012_8537065345620433027_n_1080.jpg"
"Feb 07, 2026 @ 23:24:45.231",15ca32a7c80ad3899fd623cbc29c28a9,https://www.vogue.in/content/priyanka-chopra-brings-out-the-glamour-in-white-for-jio-mami-film-festival,Priyanka Chopra brings out the glamour quotient in two white ensembles for Jio MAMI Film Festival,The actor— also the chairperson of the festival— took no time to switch from a western to traditional avatar,Srishti Singh,2023-10-30T11:55:19.000Z,"The For the opening night, the desi girl was styled by Rebecca Corbin-Murray in a white Tony Ward bodycon floor-length tulle gown, featuring neck-to-toe ruched detailing on the front and top-half back of the dress, plus a high Priyanka Chopra's second look was a complete contrast to her inaugural night outfit while being tied to each other by the colour white and Bulgari's jewellery. On Day 2 of the festival, the former Miss World's ensemble embodied the true spirit of the statement shared on The ivory drape featured minimal floral designs (one can spot the English rose amongst the blooms), and a thin, triple-layered border featuring navy and copper hue. She paired it with the classic deep V Sabyasachi blouse (front and back) in a matching pattern. It is the combination of the lightweight fabric of the sari, and the pattern, that lends to its whimsical appearance on the At a time when red and pink are becoming the trending colours of the season, PC's ivory sari carves its own simple but unique path with its vintage royal elegance personified by the actor. The outfit exemplified that style is forever, while fashion is fleeting. Both PC's looks only underscored the timelessness of the sari and the traditional draping style, along with proving her effortlessness to elevate all kinds of ensembles. ","https://assets.vogue.in/photos/653f90dfe0571411e6ef9c05/16:9/w_1280,c_limit/Snapinsta.app_395279780_18414507106041483_3767148800968250356_n_1080.jpg"
"Feb 07, 2026 @ 23:24:46.542",7fe6c647d21debdfc4c96c28848882ad,https://www.vogue.in/content/katrina-kaif-is-kickstarting-the-year-in-dad-checks,Katrina Kaif is kickstarting the year in dad checks,"Katrina Kaif opted for the classic plaid print, signaling its potential comeback in your wardrobes this year.",Vogue.in,2024-01-04T12:27:07.841Z,"Introduced by Plaid or Drawing inspiration from these references, it's evident that plaid or checkered prints possess a timeless charm that can seamlessly blend into both summer and ","https://assets.vogue.in/photos/65963f6e92a8c97e34ca8a9d/16:9/w_1280,c_limit/Snapinsta.app_416710420_18330482632118856_2451326186230493050_n_1080.jpg"
"Feb 07, 2026 @ 23:24:47.755",0e9c1b7b8228ce32621b393d47a98b07,https://www.vogue.in/content/how-to-dress-like-mia-khalifa-and-channel-your-inner-fashion-girl,How to dress like Mia Khalifa and channel your inner fashion girl,"Dyed eyebrows, nerdy glasses and a series of expensive shoes—we unpack the recipe to achieving street cred like Mia Khalifa",Upasana Das,2023-12-28T12:50:18.223Z,"Mia Khalifa has reclaimed her narrative from a past that defined her identity. Now, she poses as a fashionable muse in front of Juergen Teller's celebrated lens. Khalifa has been using fashion as a way to showcase who she is. Positioning her style between the oversized Sashaying down the runway or on the street, we take a look at some fun outfits from her wardrobe that scored points with the fashion set. Khalifa embodies the showgirl energy in London as she dresses for the National Theatre in Another day at fashion week, Khalifa shows up in a barely-concealed look from Estermanas casually paired with a Ludovic de Saint Sernin jacket and Ann Demeulemeester boots complete with Khalifa wears a floral-print Everyone was in Dipetsa earlier this year, and once again, Khalifa proves she feels the pulse of fashion as she wears an iconic “wet” creation from Dipetsa which also visually doubles as a sweater. She pairs the look with a Who said one could not live in one's coat, even if it's a hundred degrees? Coupled with the iconic Khalifa wears a glitzy lavender look for the launch of Acid-green coupled with black definitely did become a Of course it makes sense that Khalifa, all cheek will go for the sexy Who said comics are for boys? The streetwear side of Mia is casual but fun, as she dons an oversized comic-printed ensemble complete with the iconic Y2K streetwear underwear reveal and Nikes. Taken just before After the KNWLS spring/summer ‘24 show, Khalifa came out from backstage in a sharp yet Khalifa gave her spin on Riverdale-core at the Off-White fall/winter ‘23 show, in a baseball jacket, unbuttoned cuffs and a knotted shirt, as she serves some main character energy. A trip to the gallery or the local magazine store calls for some quick quiet luxury—but make it sexy, as Khalifa demonstrates in ","https://assets.vogue.in/photos/658d630879c0589257dcd085/16:9/w_1280,c_limit/Mia_SOCIAL2.jpg"
"Feb 07, 2026 @ 23:24:48.775",89458a3beb826f529acb24e2f3cd7501,https://www.vogue.in/content/priyanka-chopra-arrived-at-the-victorias-secret-show-in-her-signature-nude-glam-and-long-locks,Priyanka Chopra arrived at the Victoria's Secret show in her signature nude glam and long locks,"No one does classic glam, quite like PC",Kejhal Kalra,2023-09-08T06:23:19.121Z,"After a four-year hiatus, Victoria's Secret hosted a reimagined version of its iconic fashion show (now called the ‘ She opted for a long, flowing hairstyle with As for her makeup, Chopra Jonas showcased her makeup expertise with a well-balanced palette. She chose a fresh and radiant peach-toned makeup palette that complemented her skin tone exquisitely. Her eyes were the focal point of her makeup, with soft, Makeup artist Benjamin Puckey's choice of brown-hued lipstick with a generous swirl of blush created a healthy and Priyanka Chopra Jonas left a lasting impression with her attention to detail. Celebrity nail artist Pattie Yankee created a dramatic deep French manicure in black, all in ","https://assets.vogue.in/photos/64fabcc6378fab31184baeac/16:9/w_1280,c_limit/Snapinsta.app_376642104_18387623734028692_8482966317188838367_n_1080.jpg"
"Feb 07, 2026 @ 23:24:50.068",9fd0ddc74c7bdbcbd32fdecf33786984,https://www.vogue.in/content/janhvi-kapoor-in-a-golden-kanchipuram-silk-sari-stands-as-the-quintessential-festive-look,Janhvi Kapoor in a golden Kanchipuram silk sari stands as the quintessential festive look,"In Kapoor's collection, golden saris consistently steals the spotlight.",Vogue India,2024-01-13T02:30:00.000Z,"A peek into Janhvi Kapoor's wardrobe reveals her enduring love for Consistency is key for Kapoor in her makeup choices, as she continues to follow the ' Turning the focus to a subtle minimalist approach, many celebrities are gravitating towards this trend. Despite the popularity of ","https://assets.vogue.in/photos/65a0e298016393985a033fd8/16:9/w_1280,c_limit/Snapinsta.app_415998302_18405912274006330_5168793196915324834_n_1080.jpg"
"Feb 07, 2026 @ 23:24:51.248",b7d9cd7a4faa23ac0a5d506fe280e194,https://www.vogue.in/gallery/this-designer-bride-turned-her-wedding-into-an-immersive-art-experience,This designer bride turned her wedding into an immersive art experience,"Niomi Shah and Kushal Dagli’s two-day weekend transformed a golf course into a space of colour, couture and unhurried moments",Palak Godara,2026-02-05T09:22:59.098Z,,"https://assets.vogue.in/photos/69845b3de302e7a4c67a0efd/16:9/w_1280,c_limit/33.jpg"
"Feb 07, 2026 @ 23:24:52.521",a2665a4a7c9a21f77618bd52cffdfbdd,https://www.vogue.in/promotion/inside-real-weddings-a-photographers-guide-to-capturing-intimate-celebrations,Inside real weddings: A photographer’s guide to capturing intimate celebrations,"From shared laughter to candid, intimate moments, Fourfold Pictures brings every wedding emotion to life behind the lens",Shubhangi Jindal ,2026-02-04T10:56:55.304Z,"Couples are reclaiming their wedding stories and prioritising emotion and authenticity over perfection. Rather than putting on a spectacle, the focus is on intimate and meaningful interactions with loved ones, with photographs becoming the ultimate keepsakes. That’s why picking the right wedding photographer is an essential part of planning your big day. Mumbai-based wedding photographer duo Gaurav and Priyanka Shukla came together to capture candid memories. Co-founders of Fourfold Pictures, they have a knack for anticipating pivotal moments, with honesty in storytelling being paramount to their work. Over time, Gaurav and Priyanka have built a brand that attracts couples seeking intention, aesthetic depth, and a distinct visual identity. Notably, A-listers such as actors Parineeti Chopra and Aadar Jain, singer Prakriti Kakar, and content creator Aaliyah Kashyap, among others, are part of their repertoire. While editorial sophistication defines their portfolio, the heart of Fourfold Pictures is rooted in human connection. From intimate ceremonies to grand celebrations, the brand is dedicated to creating enduring visual stories—memories couples can revisit for years to come. The photographers share their insights on capturing intimate nuptials, understanding what modern couples value most, and remembering what truly matters once the camera starts rolling. “We begin by understanding emotion before aesthetics,” says the duo. Every wedding starts with an internal mood board—light, texture, rhythm, restraint. The final gallery is edited with a fashion sensibility and a storyteller’s heart: timeless, not trend-led. Intimate weddings allow for emotional closeness. With fewer people, the energy shifts inward. The focus shifts from spectacle to presence, nuance, and genuine human connection. Each wedding has its own visual language. Sometimes the destination exists as a subtle backdrop; other times it becomes a character within the story. “We let the location influence colour, light, and mood—never overpowering the couple themselves,” mentions the duo. Intimacy creates space for stillness. “We look for the moments in between moments—glances, silences, and gentle gestures. Those details often carry the deepest emotion,” the duo reflects. Trust comes with intention and discretion. “We work unobtrusively, allowing couples to remain fully present. When they feel unobserved, authenticity emerges naturally,” shares the duo. Culture shapes rhythm and expression. “We respond by adapting my pace and framing—honouring tradition while maintaining an editorial lens that feels contemporary and refined,” says the duo. Think beyond simply capturing moments. Focus on how you want the day to feel. When emotion leads, the images naturally become aesthetically meaningful. Intimate weddings are often mistaken for being simpler, but in reality, they’re emotionally layered and visually sophisticated. They allow for more intentional storytelling, editorial-style portraits, and visionary experiences that are often harder to achieve in larger celebrations. “A quiet pause shared between the couple, away from the ceremony and guests. No performance—just presence. These are the moments that linger long after the wedding ends,” Gaurav concludes. ","https://assets.vogue.in/photos/6982dd3c68fb278cbb688c1c/16:9/w_1280,c_limit/Screenshot%202026-02-04%20at%2011.15.55%E2%80%AFAM.png"
"Feb 07, 2026 @ 23:24:53.866",efbb2a595e63b928b9fc8dd67867c473,https://www.vogue.in/gallery/this-couples-wedding-brought-together-gujarati-and-odia-customs-rituals-and-flavours,"This couple's wedding brought together Parsi and Hindu customs, rituals and flavours",Shiksha Dhawan and Palaash Tarapore hosted a multi-day wedding across venues in the bride’s hometown,Sara Hussain,2026-02-03T13:46:55.712Z,,"https://assets.vogue.in/photos/6981faff934f351f3c7eeade/16:9/w_1280,c_limit/R6__2920.jpg"
"Feb 07, 2026 @ 23:24:55.122",e820aa81b700e671105639df332aa4e5,https://www.vogue.in/gallery/a-telugu-punjabi-wedding-in-melbourne-where-the-rain-only-added-to-the-celebrations,A Telugu-Punjabi wedding in Melbourne where the rain only added to the celebrations,Tanvir Bhatti and Amulya Manchukonda’s journey from chance encounters to heartfelt vows blossomed in a North-South celebration,Palak Godara,2026-02-01T11:19:02.049Z,,"https://assets.vogue.in/photos/697f325157d39438cf37ae1a/16:9/w_1280,c_limit/A&T%20(844)_websize.jpg"
"Feb 07, 2026 @ 23:24:56.342",740a46d964c0179574fe1c74be0adecb,https://www.vogue.in/gallery/prakriti-kakar-and-vinay-anands-intimate-wedding-in-rajasthan-had-just-30-guests,Prakriti Kakar and Vinay Anand's intimate wedding in Rajasthan had just 30 guests,"Singer-songwriter Prakriti Karkar's wedding to entrepreneur Vinay Anand came to a close in Mumbai, the city where the couple first met",Thea Mulchandani,2026-01-31T11:30:00.000Z,,"https://assets.vogue.in/photos/697d701d515ccfb2ec33ee2d/16:9/w_1280,c_limit/PV-46.jpeg"
"Feb 07, 2026 @ 23:24:57.576",0cba121408196040ca851114c7b4c967,https://www.vogue.in/content/content/tips-for-buying-an-engagement-ring,19 tips for buying an engagement ring,"Wondering how to buy the perfect engagement ring? Discover the best tips for where to shop, ways to save and how to pick an engagement ring your partner will love","Alexandra Macon,Nicole Kliest,Anna Grace Lee",2026-01-30T15:23:15.033Z,"In the grand scheme of life purchases, an No matter what you’re working with, there are many aspects to consider on your ring-buying journey, especially if you’re starting from scratch with little or no jewellery knowledge. From the setting to the metal to the stone, the process of selecting an engagement ring involves an array of choices. Aside from the less exciting (but important) elements of getting jewellery insurance or secretly ascertaining your partner’s ring size, there is plenty of room for creativity and romance in the experience. Ahead, our guide to the entire process. An engagement ring should be a timeless, classic symbol of your love that will last forever, so the goal should be to find the stone that is the perfect match for your future fiancée. “Trends can offer great inspiration, but authenticity is paramount,” designer Mia Moross says, who points to bold investment pieces such as coloured Look at their current jewellery to see what would best suit their style. Are they a While some element of surprise is preferred for couples, if it’s possible to involve your partner, Moross says that’s ideal. “Even if they’ve said they want a surprise, ask them to share three styles or If you’d rather keep the ring selection a complete surprise, there are still ways to ascertain what kind of ring your partner will love. “Pay attention to what they’ve been browsing, and think beyond In addition to examining how a stone looks with your naked eye, Go big or go home shouldn’t be the mantra, unless you think it’s the most important thing to your future spouse. In that case, weigh your options. Perhaps placing more of an emphasis on size and less on colour and clarity is worth considering. Even those in the jewellery industry have noticed this trend. “I think there’s less pressure to have a showy ring now,” Jess Hannah, the founder of Los Angeles–based jewellery line J Hannah says. “Now, the ring is more of an extension of someone’s personal style, and sometimes that means intentionally opting out of ‘bling’ and According to Page Neal, jewellery designer and co-founder of Bario Neal, clients appreciate jewellery with backstories—especially when those backstories involve high-quality, If diamonds are the chosen stone for your ring, take a step further to decide how you'll want to source the gem, as the debate about mined After you’ve fallen in love with a stone, the next step is figuring out what to put around it. “My fiancée collaborated with one of my best friends, Montana Coady, to design my ring,” explains wedding stylist Cynthia Smith of Cynthia Cook Brides. “Her advice was to think of the center stone as a piece of artwork and the setting as the It’s becoming more common for women to eschew diamonds and traditional settings entirely and opt for something unique and unexpected. “People are yearning for something different. They want a ring that feels ‘fashion’ and relevant, but also timeless—not basic, boring, or predictable,"" Azlee designer Baylee Zwart says. ""They come to us for a ring that’s unusual but still clean and sleek so it won’t go out of One route is a colourful, non-diamond centre stone. “Historically, colored gemstones were actually the original choice for engagement rings,” Moross shares, nodding to “Custom feels more special than just walking into a store and picking something,” Hannah explains. “Generally speaking, a lot of people now want something that walks the line between vintage and modern. It’s not so much about a big diamond anymore—they want quality over size, or a unique shape, like a rose cut. And a lot of people are ditching diamonds altogether. I made a really beautiful ring with If you decide to go the custom route, Moross suggests leaving about six to eight weeks for the process. “The biggest factor is sourcing the perfect stone, which sets the entire “I’ve heard this a lot, and it’s such a specific thing, but people come to me and they’re like, ‘I want a ring that feels like I found it, and it exists for me alone,’” says Anna Pierce, a New York-based jewellery designer and artist. Pierce’s brand draws inspiration from poesy rings, a style of ring that dates back to medieval times, which were bands with inscriptions on the inside—secret messages of love and devotion. If you’re looking for ideas for how to make a custom Hand-engraving, which is a core element of Pierce’s work, is also a good way to create an engagement ring that feels truly personal to the wearer. Pierce has designed rings with engravings of letters, monograms, phrases in a loved one’s handwriting, and more. “Engraving is a really seamless way of marking [the ring] with your own story,” she says. Plus, hand-engraving seems to be having a moment (see: Traditionally, fiancèes receive an engagement ring at the Engagement ring shopping can be a daunting task—get by with a little help from your friends. Ask those who’ve gotten engaged for jeweller recommendations and call upon someone who knows you and your future spouse and whose taste you respect. Nine times out of ten the person you’re buying for has an idea of what they want in their head and may have expressed it to said friend (or added to a Pinterest board). That friend will know exactly what your soon-to-be-fiancée will want, whether it's a cushion-cut diamond with a halo setting or a With the help of a family member, sibling, or trusted confidant, find your fiancée’s correct Unlike the matrimonial commitment you’re hoping to make, try to avoid entering into a binding agreement with the jeweller when you buy a ring. Worst-case scenario, if your intended hates what you’ve come up with, you should be able to exchange it for something else. You want your future spouse to love both you and the jewellery you buy forever. For the fiancées who fiddle with their hand jewellery, who often misplace their personal items, and who may have a job that requires them to remove their ring—this one’s for you. No one likes to think about the possibility of losing such a meaningful piece of jewellery, but sometimes it’s inevitable. Engagement ring insurance is exactly what it sounds like: financial protection that can cover replacement, repairs, or cost reimbursement for your ring. Although it’s not the most romantic aspect of this process, it’s equally vital to consider. During the Depression, in a campaign that would’ve made Don Draper proud, De Beers’s advertising geniuses started running an ad pushing men to spend one month’s salary on a ring if they wanted to be “responsible.” By the 1980s, it jumped up to two months. These days, the rule of thumb that’s often referenced is that one should fork over at least three months’ salary when purchasing this piece of forever jewellery. This is all just clever marketing and has nothing to do with how to buy an engagement ring. The truth is, there’s no exact science when it comes to how much to spend on an engagement ring, and some people prefer smaller, less Remember the night before a big project, when you’d have to ask a parent to drive you to the craft store to get a poster board? This should be nothing like that—this is no procrastinator’s endeavour. Finding or creating the perfect engagement ring means putting a lot of time into the process. Every step takes care and consideration—and while you want your fiancée to adore her ring, you want to make sure you aren’t rushed along the way. ","https://assets.vogue.in/photos/697ccc2d6dd028ed477dd07d/16:9/w_1280,c_limit/SnapInsta.to_434728986_2189084318104020_1163794025395299511_n.jpg"
"Feb 07, 2026 @ 23:24:59.154",72b0da200b09638c99080b8bdf33f89b,https://www.vogue.in/gallery/these-high-school-sweethearts-had-two-mini-baraats-at-their-indo-guyanese-wedding,These high school sweethearts had two mini baraats at their Indo-Guyanese wedding,Felica Zikria and Sachin Mahashabde brought fifteen years of shared history into a wedding weekend,Sara Hussain,2026-01-28T17:49:08.896Z,,"https://assets.vogue.in/photos/697a499b30a3739d542f18c0/16:9/w_1280,c_limit/CCM09238_websize.jpg"
"Feb 07, 2026 @ 23:25:00.470",36d298cd6e5263821f8f72b113893e1a,https://www.vogue.in/gallery/this-hindu-jewish-wedding-in-mumbai-gave-each-tradition-its-own-space,This Hindu-Jewish wedding in Mumbai gave each tradition its own space,"From a customised wedding newspaper to interactive mehendi stations, Tanisha Narang and Noah London's wedding was built around detail and pacing",Palak Godara,2026-01-25T07:00:00.000Z,,"https://assets.vogue.in/photos/6973a239ce4b5b428308ad86/16:9/w_1280,c_limit/NoahTanishaDay2-505.jpg"
"Feb 07, 2026 @ 23:25:01.903",d2bb689f5e9319f508873a60740839bb,https://www.vogue.in/gallery/this-wedding-in-new-delhi-was-a-beautiful-blend-of-punjabi-and-kashmiri-pandit-traditions,This wedding in New Delhi was a beautiful blend of Punjabi and Kashmiri Pandit traditions,Asna Oberoi and Vedant Jailkhani’s wedding brought together family-led rituals and personalised elements,Sara Hussain,2026-01-22T13:33:46.817Z,,"https://assets.vogue.in/photos/6972206fedcb5d594425c780/16:9/w_1280,c_limit/IMG_6534.jpg"
"Feb 07, 2026 @ 23:25:03.263",ac68c2c05290fe37fba5d48edf8fd6f1,https://www.vogue.in/content/this-delhi-couples-story-is-the-perfect-example-of-the-invisible-string-theory,This Delhi couple’s story is the perfect example of the invisible string theory,"How Pavani Nagpal and Karan Chhabra’s parallel lives, chance meeting and artistic wedding came together in a story of serendipity",Vaidehi Joshi ,2026-01-22T12:09:17.720Z,"Fate works in mysterious ways, bringing together two people who are meant to be with each other. East Asian folklore refers to this phenomenon as the ‘red thread of fate’ or, as popular culture describes it, the invisible string theory. A large part of content today, from books to movies, is inspired by this whimsical bit of folklore. It depicts two people crossing paths through time and distance, never quite pausing, until one destined moment of clarity (a meet-cute, for all you rom-com enthusiasts) brings them together. Bringing this fictional belief to life is the story of Pavani Nagpal and Karan Chhabra. Nagpal, a visual artist, and Chhabra, a tech professional, studied in the same school and later also went to the same university, walking the corridors and complaining about their teachers. But their paths never crossed. Years passed and Nagpal founded her own art studio, Pavsarts Art Studio, while Chhabra became the CEO of Acefone, a business communications company. Until they finally met in what would seem like a scene right out of a romantic movie, at a party, where Nagpal accidentally spilled a drink on Chhabra. Chhabra, like the ever-charming male lead, joked that he deserved a discount on one of Nagpal’s paintings. “And that single moment changed everything,” the visual artist tells us. Fate had set the dice rolling. The couple began dating, got engaged and were married, all within a year. Their wedding celebrations were a blend of art, heritage, couture and the magic of two people finding their way to each other. Unfolding slowly over a month, each celebration reflected a different emotion, from devotion to joy. Starting the wedding ceremonies on an auspicious note, the couple organised a mata ki chowki. Bathed in shades of red and enhanced by two of the bride’s paintings, the decor made the space look like a film set. Matching the Indian classical sensibilities, the bride wore a Sabyasachi ensemble while the groom adorned a custom lakhnawi kurta set. A few weeks after that, the pair got engaged in a joyous ceremony filled with song, dance and laughter. The venue was decorated elegantly, inspired by a painting Nagpal had made just before meeting Chhabra. “My painting manifested him in my life,” the bride exclaimed. She donned another beautiful Sabyasachi outfit for the ceremony while the groom complemented her in a timeless Rohit Bal outfit. The mehendi was a deeply personal affair for Nagpal, as she hosted it at Pavsarts Art Studio, her own space, surrounded by colours, canvases and her work. “It felt like my journey as an artist and my journey in love were coming together in the same space,” she said. Wearing Anamika Khanna and Manish Malhotra, the bride and groom fit into the venue just right, looking like they’d walked straight out of one of Nagpal’s paintings. The mehendi night was followed by a floral haldi morning at The Leela Palace, Chanakyapuri. The couple and their wedding guests played phoolon ki haldi, a ritual where, along with the traditional turmeric, fragrant flowers are also used. A highlight of the event was when the usually calm and composed Chhabra surprised everyone with an energetic performance. The bride looked radiant in a bright pink Shobhika Bhandari saree while the groom matched her, wearing a pastel pink Rohit Bal ensemble. The bright and cold morning of November eight marked the couple’s wedding day. It was a traditional and emotional celebration, less about spectacle and more about the couple beginning their new life together. In royal Sabyasachi and Rohit Bal ensembles, the couple looked radiant with happiness and love, surrounded by near and dear ones. What began as parallel lives eventually became a shared one, guided by timing, chance and perhaps a little bit of destiny. Two people, once strangers walking the same corridors, were unknowingly tethered by an invisible string, until fate finally pulled them together into a moment and led them to a lifetime of companionship. ","https://assets.vogue.in/photos/696e06174317d8592783fd17/16:9/w_1280,c_limit/Screenshot%202026-01-19%20at%203.52.54%E2%80%AFPM.png"
"Feb 07, 2026 @ 23:25:04.562",7b3903d8a87fab145c67c97d4150591a,https://www.vogue.in/content/i-wear-it-on-my-middle-finger-inside-the-booming-market-for-divorce-rings,“I wear it on my middle finger”: Inside the booming market for divorce rings,"“I’m complimented on it surprisingly often, which always makes me smile. Not because of what it represents to anyone else, but because it reminds me that I trusted myself when it mattered""",Laura Hawkins,2026-01-21T17:30:34.053Z,"Peer through the window of Annoushka Ducas’s London boutique in the evening, and you might spy women poring over diamonds and sipping champagne. But they aren’t congregating to peruse engagement rings or push presents, they’re toasting the signing of Ducas is just one of a host of jewellers responding to the growing appetite for divorce rings, fuelled in part by the sizeable jewels sported by A-listers after they’ve signed on the dotted line to singledom. Take Emily Ratajkowski, who back in March 2024, commemorated her divorce from her husband of two years, Sebastian Bear-McClard, with two platinum and 18-carat rings designed by Alison Lou, which incorporated the pear-shaped and princess-cut diamonds from her In January, original power stylist and newly inaugurated Real Housewife Rachel Zoe marked her split from her husband of over 20 years, Rodger Berman, with a jaw-dropping three-stone divorce ring designed by Ring Concierge, which transformed the huge cushion-cut diamond of her halo engagement ring. Elsewhere, celebrity dermatologist Barbara Sturm commissioned her Jessica McCormack divorce ring before her separation from husband Adam Waldman had even been finalised. “Once you’ve made the decision, you’re already there, even if the paperwork isn’t through,” she says. Posting the final creation on Instagram in October 2025–a chunky twisted gold ring with a pear-shaped diamond–she namechecked EmRata as her inspiration. Unsurprisingly, East London jeweller Rachel Boston–who says she has been working on divorce ring commissions for the last four years–has found her clients clamouring for bespoke designs that look anything but traditionally “bridal”. “Clients are gravitating towards pieces that feel more grounded and everyday, like chunky bands, sculptural settings, and designs that can be worn as part of a daily uniform,” she explains. “Signet style rings and wide gold bands are popular.” Chelsea-based jeweller Jessie Thomas agrees. “We see a lot of chunky yellow and white gold pieces, with heavy settings and large stones.” Tania and Dima Nawbar, of fourth-generation Beirut-based jeweller Atelier Nawbar, also note the same affinity for the oversized. A recent divorce ring commission saw the central diamond and halo stones from a wedding and engagement ring transformed into a pebble-like cocktail ring, shimmering with bezel-set diamonds. “I hadn’t expected how often I’d absently reach for my wedding rings without thinking, or how their absence would become an unwanted reminder of the struggle I was going through,” says 32-year-old Madeleine Phillips. The East Sussex-based marketing director commissioned a divorce ring three months after her separation was finalised. “I didn’t want to repurpose my wedding or engagement rings. At that point they felt too emotionally loaded, and looking back, I’m glad I didn’t try and bring a piece of my past into the present. I wanted something symbolic, that felt very intentional, but it needed to be new.” Working with an online jeweller, Phillips commissioned a yellow gold ring set with baguette-cut “deliberately defiant” black diamonds. “It has 11 stones, one for each year we were together. That wasn’t something I set out to do, but once I saw it, the choice felt precise, rather than sentimental.” Phillips initially wore her divorce ring on her ring finger, before having it resized to fit her middle one. “That progression was always part of the plan I had for it, and the way the ring has evolved with me feels part of its story.” Lylie’s Eliza Walters has also noted commissions for rings designed to be worn on the middle finger, like chunky Etruscan-inspired settings, “intentionally removing any visual or symbolic association with a traditional engagement ring”. Barbara Sturm also designed her ring to sit on the middle of her hand. “But my 11-year-old daughter, Pepper, told me it looked cooler on my index finger,” she says, smiling. Twice-divorced Victoria Comstock-Kershaw, an art critic, continues to wear both of her engagement rings stacked on her ring finger. “I’ve kept wearing after the divorce, which I’m told is absolutely insane, but my logic was: I liked them enough at the time, and I continue to trust my taste in jewellery more than I trust my taste in men,” she says. At her weddings, the 27-year-old had exchanged vows with rings she already owned: choosing first a green tourmaline and silver ring gifted to her by her grandmother, and then a diamond and lilac sapphire band from a now-defunct jeweller in Burlington Arcade that was originally a 21st birthday present to her mother, who gave it to her daughter when she turned 21. “Aesthetically I find them immensely satisfying (I often get my nails done to match the first one),” she says. “Socially, they are simultaneously a good deterrent to flash at flirters (‘sorry, married!’) and a great conversation starter with anybody who compliments them (‘what do you mean your It doesn’t have to be a ring, either. Barbara Sturm repurposed two small pear-shaped diamonds from her original engagement ring into earrings, while Annoushka and Rachel Boston have had enquiries into pendant necklaces. “Divorce has a way of unsettling your sense of self. Change was going to be uncomfortable regardless, so I chose to mark it on my own terms, with a reminder of the version of me who chose decisiveness over doubt, at a point when that really mattered,” says Phillips. “Now, my ring feels more about confidence than recovery. I’m complimented on it surprisingly often, which always makes me smile. Not because of what it represents to anyone else, but because it reminds me that I trusted myself when it mattered.” ","https://assets.vogue.in/photos/697107298ad1a6179e4791d4/16:9/w_1280,c_limit/Emily%201.jpg"
"Feb 07, 2026 @ 23:25:05.848",2f761b0b6a08abe93ea1e25090a0f346,https://www.vogue.in/gallery/this-hindu-sikh-wedding-in-bali-featured-live-painters-a-fire-paan-station-and-a-maybach-getaway,"This Hindu-Sikh wedding in Bali featured live painters, a fire paan station and a Maybach getaway","Harman Dev and Nikhil Sabharwal built a wedding shaped by long friendships, family jokes and a fondness for theatrical details that still felt distinctly their own",Thea Mulchandani,2026-01-20T12:55:41.643Z,,"https://assets.vogue.in/photos/696f5894fa059dcd81829177/16:9/w_1280,c_limit/HN%20-%2042.jpg"
"Feb 07, 2026 @ 23:25:07.281",236e5ec6bebb1e5c54385fe948368b0f,https://www.vogue.in/gallery/exclusive-inside-nidhi-sunil-and-noah-katz-appels-wedding-in-kerala,EXCLUSIVE: Inside Nidhi Sunil and Noah Katz-Appel’s wedding in Kerala,"A multi-day celebration shaped by cultural continuity, considered fashion and the slow rhythms of Kerala",Sara Hussain,2026-01-18T06:30:00.000Z,,"https://assets.vogue.in/photos/696b80e067e8484b017d8fb0/16:9/w_1280,c_limit/DSC02850_1.jpg"
"Feb 07, 2026 @ 23:25:08.667",412f7d344c8459a289fdd0a20e4bca83,https://www.vogue.in/gallery/a-wedding-in-marrakech-shaped-by-fashion-music-and-a-lot-of-happy-accidents,"A wedding in Marrakech shaped by fashion, music and a lot of happy accidents","For Rhea Kapoor and Guntash Grewal, their wedding became a carefully paced weekend where performances, rituals and personal details were given equal weight",Sara Hussain,2026-01-15T07:10:45.832Z,,"https://assets.vogue.in/photos/69688acfa7b8b6ceb9d2d2fd/16:9/w_1280,c_limit/IMG_5275.JPG"
"Feb 07, 2026 @ 23:25:09.865",59a31dee5a7c6da909f92743984debfe,https://www.vogue.in/content/wedding-guest-style-inspiration-from-alia-bhatt-ananya-panday-and-more,"From Ananya Panday to Alia Bhatt and more, here's the only wedding guest style inspiration you need","Looks designed to move, photograph and celebrate beautifully",Vogue Staff,2026-01-14T08:15:20.472Z,"Indian weddings are as much about atmosphere as they are about attire. From sunlit For the modern wedding guest, dressing has moved far beyond the era of cumbersome saris and heavy lehengas that make movement and comfort near impossible. Taking over are This wedding season, it was texture and craftsmanship that truly set looks apart. Sheer Versatility, too, became central to occasion dressing. Ananya Panday elevated a classic sharara with an embellished jacket by Arpit Mehta, Alia Bhatt layered a kali kurti over a lungi-style sarong in a romantic Abu Jani Sandeep Khosla moment and Accessories and beauty choices followed the same philosophy— The new rules of wedding guest styles are refreshingly simple: prioritise comfort, lean into texture and let craftsmanship do the talking. Whether it’s an embellished blouse, an embroidered gown or a silky sari, the most memorable looks are those that feel entirely your own. ","https://assets.vogue.in/photos/694b71bb5563766dfa62efa5/16:9/w_1280,c_limit/@ananyapanday%20in%20@arpitamehtaofficial,%20where%20mirror%20work%20meets%20oversized%20tailoring!%20Styled%20by%20@s.jpg"
"Feb 07, 2026 @ 23:25:11.390",351311094cc6b4c792e3b2089c49a7b1,https://www.vogue.in/gallery/this-wedding-in-rajasthan-blended-bengali-and-punjabi-traditions-inside-a-14th-century-fort,This wedding in Rajasthan blended Bengali and Punjabi traditions inside a 14th-century fort,Snigdha Sur and Neil Arora’s 66-person celebration traced their shared histories and emotional return to the land their families once left behind,Sara Hussain,2026-01-13T11:14:52.614Z,,"https://assets.vogue.in/photos/696622405e4ea4a0fb5b48cd/16:9/w_1280,c_limit/LONU1905.jpg"
"Feb 07, 2026 @ 23:25:12.709",a5707177ab97446a48d947fd6f70db72,https://www.vogue.in/gallery/a-wedding-in-bali-that-brought-sikh-rituals-together-with-global-menus-and-local-tradition,A wedding in Bali that brought Sikh rituals together with global menus and local tradition,Jaskaren Randhawa and Francis Yu brought loved ones from across continents to Bali for a four-day celebration,Sara Hussain,2026-01-11T05:30:00.000Z,,"https://assets.vogue.in/photos/69624827909e7de0b41ba2e9/16:9/w_1280,c_limit/2923-CY8A6538_websize.jpg"
"Feb 07, 2026 @ 23:25:14.029",27c270fe515006756a2f4e6e5515a762,https://www.vogue.in/gallery/a-wedding-in-dubai-shaped-by-old-family-ties-beloved-pets-and-a-mcdonalds-finale,"A wedding in Dubai shaped by old family ties, beloved pets and a McDonald’s finale","Pallavi Melwani and Karan Mulani’s celebrations across three locations blended heartfelt vows, curated ensembles and a love story built on decades of family ties",Palak Godara,2026-01-09T11:02:48.576Z,,"https://assets.vogue.in/photos/6960d91d28120f6722a0a530/16:9/w_1280,c_limit/PK-95.jpg"
"Feb 07, 2026 @ 23:25:15.222",39b0e5cd72f901be562dcc58809c03b0,https://www.vogue.in/gallery/an-intimate-wedding-in-kalimpong-that-unfolded-across-hills-heritage-homes-and-family-rituals,"An intimate wedding in Kalimpong that unfolded across hills, heritage homes and family rituals",Sumiran Chettri and Prakrit Rai's four-day celebration began in the bride's hometown and concluded in the groom's,Thea Mulchandani,2026-01-07T10:31:58.630Z,,"https://assets.vogue.in/photos/695ce89fd3407ebcade22cbd/16:9/w_1280,c_limit/IMG_5892_.jpg"
"Feb 07, 2026 @ 23:25:16.472",da40717722f9d292389d5ca1ea218074,https://www.vogue.in/promotion/colleagues-to-coupledom-how-this-couple-went-from-co-workers-to-wedding-vows-without-a-kerfuffle,Colleagues to coupledom: How this couple went from co-workers to wedding vows without a kerfuffle,"Andrea Kurunathan and Prem Anand Umapathy share a business, workplace and most waking hours. Here’s how planning their wedding revealed why they work so well together",Vaidehi Joshi ,2026-01-06T09:06:42.966Z,"For Andrea Kurunathan and Prem Anand Umapathy, love was never rushed. It unfolded slowly, shaped by friendship, shared ambition, humour and years of perseverance. Kurunathan, an aesthetic physician, and Umapathy, a civil engineer and interior designer, met through mutual friends when they were 18 and 22. They were polar opposites, and their first impressions of each other weren’t promising—no one would have guessed that the couple would go on to run a successful business together, let alone turn that partnership into a marriage that began with exchanging vows by the sea in Phuket. So how did the couple find themselves in a South Indian wedding in Thailand? Through years of friendship—supporting one another through educational endeavours, career uncertainty and major life decisions—Kurunathan fell for Umapathy’s humour and calm steadiness, while Umapathy admired her drive and clarity. Before tying the knot, the pair built a life together, navigating pressure, differences and ambition. They co-founded Luxury Derm Clinic, a luxury aesthetic clinic in Chennai, learning each other’s rhythms and accepting that being opposites did not mean being incompatible. So when it came time to plan a multi-city, deeply personal wedding, they approached it the same way they approach everything else: with intention, defined roles and very little ego. Here’s how they did it while enjoying the process of planning a wedding instead of letting it stress them out. One of the most important reasons the couple work well together is their existing partnership. It made the process of planning the wedding easier—they already knew how decisions were made, who would lead where, and when to step back. “We approached the wedding the same way we approach building our business. We have always known that we are better together than alone, and that belief shapes everything we build,” shared the bride. “We divided responsibilities instinctively, based on what each of us enjoys and does best,” Umapathy explained. The bride took charge of the aesthetics, storytelling and creative direction, while the groom supported her vision through precise execution, drawing on his technical expertise. From a floral mehendi sundowner to a traditional South Indian wedding in Phuket, (a location deeply personal to the couple) every ceremony was Kurunathan’s brainchild, brought to life through Umapathy’s engineering precision. For two people so different in temperament, disagreements were inevitable, but they rarely turned personal. “We understand each other’s strengths and give each other a lot of space. We do not step into each other’s territory unless help is needed. When it is, we show up fully. That balance is what keeps things easy between us,” said Kurunathan. There were no major disagreements, only a few light-hearted ones. Kurunathan wanted to be the loud, proud Indian bride with elaborate outfits and wedding dances, while the shy and reserved Umapathy wasn’t comfortable with all the attention. In the end, the groom surprised everyone on the dance floor and delivered a wedding speech that had guests in stitches. Kurunathan’s looks—from a blue floral Ariyali lehenga by Mrunalini Rao at the mehendi to a classic red-and-gold Kanchipuram silk saree for the wedding—were striking designer outfits. On the other hand, Umapathy chose refined, understated ensembles, staying true to himself while still complementing the bride. After watching the couple build a successful business together, their families trusted their clarity and vision. While family members played a central role in shaping the wedding, final decisions always rested with the bride and groom. “Everyone respected each other’s space, and we were all more focused on fine-tuning and shaping ideas rather than controlling them. It became a very collaborative process. It was not a wedding run for us; it was a wedding built by us, with family standing firmly behind us,” the groom explained. In the end, it’s about knowing whose vision to trust, building something together, and leaving ego out of the equation. And that, perhaps, is what made the Kurunathan-Umapathy wedding truly special. ","https://assets.vogue.in/photos/6954e113945dad105c111331/16:9/w_1280,c_limit/29fdf514-73f5-44b0-8db4-2610ec1213a2.jpg"
"Feb 07, 2026 @ 23:25:17.667",31316c60ed2923fb006a043146ac1b5d,https://www.vogue.in/content/how-to-do-wedding-season-in-india-as-someone-whose-wedding-got-cancelled,4 almost-brides tell us how they braved wedding season in India after their weddings were called off,"Spill the tea, but don’t be tacky",Sonali Kokra,2026-01-04T04:30:00.000Z,"Congratulations to us all. We’re halfway through wedding season in India. We’ve braved nuptials we were invited to and reluctantly attended, as well as those we watched unfold on But, let’s admit it, the most You know the ones: the blended WhatsApp wedding group suddenly goes eerily silent. Soon enough, private chats are ablaze with gleeful/glum I-knew-its, followed by Now imagine being the unwilling heroine perched at the centre of the expensive operatic mess that is a cancelled wedding. Or its polite cousin, the indefinitely impending nuptials. And imagine enduring a These four women survived the carnage to give us a definitive ‘how to’ guide: how to prep for the chaos, how to commiserate without being cloying, how to be a girl’s girl even while dishing the dirt. It’s going to hurt to see people get married on or around your wedding day, even if you’re the one who ended things. Preparing for pain somewhat inures you against it. If you’re attending weddings around the time you were meant to be married, it’s quite likely that you’ll be the topic of conversation or even subjected to outright intrusiveness. If you can’t handle the side-eyes or gossip, don’t attend. If you do attend, don’t make a spectacle of yourself. Whatever you do, don’t be a drunken slob. There’s no moral or egotistical victory to be won by attending. I’d even recommend the high road and, if possible, let them know you won’t be there so they’re not walking on eggshells. Not everyone needs to know you did the leaving and why. If your ex feels the need to save face by making you the jilted instead of the jiltee, allow them this small grace. There might be occasions when your friends will feel like they need to defend your honour out of loyalty. Tell them exactly what and how much is okay to share, so they’re spared the mental gymnastics. If you’re the friend who has to establish that your bestie isn’t, in fact, an irredeemable villain, stick to the approved script no matter how much you’re itching to set the record straight. …but it’s not okay to be guillotined for acting in your best interests. A polite-but-firm “moving on” to change topics is perfectly acceptable when Detective Do-Gooder decides to make your business their business. Travel. Sit this wedding season out, regardless of whose wedding you’re missing. If your wedding’s been called off because you cheated, there’s no way the sordid details haven’t made the rounds. …and that none of it will be kind to you, a lot of it will reach you. When that happens, keep your crashouts (there will be many) private. When the invariable “But what the hell happened?” question rolls around, don’t lie, don’t try to justify, don’t try to play the victim. Even if you think you had reasons for cheating, keep them to yourself. “I made a mistake” is a perfectly adequate comment. Even if you’re in a relationship with them now, the wedding season is not the time to go official. Seeming too gleeful will make you come off as petty and crass. Do the decent thing and pretend to feel bad. Bitterness is aggressively unappealing at weddings, even for a bride-that-wasn’t. It might be economical, but it’s also pathetic and cartoonish. If you can’t be civil in public, don’t attend weddings together. Be very careful about what you say. Families have a way of magically resolving issues overnight (or, better still, pretending they never existed at all). They might forgive each other, but they won’t forgive you. It’s just going to make you sound pitiful and prolong the cycle of misery. “We’ll let you know when we have a date” is sufficient engagement with self-appointed town criers. Don’t run around declaring the time of death on the couple. You don’t want to be the friend who had no faith if the wedding actually gets resuscitated. ","https://assets.vogue.in/photos/6958047569997f66fc9cd6a8/16:9/w_1280,c_limit/Saiyaara.jpeg"
"Feb 07, 2026 @ 23:25:18.923",2d83f1efd7a4a2e55c03ccb765564079,https://www.vogue.in/gallery/a-multicultural-wedding-in-the-english-countryside-that-made-room-for-play-alongside-tradition,A multicultural wedding in the English countryside that made room for play alongside tradition,"Rishi V and Victoria May's wedding combined Gujarati rituals and a civil ceremony, shaped by thoughtful hosting and a weekend designed for participation",Sara Hussain,2026-01-04T04:00:00.000Z,,"https://assets.vogue.in/photos/69512c499135428ddf4d29af/16:9/w_1280,c_limit/Victoria%20%20(18).jpg"
"Feb 07, 2026 @ 23:25:20.269",6a51c2cee8d14ebbb014ac5d90deea3f,https://www.vogue.in/gallery/at-this-wedding-in-portugal-the-couple-exchanged-vows-out-of-sight,"At this wedding in Portugal, the couple exchanged vows out of sight","Tejas Kashyap and Aniqa Premjee planned a multi-day celebration to honour both their faiths, ending with a reception at a seaside fortress",Sara Hussain,2026-01-01T10:52:55.143Z,,"https://assets.vogue.in/photos/69564a5f50c9dd98901e261d/16:9/w_1280,c_limit/_JPC8302.jpg"
"Feb 07, 2026 @ 23:25:21.593",b92efa276a1b72bd8472f07325531abe,https://www.vogue.in/promotion/this-lakeside-wedding-in-chicago-was-filled-with-90s-nostalgia-a-blue-haldi-and-a-20-minute-fireworks-show,"This lakeside wedding in Chicago was filled with 90s nostalgia, a blue haldi and a 20-minute fireworks show","Across Delhi and Chicago, Ashima and Garv’s offbeat wedding stemmed from instinct, intention and pure heart",Sanjana Subramanian,2025-12-30T12:43:14.842Z,"It’s true what they say: fate works in the most magical ways. That’s exactly what brought Ashima and Garv together. While their love story began on a dating app, there were signs all along—shared circles, overlapping paths—that fate had been nudging them together from the start. It all began on Hinge, where they were matched twice, two years apart. Despite living in the same city, they’d somehow never crossed paths. And when they finally did, the pull between them was instant and oddly comforting. They laugh that this must be their third Ashima Batra Khurana, Founder & CEO of Blue Thread Brands (the powerhouse behind fashion brands Dorabi and Aamili), grew up in Gurgaon in a boisterous Punjabi family where discussions were loud, opinions louder and ambition a constant companion. Garv Khurana, an AI Architect with an instinct for innovation, comes from an easy-going family that thrives on joy and balance. They slipped into each other’s lives with a natural harmony, like two parallel journeys converging as they were meant to. Nearly a year after getting to know each other, Garv decided to pop the question. On March 29 2025, he took Ashima to The celebrations began in Delhi with a Bollywood-themed engagement. Running for 12 hours, the event had no stage, no formal performances, no pressure. Just guests mingling and dancing, followed by an impromptu performance that ended with the ring exchange. Ashima sparkled in an Ithr ensemble while Garv chose Divyam Mehta, both looks capturing the playful glamour of the evening. The couple chose Chicago for its family connection and the ability to blend luxury with nature. The Marriott Lincolnshire offered open landscapes, lakeside serenity, and the convenience of hosting all guests together—a setting that matched their vision of togetherness and ease. For the For their The wedding day at Marriott Lincolnshire was everything they had hoped for when they chose Chicago—open skies, calm waters, and the presence of close friends and family. The pheras took place by the lake as the light softened around them, creating a moment that was both simple and sacred. Ashima looked radiant in Varun Bahl, while Garv shone in Divyam Mehta. All of the outfits were styled by NDNY, a U.S.-based multi-designer store. For the finale, the sky erupted in a twenty-minute fireworks display—an unexpected spectacle in Chicago that’s usually reserved for the Fourth of July. The celebrations wound down the next morning with a celebratory brunch, the kind where people linger because they’re not quite ready for it all to end. SDS Studio remained behind the lens throughout, capturing the celebrations with a sensitivity that matched the spirit of the weekend. “As a destination wedding photographer, I witnessed Ashima and Garv's wedding unfold in a beautifully organic way—guided by emotion, light, and movement rather than staged moments. The celebrations were captured as they naturally evolved, with editorial bridal frames introduced sparingly and with intention. The result is a visual narrative that feels raw, refined, and timeless,” reflects Sabareesh. The guest list was intentionally small, which meant every face carried a story and every exchange held meaning. Chicago, with its mix of family roots and beauty, served as the natural backdrop for a wedding that felt intimate without being small and festive without ever losing its charm. “We believe the most beautiful weddings are led by emotion rather than excess, guided by a philosophy of understated luxury. This intimate Chicago celebration was thoughtfully planned around the couple’s story, allowing their love and quiet moments to take centre stage,” reflects Sidharth Mahajan, Founder, Ómorfo Events. In the end, Ashima and Garv’s wedding wasn’t designed to dazzle. It was simply a reflection of who they are. Thoughtful. Warm. A little nostalgic. A little modern. And quietly certain of where they’re headed together. ","https://assets.vogue.in/photos/694a70b50ffe880116fed672/16:9/w_1280,c_limit/A&G_25.jpg"
"Feb 07, 2026 @ 23:25:22.940",63eb0ec35e57cf704129402566a17c0d,https://www.vogue.in/gallery/this-multicultural-wedding-in-kenya-brought-swahili-culture-into-an-indian-celebration,This multicultural wedding in Kenya brought Swahili culture into an Indian celebration,"Creative director Pooja Shah and data-scientist Akhil Bhargava's wedding in the Masaai Mara honoured the couple's Gujurati, Rajasthani and Kenyan roots across six functions",Thea Mulchandani,2025-12-30T06:00:00.000Z,,"https://assets.vogue.in/photos/695262eda0d6bd431f4fcbaa/16:9/w_1280,c_limit/279-CY8A5965.jpg"
"Feb 07, 2026 @ 23:25:24.196",aafb3b1220686b6186a70b43d6e89399,https://www.vogue.in/gallery/this-wedding-in-chennai-brought-tamil-and-bengali-rituals-together-by-the-oceanside,This wedding in Chennai brought Tamil and Bengali rituals together by the oceanside,"Sneha Arvind and Shamak Dutta planned a three-day celebration that reflected their shared upbringing, long-distance years and a carefully considered approach to ritual", Baishali Chatterjee,2025-12-26T12:42:23.488Z,,"https://assets.vogue.in/photos/694e7be665fe73d56749e38e/16:9/w_1280,c_limit/PM_SNE+SHA10981.JPG"
"Feb 07, 2026 @ 23:25:25.463",cbc627a05ee7f1e05155e144339f2e3d,https://www.vogue.in/gallery/this-architect-couples-home-wedding-took-place-in-spaces-they-designed,This architect couple’s “home wedding” took place in spaces they designed,"From a terrace in Dadar to a lakeside bungalow near Lonavala, Kasturi Wagh and Vineet Hingorani planned their celebrations across sites tied to their practice and personal history",Sara Hussain,2025-12-24T06:30:00.000Z,,"https://assets.vogue.in/photos/694a982b7f1db52e08a0e502/16:9/w_1280,c_limit/KV-332.jpg"
"Feb 07, 2026 @ 23:25:26.857",f0cb2fbce1255e364b14757a9b92dc97,https://www.vogue.in/gallery/a-multicultural-wedding-in-mexico-where-two-cultures-danced-as-one,A multicultural wedding in Mexico where two cultures danced as one,Kimberly Ann Joseph and Evan Charles Benson brought Knanaya rituals and Southern charm to their wedding weekend,Palak Godara,2025-12-23T12:31:59.637Z,,"https://assets.vogue.in/photos/69046840d99bdc50296983fd/16:9/w_1280,c_limit/Regina%20Malo%20-%20Destination%20Wedding%20Photographer%20-%20San%20Miguel%20de%20Allende%20-%20Kim%20&%20Evan-29.jpg"
"Feb 07, 2026 @ 23:25:28.104",075490cb5f114cf821b5bd9f00f232c2,https://www.vogue.in/gallery/exclusive-inside-sejal-kumar-and-bharat-subramaniams-mountain-wedding-in-mussoorie,EXCLUSIVE: Inside Sejal Kumar and Bharat Subramaniam’s mountain wedding in Mussoorie,"From a forest ceremony in Mussoorie to a karaoke-led reception back in Delhi, Sejal Kumar and Bharat Subramaniam’s wedding was built around personal moments and familiar faces",Sara Hussain,2025-12-22T06:41:57.296Z,,"https://assets.vogue.in/photos/6948e168b1be3802df33e654/16:9/w_1280,c_limit/SB-59.jpg"
"Feb 07, 2026 @ 23:25:29.314",cec467a22ed7da207cc606dda40849b6,https://www.vogue.in/gallery/at-this-wedding-in-new-delhi-a-mandap-and-an-altar-shared-the-same-space,"At this wedding in New Delhi, a mandap and an altar shared the same space",Vandinika Shukla and Edward Bayes brought together their cultures and traditions in an arts-first celebration,Sara Hussain,2025-12-21T05:30:00.000Z,,"https://assets.vogue.in/photos/69452b7ba206b214940ca6bf/16:9/w_1280,c_limit/SKV_6742.jpg"
"Feb 07, 2026 @ 23:25:30.619",16834d1b714a45a2f28a563ce9f16887,https://www.vogue.in/gallery/this-couples-wedding-in-vienna-was-an-ode-to-luxury-and-art-in-every-form,This couple’s wedding in Vienna was an ode to luxury and art in every form,"From a live Viennese orchestra and Bridgerton-inspired performers to hosting their celebrations at historic palace venues, Kajal Tank and Niraj Rughani’s wedding was a carefully curated affair",Arzoo Dina,2025-12-18T07:43:27.222Z,,"https://assets.vogue.in/photos/6943a21ffa7db2dcd0d27898/16:9/w_1280,c_limit/Kajal&Niraj_Vienna_098_websize.jpg"
"Feb 07, 2026 @ 23:25:31.932",62e2466c50fb6a31b48cc34fec22ea12,https://www.vogue.in/gallery/this-couples-multicultural-destination-wedding-came-home-to-a-family-garden,This couple's multicultural destination wedding came home to a family garden,"Artist Claudia Robles-Gil and PGX founder Prakhar Gupta brought together ocean, ancestry and community across a cross-continental wedding that moved between Thailand and India",Sara Hussain,2025-12-17T15:42:35.696Z,,"https://assets.vogue.in/photos/6942c4cc129d11ab971b75a7/16:9/w_1280,c_limit/SAB00613.jpg"
"Feb 07, 2026 @ 23:25:33.225",21e3fde51316c6311d6cfc7b3e3e35c4,https://www.vogue.in/gallery/this-wedding-in-mandawa-carried-the-couples-creative-instincts-through-a-shared-baraat-and-customised-kaliras,This wedding in Mandawa carried the couple’s creative instincts through a shared baraat and customised kaliras,"Devanshi Tuli and Pranoy Sarkar's wedding was shaped by shared choices, close collaborators and details designed with care",Sara Hussain,2025-12-16T14:37:01.508Z,,"https://assets.vogue.in/photos/694168b98c6a6576aed50e4a/16:9/w_1280,c_limit/DSC00806.JPG"
"Feb 07, 2026 @ 23:25:34.422",acc5828a1cf8af07685c122c2232e54b,https://www.vogue.in/gallery/this-wedding-in-kolkata-began-with-a-meet-cute-at-a-friends-reception,This couple's love story came full circle with a wedding in Kolkata,"Oishi Bhattacharjee and Arpit Banerjee met by accident, fell in love on purpose and planned a three-day wedding that reflected both",Sara Hussain,2025-12-14T05:30:00.000Z,,"https://assets.vogue.in/photos/693d8b63ce404d3b55555062/16:9/w_1280,c_limit/Oishi&Arpit_214.jpg"
"Feb 07, 2026 @ 23:25:35.786",e2d1889ae1877359be2fc84a309e4e1c,https://www.vogue.in/gallery/this-wedding-in-istanbul-brought-indian-rituals-to-the-edge-of-the-bosphorus,This wedding in Istanbul brought Indian rituals to the edge of the Bosphorus,"From a yacht-led baraat to a floral mandap set against the Bosphorus, Sagiri Gidwani and Ankur Patel’s wedding carried their rituals, families and story across a three-day celebration",Sara Hussain,2025-12-11T16:54:36.476Z,,"https://assets.vogue.in/photos/693aea412b4d8ec966eb9b7d/16:9/w_1280,c_limit/HF6A3739.jpg"
"Feb 07, 2026 @ 23:25:36.998",209bc42647409919c420b50867359e0b,https://www.vogue.in/gallery/a-wedding-in-bengaluru-where-a-long-distance-romance-ended-with-500-guests-dancing-under-the-stars,A wedding in Bengaluru where a long-distance romance ended with 500 guests dancing under the stars,Sowmitha Amur and Vasant Kumar turned a long-distance romance into a six-event celebration,Thea Mulchandani,2025-12-09T16:00:25.530Z,,"https://assets.vogue.in/photos/6937eb384989e2786846da5d/16:9/w_1280,c_limit/SV-4.jpg"
"Feb 07, 2026 @ 23:25:38.271",6abf52edbe16553081342bbc2f13330e,https://www.vogue.in/content/content/unconventional-bridal-makeup-looks-for-the-experimental-indian-bride,7 unconventional bridal makeup looks for the experimental Indian bride,Runway inspiration turned wedding-ready,Vogue Staff,2025-12-05T14:06:30.413Z,"Bridal beauty in India is changing and it's exciting to watch. Today's brides aren't afraid to break away from the predictable red lip-gold shimmer-tight bun formula. They're looking for bridal makeup looks that feels personal and a little experimental; whether that's a smoked out lid, berry-toned “The only mistake is trying something totally new on the actual wedding day,” says Saikat Chakraborty, national artist for M·A·C Cosmetics India. “You might love a trend on Instagram, but it may not sit well with your outfit, the lighting or even your comfort. Give the look a test-run, wear it for a few hours, click photos, see how it behaves under flash.” This evolution isn't about rejecting A deep berry or burgundy lip, dark metallic lids and carefully sculpted skin bring This look leans into crisp and minimal with This look leaves the skin fresh and luminous, topped with scattered Chaotic in the best way. Glossy lips and a sheer, tonal base meets an inky, chunky eyeliner, making the look feel punk but still polished. A slick, centre-parted This look leans sultry and sharp. A deep oxblood Everything here is turned up with a shimmery If you're icked out by sitting in a makeup chair for hours on end and don't want any layers on your face at all, this might be your perfect match. It's all about bright freshness and a minimal base that allows the glossy red lip to pop unapologetically. The hair is tucked into a simple, smooth ","https://assets.vogue.in/photos/6932b28ad1add76fb1a54f28/16:9/w_1280,c_limit/%F0%9F%96%A4.jpg"
"Feb 07, 2026 @ 23:25:39.535",f19b8ddd5ce0dbd83495173c0e50a17c,https://www.vogue.in/gallery/indian-rituals-lebanese-drums-and-the-australian-countryside-shaped-this-multicultural-wedding,"Indian rituals, Lebanese drums and the Australian countryside shaped this multicultural wedding",Manchal Singh and Luca Monk's four-day wedding was set on Singh's parents' 22-acre countryside estate,Thea Mulchandani,2025-12-04T07:11:02.863Z,,"https://assets.vogue.in/photos/6930e5baf0f82ec958cdf85a/16:9/w_1280,c_limit/W61.jpg"
"Feb 07, 2026 @ 23:25:40.810",506390d063323a77aab16d7c87369a4b,https://www.vogue.in/gallery/this-multicultural-wedding-in-ibiza-unfolded-across-cliffs-beaches-and-a-rain-soaked-villa,"This multicultural wedding in Ibiza unfolded across cliffs, beaches and a rain-soaked villa",Raina Kamat and David Suvall’s wedding blended Hindu and Jewish rituals with a storm that only deepened the celebration,Sara Hussain,2025-12-02T14:16:37.260Z,,"https://assets.vogue.in/photos/692ef01c5aa392c7c037a23c/16:9/w_1280,c_limit/biancasardi.photography-45%20(1).jpg"
"Feb 07, 2026 @ 23:25:42.085",36d4cee83e72361aadbf0ab324fd2a4b,https://www.vogue.in/content/netra-mantena-and-vamsi-gadirajus-wedding-had-approximately-10-lakh-flowers,Netra Mantena and Vamsi Gadiraju’s wedding had approximately 10 lakh flowers,"We speak to Interflora India’s founder, Anuja Joshi, who played a pivotal role in beautifying Netra Mantena and Vamsi Gadiraju’s wedding in Udaipur",Ravisha Maroo,2025-12-01T13:38:30.689Z,"There are weddings that trend and there are weddings that become the talk of the town. Then there are weddings where every little detail is so extravagant, so excessive, that the entire internet wants to get involved. The recent nuptials of billionaire heiress But how many flowers does it actually take to break the internet? 10 lakh flower stems and 800 florists is the floral math behind Netra Mantena and Vamsi Gadiraju’s wedding. “Three rounds of floral sampling were done with the bride alone. Netra knew exactly what she wanted. The florals had to honour the sanctity of Indian culture yet be styled in a distinctly European manner,” says Anuja Joshi, founder at Interflora India. “No chrysanthemums, no carnations, no daisies and none of the typical “filler flowers” made the cut. Ranunculus featured at every event as Netra loves them.” Each colour and flower served a purpose; nothing was used just to fill space. “Inspired by ‘navratna’ (the nine cosmic jewels believed to harmonise and bless new beginnings), the wedding unfolded across six events in different palatial settings where we assigned every event its own hero flower which spoke to the bride’s taste,” Joshi added. Burgundy hydrangeas accordingly led the way to the Welcome Dinner, while the peach-and-orange fruit-inspired palette for the haldi was set against a bougainvillaea canopy. The Cirque du Soleil–inspired mehendi was a nod to one of the couple’s early dates, with deep purple alliums turning the celebration into a mini dreamscape. A Bollywood-meets-opera sangeet drifted into pink monochrome with phalaenopsis and peonies as showstoppers. The wedding ceremony bloomed with white hydrangeas while the reception closed the festivities with a pristine cloud of white phalaenopsis. For a wedding of this scale, floral emergencies are practically accounted for, except the one at Netra Mantena and Vamsi Gadiraju’s wedding looked like it had stepped out of the pages of a fairytale. “All the wedding flowers that were meant to arrive three days before the wedding only landed the evening before. Picture this: thousands of fresh-cut blooms landed at the venue at 5pm, and because this was Jagmandir Island Palace, the only way to bring them in was by water. Cue boatloads and midnight sprints to pull off the early morning wedding setup in record time,” Joshi recalls. The wedding came with its own logistical ballet of flipping multiple heritage venues in impossible timelines, backstage transitions on clockwork and a 15,000sqft cold room built solely to store the flowers. While people assume viral weddings are only about the grand pieces and monumental installations, Netra Mantena and Vamsi Gadiraju’s wedding achieved a sweet balance. “Grandeur isn’t in piling more things but in detailing and layering. Udaipur is not your average venue—it’s a living museum of centuries-old domes and palatial walls, so the decor should never compete with but complement the architecture,” Joshi explains. The Interflora team decked the palace walls with never-before-seen green cascades and purple delphiniums to elevate the guest walkway at City Palace’s Manek Chowk for the mehendi function. Later, for the nuptials at the Jagmandir Island Palace, the existing central dome was reimagined as the mandap, resembling a temple in the middle of a lake adorned with traditional South Indian flowers. The backdrop featured a floral-crafted Shri Yantra (a geometric symbol comprising nine interlocking triangles that are considered powerful in Hindu and Buddhist traditions), transforming the space into a site of spiritual resonance. In a land of extravagant weddings, it takes something exceptionally unique to make an Indian wedding go viral, but Joshi says the Interflora team doesn’t operate from a place of chasing likes and comments. “You never design a wedding with the intention of making it go viral; instead, you design knowing it will withstand the emotional weight of the day. It’s never about turning every corner into a photo-op but finding those two or three special spots that naturally become everyone’s favourite backdrop; the places that spark joy and end up living in family albums long after the wedding is over,” she smiles. ","https://assets.vogue.in/photos/692d980d5e8240069168ebef/16:9/w_1280,c_limit/SBJR_NVudrStory-211.jpeg"
"Feb 07, 2026 @ 23:25:43.447",17d78ca1450c6d5e0ce140f678fd089d,https://www.vogue.in/gallery/a-lake-como-wedding-where-the-groom-became-a-human-pizza-and-two-faiths-came-together-in-one-ceremony,"A Lake Como wedding where food, fashion and two faiths came together in one ceremony","Bride Nisha Saboo and groom Billawal “Billy” Badruddin celebrated their love with a weekend of food, fashion and family",Sara Hussain,2025-11-30T05:30:00.000Z,,"https://assets.vogue.in/photos/69296a9f89191c0ced4b7636/16:9/w_1280,c_limit/AYUS8651.jpg"
"Feb 07, 2026 @ 23:25:44.804",6f2f40b5de39b47911c0fbd38add2d99,https://www.vogue.in/content/watches-that-turn-wedding-gifts-into-future-heirlooms,12 watches that turn wedding gifts into future heirlooms,From modern minis to high-jewellery icons,Vogue Staff,2025-11-28T12:24:09.160Z,"It’s that time of the year again, the time for This wedding season, be the perfect guest with a gift that’s both elegant and practical. Think whisper-thin straps that glint like fine Whether you’re selecting for the bride, her mother or her circle of bridesmaids, this curation of watches will ensure your gift is remembered every time it keeps the inevitable chaos of life running on time. A cushion-shaped dial adorned with twelve different diamond cuts, a bezel encircled in brilliant stones and a thin black calf strap; this Tiffany watch is almost poetic. A piece that will make the perfect heirloom for a bride who appreciates classic beauty. A classic gold-tone bangle, white dial, and interchangeable ceramic bezels; this vintage watch design speaks timelessness and versatility. The Baignoire wraps the wrist in sculpted 18k gold with Cartier’s signature ellipse dial. A jewellery-like timepiece that seamlessly fits into the bride’s closet. This watch marries technical precision with the intricate details found on Maison’s iconic trunks. A rose-gold case, textured dial and a deep blue calf leather strap; understated sophistication for a luxurious bride. A playful, sparkling option for the bride and bridesmaids alike. This bracelet watch features a row of clear octagon-cut crystals, a silvery dial and a crystallised bezel, catching the wedding lights just right and adding a fun sparkle to every fit. Sultry and unapologetically bold, the Serpenti is a statement. An 18k yellow gold serpentine bracelet, a bezel set in brilliant-cut diamonds and a white opalite dial. The perfect gift for a bride who likes a bit of drama in their ensemble. Ethereal and regal, the Reine de Naples evokes an old-world sophistication. Its ovoid 18k rose-gold case, pastel pink calf strap and diamond-set bezel make it a dreamy watch for the romantic bride. With an 18k gold case, diamond accents and green alligator straps, the compact and delicate Mini Trésor is the perfect balance of elegance and practicality. A classic fuss-free companion for a bride on the move. A wedding gift with a modern, minimalist twist; the Luminor Due Luna pairs polished steel with a white sun-brushed dial and unique moon phase details. This watch is for the bride who likes her accessories to multitask. It’s chic and modern; the Lexington Mini will surely bring a pop of glamour with its emerald-green dial and gold-tone finish. Petit yet eye-catching; a well-suited gift that adds just the right amount of sparkle. Crafted with shimmering 18k white gold and AP’s signature Pairing a sun-brushed silver dial with gold-toned imitation gemstones, this watch is relaxed and playful, yet polished. A charming gift for the bride to wear in all seasons. ","https://assets.vogue.in/photos/692989029b0d00d7726a7878/16:9/w_1280,c_limit/@bulgari%E2%80%99s%20iconic%20#Serpenti%20watch%20#bvlgari%20#ad.jpg"
"Feb 07, 2026 @ 23:25:46.042",b24e7bb2db739e217408b6c0e428d8fc,https://www.vogue.in/content/how-a-new-generation-of-brides-is-building-its-heirlooms,How a new generation of brides is building its heirlooms,"Three Indian brides explore the idea of longevity and versatility—in the drape of the sari, the very personal notion of an heirloom and the elastic idea of the great big Indian wedding",Nidhi Gupta,2025-11-28T07:11:28.127Z,"What does the modern Indian bride want? It’s a (frequently exasperated) question many ask planners, There is perhaps nothing that better crystallises this desire, this ethos, this spirit than the heirloom: the pieces of jewellery, the ","https://assets.vogue.in/photos/692800413d47a4837bc348ab/16:9/w_1280,c_limit/Vogue%20Bride%20book1738%20_1.jpg"
"Feb 07, 2026 @ 23:25:47.423",65a60ceff163b52e296e0c78445c8997,https://www.vogue.in/gallery/inside-indias-most-viral-wedding-in-udaipur-yet,Inside India's most viral wedding in Udaipur (yet),"With moments that stretched from an intimate Mangala Snanam to a star-studded sangeet, Netra Mantena and Vamsi Gadiraju’s wedding showed how scale and sentiment can sit side by side",Thea Mulchandani,2025-11-27T10:01:14.586Z,,"https://assets.vogue.in/photos/69281d58b8f4bace3465c101/16:9/w_1280,c_limit/SBJR_NVudrStory-114.jpg"
"Feb 07, 2026 @ 23:25:48.564",2f4e29c993b2508e0b451ffc753e6717,https://www.vogue.in/content/bridal-skincare-that-works-with-your-hormones-not-against-them,"Bridal skincare that works with your hormones, not against them","Experts explain how hormones, sleep and nutrition shape your skincare results more than last-minute facials ever could",Palak Godara,2025-11-27T09:16:19.789Z,"The weeks leading up to the wedding can feel like an emotional seesaw: excitement giving way to anxiety, joy interrupted by late-night planning spirals and a constant chorus of advice on what to do (and absolutely not do) as a part of your bridal skincare routine. Slather this, massage that—your skincare arsenal does its thing, but real radiance depends on your gut and hormones running in sync. If skin could ask for one thing in the days leading up to the wedding, Dr Sravya Tipirneni, consultant dermatologist, cosmetologist and trichologist at Manipal Hospitals, Bengaluru, says it would be a simple plea: “Slow down. I need water, sleep and zero new products. Treat me gently; I’m not a dress you can tailor last minute.” ""Your skin is essentially a hormone-responsive organ,” says Dr Asha Dalal, director of obstetrics and gynaecology at Sir HN Reliance Foundation Hospital, Mumbai. “Hormones influence almost every layer, from oil production and hydration to According to Dr Dalal, the sweet spot for what people call the “bridal glow” is the follicular phase of the menstrual cycle, roughly days six to fourteen. “Oestrogen rises steadily during this period,” she says. “It boosts collagen formation, increases The luteal phase—the seven to ten days before your period—is the moodier half. “Skin is more reactive, oilier and more likely to break out,” she warns, which makes last-minute experimentation risky. Dr Dalal’s rule is straightforward: laser treatments, microneedling and chemical peels should be done four to eight weeks before the wedding, ideally aligned with the follicular phase, when healing is quicker. In her words, a menstrual cycle becomes a beauty calendar when you understand how it behaves. The smallest missteps can snowball. “A night of poor sleep can dull the skin, but a few in a row can spike cortisol enough to slow collagen repair,” says Dr Tipirneni. We often underestimate how fatigue shows up on the face. Over-scheduling only compounds it. “Schedule daily tech-free mental downtime (15–30 minutes) and prioritise 7–9 hours of sleep.” Just as important is restraint. “Implement a strict hands-off rule. It’s the easiest way to keep a tiny blemish from becoming a lasting scar.” Food decides whether the glow holds or falters. Functional medicine nutritionist and lifestyle educator Karishmma Chawla puts it bluntly: “Gluten, dairy, processed foods, sugar, packaged foods with hidden gluten or industrial starch, they don’t vibe with your skin story.” They stoke “Hormones adore high-quality protein,” she says. “When your diet balances proteins and fats well, that’s what shapes your hormone language.” Acne flare-ups, in her framework, are simply messages from the body: a nudge to pay attention. Her “bridal glow grocery list” is a pared-back, functional ritual. Pick up one low-GI fruit (apple, pear, guava, berries or orange), one green ( Cold-pressed coconut oil, herbs and pepper form “a magical concoction” that supports thyroid function, keeps harmful bacteria in check and lends skin a plush finish. Fermented foods—kefir, kombucha, pickled vegetables—enter the picture only when the gut is on steadier ground. Caffeine, meanwhile, is the subtle saboteur. “You don’t have to quit coffee; just stop letting it open the show,” she says. Start the day with lukewarm water and lime or aloe, or go straight to your smoothie, and save your lightest brew for later. Everything eventually finds its way back to cortisol. “Anything that doesn’t align with your gut spikes cortisol because your body thinks danger is near,” Chawla explains. High cortisol steals progesterone—the hormone that soothes—slows thyroid function, alters metabolism and invites bloating, acidity and dullness. “Foods that love you back make your body feel safe.” When the gut is calm, the hormones are steady and the mind is rested, the skin mirrors that peace. The makeup, the facials, the dress–they’re the finishing bows. The radiance underneath is self-built. And as Chawla says, “The outer glow is really just a reflection of the inner healing: food, lifestyle and purpose.” ","https://assets.vogue.in/photos/5cf673b6e3949da1fd1b0414/16:9/w_1280,c_limit/Bridal-hairstyles.jpg"
"Feb 07, 2026 @ 23:25:49.796",81710d14b7ec84d611c8b0c45e253a5e,https://www.vogue.in/weddings/promotion/your-go-to-skincare-guide-for-the-ultimate-pre-wedding-glow-up,Your go-to skincare guide for the ultimate pre-wedding glow up,"If you’re a bride-to-be, here’s the secret to achieving brighter, smoother-looking skin from within for that unmistakable wedding-day glow",Vogue India,2025-11-27T09:11:35.855Z,"Every bride dreams of that unmistakable wedding-day glow, the kind that makes you look effortlessly radiant on your big day. But between nonstop planning, late nights, and the constant whirlwind of emotions, that glow can easily get lost somewhere between your to-do lists and the demands on your time. The days leading up to a wedding are anything but calm. Schedules are packed, sleep becomes optional, and hydration is something we remember only when our skin starts feeling flaky. Between fittings, family gatherings, and travel, your skin barely gets a moment to recover. Add pollution, stress, erratic sleep, and less-than-ideal eating habits, and it’s no surprise your complexion begins to show fatigue, dullness, and uneven texture. But skincare shouldn’t just sit on the surface—it should work Think of your glow as something that’s built over time. Sure, the facials and organic masks will help, but they can only do so much. Quick fixes may give instant results, but they often don’t last. Beneath the surface, your skin is constantly battling oxidative stress—the invisible damage triggered by pollution, stress, and everyday lifestyle factors. That’s where antioxidants step in. They help neutralise free radicals, support the skin’s natural repair processes, and promote a healthier, more even-toned complexion. While there are many Enter So while you plan your outfit, makeup, and jewellery down to the finest detail, don’t forget the foundation beneath it all: your skin health. Because real glow doesn’t fade when the celebrations end—it follows you into the next exciting chapter of your life. ","https://assets.vogue.in/photos/6926c7216070b9215ac4a309/16:9/w_1280,c_limit/Gluta%208_Wedding.JPG"
"Feb 07, 2026 @ 23:25:50.942",8d7b4752b34d20dec0f7c06248a5565a,https://www.vogue.in/content/nicobars-nicobaarat-makes-your-wedding-wardrobe-last-year-round,Nicobar's first wedding collection is designed to outlast the season,‘Nicobaraat’ understands that Indian weddings aren’t just one big moment; they’re all the little ones in between,Thea Mulchandani,2025-11-26T12:20:18.833Z,"There’s a box at the back of my closet that slowly collects dust until the first wedding invite of the year shows up at my doorstep (re: in my WhatsApp notifications). Inside lie glittery lehengas and heavily embroidered Nicobar’s first-ever wedding collection If you want to amp up the drama, you can just swap the Sitara skirt for the Saaya skirt. It's got cotton-silk The The whole collection unfolds with contrast: florals with geometric checks, metallic tissues next to fuchsia and chartreuse, jewel tones against black and whites. It’s Nicobar’s design sensibilities, turned up a notch. Tying it all together is a deep appreciation for ","https://assets.vogue.in/photos/6926cda3f0618d6b2d494290/16:9/w_1280,c_limit/NicoBaraat%20by%20Nicobar%20(10).jpg"
"Feb 07, 2026 @ 23:25:52.195",053d7659f23112bad88df77a0283d6b6,https://www.vogue.in/gallery/a-wedding-in-mauritius-that-paired-a-zaffe-style-baraat-with-a-tarun-tahiliani-lehenga-inspired-by-lebanese-couture,A wedding in Mauritius that paired a zaffe-style baraat with a Tarun Tahiliani lehenga inspired by Lebanese couture,"From a blush-toned Mauritian haldi to a beach mandap and a château finale, Shikha Ramjutan and Mo Dekmak built a celebration that reflected their journey",Sara Hussain,2025-11-26T09:58:44.746Z,,"https://assets.vogue.in/photos/6926cbdeb09a9a14c20d0bdd/16:9/w_1280,c_limit/DSC01293.jpg"
"Feb 07, 2026 @ 23:25:53.467",e3be810a21947a5133f993cf57361a82,https://www.vogue.in/content/how-to-keep-your-skin-sane-through-a-marathon-of-destination-weddings,How to keep your skin sane through a marathon of destination weddings,"For wedding guests racing through flights, feasts and shifting climates, with expert advice to keep your skin steady through it all",Praneet Sahni Kalani,2025-11-25T15:31:58.221Z,"On a recent trip to Jaipur for a family wedding, my skin was crying for mercy. Decadent Rajasthani feasts, makeup going on and coming off every few hours, three nights of four-hour sleep and a sudden climate switch turned my face into a cautionary tale. That’s when it struck me that the pursuit of the wedding glow isn’t just the bride’s anymore. Because the modern wedding calendar looks more like a travel itinerary. From Jaisalmer to Jaipur and Phuket to Portofino, your skin is expected to keep up as you hop from one flight to another for more than one happy couple this season. The beauty brief now includes the jet-setting guest, sprinting through ceremonies, red-eye flights and humidity swings, fuelled by equal parts SPF and sheer willpower. As India’s destination weddings evolve into multi-day marathons across climates and time zones, your skincare routine needs to be as versatile and resilient as Athletes train their bodies to run long distances, lift weights to sustain muscle recovery, hydrate well before the big day and get ample rest. Multi-day wedding functions require resilience too. Jet lag shows up on my face. By the time you get off a flight, whatever radiance you have built during the pre-wedding routine has evaporated somewhere over the Arabian Sea. Cabin air steals moisture, circulation slows and that lit-from-within glow fades fast. Add hard hotel water to the mix and the The antidote is a post-flight reset built on deep hydration, soft cleansing and barrier-loving formulas that coax the complexion back to life just in time for the celebrations. Dr Agarwal's go-to ritual: hydrate well, avoid alcohol in flight, cleanse with a rich Different climates rewrite the skin’s entire rulebook. If desert-like heat thins skin barrier, then a shift to a humid weather like Udaipur or Mumbai unfolds the opposite chaos–sweat, sebum and microbes creating a lush playground for congestion and fungal flare-ups. Going up North to places like Delhi and Chandigarh pollution rises, PM levels spike and the skin’s defences work overtime, leaving it inflamed, sensitised and prone to I put a long-standing packing dilemma to the skin experts: if we had room for just five skincare essentials during a destination wedding week, what should make the cut? Here’s what they recommended. Weddings rarely allow for a full routine, but dermatologists agree on the one thing you can’t skip: sunscreen. “Dehydration and breakouts can be fixed, sun damage can’t,” says Dr Agarwal. Another common oversight is failing to adapt products to the climate, and cleansing properly becomes essential. “Makeup wipes aren’t enough. You need water and a real cleanser.” Dr Sethi adds that a stealth culprit behind wedding-fatigue breakouts is the communal brush kit passed around in glam rooms. As indulgent as having on-call makeup artists feel, shared tools are a fast track to acne. My workaround is simple enough. I hand the artist my own brushes, the creativity stays and the breakouts don’t. Ultimately, wedding-season beauty is a test of stamina. The glow chase is no longer the bride's alone, so I’m already getting ready for my next round of destination weddings. If this is an endurance sport, I plan to finish strong. ","https://assets.vogue.in/photos/65cbc4964724dc36ab9dd324/16:9/w_1280,c_limit/Collagen.jpeg"
"Feb 07, 2026 @ 23:25:54.718",87fdc9c1dcbbaf856c79324687b3a3b0,https://www.vogue.in/content/looks-from-sonam-kapoors-style-playbook-to-build-your-next-wedding-guest-outfit,7 looks from Sonam Kapoor’s style playbook to build your next wedding guest outfit,"From vintage gowns to rich saris, this edit pulls together the styling ideas that translate best into wedding-guest dressing",Vogue Staff,2025-11-24T15:25:20.179Z,"Wedding season comes with its usual set of questions, and the first is almost always some version of “What do I wear?” Sonam Kapoor’s fashion archive, shaped with her sister-stylist Follow the styling cues and an entire wedding wardrobe begins to take shape. Rhea and Sonam Kapoor take an otherwise gentle Rahul Mishra ensemble, a Banarasi cut-work angarakha layered over a hand-embroidered The Amrapali neckpiece by Tarang Arora is masterful craftsmanship with layered motifs, goldwork and delicate drops that move with her. Paired with jhumkas, slim bangles, embroidered juttis and a crescent minaudière It’s a clever template for guests who want ease without looking underdressed. Keep the clothes soft. Let one outrageous piece of jewellery do the heavy lifting. The ensemble, handwoven in the kadhwa Jewellery stays maximal: oversized earrings, stacked bangles and a ring-heavy hand. A metallic clutch from Tribe by Amrapali keeps everything within the same language. This is the kind of outfit that works well for evening functions. The palette and fabric photograph beautifully; the cinched waist adds shape without stiffening the drape and turns a heritage weave into something far more contemporary. The mix of a shirt, luminous sari and ikat shawl creates a layered palette built on contrast and craft, each textile bringing its own story to the look. A pearl-emerald-ruby necklace from Golecha Jewels and long jadau earrings draw the eye upward. If you enjoy colour play, this is the outfit to add to your moodboard. Kapoor wears a cream Abu Jani Sandeep Khosla sari worked with soft gold floral motifs and a wide zardozi border. The textile has a light, translucent quality and the near-backless blouse adds to the lightness of the look. Her jewellery stays in the traditional gold space: a kundan-studded jalidar choker bordered with pearls, a longer gold neckpiece, and polki bangles stacked on both wrists. She carries a Meera Mahadevia clutch and wears her hair in a low bun, wrapped with a gajra for added flair. The look holds its own at a wedding reception, shaped by the detailing and the soft gold palette. The designer was known for chiffon that moved like breath and this dress follows that lineage exactly with a fluid drape that sits somewhere between Grecian and old-school Hollywood. The jewellery, meanwhile, pulls fully from Indian traditions. A pearl-lined choker by Anamika Khanna for Amrapali and peacock earrings by Razwada Jewels, edged with pearls. For a mehendi ceremony it offers something a little unexpected while staying within the traditional yellow-green-orange mood of the occasion. This is one of Anamika Khanna’s delicate hand-painted creations. The gown is cut in white satin with floral strokes that sit like pressed petals on the fabric. The fringe at the bodice creates a soft ripple when she moves, and the matching shawl with its long tasselled edge gives the look a cinematic sweep. This is made for a cocktail night, sangeet or reception where ‘fun’ is the only item on the agenda. People love to say men have it easy at weddings because they “just throw on a suit.” Kapoor takes that shortcut and turns it into an actual outfit formula–for Wimbledon, however, not a wedding. She wears a wide-leg ivory pinstriped suit by Ralph Lauren with a powder-blue shirt and a printed neck scarf, giving the classic menswear move a far more interesting life. The detailing is where the fun sits: a pair of brooches shaped like a tennis racket and a strawberry, and vintage Manolo Blahnik heels topped with tiny tennis balls at the toe. For wedding guests who don’t want to be weighed down by heavy textiles at a daytime event, this is a smart alternative. Sharp tailoring, ease of movement and one or two playful accessories are often all you need. ","https://assets.vogue.in/photos/692477d0c26318a3345f477a/16:9/w_1280,c_limit/SnapInsta.to_586676699_18547432795009229_2942746475109012538_n.jpg"
"Feb 07, 2026 @ 23:25:56.080",cacd49c5b1441a43ebc3aa83519cf735,https://www.vogue.in/gallery/a-marwari-punjabi-wedding-in-mykonos-shaped-by-bollywood-dreams-and-a-love-story-that-crossed-continents,A Marwari-Punjabi wedding in Mykonos shaped by Bollywood dreams and a love story that crossed continents,"For Nikita Agarwal and Rishi Khanna, the island became the meeting point for family, friends and a celebration that blended Marwari and Punjabi rituals",Sara Hussain,2025-11-22T05:30:00.000Z,,"https://assets.vogue.in/photos/692024e9b1b681cfd19d4e25/16:9/w_1280,c_limit/kamero.ai-assets-5cfee082-9465-49e0-8c7f-038b700da86f_57a5f75f-be1c-4bee-8300-85d2f7690f78.jpg"
"Feb 07, 2026 @ 23:25:57.450",37799e639b5c07b21099471a46ec9e4f,https://www.vogue.in/gallery/a-london-meet-cute-and-safari-proposal-led-to-this-multicultural-vineyard-wedding-in-south-africa,A London meet-cute and safari proposal led to this multicultural vineyard wedding in South Africa,Karuna Naidoo and James Liddiard’s Telugu nuptials balanced tradition with thoughtful details for their two-day celebrations in the heart of wine country,Arzoo Dina,2025-11-20T08:09:45.988Z,,"https://assets.vogue.in/photos/691ec36e59c2506f56bac378/16:9/w_1280,c_limit/K&J-711.jpg"
"Feb 07, 2026 @ 23:25:58.633",fa99807125800c190be05be38b7f4df6,https://www.vogue.in/promotion/memories-of-a-lifetime-timepieces-designed-to-make-an-impression,Memories of a lifetime: Timepieces designed to make an impression,"From classic silhouettes to sleek fashion forward pieces, Michael Kors watches are perfect for the wedding season",Mansi Shah,2025-11-20T06:22:17.777Z,"At weddings, it’s often the little things, woven seamlessly into the big day and the events leading up to it, that offer glimpses into the couple’s love story. Designed for milestone moments, Michael Kors watches come in both classic and fashion-forward styles that are perfectly suited for days when every hour is significant and every moment is a celebration. For him, the modern classic Michael Kors Lexington is a great pick for the engagement, making a statement while putting the groom in the spotlight. The Billie, with its sport-luxe style, is made for the fun and relaxed after-party, when there is going to be plenty of dancing involved. The new Rhys watch, with its oversized square silhouette, whispers luxury in hushed tones, ideal for the lighthearted moments during the reception. Brides are also truly spoilt for choice. The Billie, Phoebe and Lexington watches feature bracelets and dials in rose gold tone, gold tone and stainless steel, adding a touch of glamour to each event. From the pictures with your bridesmaids to the father-daughter dance, these watches, with their two-tone finishes and sleek dials, keep you both on schedule and in style. Versatile and refined, each timepiece becomes a testament to an enduring memory. Watch these moments here: ","https://assets.vogue.in/photos/690c47504a6587c11fc10f88/16:9/w_1280,c_limit/_WATCHES0394.jpg"
"Feb 07, 2026 @ 23:26:00.008",1886f9f01f845b98e157ec8b9086a649,https://www.vogue.in/content/when-it-comes-to-wedding-jewellery-why-should-women-have-all-the-fun,"When it comes to wedding jewellery, why should women have all the fun?","It’s the groom’s time to shine, literally",Poorvi Singhal,2025-11-19T08:50:47.416Z,"When it comes to wedding jewellery, brides have seemingly endless options. So to say, wedding jewellery for men should no longer be an afterthought. “Grooms today are becoming far more experimental and expressive with their jewellery. They are moving beyond the traditional strings of pearls and embracing statement pieces that reflect their personality, be it with a handcrafted kalgi, gemstone buttons or heirloom brooches,” says Sunita Shekhawat, founder and CEO of Sunita Shekhawat. Below, India’s leading jewellery designers get into some classic, other new-age and a few modular jewels for the modern-day groom. Chokers are no longer just the bride’s territory. Grooms are now styling chokers with long necklaces and even ranihaars that elevate their look by many folds. Extra points for colourblocking. Think kanthas, whether monotone or multicoloured, in tumbles of emerald, rubies and other precious gemstones that can be paired with polki chokers. Jadau kamarbandhs are having a moment. Although a tad out there, when it comes to wedding jewellery for men, grooms are styling them on sherwanis to tie up the look. It is a multifunctional piece that can later be used as a necklace by both the bride and the groom. Brooches today come in a wide range of themes, from animal motifs and floral-inspired designs to sleek geometric forms. Polki and jadau brooches featuring striking centre gemstones such as classic rubies and emeralds, as well as playful, vivid stones like lapis and tourmaline, sit really well on neutral-toned sherwanis. They also transition seamlessly into modern wardrobes, making them heirlooms worth investing in. Think beyond the watch. Layer bracelets or kada sets that blend gold with gemstones. It adds a regal touch without feeling overdone. A signet ring is timeless; it carries a strong sense of identity and legacy when customised, engraved with initials, a family crest or studded with a gemstone that resonates with the wearer. It’s a piece that truly becomes a part of you and easily transcends into your occasionwear wardrobe. Choose one statement piece and build around it. For instance, if you’re wearing a heavy necklace, go lighter on the brooch and buttons. Also, make sure your jewellery complements your outfit’s tone–gold for warmer hues and silver or platinum for cooler shades. A sarpech or kalgi is an ornament for the groom’s safa that will always be iconic. It carries an old-world charm and can be passed down for generations to come. One set with uncut diamonds and emeralds can also be pinned on the stole, or later, styled as a brooch.​ A strand of pearls has remained a mainstay in many a bijoux box and for good reason. It is regal, gender-neutral and elegant. Even a string of uncut diamonds works wonders on both neutral and jewel-toned outfits. When they say the devil is in the details, they’re talking about gemstone buttons. Vintage-inspired sherwani buttons encrusted with gemstones of choice make for a regal addition to the groom’s look. While emerald buttons usually take the centre stage, ones with meenakari (coloured enamelling) are also being favoured now. Trust polki cufflinks featuring uncut diamonds or enamel detailing to add a subtle yet regal touch to the groom’s ensemble. Get them engraved with the groom’s initials to make for a bespoke accessory. Pieces that can be detached, adjusted and layered to fit multiple occasions offer versatility that’s second to none. A polki necklace that can be worn as a single statement strand or in layers is a gift that keeps giving. Similarly, sherwani buttons that can be transformed into cufflinks for a more pared-down look for the post-wedding events are ingenious ways to make the most of your jewels. Complement the bride’s jewels and apparel tones without replicating them. And what of the groom’s own fit? Lighter pastels pair beautifully with emeralds and Polki, while deeper hues shine with uncut diamonds or sapphires. ","https://assets.vogue.in/photos/691d832eb434f07585d2b75d/16:9/w_1280,c_limit/SnapInsta.to_330952938_574340994745241_5043581319054481982_n.jpg"
"Feb 07, 2026 @ 23:26:01.193",9049f7c2e26d051d46f714e425d1f0b3,https://www.vogue.in/content/the-new-wedding-trend-you-can-smell-before-you-see,The new wedding trend you can smell before you see,"How to weave scent design into your ceremony, reception and everything in between",Thea Mulchandani,2025-11-18T08:02:24.249Z,"Indian weddings don’t suffer from a shortage of aromas. There’s the marigold-and-mograscape hovering over the mandap, the mehendi clinging to hands, the ghee from the halwai counter doing its own rounds. But amid all that familiar fragrance, a new wedding trend is taking shape. Couples want to add something intentional to the mix. A scent that marks the day as theirs, not just another entry in the Big Fat Olfactory Index of Indian weddings. That’s where Jo Malone London’s wedding philosophy lands. The house approaches the celebration in three parts: scenting the couple, scenting the venue and scenting the guests. You’re not trying to drown out the haldi, roses and biryani, but create a common olfactory thread that ties the day together. “There was one wedding where the couple used Jo Malone London miniatures as part of their baraat welcome,” laughs Anton Denver, head of education at Jo Malone London. “So when the procession arrived, instead of drinks or Before the décor is installed or the photographer gets a single test shot, the bride and groom choose the scent that will live on as the If the rituals are the spine of the wedding, the scent is what softens the edges. Candles and diffusers placed through The final layer comes through gifting. Wedding favours aren't a new wedding trend; here, it can be as simple as an engraved For guests—or brides who want their “When I go out, I want my friends to smell me and enjoy it, but I never want them to be able to wear what I’m wearing,” Denver adds. His own mix starts with Myrrh and Tonka, builds with Velvet Rose and Layering is about reading your mood. A change in weather, a special dinner, even the slight buzz before a sangeet is enough reason to play with combinations. Spray one fragrance, spray another on top. That’s it. If you love the first scent, it will always work as your base. ","https://assets.vogue.in/photos/691af1da728ec1437252af8d/16:9/w_1280,c_limit/VWB_30-07-20250203%20copy.jpg"
"Feb 07, 2026 @ 23:26:02.407",3df7a203288fbc189bcfe2ce092c97a3,https://www.vogue.in/gallery/the-bride-opted-for-a-baby-blue-lehenga-for-her-anand-karaj-in-bali,The bride traded the traditional red for a baby blue lehenga at her Anand Karaj in Bali,"For Nimrit Gahoonia and Sahib Bhatia, a cliffside wedding felt like the natural next chapter for a love shaped by the coast",Ananyaa Patel ,2025-11-15T05:30:00.000Z,,"https://assets.vogue.in/photos/6916d1321a612c0d6487dedc/16:9/w_1280,c_limit/24%20(1).JPG"
"Feb 07, 2026 @ 23:26:03.593",ce07b5755ebfc3169001b4ee103547d8,https://www.vogue.in/content/wedding-guest-style-inspiration-from-priyanka-chopra-jonas-karisma-kapoor-and-more,"Wedding guest style inspiration from Priyanka Chopra, Karisma Kapoor and more",The art of being a guest and dressing like you mean it,Vogue Staff,2025-11-14T08:55:08.220Z,"There’s a certain rhythm to Indian weddings. The music, the colour, the joyful chaos, and fashion is its loudest note. Throughout the year, celebrities like Indian weddings today have also become travelling style archives. Every outfit nods to heritage while borrowing from global runways, creating a fusion that feels modern without losing cultural memory. And the celebrities leading the charge are shaping how the rest of us approach occasion dressing. Scroll through Instagram and one thing becomes clear: it is less about following trends and more about expressing yourself within tradition. Karisma Kapoor’s Raw Mango silk look for her cousin’s mehendi spotlighted the power of handwoven textiles. Priyanka Chopra’s floral Rahul Mishra gown showed how couture detailing can work beautifully for evening festivities. Kareena Kapoor Khan’s powder-blue gota patti lehenga offered a fresh take on classic textiles. A few patterns are emerging. Pastels still dominate If you are putting together your wedding-season wardrobe, let these looks guide the edit. Think of one standout fabric, a sculptural blouse, a jewel-tone sari that photographs well under warm lights or an embroidered dupatta that pulls the entire look into focus. Beauty choices are equally intentional, from sleek buns with heirloom jhumkas to soft glam that lets the silhouette take centre stage. Explore the inspiration below for your next celebration. ","https://assets.vogue.in/photos/6909c7aa2d727b982ff58ea3/16:9/w_1280,c_limit/SnapInsta.to_477058530_18507367006041483_701572006010353639_n%20(1).jpg"
"Feb 07, 2026 @ 23:26:04.899",8a26ac83775792bc1f5037d1e5c411e9,https://www.vogue.in/gallery/this-intimate-wedding-in-tulum-had-only-18-guests,This intimate wedding in Tulum had only 18 guests,"San Francisco-based Katyayni Gupta and Shlok Punjabi, tied the knot on the Caribbean shore in a ceremony officiated by the bride’s brother",Thea Mulchandani,2025-11-13T11:01:27.889Z,,"https://assets.vogue.in/photos/6915b1a054e8f516042e70b9/16:9/w_1280,c_limit/15Feb2025-Katyayni&amp;Shlok-Villatulumar-1696.jpg"
"Feb 07, 2026 @ 23:26:06.035",d53733e645876eabe050ca93a7b59c2b,https://www.vogue.in/gallery/henna-designs-for-brides-and-grooms-looking-to-update-a-centuries-old-ritual,23 modern mehendi designs for brides (and grooms) looking to update a centuries-old ritual,Designs you will marvel at long after the last dredges of saffron have faded from your palms,Hasina Jeelani,2023-07-21T10:14:05.831Z,,"https://assets.vogue.in/photos/69119fa0b8b9df062d730b9a/16:9/w_1280,c_limit/%E2%9D%A4%EF%B8%8F.jpg"
"Feb 07, 2026 @ 23:26:07.214",8dbb1c8d1acb839dc603229087b66ea7,https://www.vogue.in/promotion/a-grand-tale-of-love-in-a-grand-manglorean-temple,A grand tale of love in a grand Manglorean temple,"The Shetty–Tolani wedding was a celebration of heritage, artistry, and scale—a three-day celebration that blended South-Indian traditions with contemporary elegance",Vogue India,2025-11-10T04:59:14.771Z,"Rooted in the soul of Mangalore’s sacred architecture, the concept drew from temple aesthetics—carved pillars, red-tiled roofs, towering On the lawns of JW Marriott Sahar, DreamzKrraft recreated a Mangalorean temple from the ground up. Spanning over 100,000 sq.ft. and completed in less than three weeks, the structure rose with 250+ intricately carved pillars, majestic arches, and a 12-foot-tall Ganesha idol anchoring the sanctum. Mr. Shashi Shetty beautifully captured the essence of this creation, expressing that it was, above all, an offering of devotion, faith, and a deep reverence for art and culture. And it didn’t end there—the mandap flowed into a recreated Mangalorean street, rich with local charm, and further led guests through draped corridors into a glasshouse, where an elaborate gourmet feast awaited. Under the artistic direction of Bollywood set designer Sashank Tere, this breathtaking installation blurred the lines between design and devotion. Mrs. Arathi Shetty, the groom’s mother, expressed that she had always envisioned a South Indian temple for her son’s wedding—and that such a creation was exactly the sacred space she had dreamed of for her children’s marriage. Amidst the scent of jasmine and the chime of temple bells, the couple made their entry and exchanged vows to live renditions of The celebrations unfolded with a gastronomic journey curated by celebrity chef Ritu Dalmia. Guests explored regional flavours—benne dosa, filter coffee, and Mangaluru specials—alongside global delicacies from renowned chefs: Thai by Chef Tukhta, Italian burratas from Cassaro, Bihari cuisine from Pot Belly, Kashmiri wazwan by Sarposh, and Japanese creations from Izumi. Every venue of the wedding—Fairmont, JW Marriott, and Jio World Convention Centre—was transformed into a world of its own. Guests were greeted in a DreamzKrraft transformed the Fairmont Infinity Ballroom into unique experiences daily, according to the distinct theme of the event. The The Mehendi at JW Marriott combined lush prints, vibrant florals, and a custom glasshouse that extended the venue into the lawns. Performances by Harshdeep Kaur and Akriti Kakkar added to the infectious energy and charm. The celebrations culminated in a reception at the Jio World Convention Centre, with turquoise décor and pagodas. The evening’s ambience was elevated by the melodies of the Bombay Choir Band. “When a family dreams of a temple mandap, it becomes more than décor—it becomes emotion and legacy intertwined. It was about bringing the spirit of Mangalore to Mumbai rooted in reverence and reimagined through design. As DreamzKrraft marks its 25th year, I can say with pride that this has been one of the most creatively fulfilling experiences of my journey so far. The trust and faith the Shetty family placed in us allowed me to push artistic boundaries and truly create from the heart,” said the Founder and CEO of DreamzKrraft, Mrs. Priti Sidhwani. Her husband, Co-Founder and Director, Mr Sundeep Sidhwani echoes the same sentiment, “Arathi, the groom's mother dreamed of a South Indian temple for her son’s wedding—and I knew we had to bring that vision to life in Mumbai. What stood there was beyond imagination, a masterpiece of devotion and design—something never seen before, and perhaps never to be seen again.” ","https://assets.vogue.in/photos/6902fc6c801ccc97a5d4e2cd/16:9/w_1280,c_limit/Wedding%202%20(1).jpg"
"Feb 07, 2026 @ 23:26:08.546",0221c13f9bb1712949b78a8cb96e9268,https://www.vogue.in/gallery/this-wedding-in-spain-turned-an-amphitheatre-into-a-blooming-garden,This wedding in Spain turned an amphitheatre into a blooming garden,"In Marbella, Khushboo Mittal and Anish Dalal welcomed 200 guests to a celebration shaped by devotion, small rituals and a setting built for myth",Sara Hussain,2025-11-09T06:30:00.000Z,,"https://assets.vogue.in/photos/690d9d977fbcecf48d68175d/16:9/w_1280,c_limit/84.jpg"
"Feb 07, 2026 @ 23:26:09.759",91c957fd70c7709e6bd657e82b301b14,https://www.vogue.in/content/indian-weddings-have-gotten-bigger-bolder-and-wildly-specific,"Indian weddings have gotten bigger, bolder and wildly specific","From jade thalis to cocktail fountains, this is the new expression of luxury at weddings",Ruman Baig,2025-11-06T05:30:51.791Z,"Growing up on The first crack in that romanticised vision came when my friends started getting married. Luxury was no longer exceptional; it had become the baseline. Every ballroom was dripping in orchids, every sangeet had a celebrity singer, every buffet spread looked like Pinterest on steroids. Which begged the question: if luxury is the norm, how do you stand out? The answer, it turns out, is turning weddings into full-scale productions that would make a Tamil blockbuster pale in comparison. Nothing prepared me for the moment I joined a three-way call with my friend’s wedding planner, furiously scribbling notes from a ten-page outfit specification document. Ten pages. For one wedding. We dissected every shade of embroidery, every pearl on a dupatta border, even footwear directives ( As I stared at that document, then bid three months' salary goodbye in credit card payments, I realised I had crossed some invisible threshold into the stratosphere of Indian luxury weddings, where no detail is too small and no expense too great in the pursuit of perfection. This shift from tradition to theatre is perhaps nowhere more evident than in how couples approach food. The requests only get more fantastical. ""Another favourite project was last year in But perhaps his most Alice-in-Wonderland-esque creation was 'Sweet Dreams' as a concept. “They asked me to translate the idea of sweet dreams and a love story into a dessert counter, but instead, I created an entire room. When you entered, strawberries were flying, The technical precision required is staggering. Lighting for food stations is now calibrated ingredient by ingredient: a Parmesan wheel lit differently from strawberries, courtesy of a German design team, adds Kashyap Aditi Dugar of Masque Restaurant and Sage Saffron has witnessed this evolution firsthand. ""We once had a family request that the entire menu reflect the couple's quirks—their favourite This hunger for bespoke experiences has spawned an industry of impossibly specific requests. Nidhi Sahi, founder of Enjay Events, rattles off her recent highlights with barely concealed glee. ""In Udaipur, a bride wanted a live peacock for a shoot. We made it happen and timed it so she could dance while the peacock danced too. In For a couple’s May wedding, Shloka Events flew in 39 Italian artists to perform a variety of acts from the moment guests arrived. “Operatic voices filling the hotel lobby, dancers moved through the crowds and electric ensembles injected after-parties with energy that carried into the night,” recalls Yuvraj Singh Johar, founder and managing director. “Even the flight to the wedding destination in Udaipur became part of the spectacle, with a saxophonist serenading guests aboard a charter."" Despite the dhoom dham, there are quieter gestures that add depth to the luxury evolution. Neha Shroff, partner at Momente Weddings, recalls printing a recipe book featuring the groom's mother's favourite dishes, which was given to guests as a keepsake. “For another, we created silver Sometimes luxury means defying geography itself. Devika Narain of Devika Narain & Company recalls building a glasshouse in the Jaisalmer desert so a couple could dine under the stars without feeling cold. Or repainting an entire villa in Dhaka to match a family’s vision before recreating the city’s flower market indoors. “Indian weddings are luxurious when the couple and family truly consider the guests; how they'll arrive, wait for cars, boats or jetties. There should be champagne, water, seating, music; thoughtful details that make guests feel cared for."" As Dugar astutely observes, ""Luxury today isn't chandeliers, over-the-top décor or flowers, nor is it simply flying in Michelin chefs. It's storytelling and immersion. Couples want experiences no one else can replicate, and rituals designed like performance art. The shift is clear; luxury has moved from ‘more’ to ‘mine’.” ","https://assets.vogue.in/photos/690c2e6a7af14957ad8294a1/16:9/w_1280,c_limit/SnapInsta.to_365099959_259850003473353_5787382021262941769_n.jpg"
"Feb 07, 2026 @ 23:26:10.290",3e4a7fa9287d2ae27f9bbcda5db873bc,https://www.vogue.in/gallery/a-wedding-in-udaipur-where-the-bride-proposed-women-led-the-rituals-and-nothing-went-to-waste,"A wedding in Udaipur where the bride proposed, women led the rituals and nothing went to waste",A three-day celebration in the midst of nature was the perfect backdrop for Nayab Midha and Ayush Chandhok to start their happily-ever-after, Baishali Chatterjee,2025-11-03T11:45:00.000Z,,"https://assets.vogue.in/photos/69088bae7a61c35f46171bbd/16:9/w_1280,c_limit/IMG_0570%20(1).JPG"
"Feb 07, 2026 @ 23:26:11.476",b20df3d962c4be326cf5cc4d10ac1246,https://www.vogue.in/content/engagement-rings-for-the-modern-bride-who-sees-beyond-diamonds,Unique engagement rings that trade predictability for personality,"From sapphires to polkis, pearls to emeralds, meet the rings redefining what ‘forever’ looks like",Vogue Staff,2025-10-31T14:22:16.874Z,"Once upon a time, forever came neatly packaged in a diamond. The most unique engagement rings today, however, are telling stories in colour, in texture, in shapes that don’t all look the same. Because maybe your idea of romance isn’t a Here’s your guide to saying This one’s a showstopper, a constellation of Colombian emeralds, rubies and Part royal, part rebel, this Ruby and Polki ring is what happens when heritage meets personality. The fiery For those who find allure in simplicity, Bvlgari’s cabochon ring delivers just that. The smooth, sculptural gemstone catches light differently: softer, moodier and magnetic. Think of it as minimalism with Italian confidence. The Sunburst Polki Ring takes inspiration from the radiance of the sun, a central Polki surrounded by Zambian emeralds, set in True to its name, Zoya’s Trillion Dreams Ring is an ode to soft power. The trillion-cut peridot, framed by For brides leaning toward softer hues, Angara’s Pear Morganite Ring offers a refined alternative to traditional sparkle. The pear-cut morganite, a gemstone loved for its warm blush tone, is paired with This modern statement ring centres a vibrant emerald, amplified by the soft glow of Keshi pearls and natural diamond petals. The combination of textures and tones creates a sculptural, elegant design, ideal for those who want a ring that feels both contemporary and timeless. Cartier’s Destinée Solitaire features an Blue gemstones have become a quiet luxury staple, and Tiffany’s Soleste collection is a masterclass in that aesthetic. The Unique engagement rings tell a story; they’re not about stepping away from diamonds, but rather expanding the conversation. ","https://assets.vogue.in/photos/69033d8bf3631231cca07066/16:9/w_1280,c_limit/SnapInsta.to_428652245_18424637293010396_5863407099089032761_n.jpg"
"Feb 07, 2026 @ 23:26:12.774",4c41ae4bef0aace2f699e05109e5f2a6,https://www.vogue.in/gallery/this-couples-haute-couture-inspired-wedding-in-california-was-an-ode-to-the-brides-love-for-fashion,This couple’s haute couture-inspired wedding in California was an ode to the bride’s love for fashion,"From crafting some of her own wedding jewellery to working with an assortment of Indian designers for custom ensembles, Pearl and Milan’s nuptials weaved in meaningful gestures throughout the celebrations",Arzoo Dina,2025-10-26T06:30:00.000Z,,"https://assets.vogue.in/photos/68fca657d59521ec392d1814/16:9/w_1280,c_limit/NVP_M&P_Wedding75.jpg"
"Feb 07, 2026 @ 23:26:13.914",ecc76e764f5b6ce727bb3eddf40a8ca4,https://www.vogue.in/content/your-bridal-skincare-guide-for-glowing-healthy-skin-before-the-wedding,"Your bridal skincare guide for glowing, healthy skin before the wedding","If you’re planning your wedding, start planning your skincare too. Here’s Dr Harshna Bijlani’s expert bridal skincare guide, month by month",Gauri Dadhich,2025-10-20T13:42:05.085Z,"You’ve probably curated moodboards, picked your palette and maybe even finalised your dream lehenga and chandbalis. But while the playlists and outfits fall into place, there’s one element that deserves equal attention: your skin. “Your bridal glow is not built in a day,” says Dr Harshna Bijlani, aesthetic physician, celebrity skin expert and founder of AgeLess Clinic. “It’s layered inside out with science, consistency and a little bit of soul care.” With six months to go, the focus is not just on looking flawless but on building a foundation that lasts, starting with lifestyle changes, skincare habits and treatments that work over time. A thoughtful bridal skincare routine begins here. This is the ideal moment to get serious about your skin prep. “The first step is always to fix your foundation, and I don’t mean makeup. I mean your lifestyle,” says Bijlani. She recommends consistent sleep (ideally by 11 pm), cutting back on sugar and dairy if you’re acne-prone, and using sunscreen daily. “Sunscreen is your skincare insurance policy. It protects your treatments, prevents pigmentation and keeps your glow intact.” Begin a personalised routine with actives like vitamin C for brightness, niacinamide to strengthen your barrier and retinoids (if suitable) for smoother texture. You can also start in-clinic treatments such as pigmentation correction through peels, Q-switch lasers or mesotherapy, and The three-month mark is peak treatment season. This window allows enough time for procedures that deliver long-term results but may need recovery. Energy-based options like Ultherapy, Fotona 4D or RF microneedling gradually lift and tone skin, with results appearing closer to the wedding. Regular IV drips containing glutathione, If you’re open to injectables, this is the right time for baby Botox to soften expression lines, subtle fillers for contour and hydration, and skin boosters for luminosity. “The three-month mark is when your skincare routine, workouts and diet need to go on autopilot,” says Bijlani. “Consistency now equals confidence later.” With a month left, avoid new products or aggressive treatments. “Your focus now is on maintenance, hydration and keeping inflammation down,” warns Bijlani. Skip first-time peels, strong actives or lasers. Stick to trusted facials such as hydra facials, LED light therapy and This final stretch is about calming the chaos. Stress and poor sleep can raise cortisol levels, leading to puffiness, dullness and breakouts. Bijlani recommends a simple routine: a gentle double cleanse, a hydrating serum with hyaluronic acid, peptides or ceramides, followed by SPF in the morning and a nourishing barrier cream at night. Cold water dunking can help tone and depuff, while The day before your wedding, give your skin a break. Avoid exfoliants, masks or new products. A gentle hydration mist, barrier cream and nourishing lip balm are enough. Stay away from waxing, shaving or picking at pimples. Use a cold compress if needed and focus on rest. A cup of On your wedding day, simplicity works best. Hydrate, then use only what your skin knows and loves–a mild cleanser, hydrating serum, moisturiser and SPF. Bijlani stresses the importance of at least one makeup trial, ideally a month before. “It’s not just about finalising your look. It’s about testing how your skin reacts to the products, especially base makeup and eyelash glue.” If you plan distinct looks for different events, schedule two separate trials. “More than two can confuse you more than help,” she adds. The calmest brides are always the most radiant. Don’t chase perfection. Focus on balance, breath and feeling beautiful in your own skin. Skincare doesn’t stop at your jawline. What’s on your plate matters as much as what’s in your products. Aim for 2.5 to 3 litres of water daily to keep skin plump and hydrated. Add antioxidant-rich vegetables like carrots, tomatoes and greens, and include Regular movement, breath work and proper sleep complete the picture. Trust the lasers and facials, but also trust the journalling, the tea, the deep breaths before bed. At the heart of every bridal skincare plan is calmness, the kind that no product can replicate. ","https://assets.vogue.in/photos/68b5722fa6350234cccfd2ea/16:9/w_1280,c_limit/VWB_Coverstory4%20(1).jpg"
"Feb 07, 2026 @ 23:26:13.945",a1c6c95b6abe923519642045eb06d48a,https://www.vogue.in/gallery/a-bumble-match-a-hot-air-balloon-proposal-and-a-four-day-wedding-in-dubai,A wedding in Dubai celebrated a love story that began with a Bumble match and a hot-air-balloon proposal,Amandeep Kaur Gill and Sandeep Singh Bains’ four-day destination wedding unfolded like a luxury holiday,Palak Godara,2025-10-19T06:30:00.000Z,,"https://assets.vogue.in/photos/68ea0f4667cbab4efdae9a98/16:9/w_1280,c_limit/427-4copyfb.jpg"
"Feb 07, 2026 @ 23:26:15.109",5f4beb81696d7ef7f9b8f7d94f563c50,https://www.vogue.in/content/a-guide-to-bridal-makeup-for-minimal-brides,A guide to bridal makeup for minimal brides,Makeup can feel intimidating if you rarely wear it. Two experts share how to create a bridal look that feels effortless and true to you,Palak Godara,2025-10-13T11:16:19.862Z,"For some women, makeup is second nature, the winged liner drawn with the ease of signing one’s name, a lipstick always rolling at the bottom of the handbag, a multi-step skincare-meets-makeup ritual that’s as natural as Then comes the wedding day, when every eye and every camera is on you. Makeup may be part of the day, but it should never make you feel like a stranger in your own Shradha Luthra, a bridal makeup artist, says it all begins with a conversation. “The most important thing to communicate is your comfort level. Tell your artist how much or how little makeup you usually wear. Even if that answer is ‘none’, it gives your artist a baseline. Share what makes you feel most like yourself, whether it is keeping your lips natural or avoiding anything heavy on the eyes. That is the starting point.” Eshwar Log, leading makeup artist, agrees. “Choosing the right makeup artist is everything. Look for someone skilled at skin work and minimal beauty. Have a meeting ahead of time to share your expectations for the wedding day and other events. Even sharing images of looks you do not want helps us understand your taste.” Both experts say skincare is the foundation. “A well-layered routine is key to achieving that glow from within,” says Log. Think lightweight ceramide moisturisers, brightening serums with Log suggests starting early. “Hydrate well, moisturise daily and use SPF. Simple steps that make any makeup sit beautifully on your skin.” The consultation or trial can help the non-makeup bride gain confidence. “It is about understanding each other’s energy,” says Log. “A trial of two looks—a skin-focused one and a subtle glam—helps the bride see how the makeup evolves over a few hours and how it holds up.” The most requested look for brides who rarely wear makeup is the elusive no-makeup makeup. Barely-there tint, soft blush, brushed-up brows and a coat of mascara. Luthra defines it as bridal makeup that feels invisible but is carefully crafted. “Evened-out skin tone, a natural flush, eyes defined just enough to look awake, and lips close to your natural shade—polished but never obvious.” Log adds, “Focus on enhancing one feature: skin, eyes or lips. If it is lips, pick shades that match your undertone, like peach or brown nudes, or a stain topped with gloss. Minimalism does not mean skipping steps. It means thoughtful choices that let the bride shine.” For brides who have never worn makeup, the process can feel daunting. “Explain each step, keep a mirror handy and let the bride see what each product does,” says Log. Music, at a comfortable volume, turns getting ready into a ritual. Luthra adds, “I start with the lightest touches—a hint of blush, sheer “Think of makeup not as a mask but as an enhancer,” says Luthra. The right products and techniques will not change you; they will just bring out what is already there. Whether you wear ","https://assets.vogue.in/photos/68e003c63fad05269c8ccd71/16:9/w_1280,c_limit/SnapInsta.to_327437701_863716918171649_7478342693298148154_n.jpg"
"Feb 07, 2026 @ 23:26:16.598",3937d88a95b9262d5e6cf51ec3c4c57f,https://www.vogue.in/gallery/at-this-multicultural-wedding-in-napa-valley-240-guests-blessed-the-rings-before-the-vows,"At this multicultural wedding in Napa Valley, 240 guests blessed the rings before the vows","For Madeleine Kelley and Amar Singh, South Asian rituals met Surrealist design in California wine country",Shelby Wax,2025-10-05T06:30:00.000Z,,"https://assets.vogue.in/photos/68dd09a4733de9842c29c516/16:9/w_1280,c_limit/madeleine-amar_041.jpg"
"Feb 07, 2026 @ 23:26:17.746",011d60ed55a19b580189ad796da67c45,https://www.vogue.in/promotion/this-four-day-georgia-wedding-featured-flower-grandmas-a-haldi-jewellery-bar-and-sun-kissed-celebrations,"This four-day Georgia wedding featured flower ‘grandmas’, a haldi jewellery bar and sun-kissed celebrations","From a chance meeting to a romantic proposal in Lake Como, Roshni and Jeel’s wedding was filled with special touches, joyful rituals and unforgettable moments",Sanjana Subramanian,2025-10-10T11:46:30.690Z,"Whether or not you’re a romantic at heart, there’s no denying that fate works in the most magical ways. Case in point? Roshni and Jeel. After their paths crossed at a family wedding many years ago, Roshni and Jeel went their separate ways. Little did they know that fate was already conspiring to bring them together again and that one day, they’d be planning their own fairytale wedding. “It wasn’t until I got into law school that Jeel and I truly connected.”Roshni reminisces. “He slid into my DMs and after years of love and laughter, he proposed in Lake Como. We had the most splendid holiday there, lounging on a private boat, visiting villas, soaking in the Italian sun and creating one of the most unforgettable memories of our lives.” Wedding planning began soon after. Roshni was determined to make every event feel like a beautiful story brought to life. So, she enlisted the help of Hailey Shah of RHS Events to plan an elaborate four-day affair in Georgia, wonderfully captured for posterity by P.Taufiq Photography and his dream team. “The brief was that no two moments could look or feel the same. So, Hailey and I worked closely and came up with every detail from scratch.” Roshni says. The festivities began with Roshni’s Day two unspooled in a glow of golden-yellow at the For the wedding ceremony, Roshni drew inspiration from Indian royalty, with an ethereal twist. She wore a custom ivory-and-gold Seema Gujral The wedding ceremony was filled with many more such meaningful touches. They swapped flower girls for flower ‘grandmas’ welcoming them down the aisle, while guests were given dainty bells to ring during the For the reception, the couple embraced the timeless elegance of black and white, choosing to stand out in royal blue themselves. Dramatic, rigging-style florals cascaded from the ceiling, transforming the space into a dreamlike setting. Even the seating chart was personalised, with each table being named after a city that held meaning for the couple. Throughout the wedding, every little detail was thoughtfully curated. Think custom tees, monogrammed napkins, specialty drinks and even a playful Wedding Design & Decor transformed each area into a visual dream, Chowpatty delighted guests with a delectable spread, Moh Jewellers designed exquisite jewellery, Sumiyah crafted flawless bridal looks and M4U kept the weekend’s energy alive and buzzing from start to finish—ensuring that Roshni and Jeel had their perfect fairytale wedding. “Our wedding was more than a celebration—it was a reflection of us. Every moment felt honest and full of heart, just like we’d always imagined it to be.” concludes Roshni. ","https://assets.vogue.in/photos/68e60da4fcdb1a4f275ee04b/16:9/w_1280,c_limit/ABC02253-Edit.jpg"
"Feb 07, 2026 @ 23:26:19.107",051e5913122b2f250ad7831a03aae872,https://www.vogue.in/gallery/this-wedding-in-lake-como-was-a-family-affair-with-only-nine-guests,This wedding in Lake Como was a family affair with only nine guests,"From a proposal on the Mallorcan coast to vows in the rain, Kinjal Patel and Dr Herit Vachhani’s wedding carried heritage and intimacy",Shelby Wax,2025-10-05T06:30:00.000Z,,"https://assets.vogue.in/photos/68e11a34b75868a15f2918cd/16:9/w_1280,c_limit/kinjal_herit_030.jpg"
"Feb 07, 2026 @ 23:26:20.320",1080d46c708eba378f230f586ae46605,https://www.vogue.in/content/anaita-shroff-adajania-for-me-my-wedding-sari-remains-timeless-infused-with-my-story,"Anaita Shroff Adajania: “For me, my wedding sari remains timeless, infused with my story.”","Over two decades after her wedding, Anaita Shroff Adajania reflects on the sari she wore, the values that shaped her marriage and what truly lasts in a bridal trousseau",Anaita Shroff Adajania,2025-10-01T10:33:23.152Z,"I’m not a delicate person by nature. My style has always reflected that—strong and a little rough around the edges. For my wedding, lacy pastels were never in the running. I didn’t want the traditional Parsi sari; I wanted to live my white-gown fairy tale in an unmistakably Indian silhouette. On a tight budget and harbouring a dream, I went to Dhiren and Hemant Trivedi at Sheetal Design Studio with an idea that was unheard of 25 years ago—a sari that wasn’t quite a sari. They created a fixed lehenga with a hidden zipper, a fluid drape and a pallu that dissolved into a veil. It moved like a gown, yet carried the grace of a I met Homi [Adajania] at St. Xavier’s College. We were We married at my mother-in-law’s home in Our marriage has always been rooted in trust. When we travel separately, we’re present where we are, knowing the other will hold down the fort—home and kids. In our early years, we’d hide little scraps of paper in each other’s luggage and pockets of our packed clothes—fragments of affection discovered in faraway places. We rarely argue and if we do, When I work with brides now, my aim is the same as it was for myself—to make a dream tangible. No two brides are alike. Some want quiet sensuality, others want tradition. My process is instinctive, shaping a look that belongs only to her, whether it’s for a grand wedding or a simple puja at home. My own ","https://assets.vogue.in/photos/68d51b3a38952e9cb5a4c11c/16:9/w_1280,c_limit/Anaita%20Shroff_02_Aug_25_15285_01_01_retouched_tiff_v01%20(1).jpg"
"Feb 07, 2026 @ 23:26:21.607",75117639e0cefee610345a5dffab2639,https://www.vogue.in/gallery/a-wedding-in-montenegro-where-the-sea-mountains-and-two-ceremonies-told-one-story,"A wedding in Montenegro where the sea, mountains and two ceremonies told one story","From a private Christian service by the water to an Anand Karaj on a hidden terrace, Simren Kaur Jasuja and Akarsh Narang’s celebrations in Kotor Bay wove faith, family and fantasy into five days of joy",Sara Hussain,2025-09-28T06:30:00.000Z,,"https://assets.vogue.in/photos/68d7a6709d6e6e11ad57b36b/16:9/w_1280,c_limit/Wedding-524.jpg"
"Feb 07, 2026 @ 23:26:22.801",52c75ac379806ff29075456d79dd3706,https://www.vogue.in/content/the-bridal-photography-tips-every-bride-needs-on-her-wedding-day,The bridal photography tips every bride needs on her wedding day,"From what to do with your hands to how to skip stiff poses, here is House on the Clouds founder, Siddharth Sharma's advice that will help you look and feel like yourself",Palak Godara,2025-09-26T11:53:28.558Z,"The wedding décor will be dismantled and the So what do you do when the camera is everywhere, when you are battling humidity, high emotions and twelve-kilo embroidery, and are still expected to look flawless? We built a survival kit of bridal photography tips to help you navigate the day without awkwardness, or worse, your ‘resting stress face’ preserved forever in a high-resolution Google Drive. To do it, we teamed up with Siddharth Sharma, wedding photographer and founder of House on the Clouds, known for his dreamy, cinematic style. He has built a career coaxing nervous brides into looking effortlessly chic. For Sharma, it is not about the perfect angle or smile. His first rule is simple: stop performing. Sharma believes mimicry often dulls authenticity. “There’s no wrong way to be photographed, it’s your day, your personality, and that’s what truly matters,” he says. “The only time things feel off is when brides copy poses that they’ve seen online. That’s when photos can end up looking stiff or unlike you.” He adds that trusting your photographer helps create portraits that feel effortless and timeless: “The best thing is to let your own personality shine through while also trusting your photographer, they’re constantly observing you, your body language and your energy, and they know what will flatter you best.” Nerves show in the hands first. “Hands are sometimes a tricky part of posing but the secret is to give them something natural to do,” says Sharma. He suggests simple movements that feel like you: adjust your When you are juggling heels, emotions and missed calls, the lens can feel invasive. Sharma’s advice is to shift the focus back to the moment: “It is completely normal to feel camera-shy. A lot of brides aren’t used to being photographed this much. But the best way to look natural is to forget the camera sometimes and focus on the moment. Think of it less as posing and more as just being in the moment: small, genuine gestures photograph beautifully.” This mindset underpins his bridal photography tips throughout. Multiple outfit changes might sound exciting in theory, but they can quickly start to feel like a quick-change marathon. Between outfit changes, hair touch-ups and a rapidly ticking schedule, brides often feel like they’re caught in a wardrobe change montage. “The best way to Editing your schedule means you actually get to live in your outfits, not just change in and out of them. It’s better to slow down, savour each look, and give yourself space to enjoy the day. Should you go full Colgate or opt for a subtle Mona Lisa smirk? “The best kind of smile in photos is the one that feels natural to them. There isn’t a rule about showing teeth versus keeping it subtle. It’s more about what looks and feels authentic.”There’s no algorithm for this. You smile like you. That’s where the good photos live. The myth says the ideal bride knows every angle. Sharma disagrees. “The ideal bride is someone who trusts the team she’s hired. Once you’ve chosen your photographer, giving them creative freedom is the best gift you can offer. It makes the entire process flow effortlessly.” As he puts it, “It’s not that much about knowing how to pose or where to look, and more about being present, relaxed and open.” Bridal shoots are not fashion campaigns. Real emotion needs gentle direction. “Posing for models is very different from posing for What separates stiff from timeless often comes down to forgetting the camera. “The best moments happen when couples forget the camera and just enjoy each other,” Sharma says. “When you are present in the moment, the love and ease show up naturally.” Share a private joke, breathe, notice the flowers. The camera will find what is real. So, if anyone offers you cheese in the form of ‘say cheese,’ skip it. Stay real and let the camera catch you. With these bridal photography tips, your wedding album will read like a memory rather than a rehearsal. ","https://assets.vogue.in/photos/68d67a46ccb33ee7ba1e636a/16:9/w_1280,c_limit/083A9191-2Editedcopy.jpg"
"Feb 07, 2026 @ 23:26:24.004",e07810778d98ac0006709dc013f39d86,https://www.vogue.in/promotion/this-couples-botanical-wedding-was-a-love-letter-to-ritual-context-and-modern-grace,"This couple’s botanical wedding was a love letter to ritual, context, and modern grace","Shradha and Nagarajan Chandrasekharan’s Bengaluru wedding was a gilded world of meaningful rituals, personal touches and botanical dreams, orchestrated by The Mogra Collective",Sanjana Subramanian,2025-09-23T05:20:39.679Z,"Set against the backdrop of the scenic Nandi Hills, Shradha and Nagarajan Chandrasekharan tied the knot in their own special way. Theirs was more than just a union of two people. It was a celebration of their heritage, imbued with modern values. Complementing the heart of each ritual was a riot of colourful blooms and quaint personal touches that invited guests into their world. To put together their dream wedding, this Chennai and Bengaluru-based couple enlisted The Mogra Collective—a boutique event planning firm—renowned for their layered, luxury-focused and design-forward approach. The idea was simple yet profound: to honour their cultural roots while maintaining contemporary sensibilities. What followed was a series of five meticulously-planned events that felt truly personal and moreover, deeply theirs. The For their nuptials, they chose a neutral ritual that paid homage to both their backgrounds, without being shadowed by rigid patriarchal customs. Honouring the bride’s love for all things floral, the team at The Mogra Collective put together an extensive network of flowers around the The celebrations came to a close with a grand, twilight dinner held at Amita Rasa. A pale-green-and-earth-toned affair, the event sparkled with a 100-foot mirrored floor that reflected the hills and the stars. Inspired by Shradha’s sculptural Gaurav Gupta ensemble, this event was designed to exude luxury—a trademark of The Mogra Collective. Soft greens and muted earth tones of the floral palette were chosen to echo both the ensemble and the surrounding landscape. A memorable part of the decor, the 100-foot mirror served as a runway of light and movement. As the day melted into dusk, candlelight, stars, and a spectacular firework display shimmered across its surface. Every detail, from botanical urns to sculpted topiary forms, was calibrated to create a space that felt like a living installation. The five-course menu, curated by Chef Manu Chandra, was a true cherry on top. Spotlighting the couple’s travels and favourite flavours, it created an immersive experience for every guest—bringing them closer to Shradha and Nagarajan Chandrasekharan’s beautiful journey. Shradha, a children’s mental health professional with a passion for policy reform, lent her creative touch by designing her own outfits and rethinking all the stationery. Nagarajan Chandrasekharan, who leads a LiDAR-based technology firm, managed logistics with precision, turning spreadsheets into a quiet kind of art. Working as a team, they drew from each other’s strengths to ensure that their vision was brought to life. From hand-embroidered napkins depicting the couple’s pets to customised menus inspired by their favourite date spots, each element was chosen not to chase trends, but to hold meaning. The outfits, too, were a fitting mix of shimmering Kanjeevarams and elegant Sabyasachis, each with its own personal touch. As Karuna Reddy, founder of The Mogra Collective says, “We don’t design for spectacle. We design for feeling. For context. For story.” This philosophy is precisely why couples turn to them—to bring their stories and visions to life with honesty and authenticity. Every event is approached with precision and a keen eye for detail, making your big day a true reflection of your story—one where love always takes centre stage. ","https://assets.vogue.in/photos/68cd3f4a07f9e1a52d3d6113/16:9/w_1280,c_limit/SN-2536.JPG"
"Feb 07, 2026 @ 23:26:25.186",a92400f0febc35d9be9b010f35c4f4b8,https://www.vogue.in/gallery/this-long-distance-love-story-found-its-home-in-a-wedding-in-dar-es-salaam-with-oceanfront-vows,A long-distance love story came full circle in a wedding in Dar es Salaam with vows by the ocean,Vishal Vithlani and Dhwani Rajani’s journey across continents came full circle in a celebration of love at home,Palak Godara,2025-09-21T07:58:22.039Z,,"https://assets.vogue.in/photos/68cc824eb258c428ea3e27b3/16:9/w_1280,c_limit/SNEAKPEAK%2059%20%20SD203834%2059.jpg"
"Feb 07, 2026 @ 23:26:26.482",f60a648d49514b04253d25e475cfa399,https://www.vogue.in/content/best-wedding-destinations-for-brides-who-want-their-venue-to-match-their-personality,16 best wedding destinations for brides who want their venue to match their personality,"Whether it’s a pristine sandbar in the middle of the Indian Ocean or a family-owned vineyard in the south of France—no matter how unconventional your tastes, we’ve found you a wedding destination to match",Arzoo Dina,2025-09-20T04:30:00.000Z,"Can there be more to the best wedding destinations than just pretty backdrops to frame one of life’s biggest At this quaint sixth-century château hotel, you’ve got the glamour of the French Riviera but in a bucolic, secluded setting. Indulge in the French art de vivre with excursions to the Riviera, local markets and Provençal villages where you can tailor your celebrations with bespoke wine tastings and the best of gastronomy that the region has to offer. Sign up for a treatment at the award-winning Spa Saint-Martin by La Prairie, that can also be arranged in the hotel’s gardens under a flower-strewn cabana. This stately hotel overlooking the Arno river exudes an old-world charm, thanks in part to the fact that it is a Renaissance-era palace. Weddings here aren’t just opulent, they are also highly personalised—be it an afternoon tea ritual with your closest, a walking tour in the city guided by an art historian or events at venues with grand frescoes and gilded ceilings within the property. Ask the concierge team to put together a romantic dinner on the historic Ponte Vecchio bridge or set up a picnic at sunset for your family. Nestled inside 20 acres of gardens lined with olive and fruit trees, this palace hotel has hosted everyone from Alfred Hitchcock to Moroccan royalty in its century-long existence. There are grand salons in which to host parties and traditional Moroccan or Nhaza-style picnics and hammams to relax in with your bridesmaids. If you do somehow end up with time to spare, ask the concierge team to curate a visit to the local souks and medina, or an insider’s tour of the city on vintage motorcycles. This hotel might be contemporary in design but it is steeped in the cultural nuances of Kyoto. The an 800-year-old heritage pond garden at its heart forms the pièce de résistance for a tranquil wedding celebration. Culinary experiences are a big focus: the chefs can design custom menus for a relaxed welcome dinner or a farewell brunch. Thrill your guests with thoughtful, hands-on experiences—whether it’s a workshop in kintsugi (the Japanese art of mending ceramics with gold) or a quiet tea ceremony led by a local tea master. Framed by pine-clad mountain slopes, green meadows and snow-capped peaks, this 85-key boutique ski resort makes for an intimate escape with your closest—especially if food drives much of your relationship. Let the landscaped gardens and breathtaking views from the amphitheatre lawns act as the backdrop for your picture-perfect wedding, while you savour an authentic wazwan spread­—and then head to The Khyber Spa by L’Occitane to recover. For those interested in a tasteful wedding without too much flash and bang, this heritage family-run property offers the perfect mix of quiet charm and refined elegance, paired with bespoke dining destinations and renowned local boutiques and jewellery stores. Trust the team to tailor a wedding celebration after your heart, whether it’s a sit-down dinner for 100 guests featuring classic Rajasthani delicacies or a large meet-and-greet at the majestic Amarbagh ballroom. Everything about this 16th-century palace hotel, just 45 kms from Jaipur, speaks restrained glamour. It remains one of the finest examples of Indo-Saracenic architecture; its vintage charm preserved in hand-painted murals, bougainvillea-fringed courtyards and terrace gazebos. Sheesh Mahal is the crown jewel, featuring hundreds of hand-cut mirrors, jewel-toned glass work and delicate frescoes—an apt setting for that one big reception you want after a quick court wedding, ending in a spectacular display of fireworks. Is your wedding just an excuse to unwind in the midst of nature with your inner circle? Consider this boutique resort overlooking the backwaters of the Moira River. Here you’ll find a curated selection of rooms and villas with plunge pools—the perfect canvas for an intimate wedding where you’re surrounded by a forest and the sound of birdsong. The villa and poolside lawns make for a breezy setting for your nuptials and reception, while the Storii Lounge can host a a quiet welcome dinner or mehendi celebration. For adventure lovers, this boutique safari camp in Rajasthan’s leopard country offers unbridled luxury. With just 10 tented suites, the entire property can be your canvas for an intimate, unusual celebration—where guests can be treated to breakfast in the wild, sundowners by the lake, wildlife safaris, a walk with a Rabari herdsman and dinners in the company of folk musicians under starlit skies surrounded by the soft glow of thousands of lanterns. Imagine hosting your wedding at one of the largest natural islands in the UAE, where you get a vantage view of free-roaming wildlife. At this luxury resort, with just 30 pool villas overlooking the savannah (and gazelles grazing in the distance), host a cozy cocktail soiree in the wadi, enjoy a barbecue under the stars, say your vows at the beach at sunset and throw in a few safari experiences—life moves at its own pace here, promising a wedding unlike anywhere else. Set on the fringes of the Siswan forest, this sprawling resort with a striking traditional façade, serene gardens, fountains and reflection pools offers luxurious tented accommodation as well as rooms. Have your guests make the most of the tranquil beauty with guided treks and forest trails, raise a toast under the stars on the private poolside deck with glasses of bubbly and canapés and indulge in farm-to-fork dining and authentic Punjabi fare. Looking to truly go off-the-grid for your wedding? How about this far-flung private island resort in the middle of the Indian Ocean which involves chartering a 25-minute flight? At this resort in East Africa, there are just 50 private pool villas and abundant barefoot luxury. Ask the concierge team to plan things for you—whether it’s sunset pheras overlooking the ocean, chartering a catamaran or paddle boarding with sea turtles. It could be the adventure of a lifetime. This 200-year-old fort turned boutique hotel boasts an impressive Jaipur gharana-style architecture—a great backdrop for your wedding. What’s more: the resort’s practices are rooted in sustainability, from the use of natural elements like local flowers, upcycled materials and earthen lamps in wedding decor, to encouraging guests to plant trees. Give your wedding party a sensorial experience with rooftop dinners, riverbed walks, village safaris and sunset high teas. This newly opened hotel, with its water conservation practices and use of live food counters instead of buffets to lower food wastage, is a perfect example of how luxury and sustainability can coexist. The spectacular Chand Baori, inspired by Rajasthan’s stepwells, would be great for your pheras; and there are several terraces to host a mehfil by moonlight. Spring for the Fairmont thaal experience—a feast showcasing lost Rajasthani recipes and heirloom cooking techniques. Designed as an homage to the sacred water palaces of Java, Jumeirah Bali is an elegant all-villa beach resort that captures the allure of island living. They prioritise seasonal menus, sustainably sourced produce, low-waste and plastic-free decor, compostable florals and supporting local artisans with guest-driven experiences like making Balinese ceremonial offerings and personalised Batik art. Couple that with luxurious accommodation and sweeping views of the ocean for a truly immersive experience. Weddings at this 19th-century manor—overlooking vine-covered terraces and the Douro river—are enhanced by their sustainable practices, such as the use of seasonal produce in their curated menus and upcycled materials in decor. Plan your nuptials under the shade of ancient olive trees in the garden, have your guests indulge in private wine tastings with local vintners or attend workshops in making their own cosmetics with local ingredients and essential oils—these memories will be etched in time. ","https://assets.vogue.in/photos/68cd86515fd4239f8bdac04a/16:9/w_1280,c_limit/KYO_2607.jpeg"
"Feb 07, 2026 @ 23:26:27.856",4984d8f0c184e356ccb8b9db8b9ab2e9,https://www.vogue.in/content/engagement-nails-ideas-youll-want-to-steal-from-celebrities,26 engagement nails to try with celebrity inspiration,"From timeless neutrals to bold designs, these engagement nail ideas will have your ring finger ready for its close-up","Audrey Noble,Margaux Anbouba",2025-09-17T10:10:02.683Z,"Engagement nails are often minimalist–think French manicures or neutral shades–which makes sense in the era of Instagram announcement posts, with your ring finger hand on full display, says celebrity manicurist Tom Bachik, whose clientele includes Jennifer Lopez and Selena Gomez. But it's your special day (or, the run-up to your special day), so we say the rules are yours to make. Nail artist Brittney Boyce counts Olivia Rodrigo, Megan Fox and Kim Kardashian as regular clients, and she reports seeing more experimentation with colour and design. The best engagement nail, she says, is the one you love. “This all just comes down to personal style,” she says. For some, that's a short natural nail. For others, it's the Swarovski-encrusted nails JLo recently wore (scroll on for the inspiration, of course). So whether you’ve already found your forever person or are still using those crystals to attract him, her, or them into your life, it’s never too early to start brainstorming. Below are 27 engagement nail ideas to get those glam creative juices flowing. You’ll need this for when you book that nail salon appointment. A throwback to Margot Robbie's Oscar nails in 2021, manicurist Tom Bachik went with a natural shade. If you want length but don't have natural nails, try Apres Gel-X Extensions. When it comes to engagement manicures, neutral shades are foolproof—they match everything. This creamy tan acrylic will make any engagement ring stand out. But as with any mani, good grooming is essential. If you’re seeking a subtle design to elevate a bare base, opt for the classic French mani. Bachik painted thick white lines along the tips of Nicola Peltz Beckham’s long square nails for a dynamic look. We’re all about metallic sheens, but there’s something really warm about bronze. Choose this if you’re looking to put a unique spin on a basic bare or brown nail shade. Looking for some colour? Vibrant and alluring, Bachik’s cherry red nail look on Michelle Williams makes for the ideal engagement mani. Another subtle way to dress up any mani is with tiny nail art details, as seen here on JLo. We love Bachik’s addition of a small silver curve hugging the bottom of the French tip for an unexpected spin on a timeless look. More Jennifer Lopez inspo. This rich chocolate brown with grey undertones not only makes for a great neutral nail, but it also provides the perfect contrast to coloured engagement rings. Her green diamond just pops. It may seem too on-the-nose to wear white engagement nails before you get proposed to. But there’s no arguing that white nails make your engagement ring shine a tiny bit more. (Plus, there’s nothing wrong with expecting that ring; gotta manifest!). For just a hint of chrome, dress your French mani with textured silver tips. As a base, Boyce likes to use a milky neutral over something opaque and recommends something like the Aprés Nail’s Colour Extend Gel Bottle in Carla. Married lady Jennifer Lopez wore these Swarovski nails in her This modern take on a nail trend popular in the 1940s feels crisp and fresh—a bit of nail art, but nothing to distract from the main attraction. For something more unexpected and trendy, mix white and black streaks for a bolder engagement nail. Set these designs against a bare nail to ground the look. This super-shiny mani has a bit of edge in just the way we like it. Ethereal and romantic, milk bath nails evoke inviting calm and a sense of wanderlust (and they’re super-pretty). Blake Lively wears a creamy milk bath base with delicately placed floral decals that accentuate her ring. This Tiffany blue is a rich turquoise with a glossy sheen that will take your IG engagement photo to the next level. In true “quiet luxury” fashion, Sofia Richie Granger wears her natural short nails with her engagement ring. If you want to keep it bare but still polished, swipe on a clear coat like the OPI Brilliant High-Shine Top Coat, or the Dior Nail Glow Polish that gives you a hint of pink. Once upon a time, the black mani was reserved for Halloween and/or angsty teens. No longer: black nails are a modern classic, and one of the chicest options for an engagement nail look. Just take a cue from Kourtney Kardashian. Dark, edgy, yet still very much romantic—we’re here for it. If you’re still looking to get that glazed doughnut-inspired look, add some iridescent shine. Serena Williams goes for sparkly light pink nails that shine bright like her engagement ring. Ciara proves that mauve makes for a great go-to nail colour. The mix of purple and pink with cool undertones works for every skin tone. We love this warm gold-orange shade Beyoncé sports. It’s got sheer coverage and a light metallic sheen that doesn’t overpower the stunning ring on her finger. The creamy shade of this Essie pink polish (it's Bubble Away, a classic shade) is bold but still feels like a neutral. This is basically the red nail theory’s final boss (if you subscribe to that philosophy, of course). Celebrity nail artist Julie Kandalec credits one of her clients for the idea and describes it as “a deep brick-ish red with white chrome over it.” Striking yet chic, there’s nothing like a classic red to pair with your new ring. A look Kandalec recently did for Emily Blunt, this cool-toned champagne nail with silver French tips is an easy way to elevate a classic mani. (And we're loving the ever-popular almond-shaped nail that just elongates the fingers). Mixing two different shades in the same colour family can add some needed dimension and depth to your engagement nails. “Subtle, yet visually very interesting close up,” says Kandalec of the look. A two-toned nail is a classic (and easy to do, which is always a major plus). With its velvety feel and mesmerising shimmers, cat-eye nails are one of the most fun looks you can try—especially for an engagement mani. Either go all out with a full cat-eye or find a happy medium. Kandalec recommends a more subtle variation and suggests starting up top with the cat-eye effect before gradually transitioning it to a more neutral shade at the base. Looking for a deep infusion of colour? Kandalec says to go for jewel tones. “They’re rich in tone and luxurious,” she says. Her favourite is a cranberry red. But you can also opt for a deep emerald or purple to really make your engagement nails pop. ","https://assets.vogue.in/photos/68ca5edc04329a7aff51ea1a/16:9/w_1280,c_limit/SnapInsta.to_305582120_823373185486091_6473894762026282050_n.jpg"
"Feb 07, 2026 @ 23:26:29.094",3d8bef609a7012fc8dd45f1ce01abd26,https://www.vogue.in/content/marriage-tips-to-keep-the-spark-alive-long-after-i-do,26 marriage tips to keep the spark alive long after ‘I do’,"The best weddings might be straight out of fairy tales, but the best marriages are fuelled by hard work, deep wells of patience and abundant empathy",Nidhi Gupta,2025-09-16T05:00:00.000Z,"The most enchanting weddings often feel like they’ve leapt straight out of a fairy tale, with glittering lights, tear-jerking vows and storybook romance. But once the confetti has run out and the cake has been eaten, the marriage that truly begins—a commitment that’s built on something far deeper. The strongest marriages demand hard work, the kind that shows up even when it’s inconvenient. Because while weddings may sparkle, it’s the quiet, consistent tending of love that makes a marriage last. Below, So you’re a double income household run by a power couple with soaring careers and sky-high ambitions? Between income-based power play, stealth overspending and a mismatch in financial values, “The sage Vatsayana wrote that for good sex, the genitals have to be fairly matching in size,” says mythologist and author of Begin by “sharing what family means to you from a space of understanding context, not from a space of blame,” suggests Mumbai-based psychotherapist Anusha Manjani. “In South Asia, we marry into networks of duty and history. Often what we call ‘interference’ by in-laws is unresolved enmeshment or unconscious loyalty. Partners are often trying to mature from fused roles like the ‘good child’, ‘dutiful son’, ‘obedient daughter-in-law’ and that can create conflict.” So what can you do about this? “Keep the focus on ‘we’—align as a team and be clear on what is okay and not okay when it comes to spending time with family. For example, how do we want to spend our holidays and festivals?” Come to this conversation not with rigid expectations, but patience while being firm and clear. “Think of this not as rebellion, but repair.” To begin with, says Mohan, pre-nups are not legally recognised in India and can get thrown out of court easily. And secondly, wouldn’t you rather enter a marriage, even one with a wealth imbalance, with openness and clarity? “This may be unsettling, but you’d rather do the hard work of tackling wealth planning early on,” says Mohan. “And if your partner or partner’s family is the one insisting on legalities, don’t be dismissive or look at it as an accusation. Try to understand what’s going on instead and consult your own lawyers on the whys and the whats. This is where you really get to know who you’re marrying, so don’t take this experience for granted.” Between endless tasks, a mountain of paperwork and a million Zoom calls (that could’ve been an email), it can be hard to take out time for each other when you’re both at work. Harder still when there’s an Instagram reel or Twitter storm always at hand to distract you. “Little updates during breaks like ‘I just ate’ or ‘having such a tough day’ can help you stay connected even when you’re apart,” says New Delhi-based psychologist Divija Bhasin. Memes or emoji work too, if those are your love language. Screens in bed and when we wake up—who are we really married to? “Create intentional screen free rituals,” says Manjani. “Ask them: what was especially joyful or challenging about your day?” It could be at a device-free dinner, while making a cup of coffee or reconnecting at the end of the day while doing chores. “It is not about the amount of time or money spent on dates but more about creating room for daily presence and connection with each other.” Anand recommends carving out 15 minutes at the end of every day for “very close, intimate, non sex time” and building it into your daily routine. “Lie down with each other naked and cuddle but don’t talk about sexy stuff. Talk about your day. The rule is, this does not lead to sex. This is to remind yourself how good and comforting and nice it feels to touch each other, to truly be with each other.” Of course, it isn’t fair that one partner becomes the default chef/maid/ house manager if the other is on a faster growth trajectory. “Sit down to ask: What does a functioning home look like to both of us? What tasks do we hate? What do we not mind? What can we afford to outsource so we don’t end up totally hating each other?” says Mohan. You can also draw up a joint chore schedule. “One person has late-night meetings on Tuesdays? Cool—maybe the other handles dinner that day and they swap on Friday. The idea is to be equitable (different from equal).” Maybe you’re so swamped with your partner track, you actually can’t do the laundry. “But then, perhaps you can handle all the bill payments or weekend grocery runs,” says Mohan. “The point is to demonstrate intent and to say, ‘I see this as our shared load and I want to carry my part’.” Anand suggests practising “relationship foreplay”. The key to good intimacy, she says, is transition: You have to be in the right frame of mind, not still thinking about that email you’re drafting or that contract you need to sign. She suggests watching a comedian together in bed (and naked, if you like) because “you can’t imagine what laughing together can do for your relationship.” Or the very tactile, sensory act of cooking. “Either you turn it into a game or it’s just a simple meal,” says Anand. “Think about the transitions that you actually use so it’s not like cooking with a friend.” “We all have core needs of being seen and heard, and listening with intention and attention is a big part of what is needed to build intimacy today,” says Manjani. A screen-less weekend can do wonders, she says: Stay in and read to each other or play strip Scrabble, go out and explore the city, but take time away from work and your screens. It can “ground, reconnect and bring more care to what the relationship needs”. Hit the padel court, go hiking once a week, ride the Peloton—whatever it is, make a habit of getting out of the house and into spaces where you can kick things up a notch, even allow your competitive side to come out and play. “Anything other than that mandatory weekly candlelight dinner date which comes with so much pressure to perform,” says Anand. They love going on road trips with their friends, you could spend the whole weekend knitting through re-runs of It’s never easy: An unexpected anxiety attack while getting ready for work or living under a black cloud for weeks. It’s not easy on them—or you. “But try to learn more about your partner’s mental health problems by reading about it,” says Bhasin. “We often tell people to be positive or be grateful to try and cheer them up but can end up invalidating their feelings in the process.” Instead, seek professional help but also understand that actually taking that help will be their call. “A long hug, holding their hand during a tough conversation, placing your palm gently on their back or leaning into each other can signal ‘I’m here with you, I care for you, I see you’ to your partner’s nervous system,” says Manjani. Maybe you don’t want sex after a harrowing week at work, but you do want… something. Set a 15-minute timer for judgement-free play, says Anand, and tell them to give you the neck massage or kisses on your stomach that you’ve been craving. Or, maybe you don’t like how they kiss you. Lack of courage, meet role-play. “A friend in the kink community came up with this wonderful idea,” says Anand, “try light sub and dom play. It’s like a verbal script where you basically issue directions. Plus, you can be sure that your partner is listening at this point because, I’m sorry to say, but a lot of the time they are not.” The reality of contemporary life is that we assess the world (and ourselves) in terms of productivity and can end up assigning value based on numbers. Manjani sees a lot of couples “keeping track of who did what or earned how much”. “It is important to use a shared language of respect and not comparison when talking about time and contribution. Try to name—and value the invisible labour and reclaim rest.” Sex toys, says Anand, are great to experiment with together because “they can help take the pressure off and then this time can just be for the sheer pleasure of being together. On days when you’re not up to it, it’s wonderful to have mutual masturbation.” And if all of that is too uncomfortable, then play with toys by yourself, she says, without the guilt. “The more you understand your body, the more you can guide your partner. It’s not their job to discover your pleasure points.” Maybe it’s real estate, or maybe it’s a joint retirement fund that you will sink into that round-the-world cruise you’ve dreamt of your whole life—but creating a long-term asset or goal together, says Mohan, is a powerful way of showing commitment. “You want to convey that the money you make is not ‘your’ money, but ‘our’ money. If you’re the earning or significantly higher earning partner, proactively include your partner in your financial decision-making process so he or she feels like you’re working towards a joint future.” Things change. You change. You might have realised you aren’t enjoying something you thought you were flexible about—or the opposite. Anand suggests having monthly talks about boundaries which, just like consent, is not a one-time thing set in stone—and this isn’t even restricted to sex. To make it a conversation, not confrontation, Anand and her partner would gather daisies on walks in the meadows behind their house, and then offer a daisy to each other for each new rule they wanted to set. “Create a ritual. It softens the edges.” Every once in a while, leave them a note noticing the everyday or unsaid gestures, says Manjani. Things like “thank you for always making me laugh at awkward family gatherings” or “thank you for making the reservations whenever we go out to eat.” They’ll love that you’re paying attention. Think you might be bisexual? Want to try cuckolding? “Don’t go try it and then come back and say, I enjoyed that,” says Anand. “You have to remember that marriage is like a contract that you sign. There are certain unwritten rules and the main one of monogamy is fidelity.” Talk about it with your partner, she says—you might be surprised at just how willing they are to go along with it. If you or your partner want to try polyamory or an open marriage, Anand’s advice is to look up the subject to understand what questions need to be asked. “It’s not as simple as deciding that one wants to also sleep with somebody else at the same time. There are some basic questions you need to deal with that don’t even fall in the emotional paradigm—things like STIs, living arrangements, financial arrangements, legal repercussions. Remember: this requires even higher levels of trust than being monogamous.” Maybe it’s not even Tinder; maybe they’re just talking—to ChatGPT. “Even though AI can become a proxy for unmet needs, the actual work is in facing what those needs are—was it emotional availability, curiosity, lack of judgement or distraction? Is it a symptom of loneliness or disconnection, or is one partner trying to reclaim something they have lost—desire, aliveness or validation? In therapy, we don’t rush to close or repair the relationship but create space to understand these needs and check if it is possible to reconnect and repair,” says Manjani. “Create time to check in with the other,” says Manjani. “Ask: do you need Comfort (need for support and rest), Connection (time to spend together, affection, touch) or Celebration (need to be appreciated or to celebrate a small win)?” And then follow through with action, however small. On one side is rhythm and habit (or worst case, total monotony). On the other is discovery and reconnection. “Try new things: dance or doodle, introduce your favourite childhood games and activities to each other,” suggests Manjani. “Find ways to create joy—because that joy is glue. ","https://assets.vogue.in/photos/68c52a4106372df69eda7b33/16:9/w_1280,c_limit/VWB_Coverstory11%20(1)%20copy.jpeg"
"Feb 07, 2026 @ 23:26:30.369",c87401deb74be7ff3959311e1c231477,https://www.vogue.in/gallery/this-model-brides-wedding-in-italy-featured-lake-como-views-and-a-sabyasachi-lehenga,This model bride’s wedding in Italy featured Lake Como views and a Sabyasachi lehenga,"Arya Bendkhale and Federico Perego celebrated with an intimate ceremony on Lake Como and a second at his family’s horse farm in Brianza, blending Italian and Indian traditions",Ruman Baig,2025-09-14T06:30:00.000Z,,"https://assets.vogue.in/photos/68c548b656a2c7407c1f2bba/16:9/w_1280,c_limit/SV234060%20(1).jpg"
"Feb 07, 2026 @ 23:26:31.542",1ae00033873fc1cdd539370f0dc2f6b9,https://www.vogue.in/promotion/a-rajkot-wedding-inspired-by-travel-heritage-and-a-touch-of-retro-glam,"A Rajkot wedding inspired by travel, heritage, and a touch of retro glam",Naiya and Sidd Chhayani’s wedding had strong Gujarati influences alongside picturesque backdrops and 1920s elegance,Yoshita Rao,2025-09-10T05:20:25.599Z,"Their first date in Boston unfolded without pretence—two creative spirits talking about travel, culture, food, and their shared love for dogs. That conversation marked the beginning of a relationship shaped by curiosity and connection. Over the next two years, Naiya and Sidd explored the world together, turning travel dreams into shared memories and strengthening their bond with every adventure. It was there that they decided their story would return to Rajkot, Gujarat, where love, heritage, and artistry would converge in a wedding captured by Planning a wedding across continents required the couple to make multiple trips to India. From selecting the floral arrangements and curating exquisite menus to working directly with artisans, every decision was guided by their vision. The process, though meticulous, was filled with joy. Their advice to other couples: “Enjoy the process and don’t get lost in the details. Communicate, set realistic expectations, and remember it’s about celebrating your love.” The festivities began at Regency Lagoon Resort, Rajkot. The mehndi ceremony, enhanced with green accents and tropical arrangements, echoed the couple’s love for cultural detail. The following day, the haldi and sangeet unfolded with a Greek-inspired aesthetic—blue and sunlit yellow elements setting a festive tone. Guests embraced the colour palette, while the couple stood out in striking pink tie-dye. By nightfall, the sangeet transformed into a Bollywood-inspired celebration, complete with custom posters, a red-carpet entrance, a Filmfare-style frame, and spirited performances from friends and family. The wedding ceremony itself was envisioned as a balance of tradition and contemporary design. A pastel palette, accented with peach, softened the grandeur, while floral installations, reminiscent of Singapore’s Gardens by the Bay, evoked the couple’s shared passion for travel. The groom, dressed in regal attire with a sharply tailored ivory sherwani paired with a white turban and a ceremonial sword, channelled a maharaja-inspired ensemble. His arrival began in a vintage Rolls-Royce before he mounted a white horse for the final stretch, accompanied by dhol, a live DJ, and dancing. The bride wore a crimson lehenga, embroidered with zari and resham. Her look was completed by traditional jewellery and a Sabyasachi mangalsutra with a lion motif—an auspicious symbol of strength and prosperity in Gujarati culture. While the ceremony was steeped in tradition, the couple introduced intimate Western elements: handwritten vows and the bride walking down the aisle with a white bouquet in hand. The reception shifted into a world of retro glamour. Black-and-gold decor, sweeping gowns, and tuxedos set the tone for a celebration reminiscent of the Great Gatsby era. Champagne toasts and high-energy performances by the newlyweds and their loved ones brought the festivities to a dazzling close—a fitting finale to a wedding that honoured both heritage and modernity. For those who will be journeying down the aisle, the couple reminds them to delegate when needed so they can be fully present for their special day—something they credit to the artistry of ","https://assets.vogue.in/photos/68c100f0782682b5e0f0a606/16:9/w_1280,c_limit/0D3A9741.jpg"
"Feb 07, 2026 @ 23:26:33.019",a65bee01d814185518a176e0cd6bc86d,https://www.vogue.in/gallery/this-couples-wedding-in-cannes-unfolded-at-a-seaside-chateau-with-couture-lehengas-and-golden-hour-vows,This couple’s wedding in Cannes unfolded at a seaside château with couture lehengas and golden-hour vows,"Sarina Vaswani and Lavine Hemlani’s wedding in Cannes featured custom Manish Malhotra couture, bohemian beachside revelry, Sheesh Mahal-inspired celebrations and live performances from Jason Derulo, Sukhbir and more",Arzoo Dina,2025-09-07T04:30:00.000Z,,"https://assets.vogue.in/photos/68bad1ab10bc5fc8470f4b2d/16:9/w_1280,c_limit/SBJR_SLStoryFull-440.jpg"
"Feb 07, 2026 @ 23:26:34.470",61d53c029394412fa84fdeb9fb87796c,https://www.vogue.in/content/vogues-a-to-z-wedding-directory-will-fully-prep-you-for-your-special-day,Vogue’s A to Z wedding directory will fully prep you for your special day,The one-size-fits-all kind of wedding is a thing of the past. Let this A-Z directory be your guide for crafting a celebration that is authentic to you,Ruman Baig,2025-09-06T03:57:24.513Z,"The era of cookie-cutter weddings is over. Today, it’s all about creating a celebration that feels like it was designed for you from start to finish. Whether you’re dreaming of an intimate garden soirée or a three-day destination spectacle, the possibilities are as limitless as your imagination. To help you navigate it all, we’ve put together an A to Z wedding directory covering everything that injects personality into your nuptials. Think of it as your blueprint for a wedding that is equal parts stylish, personal and unforgettable. From handwoven textiles to locally-sourced seasonal Bachelorette trips are trading late nights for early mornings: think sunrise Pilates and sound baths. Unwind with barre classes and post-class matcha at MAJA Canggu, Bali, SHA Wellness Clinic, Spain or The Farm at San Benito in the Philippines. Cold feet? Stick them in a From saffron crème brûlée to mini gulab jamun cheesecake, Sage & Saffron by Aditi Dugar, Single Thread by Manu Chandra and Gaia Gourmet by Shilarna Vaze create vertitable edible art installations where Indian classics meet global favourites. Save paper (and your sanity)—digital invites are eco-friendly, elegant and will spare you the stress of awkward small talk when visiting relatives. Posh Invites by Gauri Agrawal and The Murphy Studio take away your logistical troubles by designing personalised wedding invitations. Roses and hydrangeas for a touch of romance; marigolds and jasmine for a traditional aesthetic; tulips and ranunculus for minimalists—trust Weddings by Gurleen M Puri and Interflora India to design your dream wedding space. Deep-cleansing facials to signature shaves, self-care for men has levelled up. Grooms can turn to Truefitt & Hill for luxury barbering or indulge in treatments like a Korean hair spa and face gym at Florian Hurel Hair Couture & Spa. No bridal trousseau is truly complete without at least one heritage weave. A Banarasi silk or a rich Kanjeevaram, passed down through generations, carries stories woven into every thread. Invest in an heirloom from Advaya, Tilfi or Ekaya. The infrared sauna penetrates deep into the skin to flush out toxins, soothe muscles and promote blood circulation. Sign up for a quick session at The Wellness Co. in Delhi, Salt World in Bengaluru or Reaviva Holistic Health in Mumbai. The technical artistry involved in the making of a piece of jadau jewellery—uncut diamonds, precious stones and pearls set in gold—gives it the stature of art. Tyaani, Jaipur Gems and The House of MBJ have you covered. The humble kolhapuris were the subject of much debate recently after they walked onto the Prada runway, but there’s no question about their comfort value. Designers like Aprajita Toor, The Sole Sisters and Sandalwali reimagine them for the wedding wardrobe: think zari, mirrorwork and pearl embellishments. A few days before the big day, sign up for this miracle treatment that can sculpt the face and reduce water retention at the Quan Spa, JW Marriott Mumbai, Kaya Kalp Spa, ITC Maurya New Delhi or Jiva Spa, Taj West End Bengaluru. From high-octane sangeet nights to a sundowner mehendi, mirrorwork is the playful alternative to an otherwise zardozi-heavy wedding wardrobe. Find your piece at Arpita Mehta, Abu Jani Sandeep Khosla or JJ Valaya. Add a pop-up manicure station to your mehendi festivities to queue up for some fun. Nail Rituals in Delhi, Studio Nails by Anisha Mulchandani in Mumbai and Nailbox in Bengaluru bring glamour and polish straight to your venue. In the intricate art of fragrance layering, oud is that versatile element that pairs well with vanilla, sandalwood and more. Luxury fragrance houses like Maison Francis Kurkdjian and Ajmal Perfumes are known for their refined takes on oud—elegant, addictive and as timeless as your vows. Does an intimate pre-ceremony to exchange vows and inside jokes without a crowd watching sound nice? Take a good photographer along—the folks at House On The Clouds, Joseph Radhik or The Wedding Filmer—to capture the moment. Rose quartz’s association with healing, love and emotional clarity makes it a befitting beauty companion to keep close in the lead-up to your wedding—especially for a glow that goes beyond skin-deep. RAS Luxury Oils and Dromen & Co offer beautifully crafted rose quartz facial tools. Pastels and neutral hues may often take centre stage, but rani pink’s unmistakable vibrance guarantees it a spot in a bride’s trousseau, like that fun cousin in your bridesquad. Find your bold fashion moment for the sangeet at Frontier Raas or House of Masaba. Kokum-urrak spritzers for a summer soirées, toddy-based nightcaps for winter sangeets: Master mixologists like Yangdup Lama and Pankaj Balachandran can keep things lush with potions highlighting Indian brands and local ingredients. Sculptural centrepieces, softly glowing taper candles, place settings in elegant calligraphy: The tablescape is emerging as the canvas to tell a visual story of togetherness. Designers like Altair by Janki Desai and Eeshaan Kashyap specialise in crafting immersive experiences—styling food, cocktails, tableware and decor to create cohesive and memorable sit-down dinners. If you’re looking to recreate that timeless Mughal charm through your bridal jewellery, look no further than uncut diamonds—or polki. Jaipur-based Raniwala 1881, Hazoorilal Legacy and Indriya by Aditya Birla can help you find the right pieces that carry the perfect balance of craftsmanship and modern elegance. There’s something about the Indianised bridal veil—lightweight tulle with intricate embroidery—that elevates your whole bridal look like little else. Designers like Sabyasachi, Gaurav Gupta and Falguni Shane Peacock know how to balance tradition with wearability. Whether it’s a quiet affair or a 700-person spectacle on your vision board, pulling it off needs a seasoned planner—like Devika Narain (known for detail-rich weddings) or Motwane Entertainment & Weddings (who can whip up larger-than-life productions). For that secret element that can take your wedding to a whole other level, craft a signature scent together—one that captures your story and lives on in memory. Brands like Jo Malone and Maison 21G offer bespoke fragrance experiences where you can co-create a scent to wear, gift or even diffuse throughout your celebration. After all the madness of wedding planning, unwind and recharge with a short yoga retreat at Dharana at Shillim or Ananda in the Himalayas—nothing like a weekend of vinyasa flows, gut-cleansing meals and natural quietude to reenergise you before the big show. Astrology likely played a role early in your relationship to help you spot red flags—so why leave the zodiac factor out of your big day? From Fizzy Goblet’s zodiac sandal heels and Mrinalini Chandra’s customised kaliras to Outhouse Jewellery’s celestial-inspired pieces, the stars truly align in the last alphabet of this wedding directory. ","https://assets.vogue.in/photos/68bbad81d024a4a0695ec97f/16:9/w_1280,c_limit/Alia-Ranbir.jpg"
"Feb 07, 2026 @ 23:26:35.642",2040e3fd846ed3a7fff558fdf8ff6d74,https://www.vogue.in/content/janhvi-kapoors-dream-wedding-reflects-a-new-era-of-intimate-celebrity-unions,Janhvi Kapoor’s dream wedding reflects a new era of intimate celebrity unions,"Across India and beyond, celebrities are stepping away from grand productions for ceremonies that feel private, personal and true to them",Vogue Staff,2025-09-01T10:24:03.320Z,"When Janhvi Kapoor talks about her dream wedding, concepts like drone shots, elephant processions and endless pre-functions aren’t in the frame. In her It’s not about capability—Kapoor could command a stadium if she chose—but about intent. What she desires is an intimate ritual, not a production. “I know I want to get married in Tirupati. I definitely don’t want too many people there. I want it to be quick and I want the honeymoon to be very long,” she tells us. And she’s not alone. Across industries and time zones, stars are turning away from maximalist “all eyes on me” weddings in favour of something private, spiritual and stripped back. Aditi Rao Hydari and Siddharth tied the knot this year in a 400-year-old Telangana temple, announcing it with a single set of photographs. Alia Bhatt and Ranbir Kapoor married at The mood extends beyond India. Charli XCX married musician George Daniel at Hackney Town Hall in London with 20 close guests, in a Vivienne Westwood The draw of the big fat celebrity wedding hasn’t disappeared. But in an age of constant exposure—when even an airport look gets dissected–the wedding is the one moment stars want wholly for themselves. Kapoor’s generation in particular sees resonance in what feels genuine, not staged. That shift shows up in clothes, too. Kapoor imagines herself in a Manish Malhotra creation but wants something familiar and comfortable. Alia Bhatt wore an This doesn’t mean extravagance is dead. But the definition of “dreamy” has widened. For Janhvi Kapoor, it’s vows at Tirupati and the freedom of comfort. For others, it’s a balcony, a farmhouse or a restaurant. What’s appealing now is not scale but sincerity. So in the absence of any need to prove anything to the world, what’s left is the privilege of being present with oneself, your partner and those who truly matter. Isn’t that what marriage is about, anyway? ","https://assets.vogue.in/photos/68b5722fa6350234cccfd2ea/16:9/w_1280,c_limit/VWB_Coverstory4%20(1).jpg"
"Feb 07, 2026 @ 23:26:36.995",6d0ee384244c4b60d2496d9562881e7f,https://www.vogue.in/gallery/this-multicultural-wedding-in-tuscany-had-two-ceremonies-and-a-live-millefoglie-cake,This multicultural wedding in Tuscany had two ceremonies and a live millefoglie cake,"From rituals to revelry, Emily Shah and Mena Massoud’s wedding was a vibrant meeting of cultures, flavours and music",Kriti Saraswat-Satpathy,2025-08-31T08:30:00.000Z,,"https://assets.vogue.in/photos/68b19e371811cb86b37d81ac/16:9/w_1280,c_limit/EMILY%20-%20MENA%20INDIAN%20CEREMONY%20066%20(1).jpg"
"Feb 07, 2026 @ 23:26:38.160",99d8667c8d984bac52d2c629215cd55e,https://www.vogue.in/promotion/two-fine-jewellery-ateliers-that-are-reimagining-indian-heritage,Two fine jewellery ateliers that are reimagining Indian heritage,"From rare gemstones and distinctive design to a hundred years of legacy craftsmanship, Anjali Bhimrajka Fine Jewels and Mehta & Sons create bespoke creations that tell stories across generations",Vaidehi Joshi ,2025-08-29T08:57:01.538Z,"Jewellery is a reflection of the wearer. The necklace you pick to wear on a special day to the simple studs that adorn your ears on the daily—every trinket you choose tells your story. Two distinguished jewellery brands, Anjali Bhimrajka Fine Jewels and Mehta & Sons, celebrate this individuality with their pieces—the unique cuts, gemstones and designs ensuring that there is something for every discerning customer. Scroll further to know more about the two brands, their design sensibilities, their founders and more. Since its inception in 2005, Anjali Bhimrajka Fine Jewels has become synonymous with intricate craftsmanship, rare gemstones, and distinctive design. From heirloom classics to contemporary statements, each jewel is brought to life using a curated palette of the world’s finest treasures—Golconda diamonds, Colombian emeralds, Burmese rubies, Basra pearls, Kashmir sapphires, Paraiba tourmalines, and Baltic amber, set in 18K and 22K gold, often finished with unique polishes and textures. The founder, Dr. Anjali Bhimrajka’s journey into fine jewellery was shaped by artistic instinct and passion. With academic accolades including a Ph.D. in Alternative Medicine, Dr. Bhimrajka is a true polymath. She turned her childhood fascination into a lifelong calling, taking herself to the Gemological Institute of America, where she trained in jewellery design and diamond grading—formally setting the foundation for her namesake label. Every jewel at Anjali Bhimrajka Fine Jewels begins with ethically sourced diamonds and gemstones—selected not only for their brilliance, but for their integrity. Age-old techniques are not just preserved—they are reinterpreted through a modern lens, creating designs that feel timeless yet distinctly contemporary. Their latest collection, Rêve Parisien is an ode to the romance of Paris. It translates the charm of a bygone era into radiant elegance and modern sophistication.The collection introduces neckpieces, ear pendants, and rings with vibrant coloured and uncut diamonds, enhanced by blue sapphires and tanzanites—highlighted by mandarin garnets and colourful sapphires. For a hundred years, Mehta & Sons has been more than a jeweller—it has been a custodian of tradition, artistry, and trust. An ancestral house built on values passed down through generations, the brand remains deeply rooted, humble, and true to its heritage, even as it evolves to meet the aspirations of the modern world. Mehta & Sons began its journey almost a hundred years ago, in 1931, and to this day, every piece at the atelier brings with it this legacy of craftsmanship and quality. Carrying forward his ancestral heritage, Mr. Narendra Mehta has shaped Mehta & Sons into one of India’s most trusted names in fine jewellery. A man of vision and quiet strength, he believes that every creation must reflect not only artistry but also soul. For him, a jewel is more than design—it is emotion, value, and legacy, to be cherished by generations. His philosophy ensures that every piece leaving the atelier carries with it the same integrity and devotion that has defined the brand for a century. The artisans of Mehta & Sons honour tradition while embracing innovation. Known for their intricate gold-work, mastery in diamond settings, and the rare art of blending vibrant gemstones with precision, the house has perfected its craft over a century. Each jewel reflects the devotion of both artisan and founder—where craftsmanship is not just skill, but an inheritance. To mark its centenary, Mehta & Sons unveil their latest collections, Strata and Eterna—paying homage to their legacy while embracing modern luxury. The bridal line captures the grandeur and sentiment of Indian tradition, crafted as heirlooms of love. The collections feature diamond creations elevated with rare gemstones, exuding bold elegance and timeless charm. Both these brands are a celebration of heritage—tested by time, yet created for today. They aim to bridge the legacy of Indian heritage with a global sensibility, crafting modern heirlooms that transcend trends and generations. ","https://assets.vogue.in/photos/68abf0c84c404c23c74f6cdd/16:9/w_1280,c_limit/IMG_2047_1.jpg"
"Feb 07, 2026 @ 23:26:39.310",e622b88af3e9e17093bc997e7e69d4cc,https://www.vogue.in/weddings/content/makeup-products-every-bride-needs-to-have-in-her-wedding-day-beauty-kit,9 bridal makeup products that belong in every wedding day kit,Call it your bridal toolkit for everything from toasts to tears,Nupur Sarvaiya,2020-01-06T12:35:45.937Z,"Some brides wouldn't dream of their ideal beauty look without enlisting the help of a We have curated a ready reckoner with the key makeup products in any kit along with tips on how to use them, so that you're well prepared for your big day. When you get down to brass tacks, Without proper prep, your skin can be something of a blotched nightmare. After all, you’ll want your makeup to hold up through the last selfie, toast and twirl. This makes primer extremely essential. The thumb rule is to use a You probably won’t get enough shut-eye during your wedding festivities, but this is the one time when you want to look your fresh-faced best. This requires a seriously heavy-duty A Lock in your base with a pressed or loose setting powder. One swipe of a brush will absorb excess oils to give a visibly flawless finish. A compact size will also be handy for touch-ups later. Your wedding day is the perfect opportunity to pack some punch with your eye makeup. Look for a palette that combines neutrals and metallic shades. Warm, earthy tones work best with Indian skin. Shades of gold, bronze and copper also do well together, and the modern Indian bride can opt for these colours without a second thought. A waterproof formula is the only answer to smudge-proof, sweat-proof and even tear-proof your eye makeup. Make sure to add a highly pigmented long-wear eyeliner to your makeup kit. Another non-negotiable? A mascara. But before you buy one, decide whether you’re looking for length or volume. A highlighter can serve as the perfect pick-me-up for your complexion, and provide a lit-from-within glow when applied to the high points of the face (cheekbones, tip of the nose, brow bones, and Cupid’s bow). Choose your formula according to the look you want to achieve—a powder highlighter will give you a matte look, a cream or balm version will leave you with dewy face, while a liquid highlighter will provide the most intense colour pay-off. The last step to your bridal makeup, lipstick is a staple. Keep a red, pink and a nude at the ready. While matte formulas will last the longest, don’t have any qualms about opting for a creamy option. ","https://assets.vogue.in/photos/63777e2babfaf7db94442ae9/16:9/w_1280,c_limit/AVISHKAR%20JADON%20Vogue%20India.jpg"
"Feb 07, 2026 @ 23:26:40.536",c1547dafd184c2c87f6b6a360540ae9a,https://www.vogue.in/content/a-closer-look-at-taylor-swifts-engagement-ring-with-the-designers-details,A closer look at Taylor Swift’s engagement ring—with the designer's details,That’s Mrs. Americana to you! Taylor Swift is in excellent company with her bezel-set engagement ring,Hannah Jackson,2025-08-27T09:19:44.947Z,"America's pop-culture sweethearts are The pair announced their engagement news earlier today, August 26. Or, as they put it in a joint Swift wore a black-and-white striped Ralph Lauren halter dress, brown Louis Vuitton heeled sandals, and a gold Cartier Santos Demoiselle Quartz watch with a diamond-encrusted face for her flower-filled engagement to the Kansas City Chiefs tight end. But, unsurprisingly, our eyes were trained on her Kelce worked with Kindred Lubeck of Swift is in excellent company with her bezel-set engagement ring. Earlier this year, Zendaya arrived at the 2025 Golden Globes wearing a button-back Jessica McCormack ring; Charlie McDowell proposed to Lily Collins with a rose-cut bezel from designer Irene Neuwirth. Now, Taylor Swift's engagement ring is joining their ranks. (Do we sense the next big The pop superstar already set the internet ablaze earlier this month when she announced her 12th studio album, Congratulations to the happy couple! It’s a love story, baby, and Taylor Swift said “yes!” ","https://assets.vogue.in/photos/68aecb77bc65fbc362694a17/16:9/w_1280,c_limit/Your%20English%20teacher%20and%20your%20gym%20teacher%20are%20getting%20married%20%F0%9F%A7%A8.jpg"
"Feb 07, 2026 @ 23:26:41.793",7b703721a6fd4fecef4e4d11e7fc31c6,https://www.vogue.in/content/taylor-swift-and-travis-kelce-are-engaged,Taylor Swift and Travis Kelce are engaged,"With a striped Ralph Lauren dress, a cushion-cut diamond ring and a caption that charmed the internet, Taylor Swift announced her engagement to Travis Kelce",Vogue,2025-08-26T17:56:39.633Z,"Congratulations are in order for Taylor Swift and Travis Kelce. The pop superstar shared the news in an Instagram post on August 26, with a photograph of the couple surrounded by flowers. The caption read simply: “Your English teacher and your gym teacher are getting married.” Across the photos, Swift wore a striped Ralph Lauren dress and showed off her engagement ring, which featured a dazzling, elongated The news comes nearly two years after they made their first public appearance as a couple in September 2023 at a Kansas City Chiefs game. Since then, the two have been constantly in the spotlight: Kelce is often in the audience during Swift’s blockbuster Eras Tour concerts, while Swift memorably embraced Kelce on national television after he won the Super Bowl. (“When you say a relationship is public, that means I’m going to see him do what he loves, we’re showing up for each other, other people are there and we don’t care,” Yet, despite their high profile, the two have been relatively low-key about their relationship itself. They’ve refrained from posting much on social media and have only briefly mentioned each other in interviews. “Obviously, I’ve never dated anyone with that kind of aura about them…. I’ve never dealt with it,” Kelce told JR Moehringer during an interview with Most recently, the couple made a joint appearance on the ","https://assets.vogue.in/photos/68adf3da38b288b40478b772/16:9/w_1280,c_limit/Your%20English%20teacher%20and%20your%20gym%20teacher%20are%20getting%20married%20%F0%9F%A7%A8%20(1).jpg"
"Feb 07, 2026 @ 23:26:43.145",4e919c373371ca9e4d1c2d8131c77125,https://www.vogue.in/gallery/this-couples-wedding-in-mexico-city-was-a-blend-of-couture-mariachi-music-and-bollywood-revelry,"This couple’s wedding in Mexico City was a blend of couture, mariachi and Bollywood revelry","A haldi alive with colour, a sangeet set in a gothic chapel and vows in a Barragán estate",Arzoo Dina,2025-08-23T06:30:00.000Z,,"https://assets.vogue.in/photos/68a89bcf83442c83ef0ca97a/16:9/w_1280,c_limit/_SL_8247%20(1).jpg"
"Feb 07, 2026 @ 23:26:44.329",718292def65d1a94c226970c2c9dbd77,https://www.vogue.in/promotion/this-couples-wedding-celebrated-their-love-for-travel,This couple’s wedding celebrated their love for travel,Jasmin Parikh and Hiren Babaria’s wedding highlighted their Indian heritage and unfolded over various cities in the US,Mansi Shah,2025-08-22T06:53:58.960Z,"There’s something special about tying the knot at a place that is replete with history and tradition. For this couple, it was Naples—a favourite from one of their weekend getaways in Florida encouraged by her parents ‘Sunday Fundays’ tradition. It was only fitting then, that Jasmin Parikh and Hiren Babaria, chose to have their wedding at the newly renovated  Ritz-Carlton Naples in Florida. The venue’s quiet sophistication was the ideal backdrop, featuring swaying palms and turquoise waters, an amalgamation of tranquility and celebration. Quiet, joyful and endearing, Jasmin and Hiren's love story was the kind that revelled in a slower pace, unfolding gently over multiple dates. It started off with a message sent by Jasmin with the help of her aunt, and a reply from Hiren days later while he was on a trip to Hawaii. And then the conversations began, and translated to dates. Their first date in Dallas was cinematic, thoughtful and the connection was natural and instant. They had sushi at Uchi, spent time taking long walks in the rain, and cute gestures like holding an umbrella over her head had Jasmin convinced this could lead to more. Jasmin is from New Jersey and Florida, and Hiren is from Dallas. Their long-distance relationship certainly drove up airline ticket sales with the couple taking over 30 trips between cities like New York, Chicago, Orlando and Dallas. The proposal on a secluded beach in Oahu was much like their relationship, quiet and a celebration of their love. Jasmin had an inkling and got her nails done and got them matching outfits, a girl can never be too prepared. As they walked onto the beach during sunset hour, feeling the sand on their toes, Jasmin saw the flowers and the “Will You Marry Me” sign. Jasmin describes the feeling as surreal and although Hiren was fairly certain about the answer, he wanted to make a meaningful yet grand gesture. The celebrations began with an intimate welcome dinner at The Ritz-Carlton Naples. The property, which was recently renovated, provided the perfect backdrop with everything looking brand new. The couple’s interests found translation in the decor, food and the personalised details. The menu, curated by chef Satish, had a mix of traditional Gujarati dishes and international staples like sushi, incorporating all the flavours the couple loved. The following morning, the couple had the traditional Grah Shanti, a ritual to mark an auspicious beginning of the celebrations. This was followed by the Haldi ceremony where the couple was showered with turmeric and petals, with laughter and joy filling the air. The couple then took a dip in the ocean with their friends and family cheering them on. This sentiment was captured beautifully by P.Taufiq Photography. Sangeet night saw enthusiastic performances by friends and family, and a dance floor that was buzzing into the early morning with Foram Shah at the console. It ended with garba, a nod to their roots. The wedding ceremony had the couple promising each other a lifetime of love and happiness under a lush floral mandap, and in the background, the sound of waves and swaying palms. With that,  Ritz-Carlton Naples hosted a big Indian wedding, planned by Bharati Shah, Electric Karma International and supported ably by the floral decor work of Utopian events. The band, a favourite with the guests and the couple alike, and at the console was Empire Entertainment. Serenading the guests with melodies on her violin was Amy Serrano. A nod to her roots, the bride wore Tarun Tahiliani for the sangeet, wedding, and reception. She wore a custom Mani Jassal outfit for welcome night, and a custom-designed Haldi outfit by the bride’s sister. The groom wore Siddesh Chauhan for the welcome night. He wore a Tarun Tahiliani outfit for the sangeet, and his sherwani for the wedding was by Shyamal & Bhumika. He wore a soft pista green gently complementing the bride’s pink bridal lehenga. For the reception, he wore a deep maroon tuxedo to contrast with the bride’s ivory outfit. All of this was captured beautifully by PTaufiq Photography. Brought together by chance, this love story was etched in the memory of everyone who attended, and certainly made a case for finding love in the unlikeliest of places. ","https://assets.vogue.in/photos/68a2d1f4cd22d0869303ae59/16:9/w_1280,c_limit/3N6A9978.jpg"
"Feb 07, 2026 @ 23:26:45.540",f3e489a8f466676c6d9267c624efa0bb,https://www.vogue.in/promotion/expressions-of-joy,Expressions of joy,"Izzhaar, a gifting solutions brand is turning emotions into mementos for you and your loved ones",Vaidehi Joshi ,2025-08-08T10:56:45.208Z,"Finding the right gift that conveys the love, regard and care you have for someone can be a herculean task. Be it an anniversary, a wedding, or a festival—special moments like these deserve to be commemorated with thoughtful gifts. Taking the onus of giving your emotions a tangible form is Izzhaar, a brand born in 2014, that promises to make gifting emotional and intentional. Founded by Ruchita Bansal, a designer with a deep love for thoughtful aesthetics, Izzhaar began with one goal: to craft gifts and invitations that speak the language of the heart. Bansal’s brainchild wasn’t born because the world needed another gifting brand—it was because the founder thought that something was amiss. Izzhaar wanted to capture that feeling when a gift lights up someone's eyes, not because of how much it was worth, but because of its meaning. What started as a passion project soon evolved into a thriving business—one where every design is a reflection of affection, culture, and connection. Offering value for money gifting solutions, Izzhaar is known for its bespoke wedding hampers, artisanal invitations, home décor, and festive hampers. The brand offers exclusive options to their customers—be it a pastel-toned invitation inspired by a couple’s journey, or a sustainable hamper to reward hard-working employees; no two pieces are ever the same, because no two stories are the same. At the heart of it all is Bansal’s creative vision—guided by soul, not trend. “Luxury gifting isn’t about grandeur. It’s about care, connection, and meaning. We don't create to impress, we create to express,” she says. Izzhaar collaborates with artisans who believe in slow, impactful creation and are meticulous about the small details. The brand cares deeply about the planet, creating consciously with sustainable materials and focusing on pieces that become lasting keepsakes, not disposable gestures. With sustainability at its core and curated creativity in every detail, Izzhaar continues to create an impact in the modern Indian gifting scene. ","https://assets.vogue.in/photos/68820016ab73c3d2a880174f/16:9/w_1280,c_limit/Ruchi%20Goyal-4.jpg"
"Feb 07, 2026 @ 23:26:46.726",f37016ba824f1ca9a79b4cfc19288887,https://www.vogue.in/content/this-brides-classic-red-vision-came-alive-with-a-sabyasachi-lehenga-for-her-california-wedding,This bride's classic red vision came alive with a Sabyasachi lehenga for her California wedding,"Dr Jasmine Singh's lehenga was hand-stitched and embroidered with traditional gold and silver threads, while the borders of her two veils featured handmade kiran fringing in hand-beaten gold and copper",Rebecca Cope,2025-07-31T08:28:36.484Z,"For many brides, their wedding day is a unique opportunity to honour their heritage, often through fashion. Such was the case for Indian-American bride Dr Jasmine Singh, a psychiatrist based in California. “Even as a child, I knew – without a doubt – that no matter who I married, or when I married, I would have a Sikh wedding ceremony, and I would wear a traditional red Indian lehenga with gold embroidery,” she explains. “My mother has countless photos of me as a little girl dressed in a tiny red lehenga, adorned with a gold mathapatti and haathphool, and proudly wearing a bold red lip.” When the time came for Jasmine to curate her own wedding day looks for her marriage to Dr Sandeep Mann, she knew immediately that she wanted to work with Indian designers, especially on a red lehenga – that instantly recognisable Indian bridal outfit. “It mattered to me that my wedding outfit was made by hands and minds that understood the symbolism embedded in every motif and stitch,” she explains. “I wanted to wear something that wasn’t just beautiful, but meaningful; something that connected me to my culture and heritage.” Having become familiar with his work decades earlier, Jasmine immediately thought of turning to the celebrated Indian designer Sabyasachi (who memorably dressed Priyanka Chopra for her wedding celebrations) for her lehenga and jewellery. “I first heard about him when I was a student at UC San Diego,” she explains. “I remember being captivated by the news that an Indian designer had shown at Milan Fashion Week. Since then I’ve followed his career, watching him dress countless brides – including many of India’s most celebrated actresses.” Jasmine started by selecting her wedding day jewellery from Sabyasachi, while she went back and forth on which of his red lehenga to wear and how to customise it to suit her bridal vision – often having two-hour long video calls with his team in India. “The first piece I selected was the necklace, followed by the earrings and then the bangles – my mother insisted I include Sabyasachi polki bangles,” she says. “Then came the custom mathapatti, nath, and haathphool. Somewhere in between, I found myself gravitating towards a floral motif lehenga from the Red Collection in the Heritage series. I waited before making a final decision, wanting to be certain. Shortly after meeting Sabyasachi in person during a visit to Los Angeles, I knew it was the one.” The mathapatti was inspired by one of Sabyasachi’s first famous brides, the actress Anushka Sharma – though she wanted hers to feature South Sea pearls, to match the rest of her look. “I was told by the Sabyasachi jewellery director that any changes such as this would have to be approved by Sabyasachi Mukherjee himself,” she explains. “I was delighted when I learned that he had signed off on the changes. The piece was also custom made to the measurements of my head, which I thought was a great attention to detail, as it was custom-fitted to frame my face perfectly from ear to ear.” Indeed, Sabyasachi as a rule does not allow customisation, so it was up to Jasmine to convince him of her vision for the lehenga too. “After explaining my reasoning, some customisation was allowed,” she shares. “I discussed with him that I wanted my second veil for my head to be different from the first that would be wrapped around my body, so that it could add more visual interest, which they agreed to.” One particularly special touch was the floral motif on the skirt – a brand new design. “It resonated with me on a personal level – my name is Jasmine, after all – and it beautifully complemented the wedding’s setting,” she explains. “Alongside my production team, we built a custom structure on my family’s estate, nestled within the estate’s gardens, and centred our design concept around an enchanted garden of wildflowers. This lehenga echoed that vision perfectly, and wearing it felt like stepping into a dream I had helped create.” The Sabyasachi team also crafted a custom silk organza palla for the ceremony, finished with gold sequins and a tilla thread border. “In Sikh tradition, the groom wears the palla, which is handed to the bride by her father – symbolising the start of the couple’s spiritual journey,” explains Jasmine. “Sabyasachi graciously completed this bespoke piece in record time, and it arrived just days before the wedding. I was later told it had only been made once before – for the actress Katrina Kaif – making it all the more meaningful.” Unsurprisingly, a lot of craftwork went into Jasmine’s lehenga, which was hand-stitched and embroidered with traditional gold and silver threads, while the borders of her two veils featured handmade kiran fringing in hand-beaten gold and copper. “My lehenga arrived in California a few weeks before the wedding,” recalls Jasmine. “The first time I wore it was late at night, with my mother by my side. I slipped it on – it fit like a glove – and when I saw myself in the full-length mirror, I cried. I was on the phone with Sabena, the head of Sabyasachi, and she was deeply moved by my reaction. In that moment, it truly felt like my vision and dream had come to life.” With so much love and detail going into the look, it’s unsurprising that Jasmine intends to wear the pieces again. “I believe fashion should be both enjoyed in the present and preserved for future generations,” she says. “And I don’t think preservation should come at the cost of fully experiencing the joy of wearing something now.” For her, the entire process was a pinch-me moment. “I see myself as someone who embodies two cultures: born and raised in the United States, yet deeply in touch with my Indian heritage,” she says. “That duality, what I call biculturalism, can sometimes bring difficulties with identity and with managing the two opposing cultures, but sometimes the juxtaposition can be beautiful, and that is something I find in Sabyasachi’s designs: a rare and beautiful balance.” ","https://assets.vogue.in/photos/688b0b837528f3321b420c84/16:9/w_1280,c_limit/RC-VOGUK-190525-2.jpg"
"Feb 07, 2026 @ 23:26:47.979",266b6a64e8e32e5df11bdcfaea6e3ad7,https://www.vogue.in/content/indians-love-beach-proposals-heres-how-to-do-yours-perfectly,Is your boyfriend planning a beach proposal? He needs to read this,"Learn everything to know about planning a perfect beach proposal, from tips on selecting a location to how to make a rain plan",Shelby Wax,2025-07-26T04:30:00.000Z,"A beach proposal is a favourite for a reason. The calm crashing of the waves, the feeling of your toes in the sand and the spectacular backdrop of the ocean sky at sunrise or sunset are a dreamy combination to craft the perfect romantic moment. Indians, especially, love beach proposals because they have all the makings of a Ahead, see all the proposal planning tips you’ll need to kick off your beach engagement. Choosing the right beach location is key to guaranteeing a beautiful proposal setting. First, consider the destination that feels right for the engagement. Is there a beach you often frequent together? It could be special to revisit this place in your romantic history for your proposal. Planning a beach vacation? Scout out the best beaches for proposals near your destination with a beautiful lookout, or seek a more private cove. If you are less familiar with the area, you might want to check online for frequented spots or ask your hotel concierge for any tips. If you’re staying at a resort, they may even have a special area on the property that can be the perfect location for your big moment. As you likely don’t want hundreds of spectators around that can take up prime sand real estate, it’s important to decide on a not-so-busy time to get down on one knee. Consider hitting the beach in the off-season when there aren’t as many sunbathers about or at an hour when the location is relatively empty, like when most people are at dinner. You can even plan a romantic picnic on the beach during this hour before you pop the question. It’s also important to consider the best ambience based on the time of day: not when the sun is too bright, but definitely when it’s just at the horizon. Not only will it be beautiful to watch (and give you an excuse to get your S.O. out there for the surprise), but the light will be wonderful for photos. Helpful hint: Bring a sweater or extra blanket in case the temperatures drop when the sun is no longer in sight. As I am well aware, bad weather can easily throw a wrench in your proposal plans. In my case, a windy forecast made my plans for a post-engagement dinner on the beach a less-than-ideal situation. So, we had to change the location for the second act of the proposal just hours prior. No matter your situation, it’s always important to have a rain contingency plan. Especially if you have hired a photographer or pre-planned a celebration afterwards, you may need to find another covered spot to pop the question. Always have a backup in place when you are first scouting out your ideal beach locale. Deciding on the right outfit for your proposal is a tricky task. On the one hand, you don’t want to give away the surprise by showing up overdressed for a beach day. But, you also probably want to look more polished than usual, especially if you’re documenting the proposal. Try to find a happy medium or create an excuse for a slightly Another important factor of your ensemble is that it needs a spot to hide a ring box. A jacket with an inner pocket, spacious pant pockets, or a bag can be key to keeping your surprise hidden away. Just be sure your hiding place is secure so you don’t leave the ring on the beach. While you will always have the memory of your proposal, it’s also fun to have images or videos of the special moment to come back to and share with your loved ones. One of the best solutions is to find a local photographer to document the moment as it happens. This can lead to a great photoshoot with you, your new fiancé and that engagement ring you spent months picking out. If you don’t want to hire a pro, you could also task a friend or family member to do the job with an iPhone. Just be sure they can stay hidden so as to not give away the surprise and are a trusted hand with tech. Once your partner (hopefully) says yes, it’s time for you both to celebrate. Don’t just plan the proposal itself. It’s a great idea to also have plans in place to take in the moment, whether in an intimate atmosphere or with your closest circle. A bottle of bubbly and a beach picnic can be the perfect way to enjoy your newly engaged bliss. Or, you can make a reservation at a nearby restaurant for a more polished toast. Some to-be-weds like to kick off their engagement era with a bang and invite friends and family for a surprise engagement party. Just be sure you’ve had previous talks of engagement and know it’s a done deal before you have anyone fly out for the festivities. ","https://assets.vogue.in/photos/688366276e6fc6997a5f27bc/16:9/w_1280,c_limit/KNPH.jpeg"
"Feb 07, 2026 @ 23:26:49.294",b801b36dbb7fc92d6552070b758f3ff3,https://www.vogue.in/gallery/this-punjabi-marathi-couples-wedding-in-jaipur-was-officiated-by-a-priestess,This Punjabi-Marathi couple's wedding in Jaipur was officiated by a priestess,"From opting out of the traditional kanyadaan for their nuptials to celebrating with an intimate guest list of just 50, this Y2K-inspired wedding was a nostalgia-tinted affair",Arzoo Dina,2025-07-21T15:30:51.015Z,,"https://assets.vogue.in/photos/6879e81e5aa94688c3666034/16:9/w_1280,c_limit/000906%20(1).jpg"
"Feb 07, 2026 @ 23:26:50.443",bf40038f2c24215d45f9f9fd78211a4e,https://www.vogue.in/promotion/a-czech-bride-a-telugu-groom-and-an-indian-baraat-in-prague,"A Czech bride, a Telugu groom and an Indian baraat in Prague","Two cultures, two venues and one unforgettable celebration. Here’s how event and wedding planning company, RVR Eventz & Design and RVR PRO meticulously crafted a wedding day for this couple, across continents and traditions",Jess Doshi,2025-07-18T08:11:42.428Z,"In a world saturated with left swipes, fleeting connections and catfishing stories, Karolina Ebel, a lawyer-turned-entrepreneur, and Chaitanya Aluru, an engineer, found the kind of love written about in fairytales. It was a rainy day in New York, and a thoughtful connection over a dating app that sparked this love story. Barely a month into the relationship, Karolina knew that this was the man she was meant to marry. There was no grand moment, no epiphany, just quiet certainty. At a cliffside near Carmel-by-the-Sea, California, Chaitanya surprised Karolina with a wedding proposal, two weeks before their formal engagement. Saying ‘yes’ at her favourite spot with Chaitanya’s handwritten note hidden inside a bouquet of roses was surreal. It was this note that Karolina kept close to her heart, embroidering it on her wedding veil with words that read: The couple commemorated their union with a three-day wedding in Prague, Czech Republic, complete with an Indian When it came to choosing a wedding destination, Prague held a special place for the couple. It was Karolina’s hometown, and a place they had visited together on a vacation early in their relationship. For them, the city’s old-world charm, connection to the bride’s roots, and stark contrast to their fast-paced Silicon Valley life made it the perfect location. Chaitanya, who holds his Indian heritage and family traditions close, envisioned incorporating a traditional Hindu wedding. The couple’s shared vision for their wedding was to honour both cultures, blending vibrant Indian rituals within a European setting. To bring this vision to life, they chose the experienced team at RVR Eventz & Design. The couple hosted two ceremonies across iconic venues in Prague—an Indian wedding at the Mandarin Oriental and a civil ceremony and reception at the grand baroque Chateau Troja. The Indian wedding festivities began with an outdoor traditional The Czech civil ceremony, by contrast, was a formal legal celebration officiated by a registrar, followed by a reception with European flair, filled with food, drinks and dancing. One of the most unforgettable moments of the wedding was when the Locals and tourists paused to pull out their phones, capturing what felt like a movie scene unfolding in real life. Chaitanya, in a traditional sherwani, led the procession with friends and family dancing joyfully behind him. The air was filled with laughter, flower petals and the infectious rhythm of celebration. This wasn’t just a wedding tradition; it was a joyful moment of cultural fusion. Planning a wedding that spanned continents and cultures came with its fair share of challenges. Much of the wedding décor, bridal wear, and ceremonial items were shipped from India via air cargo. Several vendors and team members had to navigate visa approvals, and Prague’s rainy weather threw a curveball the day before the outdoor ceremony. “This was one of the toughest weddings I’ve planned,” says Priya Maganti, CEO at RVR Eventz & Design. “Planning a wedding in a new country is always a challenge, but every country I’ve worked in before had already seen Indian weddings, and they knew what to expect. Prague was different.” From explaining rituals to helping guests embrace cross-cultural customs, the team handled every detail with care. “The concept of an Indian wedding was new to many of the Czech vendors and guests, but now there is a growing appreciation and understanding of what it involves,” Maganti adds. Guests on both sides leaned in to celebrate each other’s cultures, whether it was through clothing, food, or participating in rituals. Czech guests wore lehengas and saris for the Hindu ceremony, while Indian guests donned elegant Western formals for the civil wedding. In a whirlwind of legal permits, hand-embroidered veils, tailor-made blazers, and a multi-cuisine menu, RVR Eventz & Design and RVR PRO ensured that every element of the couple’s vision came to life with authenticity and heart. ","https://assets.vogue.in/photos/6870af1ce908aa3c18bfed5e/16:9/w_1280,c_limit/Screenshot%202025-07-11%20at%2011.43.02%E2%80%AFAM.png"
"Feb 07, 2026 @ 23:26:51.668",0dfe1ce216b9641604611c98886eb319,https://www.vogue.in/promotion/sweet-treats-for-the-big-moments,Sweet treats for the big moments,The Laddoo Wala is making weddings special with sweets that are rooted in tradition and made with a modern hand,Vogue India,2025-07-14T08:50:32.809Z,"Weddings today are more than just ceremonies. They are expressions of identity, story, and emotion. The Laddoo Wala, an Indian mithai and savoury brand, honours this shift by reimagining the role of mithai in modern celebrations. The brand has set out to redefine the way Indian sweets are experienced—not as festive afterthoughts, but as elevated essentials. TLW focuses on clean ingredients, refined flavours, and thoughtful presentation. Their laddoos are hand-rolled in small batches with less to no sugar, using alternative sweeteners like jaggery and dates and with no added colours or preservatives. The result is a sweet that feels both nostalgic, healthy and refreshingly new. But TLW isn’t just about laddoos. Their growing repertoire includes silky barfi blocks, crisp savoury blends, and seasonal offerings that bring variety and versatility to any moment of celebration. Each product is developed with a strong attention to detail, balancing indulgence with today’s evolving preferences. With options that are gluten and cholesterol free, and naturally sweetened, there is something for everyone. The brand’s approach extends beyond taste. At TLW, design is an integral part of the experience. Their packaging is thoughtful, with embossed boxes that evoke warmth and nostalgia, and trays that become part of your home. Each wrap, label, and note is crafted with care, often carrying a little story inside—adding another layer of meaning to the gift. What truly sets TLW apart is the emotion embedded in every bite. Some connect with the richness of the motichoor, others with the gooey texture of their Every wedding the brand is a part of is approached as a creative collaboration. Whether it’s bridesmaid proposals, mehendi favours, or welcome hampers, they work closely with families and couples to co-create something truly exclusive. This year, they’ve expanded their repertoire with playful yet elegant additions like the ‘Laddoo Pops’ and ‘Savour Me’s’, a fresh take on the traditional laddoos and savouries that are perfect to share, to travel with, and for interactive displays. They carry craft and flavour with a touch of whimsy—designed for the contemporary celebration. Alongside this, the brand’s bespoke trays, savoury tins, and new barfi block formats bring depth and variety to your wedding table, all while staying rooted in Indian flavour profiles. At TLW, it’s the small things that make a wedding unforgettable, the welcome box that feels like a hug, the flavour that sparks a childhood memory, the handwritten message inside a hamper that makes someone pause. The brand believes in thoughtfulness and in creating mithai experiences that are as meaningful as the moment they belong to. ","https://assets.vogue.in/photos/686cc51f6f2ebd461010e026/16:9/w_1280,c_limit/9.jpg"
"Feb 07, 2026 @ 23:26:52.981",d1f0d03822af14fbb0fbcfeb85c465fa,https://www.vogue.in/gallery/this-couples-wedding-at-the-historic-il-borro-estate-in-tuscany-was-a-sophisticated-mix-of-fashion-food-and-culture,"This couple’s wedding at a 1,000-year-old Tuscan estate unfolded like a love letter to Italy and India","Aashna and Saahil’s wedding at Il Borro in Tuscany felt like a cinematic homage to everything they love—fashion, film, food and each other",Arzoo Dina,2025-07-12T12:00:43.223Z,,"https://assets.vogue.in/photos/6863af70186f6dd2d30cdef2/16:9/w_1280,c_limit/Event%203C-Ceremony_Sahil+Aashna-Il%20Borro-141_websize.jpg"
"Feb 07, 2026 @ 23:26:54.266",9259c6d8e50bd42b46f1deaf1743bb9e,https://www.vogue.in/promotion/from-pichwai-to-zardozi-crafting-a-wedding-of-meaning-and-elegance,From Pichwai to Zardozi: Crafting a wedding of meaning and elegance,"What began as a chance encounter turned into a tale of culinary adventures, thoughtful gestures and shared calm—culminating in a deeply personal wedding at Raffles, Udaipur",Vaidehi Joshi ,2025-07-11T11:23:23.133Z,"They say matches are made in heaven, and perhaps that’s true, but matches are also made over shared plates of food. As they say, the way to one’s heart is through the stomach, after all. Sidharth Sharma, a restaurateur and owner of several renowned hospitality ventures across New York and New Jersey, knew this all too well. Sharma met Dhara Patel, a physician assistant, also from New Jersey, at a friend’s birthday in the Poconos, and it didn’t feel like they were meeting for the first time—there was a quiet familiarity, discussions about food they enjoyed, and shared experiences about growing up Indian-American. “For our first date, I took Dhara on a romantic picnic,” reminisced Sharma. After many personalised food tours and candle-lit conversations through the years and around the world, he popped the question in Napa Valley, surrounded by beautiful vineyards—recreating their first picnic date. “That first date stayed with me—the excitement, the ease, the joy of it all. When he recreated it in Napa to propose, it took me right back to that feeling. Saying yes wasn’t even a question—it was the easiest, happiest answer of my life,” Patel gushed. A dreamy wedding followed, rooted in the couple’s approach to love—grounded, enduring, and filled with genuine joy. The celebration of love took place across three days at Raffles Udaipur, a lakeside property known for its European-meets-Indian architecture and quiet luxury. The wedding was an homage to the couple’s cultural roots, and every detail was artfully preserved by P.Taufiq Photography—the team that captured both the grand entries and the quiet, in-between moments that depict a love story. The festivities opened with a spirited welcome lunch spread across Raffles Udaipur and Taj Lake Palace, where guests were greeted by the pulse of dhols, the melodies of Rajasthani folk musicians, and vibrant cultural performances—Kachchi Ghodi dancers, flutists, Raavan Hatta artists, and Matka performers. While welcoming their guests, the bride’s mehendi—crafted by Jayshree Panchal—became a conversation of its own, adorned with Pichwai cows, Ganeshji, peacocks, elephants, and swans, weaving together symbols of grace, good fortune, and devotion. This set the tone for a weekend of thoughtful detail and joyful celebration, both high on emotion and aesthetically unforgettable. The Mehendi and Sangeet took over the Great Park, transitioning from tropical Rajasthani day motifs—florals, birdcages, and pops of colour—to a twilight fantasy of chandeliers and lush floral canopies. The bride wore a custom Mayyur Girotra lehenga embroidered with a menagerie of birds and elephants for the Mehendi and a custom StudioSush floral blouse, later transforming into a shimmering gold StudioSush lehenga paired with a Rahul Mishra blouse for the Sangeet. “All of my looks were thoughtfully assembled by Style by Susmita. She brought my vision to life through carefully coordinated outfits, custom-designed jewelry, and beautiful hair and makeup,” said Patel. The groom matched her energy in color-coordinated daytime wear and a custom PourLui look for the Sangeet. The second day began with Haldi. Held at the poolside, it was a riot of laughter, turmeric, and sunlight. Mughal-inspired, vibrant floral decor was the backdrop as friends and family playfully applied haldi while showering the couple with rose petals and love. The Varmala ceremony followed. It unfolded beneath ‘The Promise Tree’—a towering floral sculpture symbolising growth and commitment. The wedding ceremony took place indoors, under a mirrored aisle and a floral mandap conceptualised as a ‘Mirror of Forever’. Lagnageet artists, led by Darshana Gandhi, lent a soulful backdrop to the pheras. Simultaneously, guests rang bells during the pheras, infusing the ritual with a collective sense of sentimentality. As the pheras concluded, guests gathered around the couple, walking them out in a moment of shared joy and intimacy, only to be surprised by a display of fireworks that lit up the night sky. For some prior key rituals, the bride chose to honor her legacy by wearing heirloom gold bangles from her grandmother and her mother’s handloom saree. However, for the ceremony, the bride wore a full custom deep-red Mayyur Girotra lehenga, intricately embroidered with zardozi, motifs of peacocks, elephants, and flowers—each representing strength, love, and prosperity. The groom complemented her in an ivory sherwani, also by Mayyur Girotra. The wedding dinner that evening channelled the charm of an Indo-English garden, complete with native foliage, warm brass accents, and moody romantic lighting, courtesy of AJEventsIndia. The atmosphere was made all the more memorable by singer Akanksha Bhandari, whose soulful performance left the guests spellbound. The final day began with a pastel-toned party by the pool, accompanied by vibrant live music from percussionist Monark Khatri. The decor was inspired by the floral movement and spinning windmills, complete with springtime abandon. Set against Raffles’ tranquil waters, it was equal parts chic and carefree. The bride wore a bell-accented pastel sharara set by Payal Singhal while the groom complemented her in a linen bomber kurta from the same designer. As the sun dipped, a cocktail hour was arranged at the main fountain—an evening made memorable by illusionist Dhruv Chauhan and violinist Erna Daugaviete. The last dance of the weekend was the reception, titled ‘Midnight Opulence’. Guests danced the night away on the celestial floor at the black-and-metallic themed function, set under black crystal chandeliers and a canopy of white florals as the couple looked radiant in sculptural metallic ensembles by Amit Aggarwal. “Our vision was brought to life by two planners—one from India and one from America—seamlessly blending the two cultures. A3Cube Events (India) managed the on-the-ground execution in Udaipur, overseeing vendor coordination, guest arrivals, setup, and more. Meanwhile, Events by Vaishali (USA) focused on the finer details of the program, ensuring each event flowed smoothly, from start to finish,” said the couple. Every element of the Sharma-Patel wedding reflected a deeply personal touch, like custom stationery by V1964, a wedding website designed by Patel, menu-inspired invitations paying homage to Sharma’s culinary world, totes adorned with a watercolor portrait of their dog, Circuit, and personalized shawls, hand-calligraphed live by Inpreet Kaur. “Each night, the dance floor came alive under DJ Gaurav Sood and DJ Deval Patel, who set the perfect vibe from the Mehendi to the reception for a diverse crowd of guests—including 250 from the States and 150 from India,” said Sharma. The week’s emotional highs and personal moments at the afterparty were soundtracked by DJ Mowgli (Samuel Cherian, the friend who first introduced them). For the couple, this wasn’t just a weekend of celebration—it was a manifestation of the values they hold dear, the love they cherish, and the life they’re building together. ","https://assets.vogue.in/photos/686617e5e4a838fb8227dceb/16:9/w_1280,c_limit/0H4A0054.jpg"
"Feb 07, 2026 @ 23:26:55.477",96dfd1a91e67915307ca578e61b1a174,https://www.vogue.in/sponsored/promotion/sparkling-through-generations-jewellery-that-endures,Sparkling through generations: Jewellery that endures,"Here’s a look at Rare Heritage, a bridal couture and fine jewellery brand making strides in India’s luxury jewellery landscape",Vogue India,2025-06-27T08:56:16.308Z,"Bridal couture plays a pivotal role in the grandeur of an Indian wedding, where fashion is as much a spectacle as the ceremonies themselves. Bridal outfits are representative of tradition, status, and personal taste, with designers translating cultural heritage into couture statements. Rare Heritage, a brand under the Mehta Emporium umbrella, was founded to add value to the country’s bespoke bridal jewellery. Starting out as a specialized bridal couture hub in 2014, the brand has now transformed into a premier fine jewellery house. The expansive 5,000 sq. ft. Mumbai atelier is both a creative sanctuary and an experiential showroom, making it the go-to destination for India's brides. Built on compelling paradoxes—premium yet approachable, selective but inclusive, it offers something for everyone, from understated minimalists to bold statement-makers. Rare Heritage has been a part of high-profile celebrations in the country while being endorsed by celebrities like Sonam Kapoor and Kareena Kapoor Khan. Every design is driven by a narrative, transforming individual pieces into legacy treasures meant to be passed down through generations. The brand’s insights into today’s bride offers a glimpse into the ask—pieces that are contemporary and yet timeless. Rare Heritage crafts collections that maintain relevance across decades. Each piece embodies cultural heritage, blending ancestral techniques with fresh perspectives to create deeply personal connections that extend far beyond ornamental value. The brand’s three directors, Manushi Singh, Nakshatra and Varun Mehta lead with vision. Singh’s design philosophy revolves around creating enduring relevance—pieces that feel modern yet possess the power to outlive fleeting trends. Her sophisticated aesthetic sensibility and forward-thinking approach have established the brand's authoritative presence in India's luxury jewellery landscape. As Singh brings timeless modernity to the forefront, Nakshatra infuses the brand’s creations with deep emotional resonance. Nakshatra champions jewelry's capacity to stir profound emotions and create lasting memories. His design methodology focuses on generating that transformative moment—when a bride connects deeply with a piece, creating bonds that extend well beyond the wedding day. Mehta’s perspective seals the deal, as he ensures that every design is mindful of the legacy it carries. He views each design as a chapter in an ongoing cultural narrative, often spanning multiple generations. His commitment centers on preserving ancestral wisdom within contemporary frameworks, ensuring every piece honours its roots while embracing evolution. “Every bride who walks into our atelier shows us something new about the power of jewellery. There’s always this moment—you can see it—when she finds a piece that feels like it belongs to her. That’s when it stops being an accessory and becomes a memory, a legacy. We’re not just making beautiful things; we’re creating keepsakes for life’s most meaningful chapters. The true test isn’t how well something shines in photos—it’s whether her daughter will one day wear it and feel that same pull. We always return to this truth: emotion is timeless. When it’s real, it never goes out of style.” Says Singh. Rare Heritage is set to launch its upcoming collections, Rare Beyond the Borders and Rare Love, two collections that draw from the brand’s deep archival legacy while also looking to the future. ","https://assets.vogue.in/photos/685bb916c9a772d46ab3d92a/16:9/w_1280,c_limit/Rare%20Heritage%20360.jpg"
"Feb 07, 2026 @ 23:26:56.607",25ad1e1f0438818e408fbe157263e956,https://www.vogue.in/sponsored/promotion/twelve-years-one-weekend-and-a-lifetime-of-love,"Twelve years, one weekend, and a lifetime of love",From high school sweethearts to soulmates—Akesha Sanjay and Aakash Thakor’s love story culminated in a magical weekend on the shores of the Riviera Maya,Shubhangi Jindal ,2025-06-26T06:30:47.009Z,"Some love stories unravel with such quiet inevitability, it's as if they were always meant to be. Bride Akesha Sanjay and groom Aakash Thakor grew up just minutes apart from each other in South Florida, yet, like every romantic meet-cute, their story only began the summer before senior year of high school. “Looking back, it’s funny to think how many times our paths must have crossed—sharing mutual friends, going to the same community events, probably even standing in the same rooms,” Akesha mentions. They met at a Miami Heat NBA Finals watch party; Akesha, as always, was locked in—cheering, yelling at the screen—when Aakash noticed her, amused but intrigued. Little did they know that this was just the beginning of their forever. They quickly became high-school sweethearts—what started as a teenage friendship turned into a lifelong bond, one that endured distance, time zones, and countless changing careers. “Despite the miles, we always found our way back to each other,” they share. Fast forward to 12 years later, Aakash proposed to Akesha at sunset in Cabo, and the rest, like they say, is history. “I had a feeling it was coming—after so many years together, you kind of just know. But nothing could’ve prepared me for how beautiful and thoughtful it was. He had reserved a private stretch of beach at a gorgeous resort and planned an intimate dinner just for the two of us. The sun was setting, the ocean was in front of us—it was a moment I’ll never forget,” Akesha exclaims. So, when it came to their wedding, they knew it had to be a celebration of their story—a blend of grand gestures surrounded by their closest family and friends and a little bit of ‘Florida’ in all the celebrations to honour the city where it all began. Set against the Waldorf Astoria Riviera Maya, the backdrop was perfect. “It allowed us to have our dream sunset wedding and offered a variety of venues for each event, making every celebration feel unique and closer to our Floridian roots,” adds the bride. PTaufiq Photography captured the nuances of every smile, sentiment, and hidden undertone in pictures preserved for life. And there was ample to be captured, for each event boasted a different theme. The couple teamed up with Mala Events to bring their dream wedding weekend to life, curating every detail with intention and heart. Once the venue was secured, their vision truly took shape. The celebrations kicked off with a joyful joint Haldi ceremony, setting the tone for a weekend full of colour and culture. The welcome party channelled their shared love for Mexican cuisine, Latin music, and laid-back Florida vibes. The Saatak ceremony was a seamless blend of Indian tradition and modern design exemplified by Akesha’s ombré pink Manish Malhotra lehenga, a piece that “combined classic craftsmanship with contemporary flair”, she adds. The couple exchanged vows at sunset, with the beach as their breathtaking backdrop. Akesha wore a stunning Sabyasachi lehenga paired with a delicate Christian veil, while Aakash complemented her look in a regal Tarun Tahiliani sherwani. “It was the perfect expression of who we are—rooted in tradition, but shaped by a modern worldview,” she shares. The Sangeet pulsed with the vibrant energy of Miami—think neon colours, palm trees, and dancing late into the night. That was followed by a sleek black-tie reception, combining elegance and modern flair with glowing candles, cascading chandeliers, and the bride’s bold Gaurav Gupta gown stealing the spotlight. A surprise performance by British singer-songwriter Jay Sean, blending American and Indian hits that had all the guests on their feet. While DJ Sharad of DJ USA curated an electrifying set that kept the energy high and the dance floor packed all night long. Prashe Decor transformed each venue into a reflection of the couple’s cultures and personalities—seamlessly blending vibrant florals with refined, elegant elements. Musaafer, helmed by Michelin-starred Chef Mayank Istwal and his team, curated an unforgettable culinary journey, masterfully balancing traditional flavours with modern flair. Choosing PTaufiq was effortless; Aakash and Akesha had long admired their work. PTaufiq Photography captured every heartfelt moment in both photo and film, preserving the joy, love, and magic of every moment. Surrounded by their closest family and friends, the couple’s wedding was truly a heartwarming reminder of love transcending boundaries. ","https://assets.vogue.in/photos/685bb7517370bb847aaba8be/16:9/w_1280,c_limit/3N6A2208-1-1.jpg"
"Feb 07, 2026 @ 23:26:57.846",4b66982360f9d7e0e695d844dd470e3a,https://www.vogue.in/promotion/inside-the-dream-wedding,Inside The Dream Wedding,When thoughtful hospitality meets a love story made to be remembered,Vogue India,2025-06-25T05:10:51.860Z,"Rashna Karai and Behram Toddywalla’s Dream Wedding was the full expression of who they are, thoughtfully brought to life across three destinations and captured through the creative lens of Chosen as the winners of The Dream Wedding, the couple’s experience began at The grand finale unfolded at Hilton Goa Resort, which became the stage for a two-day celebration they would never forget. Framed by Goan fort-inspired architecture and overlooking the Nerul River, the venue added natural drama and intimacy to the festivities with every detail thoughtfully designed to work with the landscape. Celebrations began with the Supra ni Murat ( That evening, the engagement brought a shift in mood. The Grand Ballroom, draped in deep green velvet and monochrome florals, was transformed into a cinematic space that nodded to the couple’s first meeting on set, where a friendship quickly formed. Rashna wore a shimmering anarkali by Abu Jani Sandeep Khosla, paired with Indriya Jewels’ emerald and diamond accents. Behram matched in a beige mirror-work sherwani by the same designers. They exchanged rings, cut into a striking all-white cake crafted by Hilton’s culinary team, and danced to Ed Sheeran’s ‘Perfect.’ Behram’s surprise solo performance, unexpected from someone who usually lets Rashna take the lead on the dance floor, was met with cheers. It was the kind of moment you know will be remembered long after. The wedding ceremony took place the following day at golden hour. A floating mandap framed the infinity pool, surrounded by friends and family. Rashna wore a delicate baby pink net saree by Abu Jani Sandeep Khosla, embroidered with pearls, her veil trailing behind her. Behram’s sherwani, also from the duo, featured ivory threadwork and floral detailing. Their traditional Parsi ceremony honoured their roots and felt close, grounded, and full of meaning. Dinner that night was a masterclass in elevated flavour and thoughtful storytelling. Developed over a series of conversations with the couple, Hilton’s culinary team designed a menu inspired by their favourite foods, cherished memories, and shared travel dreams. Under soft drapes and fairy lights, guests explored live stations and dessert tables that moved from biryani to fresh tacos, khow suey to citrus tart. This wedding celebration showed what is possible when thoughtful hospitality meets creative storytelling. Hilton created space for Rashna and Behram to be present and focus on what matters most, while ","https://assets.vogue.in/photos/6853e02fdd7ccec2e7e8005b/16:9/w_1280,c_limit/20250218_HILTON_WEDDINGSTORIES_GOA_S07_HALDI_CEREMONY_0852.jpg"
"Feb 07, 2026 @ 23:26:59.352",a12e013483c47970f6ea70397b851c59,https://www.vogue.in/gallery/the-bride-wore-a-30-foot-train-to-marry-in-an-ancient-basilica-at-this-catholic-sikh-wedding-in-rome,The bride wore a 30-foot train to marry in an ancient basilica at this Catholic-Sikh wedding in Rome,Bride Elisa Crutchfield and groom Angad Aulakh descended on the eternal city for a multi-day celebration that blended Catholic and Sikh traditions,Shelby Wax,2025-06-22T06:00:00.000Z,,"https://assets.vogue.in/photos/6853b39cd2f3af0a3f552654/16:9/w_1280,c_limit/Elisa%20and%20Angad_Day%202_Baraat_052.jpg"
"Feb 07, 2026 @ 23:27:00.468",c0f593f759079322255f0297b605c94c,https://www.vogue.in/promotion/this-brand-is-bringing-a-collection-that-transcends-your-bridal-dreams,This brand is bringing a collection that transcends your bridal dreams,Tying the knot? Find Pernia’s Pop-Up Studio’s exclusive bridal ensembles at the Vogue Wedding Atelier 2025,Vogue India,2025-06-20T11:46:46.920Z,"The landscape of wedding couture has seen a significant shift over the years. Once defined by ornate, heavily embellished ensembles, today’s bridal fashion leans towards a more regal yet understated look. Echoing this transition is Pernia’s Pop-Up Studio, a shopping destination that brings a grand collection of bridal wear rooted in traditions, but embossed with a contemporary flair. It is unveiling an exquisite repertoire at This revered bridal exhibit is featuring luxurious wedding couture, and among them is Pernia’s Pop-Up Studio, introducing an edit from top-notch designers and labels such as Rohit Bal, Payal Singhal, Rohit Gandhi + Rahul Khanna, Seema Gujral, Anushree Reddy, Jayanti Reddy, and more. This is your one-stop destination for refined, elegant looks for your big day. Whether it is intricately crafted For the dynamic brides of today, Pernia’s Pop-Up Studio has an exclusive edit with hallmark designs from some of the most coveted designers, where each piece is crafted with new-age elements and intricate artistry. From Payal Singhal’s boho chic aesthetic, Jayanti Reddy’s signature Banarasis, Rohit Bal’s celebrated motifs, to avant-garde night looks from Rohit Gandhi + Rahul Khanna—this studio’s couture line-up offers statement pieces for every wedding celebration. The true essence of Indian weddings is rooted in culture, craftsmanship, and legacy. Whether it’s intimate celebrations or destination weddings, you can say “I do” in style by immersing yourself in this exhibit at Taj Palace, New Delhi, a showcase of luxurious bridal services tailored to your needs and taste. ","https://assets.vogue.in/photos/6853e3db25641096607d065f/16:9/w_1280,c_limit/SG-%20la%20chapelle%20-%2011-03-2510898.jpg"
"Feb 07, 2026 @ 23:27:01.826",3cc4bee34f7db650888f211439d1eb75,https://www.vogue.in/gallery/at-their-mussorie-wedding-this-maharashtrian-south-indian-couple-took-each-others-last-names,"At their Mussorie wedding, this Maharashtrian-South Indian couple took each other's last names","For wedding designer and founder of Do It Up, Taral Jadhav, her own wedding to partner, Pranav Shetty, turned out to be unconventional and intimate",Arzoo Dina,2025-06-15T13:48:37.649Z,,"https://assets.vogue.in/photos/684ecdd5cd0f211da5ca2df5/16:9/w_1280,c_limit/TPL_TARALPRANAV_WEDDING-9623.jpg"
"Feb 07, 2026 @ 23:27:03.212",04c073bff75649a2f755f96972a6bb17,https://www.vogue.in/gallery/this-indo-chinese-wedding-had-everything-from-a-traditional-chinese-tea-ceremony-to-the-gujarati-mandvo,This Indo-Chinese wedding had everything from a traditional Chinese tea ceremony to the Gujarati mandvo,"Sri Lanka seemed like an apt choice, given that it was a halfway meeting point for their families and friends flying in from Malaysia, London and India",Arzoo Dina,2025-06-08T19:17:30.030Z,,"https://assets.vogue.in/photos/6841bb8b20d30b06d250ac9d/16:9/w_1280,c_limit/KH-598.jpg"
"Feb 07, 2026 @ 23:27:04.392",d8c472cb747f846012186951d5fc3876,https://www.vogue.in/content/unique-engagement-party-ideas-for-every-type-of-couple,17 unique engagement party ideas for every type of couple,An engagement party is a fun way to start your celebrations on a high note and bring together friends and family who might join you along your wedding journey,"Boutayna Chokrane,Shelby Wax",2025-06-05T12:27:11.686Z,"Whether you’re planning a proposal or recently said ‘yes,’ you might be brainstorming engagement party ideas to kick off your Ahead, we round up unique engagement party ideas to help you get inspired for your own pre-nuptial fête. From cocktail parties to fun activities, see a few ways to make the most of your engagement season. No need to wait a few weeks or months to celebrate your engagement. If you’re planning a proposal (and are 100% sure your partner will accept), consider following up getting down on one knee with a surprise Rather than Who doesn’t love a good poolside bash? Guests can take a dip, soak up the sun and lounge by the water. A theme is always fun: opt for a tropical aesthetic, complete with crowd-pleasing margaritas and piña coladas. Keep things refreshing with boozy popsicles as a sweet treat, and don’t forget to have some baskets around stocked with sun essentials—think sunscreen, pool towels and sunglasses. The “I do” BBQ is a classic engagement party idea, and one that requires minimal party planning for the couple who prefers a laid-back yet tasteful affair. Ideal for the spring and summer seasons, it’s also easy to tailor to your surroundings, be it an indoor grill, communal rooftop or a full backyard setup. For cocktails, keep it simple with spiked lemonade pitchers and a well-stocked beer tub. Don’t forget the ice and the vegetarian options to balance out the burgers and hot dogs. Add a personal touch with a signature BBQ sauce, French fry bar or a make-your-own ice cream station. You can check out Pinterest for further inspiration. Halloween isn’t the only time of year you can dress up—and a costume party can also serve as the perfect front for a surprise engagement announcement if you’ve kept it under wraps. If going for full-on costumes isn’t your style, a subtle engagement party theme can be just as lively. Perhaps, a throwback to a Roaring Twenties speakeasy, complete with Champagne towers, a live jazz band and a list of Prohibition-inspired signature cocktails. If you feel like donning ’70s threads, a roller disco might be just the groovy ticket; or, for an air of mystery and opulence, a murder mystery masquerade. If you’re a pair of film buffs, host a movie night for your entourage. Transform your abode into a home cinema by renting a projector and popcorn machine. You could also make it a pyjama-themed party and encourage your guests to come in comfy PJs. Whether you opt for an indoor theatre or a snug, outdoor setup, the ambience is key. Enhance the cosy feel with plush blankets, a wide selection of beverages and, of course, movie theatre candy. Choose an all-time classic or romcom for the main feature, or showcase your own collection of cherished home videos and photos for that extra personal touch. It’s the perfect excuse to be cheesy, after all. A late-morning affair is a particularly chic idea for your engagement party, Whether in your own backyard or a local park, a picnic is a wholesome get-together for the low-maintenance couple. Craft a delectable cheese board, adorned with a selection of charcuterie, sandwiches and lemonade for beverages. Skip the live band; grab your speaker and set the mood with your specially curated Spotify playlist. To accommodate any dietary restrictions, encourage guests to contribute their favourite finger foods. You can even embrace a Parisian-themed picnic, with an array of fruits and jams, well-paired wines and madeleines. Or, transport your luncheon to the sun-kissed charm of Positano with a refreshing Caprese salad, Aperol spritzes and bougainvillaea centrepieces—and don’t forget the limoncello digestif. (However, A cocktail party proves that glamour need not strain your budget, favouring light bites over a full-course meal. Hire a mixologist to craft a signature cocktail inspired by the happy couple. The bartender could also offer a cocktail-making class, and guests can leave with a personal cocktail-making set as a party favour. Also, you can’t go wrong with a live band. For a close-knit group of friends, rent out a cabin or a couple of glamping tents for a weekend retreat. A grown-up take on summer camp, you can hike along scenic trails during the day, and when the sun sets, gather around the bonfire to swap nostalgic stories while roasting marshmallows and eating s’mores. For the newly engaged couple seeking an elevated experience, indulge in a wine-tasting escapade with picturesque views. (For beer drinkers, a brewery promises an equally enjoyable outing.) Depending on where you live, you can arrange for a tour bus or an organised winery trail for a day of vineyard hopping. And, should you prefer the comfort of your home, simply hire a sommelier for a private wine-tasting session. Just don’t forget the hors d’oeuvres and cheese. Hit the deck with your fiancé and your favourite crew for a boat engagement party. Planning this event is as easy as chartering a boat in a nearby marina for a fun celebration on the water. Be sure to make sure guests can enjoy sips and nibbles by bringing on catering or hiring an on-board staff to keep the cruise in high spirits. Whether you love an intimate concert or a night out dancing, hiring live musicians for your engagement party can absolutely step up your celebration. Take time to find the right artists that can set the tone of your event and have them fill your party venue with the perfect soundtrack for your festivities. Since a wedding is a joining of two families, why not get your two sides better acquainted by making your engagement party a family reunion? Bring everyone together, either at your own home or a fun destination, where you can make introductions and create closer bonds between your extended family members. Another perk of this style of event? Everyone will be a little friendlier by the time they hit the dance floor at your wedding or sit around the table at future holiday dinners. Want your guests to do more than just mix and mingle over food? Why not make your engagement party a special carnival night where they can play games, win prizes and enjoy nostalgic fair treats? To bring this idea to life, you could DIY game booths or even bring in large carnival rentals to transform an outdoor space into the perfect summer night celebration. Crashing waves, crackling fire and a sunset over the horizon are the perfect recipe for a great beachside engagement party. Either book a private event space at a beachside restaurant or get a permit to put together your own celebration that has a coastal flair. Get engaged in the winter? Take advantage of a snowy backdrop and host a cold-weather celebration inspired by an après-ski outing in the mountains. Hot cocktails, fondue and décor with cosy elements you would find at the base of the slopes can help bring this party theme to life. ","https://assets.vogue.in/photos/68418b64762d9a4762fe2b60/16:9/w_1280,c_limit/Amy%20Jackson%20Ed%20Westwick.jpg"
"Feb 07, 2026 @ 23:27:05.542",f5a20197b49d02425083392014eef0e1,https://www.vogue.in/sponsored/promotion/the-role-of-the-drape-in-contemporary-indian-fashion,The role of the drape in contemporary Indian fashion,Here’s a look at Ridhi Mehra’s journey as she sets out to reinvent the wheel with her contemporary take on saris,Vogue India,2025-06-05T11:34:59.300Z,"The evolution of Indian fashion has always been a careful dance between preserving heritage and embracing reinvention. At the heart of this balance is designer Ridhi Mehra who has carved out her own space in the world of Indian couture over the last decade—blending timeless silhouettes with a modern sensibility. While she’s known for her embroidery and elegance-driven design language, it’s her pre-draped saris that have, quite literally, reshaped the way a new generation approaches traditional dressing. Mehra’s relationship with the drape didn’t begin as a trend experiment—it started as a response. “We noticed a shift,” Ridhi reflects. “Modern Indian women were seeking the same grandeur, but with comfort, ease and individuality. That’s when the pre-draped sari moved from being a design idea to becoming our brand signature.” It all began with the As demand grew, she introduced the With each new drop, the pre-draped sari evolved. But it was the launch of the Come 2025, the signature drape took another turn. The For more information, click ","https://assets.vogue.in/photos/683ff067578df231acb48284/16:9/w_1280,c_limit/25-06-24%20Ridhi%20Mehra9159.jpg"
"Feb 07, 2026 @ 23:27:06.923",9a16fd3ab97d03eca2a5deb381e3dff7,https://www.vogue.in/gallery/this-couples-wedding-in-their-chandigarh-farmhouse-was-inspired-by-royalty,This couple's wedding in their Chandigarh farmhouse was inspired by royalty,Longtime sweethearts Gurmehak Brar and Ishaan Vijh tied the knot clad in Indian bridal designers like Falguni Shane Peacock and Manish Malhotra,Arzoo Dina,2025-06-01T16:26:33.160Z,,"https://assets.vogue.in/photos/68393f4f4ef8ebd557dac583/16:9/w_1280,c_limit/Vows%20And%20Tales-497.jpg"
"Feb 07, 2026 @ 23:27:08.032",71c2fa6d1117d5db7c9de209f5fc69a3,https://www.vogue.in/sponsored/promotion/a-conversation-between-bengals-artistry-and-gujarats-heritage,A conversation between Bengal’s artistry and Gujarat’s heritage,Naina Jain creates a balance of traditional craftsmanship and contemporary elegance with this collection of handcrafted Bandhani sarees,Vogue India,2025-05-27T05:07:16.760Z,"A lot of different elements take centre stage at Indian weddings—dramatic family members, buffets of delicious food, sangeet performances to popular Bollywood numbers, but, arguably, the bridal outfit steals the show. It’s more than just attire—it’s a canvas of tradition, identity, and artistry. As generations of women adorn themselves in six yards of heritage for their special day, Naina Jain’s collection for the Vogue Wedding Atelier brings together two of India’s rich textile traditions—Bandhani from Gujarat and embroidery from Bengal—in a range of saris designed for women who are both contemporary and in touch with their roots. Renowned for reviving and reimagining Indian textile traditions, Jain’s work celebrates Bandhani—a centuries-old tie-and-dye technique predominantly practiced in western India—with a modern sensibility. Each saree in the collection is meticulously handcrafted by skilled artisans, who tie thousands of minuscule knots into the fabric before dyeing it, resulting in intricate patterns steeped in culture. What truly sets this collection apart is its thoughtful amalgamation of Bandhani with Bengal’s celebrated embroidery techniques, executed by master embroiderers using zardozi, aari, and intricate French knot work. These embellishments exude a delicate opulence, weaving together the visual language of two culturally rich regions into a single, harmonious narrative. The Bengal-inspired embroidery infuses a soft grace into the bold, geometric and organic patterns of Bandhani, striking the perfect balance between structure and fluidity. Floral and animal motifs rendered in detailed embroidery lend an earthy charm to the vivid Bandhani base, transforming each sari into a unique piece of wearable art. The color palette—ranging from jewel-toned maroons and purples to soft pastels and earthy neutrals—further enhances this cross-cultural aesthetic, appealing to both traditional and modern sensibilities. Every sari is more than just a garment; it is an heirloom-in-the-making, symbolising countless hours of labour, intergenerational knowledge, and a deep reverence for India’s diverse textile traditions. Jain’s approach goes beyond fashion; her collection is a celebration of artisanship, sustainability, and regional collaboration. By interweaving Gujarat’s Bandhani, Varanasi’s luxurious weaves, and Bengal’s intricate embroidery, she pays homage not only to technique but also to the communities and stories behind each creation. Whether worn at weddings, festive occasions, or intimate gatherings, these saris resonate with women who cherish authenticity, artistry, and legacy. In an age of fleeting trends, Jain’s collection is a timeless ode to slow, mindful craftsmanship—honoring the past while embracing the elegance of the present. ","https://assets.vogue.in/photos/6833f9b78babbac5f00aed2c/16:9/w_1280,c_limit/NJ_18207%20Final.jpg"
"Feb 07, 2026 @ 23:27:09.235",7798a7e2a485bfaaa0103489c94ab790,https://www.vogue.in/content/5-brides-share-untold-stories-about-their-wedding-garments,5 brides share untold stories about their wedding garments,From hand-painted lehenga panels to the power of creation amidst violent destruction—wedding outfits carry more than just threads,Shradha Shahani ,2025-05-25T06:00:00.000Z,"Tanishaa Cunha's Cunha’s powder-white ensemble was painted in sunset hues. Over six months, the multidisciplinary artist and her designer friend, Simone Contractor Vakil of the clothing brand Simone Handcrafted, tested materials and paints. ""Simone provided 12 raw silk panels that became the blank canvas for the art. Throughout the wedding planning, even if I was on a Zoom call discussing details, I’d be painting my For most brides, wedding ensembles transcend mere fabric, sequins and The weaves and folds of Jasleena Singh’s lehenga hold the story of a treasured friendship that began from before she was born. “My family has known Taara’s [designer Taara Mehta] parents since before we were born. They planned each other’s baby showers. We’ve done life together,” the New York-based medical practitioner says. When Singh decided to tie the knot in February 2025, she wanted to say ‘I do’ in her best friend’s creation. Luckily for the bride, Mehta had envisioned the outfit a long time before she was asked to bring it to life. “We’ve done sweet sixteen parties and travelled together. When you know someone on such a deep level, you can just picture the moment,” Mehta recalls. That connection translated into a ruby-red silk lehenga with Other brides have also chosen to honour deep connections through their wedding ensembles. Fashion designer Nishka Lulla’s bridal look expressed her bond with her mother, Neeta. Crafted over three months, the rani-pink lehenga borrowed patches of embroidery from her designer mum’s own wedding outfit. Featuring pearl embroidery and encrusted with precious stones, it was Some brides did the right kind of girl math and invested in timeless ensembles that became prized possessions. Like gallerist Ranjana Steinruecke, who has reworn her over 30-year-old The ensemble featured a white silk lehenga, a vest and a fitted jacket fashioned with narrow pin tucks from top to bottom, paired with her own bandhani While for some it’s the timelessness of an outfit, for others, it’s the effort poured into bringing a vision to life that makes the wedding garment unforgettable. Like fashion brand consultant Deepika Gehani (pictured on the opening spread), who braved the 1993 Mumbai riots to oversee its creation. She had partnered with a karigar in Still, Gehani and her masterji didn’t waver. “We shut the windows and worked under dim lights so that nobody knew we were inside the workshop.” She completed her lehenga against all odds—a burnt-orange ensemble embellished with gold cut work, gold kashyap, zardozi and yellow ","https://assets.vogue.in/photos/682cb33ddbb76d0c013641ae/16:9/w_1280,c_limit/IMG_4574.jpg"
"Feb 07, 2026 @ 23:27:10.542",c89c48adf94b6efab467b4e990b4487c,https://www.vogue.in/gallery/under-the-californian-sun-this-couple-tied-the-knot-twice-to-honour-their-diverse-cultures,"Under the Californian sun, this couple tied the knot twice to honour their diverse cultures","Over a weekend in Napa, Ritika Iyer and Nate Zanger got hitched—first in a Hindu ceremony and later in a Western one",Kriti Saraswat-Satpathy,2025-05-18T18:42:02.671Z,,"https://assets.vogue.in/photos/6826f05b0509f2f40d777600/16:9/w_1280,c_limit/A7409137.jpg"
"Feb 07, 2026 @ 23:27:11.792",35912721f03aa59f9dc876bcbf000ab1,https://www.vogue.in/content/how-to-propose-like-a-pro-nail-these-dos-and-avoid-these-donts,How to propose like a pro: Nail these dos and avoid these don’ts,"Planning to pop the big question? From meaningful locations to post-proposal plans, here are our dos and don’ts for how to propose","Boutayna Chokrane,Shelby Wax",2025-05-09T14:50:12.020Z,"Getting ready to pop the big question, but feeling a bit lost about how to propose? You may have the engagement ring, already tailored to your partner’s ring size and the possibilities for the perfect proposal story swirling in your head. Perhaps you have a few marriage proposal ideas already. A rose-petaled scavenger hunt through your Resist the urge to follow fleeting engagement fads; your wedding proposal deserves to be as one-of-a-kind as your First and foremost, have all the essential conversations about your future with your partner. You want to make sure that marriage is something they are not only open to, but are determined to do. If family is important to your significant other, consider talking to their loved ones to ask permission before getting down on one knee. Surprise proposals are becoming less common, with couples often spending several years together before marriage. According to Put simply, your partner shouldn’t be caught completely off guard by your proposal timing, but the execution is open to personal touches and surprises. In our era of Plan what you want to say beyond the standard, “Will you marry me?” However, it’s best to plan out in bullet points rather than a typed up monologue. You don’t want to sound too robotic or be profusely sweating because you Location matters as well. Choose a spot that holds sentimental value, like you had your first date or where you met during freshman orientation week seven years ago. Speaking of location, it's best to opt for a low-key proposal. Some may love the public display, but emotions can run high and, in general, nobody wants to be proposed to amidst a crowd of tourists, traffic or Mumbai construction—especially if your love is on the timid side. No flash mobs. No busy restaurants. And, absolutely no jumbotrons. (Unless that’s something your partner will love and you’re 100% sure they’ll say yes.) Considering whether to get a photographer document your proposal? Think ahead to ten years from now, when you’ll want to revisit the moment. Or, perhaps the next day when you want to make an engagement announcement on social media. It’s never a bad idea think about hiring a proposal photographer or videographer, or ask a trusted best friend to document the big moment. If this feels impossible to do without spoiling the intimacy, incorporate mementos (like the letter) into the romantic proposal that you can keep or take pictures of afterward. It doesn’t have to be a full-blown photo shoot either. Just capturing the moment can be something that you and the love of your life can cherish forever. Getting down on one knee to propose is a tradition passed down from the medieval era, when knights would do so as a sign of chivalry. Today, the practice continues as a gesture of devotion and reverence to your partner when asking for their hand in marriage. Of course, getting down on one knee is absolutely optional. Just be sure to know for sure if you want to follow the tradition before your proposal takes place. Choose to do it at the last minute and might end up wavering in an awkward semi-lunge. Even if you only practise one time, saying the words you’re planning for your proposal will help you prepare and calm some of those nerves. Rehearse in front of a mirror, to a close friend, or to your pet. You’ll be able to sense how your script flows and what feels most natural to you. Also, remember to practise your physicality—like kneeling or grabbing their left hand to put on the ring. Of course, it doesn’t have to be perfect. Flubbing some words when getting emotional during the real thing will likely be endearing to your partner, rather than a reason for them to say no. If you want to keep an element of surprise for your proposal, it’s best to keep the engagement ring well hidden. That said, you don’t want to lose it either. A loose ring falling through a hole in your pocket onto a sandy beach is the worst-case scenario. Instead, find a secure place where you can stow the ring—preferably in its box—and make sure it’s well concealed. Remember that this is for you, too. Don’t let the stress overwhelm the joy of the occasion—remember, some nerves are good! As the proposer, you have the power to plan something that makes both of you happy. If you’re contemplating a more elaborate or destination proposal, consider hiring a proposal planner to assist with the grandeur of the event. While definitely a splurge, it’s an investment in your well-being if you’re not much of a planner and potentially the rest of your lives. After popping the question, have something special set up to celebrate afterward. You can pop a bottle of champagne, make a reservation at their favourite restaurant, or even set up a small engagement party with friends and family. You’ll absolutely want to savour in the rush after they say ‘yes’ and continue to enjoy in that moment. When your engagement day arrives, the most important thing on your task list to remember is the ring. Even if a few things in your plans fall through, as long as you have this piece of jewellery and your partner present, you can ask that special question. Still need a ring? We have a ","https://assets.vogue.in/photos/681e13870e915b3e542b195b/16:9/w_1280,c_limit/Kiara%20Sidharth.jpg"
"Feb 07, 2026 @ 23:27:12.954",d2e5b8818442ed6f8f0d3d848000238a,https://www.vogue.in/promotion/lights-camera-say-i-do-embracing-the-spirit-of-la-dolce-vita,"Lights, Camera, Say ‘I do’: Embracing the spirit of La Dolce Vita","A romantic NYC rooftop proposal, a dreamy Canary Island wedding and a vibrant week-long reverie—Shlok Garg and Revathi Gudi’s love story reads like the most enchanting screenplay—one stitched together by destiny, tradition, and a touch of magic",Shubhangi Jindal ,2025-05-08T06:33:51.666Z,"Just like any storyteller’s classic true love trope, it was the red string of fate (a theory that connects two individuals who are destined to meet by an invisible red thread) that poetically brought Shlok Garg and Revathi Gudi together. They were the epitome of high school sweethearts. Always in the same space and within each other’s peripheral vision—stealing glances and making do with momentary nods in the high-tension passageways of school. What started as two teens making time for each other between cheerleading and basketball practices, all while planning dates in their hometown of Edison, New Jersey, transformed into something worthwhile in the most unpredictable way. But when life pulled them apart after graduation, love faced its greatest test. Through heartbreak, distance, and life’s many twists, Shlok and Revathi’s connection endured, waiting for the perfect moment to crescendo. They always knew their love story was special—fast forward a few more years, their journey came full circle with a dreamy proposal on a glittering rooftop in New York City, with Manhattan’s skyline unfurling around them and their beloved pet, Mochi, at their feet. The cityscape, the romance, and the candid artistry captured by P.Taufiq Photography turned this private moment into a cinematic prelude for what was to come: a grand wedding celebration, solidified in real, candid frames. The culmination of their love story unfolded in the picturesque landscapes of Tenerife, Canary Islands, Spain. Amidst the sun-kissed cliffs, lush gardens and the gentle ocean breeze, The Ritz-Carlton, Abama’s Moorish-inspired architecture and unassuming facade made for the ideal canvas for the big day. With the vision of Aria Events weaving every detail and Luxx Escapes curating an impeccable guest experience, Shlok and Revathi's dream destination wedding unfolded like a vibrant tapestry blending South Indian rituals, Punjabi exuberance, and Spanish flair. One breathtaking island, two hundred enthusiastic guests, and a weekend-long reverie were all that was needed to make the celebration perfect. Mochi, of course, made it across the Atlantic Ocean from New Jersey to Spain for the big day, fully embracing each event in coordinating custom outfits made to match the couple. The celebrations kicked off with a vibrant henna ceremony, bathed in rich hues of green. The warm, intimate evening was filled with rhythmic beats of dholki and live folk tunes that made the night crackle with anticipation. The following day welcomed a rustic, Spanish-inspired welcome lunch that set the stage for the wedding weekend and transported guests straight into the heart of Iberian culture. With sun-drenched terraces, vibrant blooms, and culinary delights that paid homage to the island’s heritage, it was a sensorial feast that set the perfect tone for the celebrations to come. Later that evening, the Sangeet unfolded in a whirl of glamour. The venue transformed into a glittering dreamscape of mirrors, crystals, and soaring florals. Spanish flamenco dancers and guitarists from Azúcar intertwined their artistry with high-energy LED performances, while Kunal Lamba curated a dazzling entertainment experience. Platinum Roadshow’s DJ Raj Minocha, kept the dance floor alive into the early hours, weaving a soundscape as electric as the night itself. The second day of festivities began with a haldi ceremony—a fun-filled affair that saw a beautiful setup of vibrant marigold blooms set against the golden hour and the serene waterfront, with every joy-drenched moment documented exquisitely by P.Taufiq Photography. As the wedding day unfolded, the Atlantic Ocean bore witness to a scene straight out of a dream—soft pastel florals framing the sun-kissed altar, violinists serenading the sea breeze with classic Indian melodies, and the horizon igniting as fireworks crowned Shlok and Revathi's vows. At that moment, their love was infinite. For the reception, the couple turned the clock back to the roaring twenties. A Great Gatsby-themed soirée, complete with burlesque singers, flapper dancers, and jazz artists, transported guests into a decadent era of glamour and abandon. The night spilt into an afterparty that spun through the decades into a glittering disco, with each beat and smile captured forever in frames that P.Taufiq Photography so intuitively immortalised. Such is the power of great pictures—they are the ultimate keepsakes for posterity. Reminding us, every once in a while, that maybe everything does happen for a reason. ","https://assets.vogue.in/photos/6808c860cb17b4f339d59a42/16:9/w_1280,c_limit/NT5_0490.jpg"
"Feb 07, 2026 @ 23:27:14.260",b095ede9eee69ede71998656d8d6f582,https://www.vogue.in/gallery/this-couple-prioritised-an-intimate-wedding-in-their-chandigarh-home-over-a-lavish-celebration,This couple prioritised an intimate wedding in their Chandigarh home over a lavish celebration,"In the presence of a limited guest list of 150 people, Tripti Singh and Rohan Kothari's nuptials were ministered by a pathi (priest) who taught Singh how to read the holy Guru Ganth Sahib as a child",Kriti Saraswat-Satpathy,2025-05-04T06:00:00.000Z,,"https://assets.vogue.in/photos/68144f736393eab49fe30830/16:9/w_1280,c_limit/Image%2059.jpg"
"Feb 07, 2026 @ 23:27:15.426",d5b47887a7bcfc13087400d778f4fc1b,https://www.vogue.in/promotion/the-game-of-love-a-one-of-its-kind-digital-wedding,The game of love: A one-of-its-kind digital wedding,"BGMI celebrated connection, gaming and music with its first in-game wedding for a couple that met and fell in love on the platform",Vaidehi Joshi ,2025-04-22T07:24:05.230Z,"In a wholly unique intersection of digital camaraderie and real-world commitment, Battlegrounds Mobile India (BGMI) hosted its first ever in-game wedding—celebrating the union of a couple who first met through the game. What started as an accidental squad addition evolved into a partnership, both in-game and off-screen. Tanupreet considered himself a professional gamer, and he was in no mood to play with a rookie. When a mutual friend added Jaspreet to a game, she was exactly that, still finding her bearings in the game. The story started off with a cliche, the classic enemies to lovers trope playing out. Tanupreet wasn’t particularly thrilled to have to play with Jaspreet. This changed over time and love blossomed. Their squad sessions turned into duo games, where shared tactics and quirks laid the foundation for something deeper. From Jaspreet’s playful map explorations to Tanupreet’s protecting her in the game, their connection blossomed—what began with a parachute drop in Pochinki, a place in the game, culminated in a love story. Blending tradition with technology, BGMI decided to recreate an Indian wedding for this unique couple inside the game, synchronised with their real-world ceremony. The digital festivities mirrored conventional celebrations, including a virtual One of the most important aspects of an Indian wedding are the ensembles. To reflect the ceremonial significance, the bride and groom’s virtual avatars were dressed in custom outfits co-designed by fashion designer Ritu Beri. The garments combined traditional Indian silhouettes with visual cues inspired by BGMI skins, offering a modern yet culturally grounded visual identity for the couple’s in-game avatars. This initiative was part of BGMI’s effort to highlight the real human stories emerging from its digital battlegrounds. “BGMI has been the starting point of so many beautiful relationships. In order to win a match in-game, you have to work together in heightened emotions, so you end up building bonds for a lifetime. Apart from friendships, we've also noticed some lucky couples who met on BGMI and found their life partners. And what better way to celebrate one such lifetime moment than to throw a wedding right inside the game! It's been great fun to see the camaraderie with which our fanbase participated in the grand celebration”, noted Srinjoy Das, associate director of marketing, Krafton India. While BGMI remains known for strategy and survival, stories like this bring into focus a quieter narrative: that the game, for many, is also a space to build relationships, share laughter, and in some cases, find love. ","https://assets.vogue.in/photos/67ff9c1045a9e12e626d049b/16:9/w_1280,c_limit/C0310T01%20(1).png"
"Feb 07, 2026 @ 23:27:16.751",44113a3dab5c14917a37963204f26f3d,https://www.vogue.in/gallery/filmmaker-karishma-kohli-and-actor-mikhail-yawalkar-traded-wedding-rituals-for-a-full-blown-party-at-an-ice-factory,Filmmaker Karishma Kohli and actor Mikhail Yawalkar traded wedding rituals for a full-blown party at an ice factory,"Kohli married Punjabi-Maharashtrian actor, Mikhail Yawalkar, but the couple ditched their own cultural traditions for a ceremony that felt meaningful and age-appropriate",Noor Mayal Khanna,2025-04-20T05:30:00.000Z,,"https://assets.vogue.in/photos/67fcdc5c67496e3e4f8bf1f1/16:9/w_1280,c_limit/AYUS9943.jpg"
"Feb 07, 2026 @ 23:27:18.082",9ee697bcca81e9eb7d9d968b277f24e7,https://www.vogue.in/gallery/this-california-bride-repurposed-her-mothers-sangeet-outfit-for-her-jaipur-wedding,This California bride repurposed her mother’s sangeet outfit for her Jaipur wedding,"Saaheba Bedi, who tied the knot with her childhood sweetheart Nausher Walia in Jaipur, wore her mum’s attire for her jaimala ceremony after giving it a makeover",Kriti Saraswat-Satpathy,2025-04-13T06:00:00.000Z,,"https://assets.vogue.in/photos/67f8c1074002517af7ce0e52/16:9/w_1280,c_limit/SaheebaXNausher-112.jpg"
"Feb 07, 2026 @ 23:27:19.320",3f8f290278471d0166daf5f0be92381a,https://www.vogue.in/promotion/the-revolution-of-the-bridal-trousseau-a-new-era-of-the-heirloom,The revolution of the bridal trousseau: A new era of the heirloom,"Pernia’s Pop-Up Shop and Mohar Fine Jewellery are reimagining heirloom masterpieces with heritage-inspired designs, ensuring that these treasures stand the test of time",Vogue India,2025-04-11T07:55:50.731Z,"Wedding trends have evolved and so have bridal trousseaux. Traditional diamonds have given way to tanzanites and vibrant gemstones, while modular, flexible designs have replaced conventionally crafted jewellery. Today’s brides curate trousseaux that strike the perfect balance between heritage and individuality, ensuring that each piece is imbued with sentiment and personal significance. With a commitment to fine craftsmanship, meticulous attention to detail, and responsibly sourced gemstones from companies that emphasise sustainable mining like Gemfields— Investing in pieces that honour India’s rich artisanal heritage while embracing a contemporary aesthetic, ensures longevity and functionality. For instance, Mohar’s Polki and Jadau collections marry tradition with innovation. Their incorporation of round diamonds, open-setting Polkis, and cutting-edge design techniques ensures these age-old crafts remain timeless yet relevant. “Our Polki collections feature stunning combinations of colour stones and full-cut diamonds, lending a subtle Western flair. This creates a unique Indo-Western aesthetic that transcends traditional Indian boundaries,"" adds Priyanka Jain, co-founder of Mohar Fine Jewellery. Given the significance of wedding budgets, curating a trousseau wisely is essential. ""A well-curated trousseau might include timeless solitaires, coloured stones or Polki pieces, statement-making oversized hoops, studs, stackable eternity bands, chains, and cuffs,"" suggests Nakul. ","https://assets.vogue.in/photos/67f7ae61e8103c0bc39ccce3/16:9/w_1280,c_limit/MOHORMODEL2286%20(1).jpg"
"Feb 07, 2026 @ 23:27:20.575",cab643a44a283a1fd87986f0437c53f9,https://www.vogue.in/content/bridal-couture-opulent-high-jewellery-and-more-heres-everything-you-need-to-know-about-the-vogue-wedding-atelier-2025,"Bridal couture, opulent high jewellery and more—here's everything you need to know about the Vogue Wedding Atelier","Some of the biggest names in bridal couture—and an international legend—come together at this 3-day landmark event in New Delhi, India",Sonakshi Sharma,2025-04-07T06:32:39.726Z,"The spectacle that is the grand Indian wedding dominated global headlines last year, fuelled by Anant Ambani and Radhika Merchant's marathon nuptials that had our collective social media feeds in a chokehold. And while the scale of the typical wedding can span the gamut, from an intimate ceremony on a white sandy beach to a mammoth production at a five-star venue, what doesn't change is the attention to detail and cultural personalisation that goes into every element of the big day. Honouring this rich legacy, the Vogue Wedding Atelier presented by HSBC makes its debut in India this August, an invite-only experience bringing together the country's leading bridal couture designers and high jewellery brands, along with experts and bespoke luxury services all under one roof. Slated to take place from 8–10 August, the showcase will be held at the historic Taj Palace in New Delhi. Indian couturier Fresh from his emotional and deeply personal The beloved designer duo synonymous with reviving and contemporising embroidery techniques, Abu Jani Sandeep Khosla will also mark their presence at the Vogue Wedding Atelier. Invitees can expect one-of-a-kind couture experiments that dig deep into India's textile heritage, but find new expressions for the modern bride. Following up his epic 25th anniversary show in Mumbai, which had Christy Turlington make her Indian runway debut, Sabyasachi Mukherjee will be joining the festivities. He will be presenting a special edit of high jewellery, a creative venture that the cerebral couturier is particularly passionate about. A historic milestone that marks this landmark showcase is Elie Saab's presence. Being the sole international RTW brand, Elie Saab will bring their signature elegance and timeless designs to Indian brides. The Lebanese haute couture maison, now in its 46th year, is a bridal and celebrity favourite, its signature ballgowns and floral appliqué capes finding favour with red carpet regulars from Jennifer Lopez and Beyoncé to Sunita Shekhawat, the meenakari maestro of India, will be showcasing her timeless masterpieces, but as Shekhawat herself says, “As much as I enjoy crafting jewellery, it’s a joy to meet people who understand luxury craftsmanship and Indian aesthetics. This year is special, as we are marking a calendar year with our museum.” Joining her on the slate is Ahmedabad-based couture label, Shyamal & Bhumika. “We are very excited to be a part of the Vogue Wedding Atelier this year, this platform beautifully brings together the finest in wedding design and style, and we’re thrilled to engage with brides and grooms who appreciate timeless craftsmanship, opulence and bespoke artistry.” For the discerning bride, the Vogue Wedding Atelier presented by HSBC will also showcase special collections from designers like Ritika Mirchandani, Aisha Rao and more, along with the best in high jewellery from legacy brands like Hazoorilal Legacy, Khanna Jewellers, Rare Heritage, Mehta & Sons X Anjali Bhimrajka Fine Jewels and Rivaah by Tanishq to name a few. A sari pavilion, specially curated to celebrate the country's incredible culture of handcrafted textiles from different regions, will feature labels like Dareeab by Sonia K Mahajan, Kanakavalli, Naina Jain and Patola by Nirmal Salvi. Past the diamonds and couture, brides can find space for beauty and skincare with Ajmal, Nexxus New York, Jo Malone London and YSL Beauty. ","https://assets.vogue.in/photos/67efdc20306ccc681eaefd45/16:9/w_1280,c_limit/Vogue%20Wedding%20Atelier,%20Announcement.jpg"
"Feb 07, 2026 @ 23:27:21.940",433d6d62d9640b1dd28e3cc220a8aff4,https://www.vogue.in/gallery/across-four-cities-and-three-days-this-couple-planned-a-wedding-along-portugals-rugged-coastline,"Across four cities and three days, this couple planned a wedding along Portugal’s rugged coastline","“We wanted to try and create a diverse set of experiences that would cover Portugal’s colourful architecture and dramatic terrain,” said Trisha Vijay and Raj Thakker",Arzoo Dina,2025-04-06T06:00:00.000Z,,"https://assets.vogue.in/photos/67efa1ee7413a13b4751f1a3/16:9/w_1280,c_limit/AYUS2977%20(1).jpg"
"Feb 07, 2026 @ 23:27:23.162",7c77a6530175464b22876a4f270c7c79,https://www.vogue.in/content/how-to-ace-maid-of-honour-duties-both-before-and-during-the-wedding,How to ace your maid of honour duties—both before and during the wedding,"Yes, the role comes with some pressure but being asked to be a maid of honour is a sign that you are the bride’s number-one person",Shelby Wax,2025-04-05T04:30:00.000Z,"As the leader of the bridal party, there’s no denying that maid of honour duties are an important responsibility. If asked to take on the position, this best friend or close relative of the bride will be in charge of keeping the Yes, the role comes with some pressure—but being asked to be a maid (or man, or person) of honour is an incredible gesture and sign that you are the number-one person that your While the maid of honour’s level of involvement can vary based on how much the The maid of honour is a role designated by the bride as the leader of the bridal party. If the maid of honour is married, you could call them a “matron of honour” instead. Most often, the So what responsibilities fall into the maid of honour’s to-do list before the wedding even takes place? Ahead we break down the key parts of a MOH’s role ahead of the wedding. The most important role of a maid of honour is to be a right hand to the bride. Wedding planning is an exciting time, but it also can occasionally feel like a full-time job. It’s also a period where a couple could be having important The maid of honour is pretty much the camp counsellor of the bridal party. As the leader of the pack, you will ensure everyone is well informed of any and all plans. You will craft group emails and text messages, create itineraries for the bachelorette and wedding day, and answer the necessary questions that the bride doesn’t have to be burdened with. It’s a good idea to collect all wedding party member’s contact info from the bride as soon as you say “yes” to the job so you can get on top of coordination. Be warned that your role as lead communicator might have to come down to working out any conflicts within the group as well. The bachelorette party is likely the biggest undertaking a maid of honour will take. If the bride decides to do a destination trip, you will likely be charged with securing a hotel or Airbnb, organising activities, making reservations, creating a budget and getting payments from the attendees. Throughout the event, you should play check-in frequently to make sure the plans are running smoothly and the bride is having a great time. While you might be the leader of the event, it’s totally fine (and encouraged for your own wellbeing) to delegate and collaborate with other bridal party members to bring plans to life. Traditionally, the maid of honour would also take charge of planning the bridal shower. Today, that isn’t necessarily the case. While a MOH can still host the bridal shower, a close family member or multiple people in the bridal party may offer to plan the event, too. This party is all about “showering” a bride with gifts while surrounded by close friends and female family members. If you are hosting, it’s important to find a great venue, send invitations, supply food and drinks, curate decorations and organise fun activities for the guests. You also should help lead the gift-giving part of the event and keep the list of presents organised so the bride can easily write thank-you notes later. Once the bride decides their vision for the wedding party attire, the maid of honour should help to make sure the bridal party all gets appropriate looks. Many wedding parties don’t all wear the exact same dress anymore, so it’s a good idea to work with the bride to send an email with all the details of outfit guidelines, providing timelines needed for orders or approvals, and follow up to ensure everyone has their ensembles ready in time for the big day. Once the wedding day arrives, a maid of honour will need to kick into high gear to take on these important tasks. There are lots of moving parts on a wedding day, from getting hair and makeup done to taking photos to walking down the aisle. A maid of honour should be there to help corral the bridal party to make it to every event in a timely manner. The morning of a wedding can be a fun and meaningful time for the bridal party as they all get ready for the big day. The maid of honour should make sure this space is well prepared with food, water, and maybe a little champagne for everyone to enjoy as they get glammed up and prepare for the long day ahead. The bride should have a relaxing wedding day—and not be the person fielding questions from a wedding planner or confused guests. The maid of honour will help with those last coordinating details and relay any necessary information to the wedding party. It’s a good idea to get contact info of the wedding planners or venue coordinators before the day of so you can be in communication at all times. It’s perfectly normal for a bride who’s distracted by all the moving parts to forget about eating enough during the day or get some jitters. A maid of honour should be on top of ensuring the bride always has food and water available, as well as being a shoulder for them to lean on if they need to talk through any nerves. During the ceremony, a bride will traditionally hand off the bouquet to the maid of honour for important moments like vows and exchanging rings. In addition to the floral arrangement, a maid of honour may be asked to hold onto items for the bride like lipstick, a cell phone, or a speech. It’s a good idea to keep a clutch with you or choose an outfit with pockets for this purpose. You might also need to join the bride in the bathroom if their large lehenga needs to be strategically held when they’re relieving themselves. At the reception, you might also be needed to take the gift envelopes received by the couple to a place for safekeeping. Traditionally, the maid of honour is one of the few guests who give a speech at the wedding reception. It’s best to make this speech sweet, sentimental, and a bit funny, if that’s your forté. Make sure to pre-write your speech and practise if you can so you don’t let nerves take hold. Also, be sure to keep it on the shorter side so everyone can have plenty of time later on the dance floor. While you absolutely can enjoy the specialty cocktails and get down on the dance floor, it’s best for the maid of honour not to go overboard. Feel free to keep your energy up and have fun alongside the bride all night, but remember that you should still be a helpful presence rather than someone who needs help. If there’s a day-after party, you will want to be in good shape to help the bride with any last needs. ","https://assets.vogue.in/photos/67ef942304a54ff8eb3dc613/16:9/w_1280,c_limit/477916883_1189279165895700_659274234404593083_n.jpg"
"Feb 07, 2026 @ 23:27:24.320",7678bf196b62b51307f42987e2f097fe,https://www.vogue.in/promotion/this-toronto-based-couple-celebrated-their-multicultural-wedding-in-vibrant-goa,This Toronto-based couple celebrated their multicultural wedding in vibrant Goa,"Nick and Priya’s sunset nuptials were a nod to their fun, outgoing personalities, paired with a dose of surreal views at Hilton Goa",Arzoo Dina,2025-03-31T04:38:36.061Z,"Some love stories unfold quietly, but with an ease that makes them feel destined. For Nick Alexander and Priya Bandodkar, that moment began during a college meet-and-greet in Canada, when Priya first noticed Nick flailing enthusiastically through a virtual reality demo. “He later told me he’d planned the whole thing—to make an impression on the new students,” she laughs. That playful energy never left their relationship. Over the years, the two grew closer, finding comfort and companionship in one another. “We spent a lot of time together during the lockdowns, and the day we brought our dog Toby home was the moment we both felt like a real family,” Priya recalls. Their journey took a romantic turn in Venice when Nick proposed on a gondola under the famous Bridge of Lovers. “The legend says a kiss beneath it ensures eternal love—he timed it perfectly.” When it came to planning their wedding, there was never a doubt it would take place in India. “We wanted Nick’s family to truly experience the culture I grew up with,” says Priya. “But more than that, it was about creating a space where two very different families could meet, bond, and make memories together.” After scouting a few venues, the couple found exactly what they were looking for at Hilton Goa Resort, nestled above the Nerul River. “It just felt different. The views from the highest terrace took our breath away. We looked at each other and instantly knew—we’re getting married here, at sunset,” she says. The resort’s peaceful surroundings, sweeping terraces, and proximity to Candolim and Panjim meant their guests could enjoy a full Goan experience, from celebration to sightseeing. Their wedding weekend unfolded with a joyful The reception brought a dose of modern glamour, as the couple and their guests celebrated late into the night, soaking up every last moment. Beyond the beautiful rituals, the couple made a conscious effort to include sustainable and local touches that reflected their values. “At the Planning a wedding from across the world can be a challenge—but the Hilton team made it feel seamless. “We visited once before finalising the venue, but after that, everything happened remotely,” she explains. “The hotel team, and especially our Hilton Wedding Ambassador, made sure we felt supported at every stage. It was like having someone on the ground who genuinely understood what we wanted and made it happen.” In the end, their wedding wasn’t just a celebration of their love—but of cultures coming together, families finding common ground, and memories being made in a place that now holds a very special spot in their hearts. ","https://assets.vogue.in/photos/67dbaced8d25d1c8c8186428/16:9/w_1280,c_limit/PriyaNick_TBB-2094%20features.JPG"
"Feb 07, 2026 @ 23:27:25.459",bba63a478c8bfdd846b4661ad3386e93,https://www.vogue.in/promotion/this-bengaluru-couples-wedding-was-an-elegant-celebration-of-heritage-music-and-modern-love,"This Bengaluru couple’s wedding was an elegant celebration of heritage, music and modern love",Pooja and Tharun’s city wedding at Conrad Bengaluru blended personal touches with immersive experiences,Arzoo Dina,2025-03-29T12:44:23.873Z,"When Pooja Nagesh met Tharun Khanduri for the first time at a local patisserie in Bengaluru, neither expected their lives to change so quickly. “It was meant to be an arranged match. All it took was a few hours of conversation to realise just how meaningful our connection was,” Pooja shares. “It felt easy. Familiar. Safe. And incredibly exciting.” Just a few days later, the couple were engaged. “It sounds crazy,” she laughs, “but it just felt right.” Their connection deepened through the shared joys and challenges of planning a wedding. “Over the course of those few months, we laughed, listened to each other, and pushed each other to be better. There’s always been this deep sense of partnership,” Pooja adds. The couple’s decision to host their celebration at Conrad Bengaluru came naturally. “It’s a space we’ve always trusted—not just for its location and elegance, but because the team there truly understands how to make guests feel special,” says Tharun. From day one, Hilton’s expert Wedding Ambassador and events team were on hand to help translate their vision into an extraordinary celebration. While the pre-wedding rituals, including the Despite the grandeur, it was the quiet, unexpected moments that stood out. “During the Throughout the celebration, Hilton’s team worked seamlessly behind the scenes—coordinating guest experiences, refining details and ensuring the couple could be fully present. From customising the ceremony layout and décor to designing the invitations and curating a personalised menu, no detail was too small. “Our Wedding Ambassador made all the difference,” says Tharun. “They were our constant, helping us manage the unexpected, calming our nerves, and focusing on what truly mattered.” The hotel’s culinary team also helped craft a menu that reflected some of the couple’s favourite flavours and dishes. The finale came with a slice of sweetness—quite literally. The couple cut into a four-tier wedding cake, created to match the colours and design of the celebration. “It was the perfect end to the perfect day,” says Pooja. As they stepped into a new chapter, Pooja and Tharun carried with them the joy of a wedding that was deeply personal, thoughtfully curated, and unmistakably theirs—crafted with heart and heritage. ","https://assets.vogue.in/photos/67cec789aa6c60a180e85d58/16:9/w_1280,c_limit/DSC05850.JPG"
"Feb 07, 2026 @ 23:27:26.751",d8bbe86b238449abdd50e4b90fb68f75,https://www.vogue.in/gallery/this-couples-uttarakhand-wedding-featured-kumaoni-customs-and-sustainable-decor,This couple’s Uttarakhand wedding featured their ancestral Kumaoni customs and sustainable decor,"From arranging folk dance performances to sourcing ensembles from Lucknow and Banaras, Tanishq Tripathi and Swati Tewari's nuptials were grounded to say the least",Arzoo Dina,2025-03-24T13:34:37.729Z,,"https://assets.vogue.in/photos/67e15a60fcaa5deacb43fe2a/16:9/w_1280,c_limit/TS_WEDDING_275.JPG"
"Feb 07, 2026 @ 23:27:27.848",01999eb78aafab1b4e51f2f010592891,https://www.vogue.in/promotion/inside-a-jaipur-couples-grand-wedding-in-rajasthans-aravalli-hills,Inside a Jaipur couple’s grand wedding in Rajasthan’s Aravalli Hills,Arpit and Khushboo’s wedding ceremony at DoubleTree by Hilton Jaipur Amer blended their love story with immersive experiences for guests,Arzoo Dina,2025-03-24T12:34:00.317Z,"For Arpit Parwal and Khushboo Choraria, love first sparked in the corridors of their high school in Jaipur. What started as a teenage friendship turned into a lifelong bond, one that endured distance, time zones, and countless video calls. “On Valentine’s Day in 10th grade, Khushboo got down on one knee in the middle of the school grounds and asked me to be her Valentine,” Arpit recalls. “That moment set the course for everything that followed.” Even as life (and their careers) initially took them to different cities, Arpit works as a software engineer in Seattle, USA, while Khushboo has now launched her own custom gifting and jewellery brand, their connection remained unbreakable. “Despite the miles, we always found our way back to each other,” they share. So, when it came to their wedding, they knew it had to be a celebration of their story—a blend of grand gestures and intimate, thoughtful details. For the Jaipur natives, a local wedding venue that still felt like a destination was key. “We wanted something scenic, luxurious, and easily accessible for our guests,” Khushboo explains. DoubleTree by Hilton Jaipur Amer, nestled against the Aravalli Hills, offered the perfect mix of breathtaking views and seamless hospitality. “Beyond the stunning location, it was Hilton’s expertise in hosting large-scale weddings that sealed the deal,” Arpit shares. The hotel’s Wedding Ambassador worked closely with us from day one, helping us craft a stress-free experience that allowed us to focus on enjoying our celebrations. For Arpit and Khushboo, their wedding wasn’t just about them—it was about making their family and friends feel truly special and welcomed. Thoughtful gestures were incorporated right from the time guests arrived, until their departure. For instance, welcome hampers were stocked with the couple’s favourite snacks with personal notes explaining why each item was chosen. A custom radio show played in cars that ferried guests from the airport, sharing stories about the couple’s journey, while room keys were handed in the form of a ‘Book of Love’, that doubled as a keepsake, complete with the wedding itinerary and tiny, personalised elements. Another feature that was a hit with guests was a live wedding magazine updated via their Instagram handle, that ensured guests felt part of the journey, weeks before the celebrations began. “Hilton’s Wedding Ambassador made sure every touchpoint was executed perfectly,” Khushboo shares. “From coordinating the guest arrivals to handling last-minute changes, they were our support system.” Each event was themed around a chapter of their love story. So, the welcome party was themed as an ‘Around the World’ carnival—a nod to their shared love for travel, featuring favourite dishes from places they visited together. The after-party was inspired by an airport lounge, thanks to the years of long-distance travel that the couple undertook, along with personalised boarding pass invitations. Menus were tailored for each event, from an authentic Rajasthani feast at the bhaat ceremony to a global gourmet spread reflecting their travels. ""We worked closely with Hilton’s F&B team to ensure every dish felt intentional,"" Arpit adds. One of the most emotional moments came during the sangeet, as the couple exchanged rings while over 40 of their closest friends cheered them on. “Seeing that love and support from our people, it was overwhelming in the best way,” Arpit recalls. As the wedding celebrations unfolded under the Jaipur night sky, guests were treated to a spectacular sufi performance, fireworks, and an evening of dance and revelry. “Thanks to Hilton’s Wedding Ambassador and the team, we were able to fully immerse ourselves in the joy of our wedding, without worrying about a thing.” For the couple, their wedding was a celebration of their story, their journey, and the people who made it special. ""As the sky turned an inky blue and we toasted to our new life together, we knew one thing for sure—this was exactly how we had imagined it,"" they share. ","https://assets.vogue.in/photos/67d12f398ba6175521ca3001/16:9/w_1280,c_limit/IMG_1060.JPG"
"Feb 07, 2026 @ 23:27:29.184",93280721faeeddc2c3c0e82cfac47b0c,https://www.vogue.in/gallery/exclusive-what-did-the-nuptials-of-indias-celebrity-favourite-wedding-filmer-look-like,Exclusive: What did the nuptials of India’s celebrity favourite wedding filmer look like?,"Inside Vishal Punjabi and Nikki Krishan’s 100-guest affair at the dreamy Amanbagh in Ajabgargh, Rajhasthan",Praachi Raniwala,2025-03-23T08:18:12.555Z,,"https://assets.vogue.in/photos/67dfb34a852dcbc0bb20d2f9/16:9/w_1280,c_limit/SBJR_NV_FL-116.jpg"
"Feb 07, 2026 @ 23:27:30.343",0944b5e85e09c17ee6c4310d2e5eba67,https://www.vogue.in/promotion/a-confluence-of-innovation-and-creativity,A confluence of innovation and creativity,"From selecting the ideal location to managing all other aspects of a wedding, Shloka Events is helping couples and families alike to navigate the logistics of wedding planning",Shannika Ramos,2025-03-21T05:23:59.827Z,"Weddings in India are more than just a union of two individuals—they are a vibrant celebration of culture, tradition, and families coming together. From choosing the perfect venue, orchestrating intricate ceremonies and ensuring guests are taken care of, wedding planning is both an art and a science which will have one juggling the tasks of ten people. With wedding planning becoming one of the fastest-growing sectors in India, planners are now devoted to handling everything, from destinations to decor. Enter Shloka Events, a company specialising in end-to-end event solutions for social and corporate events. Since its inception in 2014, Shloka Events has combined creativity and professionalism to curate a unique wedding experience for everyone. Boasting a curation of lavish weddings in locations like Istanbul, Doha, Bali and Udaipur, the company is breaking away from convention to create contemporary and chic experiences. From venue scouting and logistics to culinary experiences and entertainment, Shloka Events ensures that each event is uniquely tailored to your vision. With every detail specially crafted and having executed over 150 events across 13 countries in Asia, Europe and the Middle East, the company has forged a name for itself in the realm of wedding planning. Ensuring smooth travel for everyone requires careful planning, communication, and often a lot of coordination to make sure the event runs seamlessly. Shloka Event’s expertise lies in handling the intricate logistics—from arranging private aircrafts to coordinating the movement of 600 guests across multiple venues. Offering cost-effective, yet luxurious solutions, the brand is making it possible for every couple to achieve their dream wedding without compromise. Whether it’s a sundowner wedding with spirited beverages or a multicultural celebration blending traditions, Shloka Events is now expanding its footprint, venturing into new realms like experiential travel and luxury retreats alike. ","https://assets.vogue.in/photos/67d95ea2973f652e8796e281/16:9/w_1280,c_limit/features%20imag.png"
"Feb 07, 2026 @ 23:27:31.618",21f76d4b98eaf998325cf4cadfc164e4,https://www.vogue.in/gallery/this-bride-wore-an-ivory-sabyasachi-sari-for-her-indo-scottish-wedding-in-tuscany,This bride wore an ivory Sabyasachi sari for her Indo-Scottish wedding in Tuscany,The lush Italian countryside set the stage for the couple’s church wedding in a 9th century abbey,Arzoo Dina,2025-03-16T05:30:00.000Z,,"https://assets.vogue.in/photos/67c71ce184f0e308316f5765/16:9/w_1280,c_limit/T&J_Wedding0843.jpg"
"Feb 07, 2026 @ 23:27:32.757",c3fbf354c44903852e004db5a0049176,https://www.vogue.in/content/how-to-care-for-your-wedding-garments-as-per-experts,"How to care for your wedding outfits, as per experts",Expert preservation tips to keep your bridal trousseau shining,Ruman Baig,2025-03-13T06:18:21.168Z,"Indian brides invest heavily in their When it comes to heavily Designer Embellished outfits add an extra layer of difficulty when folding. D'Souza suggests using tissue or butter paper between the two folds to prevent the Mehta favours the age-old methods of preservation. ""To preserve delicate, India’s Different textiles demand different care. Saris should be separated by fabric type, as per D'Souza. ""Store silk, chiffon, georgette, and cotton For the grooms and their sherwanis (or structured jackets) that aren’t weighed down by embellishments, ""sturdy padded hangers"" can be used, instructs D'Souza. ""Wide, padded hangers support the weight and prevent shoulder dents."" However, he cautions to ""store flat only if the piece is heavily embellished."" Mehta and D'Souza emphasise the importance of using breathable storage materials. ""Store clothing in breathable Just as much attention should be paid to the aftercare of a ","https://assets.vogue.in/photos/67d005a9cb53528f00c6d202/16:9/w_1280,c_limit/Arpita%20Mehta%20(2).jpg"
"Feb 07, 2026 @ 23:27:34.043",befde3429c625be426f80ee0361c319a,https://www.vogue.in/gallery/this-brides-medieval-italian-wedding-venue-was-finalised-even-before-she-met-her-husband,This bride's medieval Italian wedding venue was finalised even before she met her husband,"Co-founder of Resh&Co, Reshma Ramaiah tied the knot with Brendan Rice in a Ferragamo-owned Tuscan village with a 60-foot-long veil",Kriti Saraswat-Satpathy,2025-03-09T05:30:00.000Z,,"https://assets.vogue.in/photos/67c717a6598a1d71729eea53/16:9/w_1280,c_limit/Reshma%20&%20Brandon%20Rossini%20Photography-0137.jpg"
"Feb 07, 2026 @ 23:27:35.148",61afe135047859903096fd069b405ebc,https://www.vogue.in/promotion/the-bridal-hair-trends-defining-2025,The bridal hair trends defining 2025,"L’Oréal Professionnel is making a case for timeless bridal hair, with deep mocha hues, ultra-luxe shine and scalp-first care routines that start long before the wedding day",Ritika Saundh,2025-03-05T07:08:14.747Z,"A wedding is no place for half-measures—least of all when it comes to hair. This season, the trends are steeped in intention and rooted in care. It’s not about passing fads that come in one day and fade out by the next, but about a look that feels like you, only amplified. From the return of deep, luxurious brunettes to the sharp, considered cut that needs no embellishment—this is hair for the bride who knows exactly who she is. Forget fleeting shades. This year, depth is everything. Pantone’s Mocha Mousse sets the tone—rich, dimensional, with an elegance that never competes. Brown is far from basic and L’Oréal Professionnel is ensuring that every bride finds her perfect version of it. The secret? A virtual try-on that lets you refine your shade before committing. The aim is clear: choose a tone that complements your natural beauty, setting a refined backdrop for your bridal look. There’s beauty in precision and 2025 brides aren’t hiding behind excessive layers or cascading curls. Instead, they’re opting for clean, decisive cuts that let hair fall exactly as it should—no fuss, no excess. A straight, sculpted bob or a well-balanced length that moves effortlessly. The rule? The simpler the cut, the greater the impact. It’s an approach that celebrates restraint—crafted with clarity and a deep understanding of your unique style. Shine is having its moment—not the artificial, lacquered kind but the kind that speaks of deeply nourished, impossibly healthy hair. Inspired by the Korean glass skin trend, this is about high-gloss, weightless fluidity. The trick? A routine that starts long before the wedding: bi-monthly L’Oréal Professionnel Hair Spa sessions, a targeted scalp diagnosis, and the Absolut Repair 10-in-1 oil to seal in the glow. It is care with purpose, producing a mirror-like effect that speaks to genuine attention. Long hair, undone but intentional. There’s a shift towards softness, a rejection of overworked updos in favour of strands that flow freely. But effortless never means unprepared. To wear hair loose on your wedding day is to commit to months of care with a dedicated routine—comprising a gentle shampoo, restorative mask, and a targeted serum—ensures that your hair remains resilient and vibrant, ready to frame your day with subtle power. Hair that moves should never feel weighed down. There’s volume, and then there’s Beneath every style, however, is the foundation that is often overlooked: the scalp. An investment in its care—solutions like L’Oréal Professionnel’s Scalp Advanced 5-in-1 serum or targeted treatments for hair fall and hair growth, like L’Oréal Professionnel’s Aminexil Advanced or Serioxyl Advanced serums—is essential.It is here that the true health of your hair begins, quietly underpinning every trend with enduring strength. ","https://assets.vogue.in/photos/67ab613073d0926c049becb2/16:9/w_1280,c_limit/feature-image.jpg"
"Feb 07, 2026 @ 23:27:36.369",9eff0b5d2b6ca5d0a7e1b2999a1be246,https://www.vogue.in/content/meet-the-quiet-vigilantes-of-indian-weddings-talismans-and-traditions-that-ward-off-nazar,Who's third wheeling the couple at Indian weddings? Talismans and traditions that ward off nazar,No bad vibes,Simone Dhondy,2025-03-03T11:18:37.619Z,"If there is one tradition that is an inextricable part of the Indian wedding machinery, it's the meticulous art of In this realm of DIY spiritual defence, even a stray compliment can be interpreted as an act of aggression. Just a week before my wedding, the designer who was creating my outfit innocently posted a sneak peek of my bridal ensemble on Instagram. The DMs came flooding in: “Make her take it down immediately!” Cue panic. By the time of my next fitting, the dress had to be let out. Whether the culprit was the evil eye or It would seem that envy fuels this cosmic mischief, and nothing attracts envy like things going well. Weddings, of course, are evil-eye magnets—grand spectacles of joy practically begging for the poisoned arrow of nazar to hit them. That’s why our Of course, everyone’s talismans take different shapes. From fiery nimboo-mirchi garlands to the occasional smudge of soot on your cheek, nazar rituals are a mix of ancient wisdom and everyday absurdity. But just how absurd are we talking? “My grandmother made me carry a lemon for 15 days, starting from the day I got engaged, all the way until the final day. That poor lemon went with me everywhere—inside my purse, For Swati Sinha, 33, a Bihari bride from Varanasi, it seems her ancestors took cues from the Ironborn of House Greyjoy from In the Whether it’s ritual or superstition, there’s no harm in a little backup against cosmic chaos. The fact that we still follow the rituals after all these years is a testament in itself of the efficacy of talismans and belief. Perhaps you wear that amulet not for itself but as a reminder of your grandmother’s protective love, the So a nimboo-mirchi charm pinned to your lehenga? Why not. Just take the nazar it’s meant to ward off as a backhanded compliment. And if all else fails, that nimboo can always come in handy for the real enemy: acidity. ","https://assets.vogue.in/photos/67c5766c79519bd06ffd0f43/16:9/w_1280,c_limit/_MG_9994_2.jpg"
"Feb 07, 2026 @ 23:27:37.635",bb4025a2ec26984e152fdd464cd6fac9,https://www.vogue.in/gallery/this-hyderabadi-wedding-in-rajasthan-was-made-special-by-a-son-from-the-brides-previous-marriage,This Hyderabadi wedding in Rajasthan was made special by the bride’s son,"A surprise Eiffel Tower proposal, a Sabyasachi lehenga picked in an hour and a Sufi night in the Thar—this is Chitralekha Pasupuleti and Holm-Ingolf Hamann’s love story",Arman Khan,2025-03-02T10:40:46.303Z,,"https://assets.vogue.in/photos/67c3ff6e60525105cffc6e75/16:9/w_1280,c_limit/AYUS8381.jpg"
"Feb 07, 2026 @ 23:27:38.797",1c55c963e1a2b2a8a41e3176c4aa57a8,https://www.vogue.in/promotion/the-hilton-expert-series-documenting-love-stories-behind-the-lens-one-frame-at-a-time,The Hilton Expert Series: Documenting love stories behind the lens one frame at a time,"Arjun Kartha, founder of Twogether Studios and Prabhjot Kaur, Hilton Wedding Ambassador, share expert tips for couples for capturing those precious wedding memories on film",Arzoo Dina,2025-02-26T12:48:44.917Z,"Weddings are a magical blend of love, laughter, memories and shared traditions. From the time you gather with your family and friends, walk down the aisle and share stolen glances with your significant other, to toasting to a lifetime together—all combined in a vibrant celebration—it’s these little moments that make any wedding a standout affair. And it’s only fitting that these precious moments be captured on camera so you can look back on them fondly, no matter how much time has passed by. However, finding the right photography team or studio for your dream wedding is easier said than done. You want to be able to work with a team that understands your vision, who you are as a couple, and the kind of photography you’re both looking for— whether moody, cinematic, editorial or taking the much-loved storytelling approach. Arjun Kartha, founder of Delhi-based Twogether Studios which has been a leading name in wedding photography and cinematography for the past decade, and Prabhjot Kaur, Hilton Wedding Ambassador, take us through According to Kartha, one of the key factors to pulling off a dream wedding is setting aside enough time to capture moments on film. Couples often tend to overlook this small but significant step that allows them to capture those fleeting but heartwarming moments. “Instead of squeezing multiple events into a single day, consider spacing them out, so the team has enough room to capture those meaningful moments—like your couple portraits, family group shots and candid interactions—without feeling too rushed,” he suggests. Kartha can’t emphasise enough on the importance of sketching out a brief for your photography studio. How about putting together a mood board for them to reference? According to him, this kind of visual inspiration is invaluable. “For example, Pinterest boards are a great way to convey this,” he explains, adding that this helps the photographer to understand your aesthetic and preferences—whether you’re drawn to soft, pastel hues, bold pops of color, sleek modern lines, or even classic, timeless looks. He cautions that it’s also important to keep your expectations realistic. “For instance, if you’re having a night wedding, your inspiration shouldn’t be drawn from daytime functions.” Equally important is clarity around what you don’t want, he adds. “Lean into what your vibe is as a couple and allow that to be front and centre of your story,” suggests Prabhjot Kaur, Hilton Wedding Ambassador. Personalisation is key here, as you can add several tiny details to your wedding celebrations that will reflect your story and journey. She recalls working with a bride recently who wanted to embroider her husband’s name onto her wedding saree, making for a heartfelt keepsake. According to Kaur, what matters beyond curating the perfect decor, a great food spread and the right dose of entertainment, is crafting meaningful moments that reflect your story, which will ultimately translate on film. This could be anything from personalising your wedding ceremony set-up that is unique to your family’s traditions or focusing on who you both are by bringing your own ideas and thoughts to the table. “Share as many details and ideas that you have in mind, and we’ll work towards making it happen,” she says. Kaur adds that as wedding ambassadors, the team and the hotel are always available at hand to help couples with the best photo-friendly locations, capture the perfect shot for the gram, and even work behind the scenes with the photographers to ensure its smooth sailing on your big day. While trends in the wedding space can be fleeting, they can also work in elevating your wedding photos and film. Kartha believes that storytelling and authenticity are definitely at the forefront of wedding photography at the moment. “Couples increasingly want their images to feel like a true reflection of who they are, rather than a series of staged moments. This means focusing on interactions, raw emotions, and capturing the atmosphere and energy of the celebration as it naturally unfolds.” This also allows wedding photography to serve both as art and memory—with gorgeous, evocative imagery that showcases the couple’s story. ","https://assets.vogue.in/photos/67bf064fa5a08e67a5d0807d/16:9/w_1280,c_limit/Vogue%20Expert%20Series%20EP3%20-%20Still%209.jpg"
"Feb 07, 2026 @ 23:27:40.066",7b87e3a17b1e3a975dcdecfb107b52d4,https://www.vogue.in/gallery/exclusive-prajakta-koli-and-vrishank-khanals-wedding-ceremony-was-a-nature-inspired-affair-in-karjat,EXCLUSIVE: Prajakta Koli and Vrishank Khanal's wedding ceremony was a nature-inspired affair in Karjat,"From the Anita Dongre ensembles to earthy décor, the couple consciously chose elements that echoed their vision and values",Nupur Sarvaiya,2025-02-25T15:56:38.373Z,,"https://assets.vogue.in/photos/67bde308638c9df5277008eb/16:9/w_1280,c_limit/IMG_5564%202.JPG"
"Feb 07, 2026 @ 23:27:40.634",115430dacf613c85ed6ae4e6cd8aa094,https://www.vogue.in/gallery/anuv-jain-and-hridi-narangs-love-story-started-from-their-worst-best-first-date-exclusive,Exclusive: At Anuv Jain and Hridi Narang's wedding a surprise piano version of ‘Jo Tum Mere Ho’ played,"A chance Instagram connection led to a dream wedding for the singer and his partner, proving that true love finds its rhythm",Ruman Baig,2025-02-21T13:30:00.000Z,,"https://assets.vogue.in/photos/67b87c21e77c5e64eb5bd49c/16:9/w_1280,c_limit/DSC01141.jpg"
"Feb 07, 2026 @ 23:27:41.742",d51451f2db94678bf0b0d05282d6d96e,https://www.vogue.in/promotion/say-yes-to-the-dress-with-this-brands-new-destination-wedding-collection,Say yes to the dress with this brand’s new destination wedding collection,"Tying the knot amidst breathtaking vistas? Pernia’s Pop-Up Studio, the premier multi-designer destination, unveils an exquisite repertoire tailored to the grandeur of destination weddings",Vogue India,2025-02-20T05:18:51.293Z,"In 2025, couples are increasingly eschewing conventional ceremonies for intimate, location-inspired nuptials. Destination weddings have become the new norm for bespoke celebrations. While heavy lehengas and sarees have long reigned over the Indian wedding fashion-scape, a transformative shift toward lighter, more versatile ensembles redefines the bridal aesthetic. Divya Sahaya Aggarwal of Petticoat Lane emphasises, “Lehengas with embroidered jackets and capes work fabulously for new-age brides, as the silhouette allows graceful movement along with versatile removable layers, ideal for celebrations under open skies.” Designer Ritika Mirchandani champions the pre-draped saree as a quintessential choice for destination weddings. “It is advisable to choose outfits that are easy to pack and maintain. Hence, opting for wrinkle-resistant fabrics and designs that don't require complex draping can simplify the dressing process,” the designer notes. Curating ensembles for destination weddings transcends the boundaries of traditional planning. Outfits must resonate with the look and feel of the venue, while harmonising with the overarching theme. Balmy locales call for breathable textiles and flowing layers, whereas cooler climates necessitate plush fabrics with intricate craftsmanship. For Pratyush Guglani of Kalista, the design journey is intrinsically tied to the locale, “We explore the location and climate first, and then try incorporating elements inspired by the locale’s aesthetics, such as tropical motifs for beach weddings and deep colours for palatial settings.” No destination wedding is complete without ensembles that encapsulate the spirit of the celebration. Pernia’s Pop-Up Studio offers an unparalleled shopping experience for brides, grooms, and their entourages. From sunlit beach ceremonies to regal palace nuptials, the studio’s meticulously curated collections from India’s foremost designers, like Tarun Tahiliani, Amit Aggarwal, Gaurav Gupta, Dolly J, Seema Gujral, cater to every facet of the modern wedding. Embark on your journey to finesse with Pernia’s Pop-Up Studio–a sanctuary where dream weddings find their perfect expression through exceptional craftsmanship and elegance. ","https://assets.vogue.in/photos/67b2cf9829d25f08e704e3b8/16:9/w_1280,c_limit/LH-160_2#1.jpg"
"Feb 07, 2026 @ 23:27:43.053",81f4581cfadef8fb4f2266f9a17c6c14,https://www.vogue.in/gallery/exclusive-prateik-smita-patil-and-priya-banerjees-wedding-took-place-in-the-grooms-late-mothers-home,Exclusive: Prateik Smita Patil and Priya Banerjee's wedding took place in the groom’s late mother’s home,The couple’s wedding toed the line between profound traditions and personalised touches. See inside their wedding exclusively with Vogue.,Nupur Sarvaiya,2025-02-16T10:41:04.335Z,,"https://assets.vogue.in/photos/67b1a913e89d416b8d56bee7/16:9/w_1280,c_limit/278A9827.jpg"
"Feb 07, 2026 @ 23:27:44.317",12cb9d1a311c956b352d7a4afab63f93,https://www.vogue.in/content/how-to-plan-your-wedding-according-to-astrology,Planning your wedding according to astrology could make all the difference,Planning a wedding? Here are some astrologer-approved tips to ensure all the stars align on your big day,Alice Bell,2025-02-15T05:30:00.000Z,"Throughout my twenties, living in New York and dating with little to no success, I couldn’t help but feel like something was wrong with me. I would go on dates, get fixated on having a fairytale-like future with someone I hardly knew, and then get Eventually, I made a career out of astrology, giving regular readings to clients. I began to notice how similar planetary patterns occurred for many people when they reached major I applied this same understanding to my own chart, deleting all of the dating apps and leaving my love life up to the universe. If I was meant to be in a relationship, it would happen, and I didn’t need to try to force it. After a relatively dry five and a half years relationship-wise, I was set up on a Once we got engaged and had decided on the year and general season of when we wanted to get The moon phase—that is, whether it is a full or crescent moon, waxing or waning, and so on—on which your wedding date falls sets the tone for the event. The few days right before a new moon are typically the lowest Understanding the qualities of the zodiac season in which you want to get married is important too. My husband and I knew that we wanted to have our wedding in early summer 2024, so it was a toss-up between Gemini and Cancer season. We ultimately went with Gemini, because it has that fun, social element. Gemini is also the sign associated with exploring and short-term Another astrological event that you may want to take note of when planning your wedding is if there will be any major retrogrades—a time when a planet appears to be moving backward, from our perspective on earth, on its journey around the sun—occurring at that time. With Mercury retrogrades, it’s more likely that you will run into delays, small hiccups or miscommunications on the wedding day. I once attended a wedding during a Finally, it can be helpful to note where a couple of the other planets are positioned on your wedding date. Saturn is the planet that symbolises commitment and longevity, which is ideal when starting a life with someone. Meanwhile, Jupiter shows growth and advancement, and brings a light, optimistic spirit with it, so having a little bit of each of these planets is beneficial for a wedding—or any other big event, for that matter. You may need to With all of this being said, when it comes to picking a wedding date, don’t stress about planning your wedding according to astrology or drive yourself nuts over where the planets are positioned. If there’s one thing I’ve learned over the years of being an astrologer, it’s that major life events are out of your control and always happen when the timing is right. ","https://assets.vogue.in/photos/67af2a835ae08dca7d73d667/16:9/w_1280,c_limit/VWS_%20946.jpeg"
"Feb 07, 2026 @ 23:27:45.530",0b767d3b09fef73bd8bdbf8d778533f6,https://www.vogue.in/promotion/why-this-couple-chose-a-magical-riverfront-wedding-at-doubletree-by-hilton-goa-panaji-over-the-beach,Why this couple chose a magical riverfront wedding at DoubleTree by Hilton Goa-Panaji over the beach,"Tanya Sharma and Tarun Makhijani tied the knot in a colourful celebration overlooking the Mandovi River in Panaji, Goa",Arzoo Dina,2025-02-05T09:07:57.415Z,"Most couples who choose Goa for a destination wedding, do so with the expectation of having a scenic beachfront wedding, complete with sunset pheras and fireworks thrown in for good measure. Tanya Sharma and Tarun Makhijani decided otherwise, choosing to skip the classic beach wedding for a quaint riverfront setting at the DoubleTree by Hilton Goa-Panaji. Goa held a special place in their heart—it’s where their love story began, as Tarun, a well-known wedding and club DJ, and Tanya first met at a celebration there. “We were introduced by common friends and spoke briefly. We didn’t think much of it, carrying on with our lives. It was only in 2020 during the lockdown when he reached out via text and we started talking,” Sharma reveals. Their worlds might have been far apart—Tanya works as an independent sports consultant, while Tarun is a wedding and club DJ—however fate had its way and four years later, they decided to seal their love in a surreal celebration surrounded by their closest family and friends—back where it all began. The couple knew they wanted to host their nuptials in Goa, but a beach wedding wasn’t on the cards. Instead, they started looking for one-off venues that retained Goa’s charm and offered a different take on the sunshine state. A visit to the DoubleTree by Hilton Goa- Panaji, ticked all the boxes for the couple and their families, with its quaint location in the capital city, scenic river views and distant hills framing the backdrop. DoubleTree by Hilton Goa-Panaji offers breathtaking vistas of lush hills and winding waters, paired with modern luxury across its 160 elegant rooms and suites. Nestled on the banks of the winding Mandovi River with 160 rooms and suites, the resort offers unparalleled vistas set in the lap of nature. “We loved the fact that the resort had this gorgeous setting overlooking the river and the hills, and enough venue options for each of our celebrations,” they both share. The celebrations began with an intimate haldi ceremony in the alfresco area of a charming riverside restaurant, with vibrant marigold decor. This was followed by the mehendi in the bride’s suite clubbed with a private terrace. The next day, the infinity pool became the perfect venue for a lively sundowner featuring craft cocktails and fun games—an ideal setting to capture those gram-worthy shots and soak up the pleasant weather. Unbeknownst to Sharma, her beau had a surprise proposal planned for her at the pool party, where he went down on one knee and slipped a sparkling diamond ring on her finger, with their friends and family cheering them on. “Somehow, he managed to rope in our closest friends to pull off this surprise and sweep me off my feet,” Tanya reveals. The evening’s revelry continued with a grand sangeet and cocktail party in the resort’s expansive ballroom, known for its elegant design and ability to host lively celebrations. The couple were treated to special dance performances by their friends and family, as well as a live band that belted out several hits. The next day dawned bright and early with perfect weather, as the resort’s poolside venue underwent a transformation for the set-up of the wedding mandap. For Tanya, one of the most precious memories from their special day was when she walked down the aisle towards her beau. “I loved everything about my bridal entry. The fact that Tarun was in tears when he first saw me as a bride, was both emotional and beautiful at the same time,” she shares. As they took their pheras, with a dramatic sunset for company that painted the sky in vibrant hues, the love in the air was palpable. This was followed by a live sufi act and fireworks for a fitting finale. The celebrations ended with a reception and dinner in the ballroom with a curated F&B set-up for their guests to relish. “Every detail was thoughtfully curated, from my bridal entry to the custom menu. The team worked closely with us to infuse personal touches, like late-night snacks tailored for our post-dance cravings,” Tanya shares. “The F&B team ensured everything reflected our tastes, from indulgent local Goan dishes to a curated dessert station with our favourite treats,” they added, referring to how the hotel’s chefs personally sat down with them to curate menus, all the way from breakfast to midnight munchies, especially after the long nights of dancing and revelry. “Everything was planned with so much detail and love, and what made it all the more special was seeing our family and friends have such a fabulous time at our wedding,” they add. As the sky turned an inky blue, washing away the vibrant sunset hues, the couple toasted with glasses of champagne to a brand-new chapter in their lives, marking the perfect finale to their wedding celebrations. ","https://assets.vogue.in/photos/679b5cd53b5284d68369e7d5/16:9/w_1280,c_limit/0U8A2676.jpg"
"Feb 07, 2026 @ 23:27:47.000",86e03dcee88053badfa1f938e838a56a,https://www.vogue.in/content/how-to-write-and-deliver-the-best-wedding-speech,How to write and deliver the best wedding speech,"Whether you’re the father of the bride, best man, or maid of honour, learn how to write—and deliver—the best wedding speech",Shelby Wax,2025-02-04T09:45:13.185Z,"If one of your nearest and dearest is tying the knot, it’s possible you may feel pressured to deliver the best A wedding speech presents a unique challenge: There’s no set formula for how the speech should play out, but it often requires sentimentality, a touch of humour and the good sense to know when to wrap it up. That’s why it’s pretty easy to overthink how Have you been asked to give a wedding toast at an upcoming celebration? There’s no reason to sweat. Instead, read ahead to learn how to write the best wedding speech and plan for your big moment. First off, it’s important to make sure that the couple definitely The to-be-weds also have the right to curate the day as they wish, and occasionally at a rehearsal dinner or welcome party, the couple may open the floor to additional toasts. But if this doesn’t happen, grabbing the mic unexpectedly for an off-the-cuff speech (especially after a few glasses of wine) will not be appreciated. If you are asked to give a toast, it’s important that you don’t just wing it. “First, recognise that speechwriting is a creative process,” shares Allison Shapira, founder and CEO of Global Public Speaking. “Give yourself plenty of time to be creative (i.e. not the night before, when you already have so much to stress about). Wait for your most creative time of the day, and turn off any distractions. Spend some unrushed time thinking about your relationship to the couple, and what you’d like to say.” While there’s no exact template to follow, there is a common basic formula to adhere to. “The framework I recommend for a wedding speech is: story, message, blessing,” Shapira shares. “Tell a heartwarming story, share the message or value behind that story, and then offer a blessing or wish for the couple based on that message.” “Typically, we advise our speakers to try to bring the audience on a journey where you initially try to make them laugh, then get to the real depth of the speech and earn some tears, then bring the whole speech full circle with a deep insight or story about the couple that ends with a funny final punch,” says Steven Greitzer, CEO and founder of Provenance, an AI company that specialises in helping write personalised wedding vows, ceremonies, and toasts. “It’s important to have a good balance of humour and sentimentality because, if it’s a full roast, it can feel like you’re just doing a standup comedy show for your own benefit and it could lack substance. Or, if it’s too overly emotional, it can get heavy and perhaps a bit too somber for a wedding celebration.” When choosing a story, Shapira recommends thinking carefully about who will be in the room. “It should obviously be good-natured, without making anyone look bad. And, it all depends on the family dynamics,” she says. “What one family considers good-natured, another family could consider scathing. Choose someone in the audience whom you think could give you some helpful feedback, and practise the speech with them in advance.” Greitzer adds that it’s important for both members of the couple to be highlighted in the speech. “Great anecdotes showcase who each person was before meeting, their synergy together, and their individual and collective growth,” he says. If you don’t know one member of the happy couple very well and are unfamiliar with their love story, don’t be afraid to get creative. “One of the best speeches I’ve seen was from a bridesmaid who hadn’t really been able to spend too much time with her best friend’s fiance because of the pandemic,” Greitzer shares. “She creatively read texts she found in her phone that gave her a hilarious timeline of her friend falling in love.” If you’re still not sure where to begin, consider giving an AI platform a try to help you form your toast. “The Provenance tools guide speakers to create unique, and personal ceremonies, vows, and toasts without the stress. It’s a partner in your brainstorming process; a way to help you verbalise what you were trying to say—but faster,” explains Greitzer. “Instead of being some outdated, mad-libs-style template, the expert-curated prompts inspire special stories and insights, ultimately weaving your responses together into a custom, editable first draft.” A final writing tip from Shapira? “I definitely recommend creating an outline but do not recommend writing the speech out word for word. When we script the entire speech, it sounds too formal,” says the public speaking expert. “I recommend first brainstorming the content, rearranging it into a logical structure, then drafting a general outline which you can bring with you to the event. While it may look better to simply give the speech ‘from the heart,’ the stress involved in trying to memorise your speech is simply not worth it.” The ideal length of a toast is between two to four minutes, which translates to around 500 to 1000 words on a page. Still, Greitzer notes, “The perfect length for the wedding toast complies with whatever length the couple wants it to be. Many guests don’t realise that long speeches can impact the whole evening’s timeline and affect the caterer, DJ, and so much more.” Best rule of thumb? Keep it short and sweet. Writing a wedding speech is half the battle—next comes your performance. It’s important that your toast has a good flow, feels natural, and doesn’t drag on. Here’s where the idiom “practice makes perfect” rings true. Shapira advises giving yourself a few weeks of rehearsal to make your speech feel authentic and fluid. Her recommendations? “Read your speech out loud and make sure it stays within the time you have allotted. Read it to someone else and get their feedback. Record it and watch it back. We use a tool called AMPLIFY to get AI-based feedback.” She adds, “Don’t memorise the speech, but do read it out loud and make sure it sounds like your voice.” While it’s now common to see toasts being read off a phone, both experts agree that it’s much better to print out your speech. “Reading off of a phone comes with the risk of distractions from notifications, a weird backlight that can affect the colour of your face in photos, finicky technical difficulties, and having that annoying sound interference with the mic,” says Greitzer. (You also should make sure your speech is legible with a large font and wide spacing so you can easily find your place.) Watching yourself in front of a mirror can also be helpful to understand your body language during the performance. The final hurdle of giving a wedding toast is getting over your nerves. “Find a quiet place right beforehand to centre yourself (perhaps the bathroom or a corner of the room), pause and breathe, and remind yourself why you care about the couple,” recommends Shapira. She also adds—perhaps unsurprisingly—that it’s best to hold back on alcohol consumption ahead of the toast. You might think liquid courage can help you, but it’s best to not let yourself go a glass too far. “No one expects a perfect or professional speech; they want a unique, authentic message. The speech isn’t about you—it’s about the couple. Once you reframe the fact that the centre of attention isn’t on you, you can relax.” ","https://assets.vogue.in/photos/67a1dffa099c57876c133909/16:9/w_1280,c_limit/wedding%20speech.jpeg"
"Feb 07, 2026 @ 23:27:48.176",b80e82bb96a3a0910175d215a356a5d0,https://www.vogue.in/sponsored/promotion/where-traditions-bloom-house-of-masaba-largest-flagship-in-mehrauli-redefines-wedding-elegance,"Where traditions bloom, House of Masaba largest flagship in Mehrauli redefines wedding elegance","House of Masaba, under the visionary leadership of Masaba Gupta is set to unveil itslargest grand atelier in New Delhi, redefining wedding fashion with an elegant fusion oftraditional and modern design.",Anushka Shah,2025-02-03T07:06:25.573Z,"The journey to your big day is no longer just about checklists and deadlines; it is a Nestled in the heart of Delhi’s wedding destination, this space is more than just a retail The store’s design breathes the same meticulous attention to detail that defines Masaba’s The interiors unfold like a sanctuary, revealing sand-mocha hues that evoke the tranquillity “I wanted this space to feel meditative,” Gupta reflects. “The garments and the language we From the thoughtful integration of The store design prioritises tranquillity amidst the often-hectic wedding preparations, Address: House of Masaba, Indian Cottage Industry, Kalka Das Marg, Near Sai Baba ","https://assets.vogue.in/photos/6798990488f8bcbee367f4d0/16:9/w_1280,c_limit/SMPL_HoMBridal24_1024%20(1).jpg"
"Feb 07, 2026 @ 23:27:49.355",095247e14ddc30e2b4c77c88970c34c8,https://www.vogue.in/content/what-if-my-idea-of-a-big-day-isnt-a-wedding,What if my idea of a ‘big day’ isn’t a wedding?,Why do we assign some personal milestones more value than others? A perennial bridesmaid demands that we reassess the definition of a ‘big day’,Divya Balakrishnan,2025-01-31T13:20:01.247Z,"One Sunday morning a few months ago, I was awoken by the persistent ding of WhatsApp notifications. Bleary-eyed but curious to nail the culprit who had dragged me back to the world of the living at 7am on my day off, I glanced at the screen, then almost launched my phone into the wall. I’d been added to yet another I’ve spent the better part of my twenties as a bridesmaid, a willing sacrificial lamb at the altar of my friends’ big days. Months in advance, I was conscripted into the chaotic trenches of choosing every outfit in their wedding trousseau, accompanying them to every dress fitting, curating complementary jewellery—basically becoming their First came the engagement parties and gifts. Then bridesmaid’s duties. Followed by bachelorette trips. Wedding outfits. More gifts. Then, like clockwork, we moved on to By the end of my twenties, when this cycle had been repeated around 15 times, a I recently bagged the Not getting my own parade reminded me of the Until a few decades ago, a wedding was considered the biggest milestone in a woman’s life, a crucial step into adulthood that marked a new beginning. It meant she was officially ready to learn the ways of the family she was marrying into and listen for the imminent call of I’ve always been frank with my friends about how much material gifts matter to me. Those saccharine cards (“Your presence is the only present desired”) are a lie. For me, it has always been the opposite. I gauge affection based on how much thought has been put in to a gift. It might seem impolite and materialistic, but to me, it’s a tangible reflection of how well my friends know me and how much they care. I love my possessions dearly, never for their price but for the journey they took to get to me. There is now a running joke in my friend group that I’ll be sending out a gift registry for my 30th birthday. In all honesty, it’s wonderful when someone you ","https://assets.vogue.in/photos/67a3631a3292aac9562fe738/16:9/w_1280,c_limit/Jab%20Tak%20Hai%20Jaan.jpg"
"Feb 07, 2026 @ 23:27:50.736",15f77ac0a028eebf9e1b7806cfee67ab,https://www.vogue.in/gallery/this-bride-wore-three-manish-malhotra-looks-for-her-mexican-fiesta-inspired-wedding,This bride wore three Manish Malhotra looks for her Mexican fiesta-inspired wedding,"Navya Maddali and Mohit Reddy had a maximalist wedding bash at the NOBU Hotel in Los Cabos, Mexico with camels at the baraat, salsa dancers and several surprises for their guests",Arzoo Dina,2025-01-27T07:29:36.990Z,,"https://assets.vogue.in/photos/679733be950542a95b046a24/16:9/w_1280,c_limit/Navya_ceremony_2079.jpg"
"Feb 07, 2026 @ 23:27:52.073",9ca0b44ad34f5c8df5cfea91a04d3987,https://www.vogue.in/gallery/this-bride-opted-for-a-classic-kanjeevaram-sari-for-her-coastal-wedding-in-sri-lanka,This bride opted for a classic Kanjeevaram sari for her coastal wedding in Sri Lanka,Sonia Parulekar shares why she chose to step away from celebrity-inspired trends for her bridal look,Hasina Jeelani,2025-01-19T05:30:00.000Z,,"https://assets.vogue.in/photos/678a5baab361a6d88a5c3dbe/16:9/w_1280,c_limit/Ceremon2NoWatermark.jpg"
"Feb 07, 2026 @ 23:27:53.333",b2303872631180c6535ee3012dc2e7a8,https://www.vogue.in/content/2025-will-be-the-year-of-quiet-relationships-and-engagements-zendaya-and-tom-holland-are-proof,2025 will be the year of quiet relationships and engagements. Zendaya and Tom Holland are proof,"There is a difference between a secret relationship and a private one, and this crop of Gen Z gets it",Saachi Gupta,2025-01-16T14:47:34.381Z,"The year was 2015: on June 10th, The years from 2013 to 2018 were the golden age of the Instagram power couple: Selena Gomez and Justin Bieber would occasionally post cutesy selfies with over-the-top filters, as would Miley Cyrus with her then-beau Patrick Schwarzenegger. In contrast, celebrities today–especially Gen Zers–seem to be more restrained on their social media, saving their private moments for themselves. Most recently, rumours of Bollywood Gen Zers are no different: there are no gooey photos of PDA or love professions on Photo dumps are always casual and chill–a makeup-free selfie, a photo of a beach, a novel, a finished meal–giving audiences the impression of an insider look into their lives without really revealing anything. Gone are the days of carefully orchestrated hard launches: after the #TayVin break-up, even Taylor Swift (a millennial) never hard-launched a relationship on social media again, despite dating British actor There is a strong case to be made for celebrities keeping their romances off social media. Many of these relationships are not only confirmed and widely known but also constantly under scrutiny. In a 2022 interview, Alwyn stated why he and Swift chose not to speak on their relationship: “Our choice is to be private and not feed that side of things–the more you do that, hopefully, the more that intrusiveness or intrigue drops off.” If most celebrities’ lives are lived under the public eye–their likes, dislikes, embarrassing moments and outings all available to the public–isn’t it reasonable to keep just one part of their lives to themselves as much as they can? There is a difference, after all, between a secret relationship and a private one. There is one major exception to the Gen Z rule: Sabrina Carpenter, whose relationship with Barry Keoghan had the Considering this, Isn’t it a blessing that if they ever do break up, Kylie Jenner and Timothee Chalamet or whoever Suhana Khan is dating, won’t have to scour through their social media to take down old photos together–as Justin Bieber and Selena Gomez did a few years ago? That if ","https://assets.vogue.in/photos/67891b6681ac9085ca7a8e15/16:9/w_1280,c_limit/GettyImages-1237036694.jpg"
"Feb 07, 2026 @ 23:27:54.588",2e7a6549404df7d74c93bf2aa5506a76,https://www.vogue.in/gallery/this-celebrity-stylist-and-photographers-mumbai-wedding-prioritised-their-home-and-heart,This celebrity stylist and photographer's Mumbai wedding prioritised their home and heart,Meagan Concessio tied the knot with Sheldon Santos in a beautiful church wedding in Bandra,Kriti Saraswat-Satpathy,2025-01-12T11:43:18.680Z,,"https://assets.vogue.in/photos/6783a6989ad9081c7a70678f/16:9/w_1280,c_limit/SM-227.jpg"
"Feb 07, 2026 @ 23:27:55.835",7a4888d3102658d94961c84c743196ad,https://www.vogue.in/promotion/this-couples-wedding-was-a-celebration-of-indian-traditions-and-mediterranean-charm-in-turkey,This couple’s wedding was a celebration of Indian traditions and Mediterranean charm in Turkey,"From a dreamy proposal to a destination wedding featuring lavish decor, a delectable gastronomical spread, idyllic views of the Aegean Sea and cherished memories captured by Knotting Bells; Shreya Srivastava and Sameer Trivedi’s nuptials will be one to remember for their guests",Samanaz Bhot,2025-01-10T10:29:23.495Z,"For New York-based couple Shreya Srivastava and Sameer Trivedi, it was a chance encounter that led to their storybook romance. “From the beginning, our love story has been one of fate. We met at my best friend’s birthday bash for the first time and since that night, we have not stopped seeing each other.” Even though they had mutual friends and were from neighboring towns, the duo had never met before that fateful evening. What started as a serendipitous meeting turned into a fabled forever love story. Over the years, the couple had taken several trips together but their Hawaii vacation was the most special one. Even though they fell ill and missed the sunset cruise, Trivedi promised to give her the experience she deserved. Keeping his word, he arranged a private boat to take them on a tour of the New York Harbour along with a photographer who was disguised as a guest and champagne, wine and delectable bites. It was in front of the Statue of Liberty where Trivedi popped the question in the most dreamy way with a stunning backdrop of the purple sky. “True to our style to always keep the party going and celebrate life’s best moments, it was the perfect proposal!” reminisced the duo. He took things up a notch and invited their family and closest friends to Dear Irving, a rooftop cocktail bar where they celebrated the beginning of their eternal ever after. Srivastava and Trivedi’s nuptials were a canvas of joy, opulence, shared memories and unforgettable experiences. Set against the backdrop of Bodrum, Turkey, the celebration blended their Indian roots with a timeless Mediterranean allure. The turquoise water, rich culture and warm coastal charm of Turkey made this destination perfect for the duo to commemorate this new chapter in their life. The grand celebration was envisioned by the couple and executed seamlessly by wedding planner Urvashi Mishra who crafted every detail with sophistication. From the airport shuttle that featured Turkish delights to the welcoming the guests at Be Premium Bodrum Hotel with champagne and music, every element set the tone for an extraordinary weekend. Every look crafted for the couple exuded elegance and regalness. The bride’s looks were crafted by hair and make-up artists, Chaitali Sengupta and Dablu Kumar. For each ceremony, she picked opulent hues like gold and blush pink for her ensembles by designers like Seema Gujral, Surabhi Chopra, Qbik, and more. Each look was nothing short of elegance, grace and panache. The decor perfectly complemented the destination by converging the grandeur of big-fat Indian weddings with the nautical beauty of Turkey through an immersive experience. For the welcome party, the couple focused on highlighting the natural beauty of the venue, a gorgeous pier on the Aegean Sea, keeping the décor simple yet elegant. The symbolic release of white balloons added to the allure of the evening. For other events, such as the Sangeet and Reception, neutral tones like ivory, reds, and pink transformed the space through bold yet chic designs and florals. “The décor was a true highlight, with our mandap set right on the Aegean Sea. The scenic backdrop of the sheer blue sea perfectly complemented the pastel hues worn by all the guests and the unique mandap, featuring four Singapore tree-like structures. It was a unique and elegant touch, setting our celebration apart”, said Trivedi. From cherished moments to stunning cinematic frames and panoramic shots of the venue, their wedding photographer, Knotting Bells, encapsulated every nuance of their journey with precision. Every frame was thoughtfully captured through storytelling that highlighted the essence of their cultures and traditions, which turned fleeting moments into lasting memories. The couple brought a slice of Turkish culture to their nuptials with local delicacies and a lavish spread by FoodLink Catering,. Each dish perfectly showcased culinary excellence through the finest ingredients, meticulous detailing and a grand set-up. For Srivastava and Trivedi, the reception was a night to remember. The soirée began with a film created by Knotting Bells that unfolded the weekend through shots that beautifully capture three unique worlds—New York’s cosmopolitan flair, India’s rich traditions, and Turkey’s awe-inspiring backdrop—coming together for a once-in-a-lifetime celebration. “Watching the weekend’s highlights unfold in such a powerful and beautifully captured way gave everyone goosebumps and set the tone for the evening—I couldn’t ask for a better team who laughed with us, worked with us, and captured every detail and emotion so perfectly”, said the bride fondly about the wedding film that was created and edited on the same day. “Bodrum, with its turquoise waters and Mediterranean allure, set the stage for a celebration that was as grand as it was heartfelt. Every frame we captured told a story: the bride’s royal Seema Gujral lehenga swaying gently in the coastal breeze, the pre-wedding celebrations alive with laughter, and all the fun beneath the grandeur of Bodrum’s starry sky. As photographers, our aim was to go beyond the visuals and capture the heartbeat of their journey—the love, the heritage, and the moments that will forever hold meaning”, Knotting Bells spoke about their experience through this celebration. This was followed by an afterparty where guests were given light-up bracelets that synchronised to a pre-chosen song, adding an electrifying touch to the night. The weekend ended with guests saying, ""We feel like we attended a Karan Johar Bollywood wedding set,"" which was the ultimate compliment for the bride and perfectly encapsulated the magic she hoped to create. Every last detail was a meaningful nod to Indian traditions, seamlessly infused with modern luxury. The entire extravaganza was more than a wedding, it was a celebration of love, heritage, and connections, one that will be cherished forever. To make your special day one to remember, click ","https://assets.vogue.in/photos/677b760c509f6b82fdbdd848/16:9/w_1280,c_limit/HRW_2165_2%20copy.jpg"
"Feb 07, 2026 @ 23:27:57.007",04cbc21a6719a52da173f02b38f3ec33,https://www.vogue.in/content/this-celebrity-makeup-artist-created-her-own-bridal-look-heres-how-she-did-it,This celebrity makeup artist created her own bridal look—here’s how she did it,Riddhima Sharma envisioned a look that would not only enhance her features but also make her feel confident and radiant,Tarini Sood,2025-01-10T09:19:35.849Z,"For most brides-to-be, finding the perfect makeup artist is often as crucial as securing the dream venue or finding the perfect wedding ensemble. With a skilled hand that’s accustomed to creating magic with makeup, she decided to trust her own expertise for her big day. “I envisioned a look that felt like the most natural, elevated version of myself—fresh, timeless, and classic. I wanted something that I would still love even when I looked back years later,” says Sharma. Dressed in a fishtail Tarun Tahiliani Couture ensemble, the bride wanted her makeup to stay close to her natural beauty. “My goal was to feel pretty and The celebrity makeup artist opted for a soft and monochromatic palette with a rosy glow. Breaking her look down she says, “I focused on a flushed, healthy glow—so blush was my star product. For my eyes, I wanted them to look soft but still defined, with As someone who did her wedding day makeup herself, what were her vanity kit essentials and what would her advice to other brides be? “First, a good illuminator is non-negotiable. I loved using the Les Beiges Sheer Healthy Glow Highlighting Fluid from Chanel, which I mixed with a sheer foundation for that dewy, lit-from-within finish. Second, a long-lasting blush is essential because it enhances your complexion and lasts all day. Finally, ","https://assets.vogue.in/photos/6780d6c867dfbd07c5049691/16:9/w_1280,c_limit/PHOTO-2025-01-09-22-12-54%202.jpg"
"Feb 07, 2026 @ 23:27:58.202",acd5fb0a8f66dd2afab071ea0dee4eef,https://www.vogue.in/content/how-to-say-no-to-being-a-bridesmaid-its-easier-than-you-think,How to say no to being a bridesmaid? It’s easier than you think,Can’t stomach another bachelorette party? Nervous about public speaking? Wedding etiquette experts share how to (politely!) say no to being a bridesmaid,"Jenny Berg,Boutayna Chokrane,Shelby Wax",2025-01-08T11:07:08.799Z,"If you’ve ever wondered how to say no to being a “I think one of the hard and fast rules is when this question gets asked of you is to ask about what the role entails. You can even say to someone, ‘Oh my gosh, from a totally emotional point, yes, I’m there 100 per cent. But tell me what the actual logistics are and the expectations that you have, because it’s your day and you should really have a group of people that can meet that “Personally, I think it’s okay to decline being a part of someone’s wedding as long as you have a real-life, legitimate excuse,” says editor and former Moda Operandi communications director Hayley Bloomingdale, who’s been in such delicate situations herself. “If you genuinely can’t make it to the actual nuptials, then obviously, the Still, it’s tough to be in the position of turning down a hopeful bride. And, what if you’re approached to take on a role that needs to take on more responsibility like a maid of honour? Here, wedding experts offer tips on how to say no to being a bridesmaid (and still be a good friend). If imagining serving as a bridesmaid gives you When it comes to matrimonial commitments, financial transparency is key, says event and wedding planner Brianne Garritano, adding that weddings, and the cost of being a bridesmaid, are more complex nowadays. According to a study by If being a bridesmaid is outside of your current financial budget, you don’t have to go into debt just because you were asked. “It can be really, really hard,” shares Post. “You feel like you’re letting someone down, and yet at the same time, it’s their event, it’s not your event. They’re doing it on their budget and their scale and with their requirements to fit their dream—it’s okay if you can’t actually participate in that. Even though often people think it’s not polite to talk about money, this is an instance where letting someone know that the budget is prohibitive for you is an important one.” She adds being upfront about not being able to take time off work is another very valid reason for bowing out of festivities. If you’re worried about the financial and time commitment of pre-wedding events for the bridal party, Post reveals an etiquette rule that many might not know. “Bridesmaids are not required to go to any of those events—bachelorette party, showers, anything,” she shares. “What they are required to do is show up for the rehearsal, the ceremony and the reception. Typically, you would think they’d be required as long as their travel schedule allows them to attend something like a bridesmaid’s luncheon because it is being thrown for them. But nobody Speaking of taking the lead, serving as the maid of honour is a time-consuming role that’s not to be taken lightly. And if you’re in the unenviable position of having to decline the position, don’t waste any time telling the bride. “You should tell her right away, as soon as possible,” says event and wedding planner Mindy Weiss, adding that the conversation should take place in person when possible, and over the phone if not. The key is to have it as soon as you can. “The longer you wait, the more difficult it is on yourself and the bride. So as soon as you have an inkling that you may not be able to make the commitment, you should let her know. Don’t leave her in a bind; don’t put shock value on it. The sooner the better."" Also, watch the impulse to feel defensive—even if the invite puts you on the spot or makes you feel uncomfortable. “Don’t be angry,” Weiss says. “Just be gentle, be honest, and talk about it. There could be financial reasons you can’t participate, or it could be that you don’t have enough time to do it and you don’t want to disappoint. Explain that gently, and the bride will understand.” Feel like you aren’t the kind of organisational leader to take on the tasks required of a maid of honour? You’re allowed to bow out or ask to just be a regular bridal party member. Post shares, “It is okay to just say, even without budget or time being a reason, ‘I am so honoured by the offer, but this is not a role that I feel good playing and it’s nothing to do with our relationship. I love you. I support you. I am so excited to go to your wedding and I’m really happy for you. But please don’t ask me to be that.’” She adds, “A lot of us know when we have a friend who this will be torture for. You know what I mean? Give her the break. Ask your cousin instead.” ","https://assets.vogue.in/photos/677e59558cfa0faf270b5bf3/16:9/w_1280,c_limit/Veere%20di%20Wedding.jpg"
"Feb 07, 2026 @ 23:27:59.456",9de205716f1e906edfc12b11a1852f14,https://www.vogue.in/content/before-the-wedding-i-asked-myself-am-i-marrying-for-love-or-for-social-media-didnt-do-it-for-the-gram,"Before the wedding, I asked myself—am I marrying for love or for social media?","We have been fed the idea of a big, fat Indian wedding our whole lives. But social media is more insidious",Shradha Shahani ,2025-01-06T09:10:35.996Z,"It was love at On the day, my husband walked into the mandap over an hour late. His kind (read: inconsiderate) I am not an influencer, and I didn’t expect the day to become my claim to fame. I also hadn’t grown up with a starry-eyed picture of a At every stage of the planning process, Instagram’s algorithm clung to me like a leech I couldn’t shake off. While picking a photographer, my feed led me to thousands of options that muddled my mind. When I was zeroing in on my outfit, other brides’ photos would remind me there was a better lehenga out there. When I picked my jewellery, my explore page made me believe that anything less than a three-layered necklace would relegate me to bridesmaid status. We have been fed the idea of a big, fat Indian wedding our whole lives. But Brides, including me, often forget that social media influencers sell us a product, not reality. On a reality show, I’ve attended weddings where I could have sworn the bride stared deeper into the camera lens than the groom’s eyes. Photographers agree that among the requests that they routinely receive, a recurring one is “make our wedding go viral”. “But recently, we’ve also been asked to turn in the photographs within 24-48 hours. Some couples want their photographs to be shot in an editorial style so that magazines pick them up. We have to remind them that we are there to photograph the wedding, not to make them an internet sensation,” says Shrey Bhagat, founder and creative director of Raabta. In the six months leading up to the day, I was so anxious that it could have been my second name. I was worried about everything, everywhere, all at once. I worried that I’d get an anxiety attack or trip over my own lehenga while walking down the aisle. I worried I’d forget my steps while dancing and the moment would be caught on camera. At some point, the purpose of this wedding had slipped. I had forgotten that this was the beginning of something special with my partner. “Marriage is beautiful, but it’s also something that’s a huge life change, and a part of the celebration is to help someone with that transition,” Vasunia reminds us. Looking for help in coping with my emotions, I sought There’s a lot of pressure on how your wedding is meant to be the ","https://assets.vogue.in/photos/677b80c8509f6b82fdbdd857/16:9/w_1280,c_limit/Holding.jpg"
"Feb 07, 2026 @ 23:28:00.794",a64853c09577df09c51ef89ec1d53ec6,https://www.vogue.in/gallery/this-couple-walked-down-the-aisle-twice-for-their-muslim-and-sikh-wedding-ceremonies-in-italy,This couple walked down the aisle twice for their Muslim and Sikh wedding ceremonies in Italy,Malia Taqbeem and Abhay Dhaliwal’s Italian wedding was the perfect missing piece to complete their serendipitous love story,Arzoo Dina,2025-01-05T05:30:00.000Z,,"https://assets.vogue.in/photos/6777f074299515d0f0315e9f/16:9/w_1280,c_limit/030-ER3A5426_websize.jpg"
"Feb 07, 2026 @ 23:28:01.992",0fe7b504bc994c21e5a526ba04821e77,https://www.vogue.in/content/not-invited-to-a-wedding-theres-a-proper-way-to-handle-that-with-the-bride-or-groom,Not invited to a wedding? There’s a proper way to handle that with the bride or groom,"If your friends ask why they’re not invited to your wedding, the etiquette is tricky. Discover 7 ways to deal with this potentially awkward situation, whether you’re the bride or a guest","Brooke Bobb,Gia Yetikyel  ,Shelby Wax",2025-01-04T05:30:00.000Z,"There’s a 99% chance that some people are not invited to a wedding despite being friends with the bride or groom—after all, crafting the guest list is one of the hardest parts of wedding planning for a reason. If you’re the couple in question, it’s likely you and your partner have had to make some tough calls to shorten the Etiquette demands that you be honest, straightforward and mindful of those uninvited friends’ feelings, according to Lizzie Post (great-great-granddaughter of etiquette extraordinaire Emily Post) and Marcy Blum, world-famous wedding planner of over 35 years. Ahead, the two share some of their It’s important for uninvited guests to remember that a lack of invitation is usually not about you. “We are all adults and we should know that we can’t all be invited to every single wedding of our friends or family members,” says Post. “I think when it comes to weddings, you absolutely have to consider the fact that the bride and groom are dealing with If you don’t think you’re invited to a wedding, making the decision to ask the couple about it is a risk. “Like most things in life, you have to try to be as graceful as possible and decide, is this a If asked this question as to-be-wed, it’s important to be open and honest in your conversation. “As you get older and smarter, you realise nothing makes it worse than not facing it. Take the friend out to lunch and say, ‘Listen, I know this really sucks. I’m sorry. I don’t want a If you can’t invite someone due to budget or space, it’s perfectly acceptable to give that reason.“If it is, which often it “If the uninvited friend or family member sends She adds, “If you assess the situation and realise that person is particularly sensitive or it seems confusing, all you have to say is something like, ‘I really love you and wanted you to be there, but, unfortunately, we had to make some really Another issue that might arise is if you invite a friend but don’t give them a plus one. Blum shares, “What we see happening all the time is people saying, ‘Oh, I’ve been going out with this guy for a month and you didn’t give me a Having an issue with venue capacity at your wedding doesn’t mean you can’t celebrate with the friends who couldn’t make the guest list. “If you had something like 30 people that you weren’t able to invite to your wedding and you feel like you really want to celebrate with them and you feel bad, throw a second reception,” suggests Post. “That can mean a “[As a guest], I think it’s better to reach out and go ‘Look, I know you’re getting married. I’m so happy for you. I understand I’m not invited and I assume there are all sorts of reasons and it’s fine. And I just want you to know, I don’t want it to be weird,’” says Blum. “There’s very little to be lost by taking the high road.” “A lot of brides, in particular, have been dealing with so much stress leading up to the wedding that when something like this comes up and they may have inadvertently hurt someone’s feelings, they are so distracted that they might not be as gracious and gentle. I think a lot of brides fall victim to the fact that we’ve created a ","https://assets.vogue.in/photos/6777d73b3d539bab157813d2/16:9/w_1280,c_limit/Anisha&Arjun-Vogue-77.jpeg"
"Feb 07, 2026 @ 23:28:03.296",bfdc642dad5bd0b9f5a20415fb22dad0,https://www.vogue.in/gallery/this-delhi-based-designer-bride-created-each-look-for-her-wedding,This Delhi-based designer bride created each look for her wedding,Her bridal wardrobe featured whimsical lehengas and saris that her label is best-known for,Praachi Raniwala,2024-12-29T05:30:00.000Z,,"https://assets.vogue.in/photos/676e61332375517ec0ac9126/16:9/w_1280,c_limit/IMG_5664.JPG"
"Feb 07, 2026 @ 23:28:04.548",47c5c9c92ba54be254ca7d960aab0535,https://www.vogue.in/content/how-many-bridesmaids-should-you-have-a-guide-to-creating-your-perfect-wedding-crew,How many bridesmaids should you have? A guide to creating your perfect wedding crew,"You don’t want to exclude certain friends or family members from your party, nor do you want to have an absurdly long line of bridesmaids à la ‘27 Dresses’",Shelby Wax,2024-12-29T04:30:00.000Z,"Once you get engaged and start envisioning how your wedding celebration will look, one of the first questions that may spring to mind is: How many bridesmaids should you have? Having close confidantes in your bridal party can be an extremely special part of your Ahead, we break down some tips to determine what the sweet spot is when determining how many people are right for your wedding party. First of all, there is no Even if you’re aware you can do your own thing, you might be curious how many bridesmaids typically make up a bridal party. According to a 2023 study by While there really is no limit to the number of bridesmaids you can have in your wedding party, you might want to think about the logistics of having a larger group. If you plan to cover the costs of hair and makeup of your When choosing the number of bridesmaids in your own party, you will also want to think about the number of people in your fiancé’s wedding party. While they don’t have to match exactly, it might feel a bit off if you have 10 bridesmaids and they only have two. As you and your When choosing who will be a bridesmaid, man or mate at your celebration, think about the most important people in your life that you want to join in for the ride. Asking someone to be in your bridal party is considered a major honour, so you want to take this decision seriously. Consider if you want them present for your Since being in a bridal party is a commitment of both time and money, you will want to think about who would be willing to spend those resources for you. Siblings and other close When you finalise your list, come up with a good way to ask your friends and family to join the bridal party. Giving a small gift and a Don’t want to have any bridesmaids at your wedding? No problem. It’s absolutely acceptable for you and your spouse to eschew having a wedding party at your wedding. In fact, going down the ","https://assets.vogue.in/photos/676e580e5f3d4ea172fc462a/16:9/w_1280,c_limit/Alanna%20Panday.jpg"
"Feb 07, 2026 @ 23:28:05.922",6490b912a7f17d381dc30bec2b9faab9,https://www.vogue.in/gallery/exclusive-inside-olympic-medalist-pv-sindhu-and-venkata-datta-sais-wedding-on-a-private-island-in-udaipur,Exclusive: Inside PV Sindhu and Venkata Datta Sai’s wedding on a private island in Udaipur,"The Olympic badminton player married the IT entrepreneur in a series of multi-day traditional celebrations in ensembles by Manish Malhotra, Sabyasachi and more",Shelby Wax,2024-12-24T13:39:55.638Z,,"https://assets.vogue.in/photos/676ab605d1029746c029c167/16:9/w_1280,c_limit/pv-venkata_060.jpg"
"Feb 07, 2026 @ 23:28:07.027",295576ff5079ca8557d95719f9a39bbb,https://www.vogue.in/weddings/promotion/a-celebration-of-diamonds-for-the-bride-redefining-traditions,A celebration of diamonds for the bride redefining traditions,Tanishq’s Rivaah and Tarun Tahiliani present a bridal collection where diamonds shine for the modern bride,Ritika Saundh,2024-12-23T11:14:52.710Z,"There’s a reason diamonds have been treasured across centuries—their brilliance goes beyond the visual. Forged deep within the Earth over billions of years, each natural diamond is a marvel of time, pressure, and precision. They’ve adorned everything from ancient talismans to royal crowns, embodying power, mystique, and legacy. In modern times, their allure has evolved, resonating with a generation that values both individuality and tradition. Recently, Tanishq and De Beers joined hands to celebrate this timeless appeal with an extraordinary event: Pride of Tanishq. This immersive experience paid tribute to natural diamonds, their unparalleled beauty, and their enduring legacy. The event unfolded as an intimate journey through the story of diamonds. Guests were greeted by a captivating zone that took them from the very core of the Earth to the refined brilliance of a polished gem. Imagine a 360-degree Van Gogh-inspired experience where the formation of diamonds came to life, making visitors feel as though they’d stepped into the heart of the Earth itself—where diamonds are formed over billions of years. They’re brought to the surface by rare volcanic eruptions through kimberlite conduits. This geological serendipity transforms carbon into one of nature’s rarest treasures. But the magic doesn’t stop there. From mine to masterpiece, each rough diamond is meticulously sorted, then cut and polished to reveal its breathtaking brilliance. Master craftsmen breathe life into these raw stones, creating pieces that reflect beauty, strength, and timelessness. Like fingerprints, no two diamonds are the same, making each one as unique as the individual who wears it. The journey continued with a second zone dedicated to the cornerstone of diamond evaluation—the 4Cs. Buying natural diamonds can feel overwhelming with all the technical jargon, but decoding gemstone certificates is simpler than it seems once you know what to look for. These certifications detail the grading of a diamond based on specific attributes. By understanding these key qualities, you’ll not only appreciate the stone’s unique beauty but also its value as defined on paper. Through immersive displays, the second zone was dedicated to demystifying what makes a diamond truly exceptional. At Tanishq, all the diamonds are selected and sorted with utmost care and stringent processes giving a Tanishq diamond the best sparkle. Together, these characteristics offer a roadmap to finding a diamond that’s a perfect companion for you. The final zone showcased the extraordinary artistry of Tanishq. Collections like Ethereal Wonders showcased rare diamonds and varied designs, Celeste Solitaires boasted fine solitaires, and Enchanted Trails highlighted how natural diamonds are transformed into wearable art. Speaking of Tanishq's artistry, this season, Rivaah collaborates once again with celebrated designer Tarun Tahiliani to unveil the second edition of Rivaah x Tarun Tahiliani, a collection that celebrates the evolving narrative of the contemporary Indian bride. Building on the success of their inaugural collaboration, this latest line-up is inspired by the poetic intricacies of the This collection is crafted to resonate with the modern Indian bride who seamlessly weaves heritage with modernity. This collection of over 80 designs—spanning chokers, When it comes to choosing the perfect diamond, price isn’t the only thing to be considered—quality and authenticity are non-negotiable, and brands like Tanishq adhere to the highest standards. Diamonds are enduring symbols of history, each carrying a story of beginnings and moments frozen in time. It’s this narrative, etched into their very core, that makes them forever. ","https://assets.vogue.in/photos/6766afbee9433fe346aa2ef5/16:9/w_1280,c_limit/DSC01040.jpg"
"Feb 07, 2026 @ 23:28:08.324",816ce802b1714ae411184e2983394d5b,https://www.vogue.in/gallery/the-kerala-wedding-of-designer-gaurav-khanijo-balanced-old-school-romance-and-tradition,The Kerala wedding of designer Gaurav Khanijo balanced old-school romance and tradition,The love story of Gaurav Rai Khanijo and the model Reeyaa Nair transitioned from dating on texts and navigating the pandemic to falling in love on a super moon night,Arman Khan,2024-12-22T09:20:09.816Z,,"https://assets.vogue.in/photos/6766b13222cc0df3126a8359/16:9/w_1280,c_limit/FFP-26%20.jpg"
"Feb 07, 2026 @ 23:28:09.548",29193821be111f8c0166de87cc80c5cf,https://www.vogue.in/promotion/before-the-aisle-how-hiltons-expertise-is-shaping-the-dream-wedding,Before the aisle: How Hilton’s expertise is shaping The Dream Wedding,Meet the experts behind Hilton's specially curated weddings,Vogue India,2024-12-20T06:52:48.567Z,"Planning a wedding is as much about the journey as it is about the big day, and for Rashna Karai and Behram Toddywalla, winners of The Dream Wedding by Hilton and Recently, the couple headed to Conrad Pune, where the Hilton Team created a thoughtful and curated experience for their pre-wedding shoot. They were welcomed with a gift hamper and also met the executive chef for a bespoke culinary journey inspired by their shared love for food and travel. Here, the couple embraced the property’s pristine spaces, bringing its vibrant shades to life. Whether playfully running past the iconic fountain, enjoying a beautiful sunrise by the pool, or capturing elegant shots on the grand spiral staircase, every setting highlighted the couple’s chemistry. The romantic rooftop ambience at Al Di La provided the perfect backdrop for a For Hilton, hosting Rashna and Behram has been a joy. “At Hilton, we are passionate about transforming wedding dreams into cherished memories. Introducing Rashna and Behram to two of our stunning properties has been an incredible experience, and we can’t wait to make their big day at Hilton Goa as breathtaking and unforgettable as they’ve envisioned,” shares Manish Tolani, Vice President & Commercial Director, South Asia, Hilton. The couple also embarked on a relaxing getaway to Hilton Kathmandu, where the Hilton team helped them blend tranquillity with local charm. The couple’s love for authentic yet premium experiences was reflected in every detail, from a cosy spa shoot to a thoughtfully curated culinary exploration. Their itineraries were filled with cultural sights, while small gestures like offering Rashna a warm shawl during a chilly spa shoot, showcased their attention to detail. “It’s these thoughtful touches that make the experience feel so personal,” shared Behram. As the countdown to the big day at the picturesque Hilton Goa begins, there is much to be dreamed of and brought to life against the idyllic setting for Rashna and Behram’s modern Parsi wedding. Fun fact: the couple had envisioned a Goa wedding long before winning The Dream Wedding, making the venue a perfect match. Rashna’s love for bright, bold colours will set the tone for the celebration—with help from our editorial experts of course. “Every wedding is a unique tapestry of love, tradition, and modern flair,” says Manish Tolani. “With Goa’s idyllic setting and Rashna and Behram’s vibrant vision, we’re excited to create an experience that blends lush landscapes with contemporary elegance. We look forward to a celebration that not only honours their love story but creates lasting memories for everyone in attendance.” From playful moments by the pool in Nepal to the promise of a colourful, modern ceremony in Goa, Rashna and Behram’s journey highlights Hilton’s commitment to creating weddings that set the standard for elegance. As Rashna puts it, “It’s not just about the big day; it’s about the little moments along the way. Hilton has helped us treasure every single one of them.” Credits: On the bride: White Dress On the groom: Suit Photography: ","https://assets.vogue.in/photos/675c0b066c705c693efc52ec/16:9/w_1280,c_limit/Image%202%20(2).jpg"
"Feb 07, 2026 @ 23:28:10.728",2a18482185412e71290e64c1c7635651,https://www.vogue.in/content/wedding-invitation-etiquette-both-couples-and-guests-should-follow,Wedding invitation etiquette both couples and guests should follow,An etiquette expert and wedding planner break down everything you need to know about wedding invitation rules,Shelby Wax,2024-12-18T10:29:05.820Z,"If you have a wedding on the horizon, a wedding invitation becomes the perfect vehicle to ensure that all your guests know all the ins and outs of your plans leading up to the big day. But since there are often From when to send your invitations to indicating whether guests can bring their kids, it’s best to have everything in place ahead of time so you can actually enjoy the process and have all your logistics set in stone. Ahead, an etiquette expert and wedding planner break down everything you need to know about wedding invitation rules. Get your guests excited for the wedding and have them mark their calendars with your save-the-dates. This invite usually has minimal details including the date and location of your event. “Save-the-dates are typically sent six to eight months before the wedding,” advises Myka Meier, best-selling author and founder of Beaumont Etiquette. “For The proper wedding invitations are usually a more thorough and formal correspondence that can include inserts, details of pre-wedding events and requests for RSVPs. “Wedding invitations should be sent out six to eight weeks before the big day,” advises Meier. “This allows your guests ample time to plan while ensuring the details are still fresh in their minds. For destination weddings, send invitations a bit earlier—ideally three months in advance.” To make logistics easier on your side, Gurl believes pushing this date out is best. “I like to advise my clients to send their invitations out 12 weeks before their wedding date with an RSVP by date six weeks before their wedding date,” she says. Guests should respond with their RSVPs promptly and within deadlines so couples don’t have to send out tedious follow-up emails and texts. We now live in a digital era, so many wonder if they should keep all their wedding correspondences online. “The choice between Of course, there’s still something special about a paper invitation. “We love physical paper...it is the first introduction into the look and feel of your day,” says Gurl. A great solution is a hybrid—sending an invite over paper and allowing more details to be given on the website. “We have been finding that more couples are choosing to RSVP online, which is a fast and easy way to track down guest count.” She adds, “Don’t worry—the older crowd is savvier than you think and can totally figure it out. If you are requesting mailed RSVPs, always include return postage. “It’s a thoughtful touch, makes it easier for guests to respond promptly and spares them the effort of finding or paying for a stamp,” says Meier. For a formal wedding, the response card can be written: “Kindly reply by [RSVP Date]. M________ will attend / will not attend.” For a more casual event: “RSVP by [Date]. [ ] Gladly accepts [ ] Regretfully unable to attend.” Much to many people’s surprise, there’s no set way you need to address your invites. You can either go formal and address couples as “Mr. and Mrs. John Smith,” or choose to write their full names. “This is totally up to the preferences of the couple and the vibe of the Planning out your ensembles for a wedding day can often require as much planning as booking a flight or finding accommodation. That’s why it’s important to include the dress code on your invitations. “The dress code should be placed at the bottom of the invitation—for example ‘ Once again, the wedding website is king when it comes to giving out more information. “Avoid including the registry directly on the invitation, as it can feel as if you are asking for a gift in order to attend and is therefore considered incorrect etiquette to do so,” shares Meier. “Instead, keep things polished by directing guests to your website.” Unless an invitation clearly states an invitee has a plus one or can bring “To indicate children aren’t invited, avoid writing ‘adults only’ on the invitation,” she notes. When a couple only has a certain capacity at their wedding If you do decide to have a second round of invites, Meier advises to proceed with caution. “If you’re waiting on first-round RSVPs before inviting others, ensure there’s enough time to send invitations and receive responses without making guests feel like an afterthought,” she says. “Digital invitations work well for the second group to streamline the process.” ","https://assets.vogue.in/photos/676270129d1dfc2a20eec0d6/16:9/w_1280,c_limit/VWS_%20586.jpeg"
"Feb 07, 2026 @ 23:28:11.966",bfeab8f70e3565f8c3ebf4ac76584497,https://www.vogue.in/promotion/take-a-look-at-the-dream-wedding-journey-so-far,Take a look at The Dream Wedding journey so far,"Follow the adventures of Rashna Karai and Behram Toddywalla, winners of The Dream Wedding, as they set sail on this experience of a lifetime",Yoshita Rao,2024-12-18T07:09:52.145Z,"“From the moment we received that first call saying we were in the top five, to this very second, every moment has felt like pure magic,” begins bride-to-be Rashna Karai. Behram Toddywalla, the groom-to-be agrees that it all “still feels like a dream”. The lucky couple who won The Dream Wedding are finally counting down the days until their fairytale comes true. So, let’s take a moment to relive their incredible journey so far. Looking back at the meticulous shortlisting process, Getting to know this dynamic duo began with a series of interviews. Interestingly, their love story was born from pure serendipity. Fate, it seems, had a hand in their romance from the very beginning. They met on the set of a play, ironically cast as a married couple. And the magic continued—they went on to star in several productions together, always playing spouses, as if foreshadowing their own wedding ceremony. Three months have flown by since Rashna and Behram embarked on this journey, and here are the milestone events of The Dream Wedding till date. Going behind the scenes at the couple’s pre-wedding shoot, Conrad Pune with its scenic rooftop bar and iconic spiral staircase proved to be the perfect backdrop. The hotel’s architecture helped capture the couple's personality at their pre-wedding shoot. Inside the hotel, Behram and Rashna felt like they were entering a world of elegance and charm. “I distinctly remember being at Conrad Pune and constantly asking Behram, From the warm reception at the entrance, the customised bride and groom hampers to a specially curated chef-tasting menu by Conrad Pune’s executive chef—every moment was crafted with thoughtfulness. With the big day right around the corner, the couple admits that they didn’t realise the minor details that go into planning a wedding. Luckily for them, the Hilton Wedding Ambassador was there to attend to every request from walking them through the next steps to listening to their ideas. “All the people that we’ve interacted with at Hilton were warm, made us feel special and were always ready to go the extra mile,” Behram says. “It’s not just big gestures—it’s the little things, like checking in to make sure we were comfortable or making time to chat with us during the shoot—that’s what made us feel special.” The next step on The Dream Wedding couple’s journey is a relaxing pre-wedding getaway to Hilton Kathmandu in Nepal. Stay tuned for all the updates from the getaway Photography: ","https://assets.vogue.in/photos/675af9e309c0e41af9b274a0/16:9/w_1280,c_limit/Image%206%20(carousel%201)%20.jpeg"
"Feb 07, 2026 @ 23:28:13.087",35ecf24f5e9d0d09816f0cb6d64042dd,https://www.vogue.in/promotion/heres-how-you-can-have-your-wedding-your-way-with-ihg-hotels-and-resorts,Here’s how you can have your wedding your way with IHG Hotels & Resorts,From bespoke offerings to customised menus and a plethora of venue options–here’s what’s on offer,Yoshita Rao,2024-12-10T05:08:29.798Z,"A carnival celebration, a bohemian affair, a ‘flower bar’ for guests to take home a souvenir or a wishing tree full of good wishes—couples today are seeking unique experiences that reflect their individual styles. That’s where the experts come in, leaving room for personalisation while curating the perfect day for you to enjoy. Bringing these dreams to life, IHG Hotels & Resorts ‘Your Day Your Way’ philosophy fits in seamlessly with tailored wedding requests. From intimate gatherings to grand celebrations, IHG Hotels & Resorts—and its host of 19 brands including InterContinental Hotels & Resorts, Crowne Plaza, Holiday Inn and voco hotels—offer diverse venues to suit every couple’s dream wedding vision. Whether you envision a milestone or a more intimate celebration, IHG Hotels & Resorts has a diverse portfolio of options to choose from. Tasked with capturing a couple’s love story within the elegant spaces of an IHG Hotel, Verma embraced this opportunity to infuse artistry into the couple’s celebrations and selected the Crowne Plaza Gurgaon as his backdrop. There, he explored the hotel’s picturesque outdoor spaces and sophisticated interiors, capturing authentic moments from the couple’s journey. From the initial spark to the grand celebration, each photograph exuded the couple’s chemistry, highlighting how the hotel’s elegant spaces became the perfect setting for timeless celebrations and cherished memories. Imagine exchanging vows in a grand ballroom adorned with crystal chandeliers, followed by a reception in a rooftop garden with breathtaking city views. Whether you’re dreaming of a traditional Indian wedding or a contemporary celebration, IHG Hotels & Resorts is committed to making your special day truly unforgettable. With their team of experts, multiple venue options, and diverse culinary offerings, they ensure that every detail, from the decor to the menu, is tailored to your preferences. If you’re looking for a Parisian-themed birthday party or a sparkling anniversary celebration with whimsical touches, check out the InterContinental Hotel’s ‘Incredible Occasions’ programme that does it all. For those seeking a more personalised touch, Crowne Plaza provides a blend of comfort and style. Their versatile event spaces, coupled with their culinary expertise, make them ideal for creating unforgettable memories. You can also indulge in a global culinary experience at Crowne Plaza with offerings ranging from classic Indian dishes like butter chicken and biryani to crowd favourites like pasta and pizza, the menu offers something for everyone. For couples seeking a balance of elegance and sophistication, Crowne Plaza emerges as a sanctuary for celebrations that linger in memory. This chic haven boasts a suite of amenities, from luxurious accommodations to an attentive planning team that ensures seamless execution of every detail, from exquisite decor to curated culinary experiences. For weddings that evoke a warm and welcoming atmosphere, Holiday Inn is your best bet. This brand offers a touch of home, ideal for family-oriented celebrations and relaxed ceremonies. With flexible banquet halls and ballrooms, IHG Hotels & Resorts ‘Your Day Your Way’ philosophy ensues with every fold of the celebration. Another option for a romantic retreat amidst the natural beauty of Corbett National Park is the voco Jim Corbett, which offers a 13.5-acre sanctuary. By offering customised catering, spacious venues and expert planning services, IHG Hotels & Resorts ensures that every detail of your wedding is tailored to your preferences. Your perfect wedding is just a booking away. ","https://assets.vogue.in/photos/6752bf5d61db4ed6564e88ad/16:9/w_1280,c_limit/DSC09183n.jpg"
"Feb 07, 2026 @ 23:28:14.479",93590aff30d458f36e4df07294553916,https://www.vogue.in/gallery/how-three-unique-proposals-preceded-the-new-delhi-wedding-of-designer-shweta-kapur,How three unique proposals preceded the quintessential Delhi wedding of designer Shweta Kapur,"They go on runs, unleash their gluttony with butter chicken and spend nights laughing over bottles of wine—so the wedding of Shweta Kapur and Raghav Gupta had to be all of this and more",Arman Khan,2024-12-08T14:26:30.799Z,,"https://assets.vogue.in/photos/6755ab72adcbd8e5c1dcea55/16:9/w_1280,c_limit/DSC04818.jpg"
"Feb 07, 2026 @ 23:28:15.633",b1540ee14910314cfe1991e2a88ab9ba,https://www.vogue.in/promotion/how-african-roots-met-indian-traditions-at-this-couples-eclectic-wedding,How African roots met Indian traditions at this couple’s eclectic wedding,"Set against the Atlas mountains of Marrakesh, this union couldn’t have had a more ideal backdrop",Vogue India,2024-12-06T11:15:07.426Z,"Growing up, Anjali and Umesh each spent countless dinners in the warmth of their family homes, creating many cherished memories filled with laughter, bonding, and the profound joy of sharing food—a cornerstone of Indian culture. In 2024, as hundreds of guests sat toasting their union at one grand dinner table, it seemed like the most natural culmination of their journey. When Umesh had proposed to Anjali on a mountain trek in Madeira last year, it’d marked the beginning of a partnership; where, hand in hand, the couple committed their willingness to conquer both literal and figurative mountains together. The two have much in common, being anaesthetists by profession and both from similar backgrounds with Indian heritage and ancestral ties to Africa. The Oberoi Marrakech offered the perfect canvas for the couple’s wedding, embodying timeless elegance and significance, with its African location. The pink-hued property, too, resonated deeply with the couple. Its resemblance to India’s Pink City was a nod to their Indian heritage, while its warm hospitality embodied the spirit of The wedding unfolded over three days of Moroccan flair punctuated by Indian ceremonies. The events were captured on video by Patrick Arnoux, while no stranger to Vogue – Gagan captured the nuances of every smile, sentiment, and hidden undertones in pictures preserved for life. And there was ample to be captured, for each event boasted a different theme. The delectable food ran as the common thread throughout, with the menu curated by the couple alongside chefs Cedric and Anand of The Oberoi. The Haldi ceremony called guests to shower the couple with love and turmeric before playfully throwing them in the property’s canal. This transformed into a poolside Moroccan souk-themed Mehndi night, complete with henna artists, kanoun players, and a fire show. Moroccan benches and spices in terracotta pots completed the theme. While Anjali dazzled in a Tarun Tahiliani lehenga, Umesh complemented her in a Jodhpuri ensemble. On day two, Umesh arrived at his Baarat accompanied by Moroccan drummers and dancers on stilts for the Hindu ceremony held on the serene canal, set against the snow-capped Atlas mountains of Morroco his white shervani paired perfectly with Anjali’s white Manish Malhotra lehenga and custom jewellery by Goenka Jewels. The union was followed by 200 guests gathering at the iconic long-table thali dinner setup in the Oberoi’s olive gardens, which was crafted uniquely for this occasion. The dinner, inspired by Anjali and Umesh’s vision to bring a taste of home, fulfilled the couple’s dream of a family-style dinner under twinkling fairy lights. An intimate civil ceremony ensued on the final day, followed by a ‘High Chai’ as an Indian twist to the British high tea concept. A live ","https://assets.vogue.in/photos/675285b3607de4a74392166e/16:9/w_1280,c_limit/7.jpg"
"Feb 07, 2026 @ 23:28:16.876",c4d3daa61a68a0093dbf6737862455d8,https://www.vogue.in/content/is-giving-a-marriage-ultimatum-in-a-relationship-ever-a-good-idea,Is giving a marriage ultimatum in a relationship ever a good idea?,We asked a couples counselor for their honest thoughts,Jenna Ryu,2024-12-04T13:41:09.756Z,"When you’re ready to get married but the One isn’t quite there yet, it’s natural to feel a little stuck. At first, you might try dropping hints about your dream wedding venue or casually mentioning how so and so just got engaged. But when those nudges still aren’t working—and every conversation about the future ends in vague “someday…” promises—it’s easy to see how that simmering frustration can push someone toward a bold, final move: the ultimatum. Even if you personally don’t relate to this urge, you might wonder how well marriage ultimatums work after seeing them play out in the latest season of Netflix’s namesake show. Like most reality TV series, The question still remains whether ultimatums are as successful IRL as they are in the Netflix universe. At first glance, these demands may seem like a powerful way to get what you’re after—or at least gain some much-needed clarity. In fact, “it makes sense to crave reassurance when you’re all-in on one person,” Dr. Burrets says. An ultimatum might feel like the only option to ‘scare’ your partner into stepping up…or finally giving you the confirmation you need about whether this relationship is worth your continued effort. But as tempting as this approach might sound, setting such hard deadlines is almost always a terrible idea, according to Dr. Burrets. For one, “if you’re at the point of issuing an ultimatum, you already have your answer, because if they wanted to give you what you’re asking for, they would’ve done it,” she says. Beyond the likelihood of an unwanted outcome, ultimatums can also be a sneaky form of Even if your significant other Of course, the answer here isn’t just “suck it up and wait for the yes.” There’s nothing wrong with desiring that lifelong commitment and refusing to waste your time with someone who isn’t ready for it. But instead of issuing a marriage ultimatum, Dr. Burrets recommends being vocal about your priorities in a If you haven’t already, initiate an open dialogue with the goal of checking in about the subject of marriage. When in doubt, use “I” statements—they’re useful for making your feelings clear, while still leaving space for a two-way conversation. So instead of “You need to propose by next year, or else we’re done,” try “I’ve always pictured myself being married by the time I’m 30. How do you feel about that?” Or, “I want to feel like we’re moving forward together. If marriage isn’t something you see happening, let’s talk about that.” This approach gives your loved one the chance to respond honestly—whether they reassure you that they’re simply waiting for the right moment, explain they have a different “It’s okay—encouraged, actually—to be upfront about what you want and to stick to your guns, even if that means ending the relationship,” Dr. Burrets says. But deep down, you probably know that peer-pressuring your SO into saying “I do” won’t magically create the happily-ever-after of your dreams. And whether or not you technically miss your deadline, you deserve someone who ","https://assets.vogue.in/photos/6750217d40f504115b3f3909/16:9/w_1280,c_limit/Marriage%20ultimatum.jpg"
"Feb 07, 2026 @ 23:28:18.198",bc52f90ff1a305a8de58d8e8c6908f92,https://www.vogue.in/content/how-to-make-sure-the-food-at-an-indian-wedding-is-gorgeous-both-in-taste-and-looks,How to make sure the food at your wedding is gorgeous—both in taste and looks,"The appeal of an Indian wedding has always been in a sprawling spread. For additional bragging rights, Aditi Dugar recommends going beyond designer tablecloths and monogrammed napkins",Arman Khan,2024-11-25T10:46:51.579Z,"When my eldest sister got married, I was too young to process the spectacle of the Indian wedding. Now that I look back on it, I realise there were the usual characters: an aunt distressed about not being given preferential treatment, my Unless you’re in the trenches of We invited Pick an overarching theme and weave it throughout the menu. We once used asparagus in seven different ways including as butter-poached, grilled and sou vide. Murukku sandwiches were a staple of a bride’s childhood at one wedding we did. So, we created a gourmet version of a murukku sandwich. Her love of wildlife and botany inspired the tablescape, which featured moss and butterflies For an Italian station, we once finished off pasta dishes like cacio e pepe, directly in a Parmesan wheel. This added extra visual appeal and a point of interest at the station. This could be anything from a DIY food station to a chef-led cooking demonstration. We once worked with Chef Mike Bagale who created a savoury dish in bubblegum test tubes. Guests had to pull the food out of the tubes on an LED table, which lit up the entire set up from the bottom. Guests love interacting with their food; storytelling is a great hook for memorability. Our chef once melted caciocavallo cheese over a fire pit and served it on kulchas topped with chaat masala. For another wedding, we also created an optical illusion by placing mirrors and tulips at different angles for a high tea setup. Guests could see the flowers at different heights all over the space. ","https://assets.vogue.in/photos/67444810ce05d5220aed614e/16:9/w_1280,c_limit/Social4.jpg"
"Feb 07, 2026 @ 23:28:19.512",4e9ca46b2bb55c1d7da96853c590d7dd,https://www.vogue.in/gallery/this-couples-wedding-featured-a-scavenger-hunt-inspired-proposal-and-a-moroccan-themed-baraat,This couple's wedding featured a scavenger hunt-inspired proposal and a Moroccan-themed baraat,Malvika Raj and Armaan Rai’s love story prioritised playfulness throughout their Punjabi-Tamilian celebrations,Arzoo Dina,2024-11-24T05:30:00.000Z,,"https://assets.vogue.in/photos/6740551280ce2d7089cd5b9a/16:9/w_1280,c_limit/wedding-167.jpg"
"Feb 07, 2026 @ 23:28:20.599",b97f88a42ba1fe732dedd880ed8913df,https://www.vogue.in/promotion/beachside-bliss-or-mountain-serenity-discover-your-dream-wedding-vibe,Beachside bliss or mountain serenity? Discover your dream wedding vibe,"If you can already hear wedding bells and are dreaming of that perfect walk down the aisle, we’re here to help you uncover your wedding aesthetic",Yoshita Rao,2024-11-18T15:37:14.192Z,"A romantic proposal sets the stage, but soon the excitement of planning takes over. Creating your dream wedding requires creativity, heart, and attention to every detail. From selecting the right venue and curating delicacies, to crafting meaningful guest experiences, every choice defines the atmosphere of your big day. Will it be an elegant, intimate celebration, a vibrant soirée that embraces tradition or a modern, chic affair? But we can all agree that the venue is key. It’s not just about finding the perfect location; it’s about creating the ideal backdrop for your unique love story. Setting the stage for memories that last a lifetime is Hilton. Their talented Wedding Ambassadors bring expertise and creativity, helping couples infuse their personalities into every part of the celebration. For all these reasons and more, when it came to choosing a location for the pre-wedding shoot of the Dream Wedding couple—Rashna Karai and Behram Toddywalla—we chose from within Hilton's portfolio of hotels. Conrad Pune with its scenic rooftop bar backdrop and iconic spiral staircase made for the perfect venue option to carry out this dreamy photoshoot (stay tuned for the reveal So, from customised gift hampers featuring local artisans’ work to a curated walk-through gallery that captures key moments from your relationship, Hilton ensures every detail reflects who you are as a couple. With a plethora of options, Hilton offers everything from serene riverside settings to chic city escapes, each ready to help you create a wedding experience as distinctive as your love story. ","https://assets.vogue.in/photos/6735b2a1bcd2816954d692ec/16:9/w_1280,c_limit/Hilton%2028th%20April12419-Edit-old%20image-2.jpg"
"Feb 07, 2026 @ 23:28:21.262",f78310688b8b3c36de5548dab32a0460,https://www.vogue.in/gallery/from-anita-dongre-ensembles-to-delicate-benarasi-silks-this-creative-couples-kerala-wedding-was-a-minimalist-feast,"From Anita Dongre ensembles to delicate Benarasi silks, this creative couple's Kerala wedding was a minimalist feast",Acclaimed composer Sushin Shyam and his bride Uthara Krishnan also chose a sustainable approach for their wedding decor,Akshara Subramanian,2024-11-17T05:30:00.000Z,,"https://assets.vogue.in/photos/67332e37d1a50633de94d74f/16:9/w_1280,c_limit/DSC04251.jpg"
"Feb 07, 2026 @ 23:28:22.630",f94a6a1421727f91650da28b2fdc091e,https://www.vogue.in/gallery/at-his-goa-wedding-singer-zaeden-sang-live-as-his-bride-dj-nina-shah-walked-down-the-aisle,"At his Goa wedding, singer Zaeden serenaded his bride DJ Nina Shah as she walked down the aisle",The song was an acoustic version of Elvis Presley’s “Can’t Help Falling In Love” as Shah walked under the phoolon ki chadar,Nidhi Gupta,2024-11-10T12:22:40.325Z,,"https://assets.vogue.in/photos/672da6ca8ededa2f2ed6a576/16:9/w_1280,c_limit/SBJR_NinaSahil_VoguefinalFR-101.jpg"
"Feb 07, 2026 @ 23:28:24.307",5490598b34f5d9b9ec981dac12431ca2,https://www.vogue.in/gallery/this-bride-wore-outfits-from-vera-wang-sabyasachi-and-more-across-her-three-day-wedding-in-los-angeles,"This bride wore outfits from Vera Wang, Sabyasachi and more, across her three-day wedding in Los Angeles",Meeka Hossain and Jeffrey Klein’s creative Los Angeles wedding blended Bengali and Jewish traditions,Shelby Wax,2024-11-10T05:00:00.000Z,,"https://assets.vogue.in/photos/672e03ec430f600a4bbe0a0b/16:9/w_1280,c_limit/Photo%2018-%20Sabyasachi%20Reception%20outfit%20(Logan%20Mock)%20.jpg.jpg"
"Feb 07, 2026 @ 23:28:25.992",b82857aaf0e7204d5720179a76a85a93,https://www.vogue.in/gallery/this-data-scientist-couple-was-officiated-by-two-priestesses-at-their-jaipur-wedding,This data scientist couple was officiated by two priestesses at their Jaipur wedding,"From their favourite travel destinations to reimaging rituals from a lens of equality, Madhura Raut and Veer Lade’s nuptials were teeming with personalised touches",Praachi Raniwala,2024-10-27T05:30:00.000Z,,"https://assets.vogue.in/photos/671b4e612b41e65bf0f7371c/16:9/w_1280,c_limit/ZAFA7748.jpg"
"Feb 07, 2026 @ 23:28:27.478",76e9ddb0a46ddceb72eb48b6c70804ee,https://www.vogue.in/content/celebrity-wedding-specialists-tell-you-how-to-manifest-the-wedding-of-your-dreams,4 celebrity wedding specialists tell you how to manifest the wedding of your dreams,Seasoned specialists to the stars share a blueprint for that anything-but-ordinary wedding,Nupur Sarvaiya,2024-10-23T08:32:13.983Z,"A celebrity wedding can vary in pomp and scale. Some might choose to keep their celebrations intimate, like Rakul Preet and Jackky Bhagnani’s nuptials in Goa earlier this year. Or Anushka Sharma and Virat Kohli’s Tuscan wedding in 2017, attended by only 42 guests. They can span multiple continents, like Radhika Merchant and Anant Ambani’s juggernaut of a wedding. Either way, you can be sure they’ve assembled a pool of talented artists to manifest that dream. We asked some of India’s most sought-after specialists for their best advice to the soon-to-be-wed. Top-to-toe red: This was Priyanka Chopra’s directive to Ami Patel for her bridal ensemble. “Priyanka wanted a tonal lehenga, with Buy less, buy better is Patel’s advice. “Quality over quantity should be your starting point. Resist the urge to shop for a wide array of pieces when browsing stores and exhibitions. Be conscious of your choices. When you’re drawn to something, ask yourself: Do I need it? Can I restyle it for multiple occasions?” “Whether it is a “Don’t over-accessorise,” Patel advises. “Also try wearing pieces from different sets. It doesn’t have to be matchy-matchy.” For over 20 years, Joseph Radhik has been “photographing love”, as he puts it on his Instagram bio. First among celebrity wedding photographers in India today, Radhik made his mark with his work on Anushka Sharma and Radhik urges couples to refrain from relying just on Pinterest and Instagram for visual references. “The best “The one aspect common to all celebrity weddings, which I urge every bride to incorporate, is timeliness,” says Radhik. “We’ve seen ‘sunset weddings’ take place in total darkness, missed portrait times and encountered many mishaps because of paucity of time. I would strongly advise that couples have a detailed discussion with their photographers about schedules.” Disruptive might be making the rounds in the beauty world, but for a bridal look, Soni takes a trend-agnostic approach. “ “My process is to make the bride comfortable by getting to know her,” says Soni. “I suggest brides have a couple of people in the room whose opinions matter and who will be there to hold her hand.” “Six months in the lead-up to the wedding, visit a dermatologist,” advises Soni. “Aim for healthy skin and hair, which will serve as a canvas for your makeup. Have a conversation with your artist about the time required, the look you desire, the finish preferences based on your skin type and texture. Set realistic expectations. Remember, a dewy finish for a wedding in India may not last.” “On the day of, a little bit of face massage and a sheet mask can go a long way,” says Soni. “But make sure it’s not a never-tried-before product or ingredient. Factor in sufficient time for your hair and makeup artist to efficiently create your bridal look. Certain steps like proper skin prep and a clean base are crucial.” “Don’t overdo the touch-up,” Soni says. “All you need is a powder puff and a lipstick. The artist needs to be wary of lashes—invariably, they don’t withstand tears, sweat and long hours. A big mistake that can make you look older is going overboard with the makeup. Begin with subtle eye makeup and amp it up if required.” “The planning for “Sangeets today, for instance, are no longer limited to a stage, a bar, lights and florals,” says Mohan. “They are experiential events with unique themes: A gaming arcade The main wedding ceremony can retain its classic charm. “For us, architectural influences are big this season,” she says, “such as temple-style design or set-ups inspired by the central courtyards of forts. We planned a wedding in Kochi where the mandap was all-red, a palette borrowed from sindoor.” Instagram alone can’t serve as a barometer for weddings when it comes to stages, backgrounds and aesthetics, says Mohan. “Meet as many experts as you can. Find and commit to a planner with whom you can connect. For a destination wedding where you’d want your Infuse meaning and individuality with personalisation. “Make your friends and family a part of the process with a custom gift. It can be as elaborate as bespoke ","https://assets.vogue.in/photos/6718a698f8daa5c6ca865136/16:9/w_1280,c_limit/JR-ForVogue2024-22547.jpeg"
"Feb 07, 2026 @ 23:28:29.032",98c84f6ae0e215b26ee60d1253b91831,https://www.vogue.in/gallery/from-a-sabyasachi-sari-to-a-dior-mini-dress-this-bride-wore-all-white-couture-at-her-swedish-indian-wedding,"From a Sabyasachi sari to a Dior mini dress, this bride wore all-white couture at her Swedish-Indian wedding","When opting for the dress of your dreams, why stop at one?",Hasina Jeelani,2024-10-20T06:00:00.000Z,,"https://assets.vogue.in/photos/6712172a49eb81c4d08bab2e/16:9/w_1280,c_limit/BexMo-010.JPG"
"Feb 07, 2026 @ 23:28:30.190",eaa2d5e122ed22f4e8ea2f9bef797fd7,https://www.vogue.in/content/sorry-lovers-public-proposals-are-officially-cringe,"Sorry lovers, public proposals are officially cringe",Private proposals >>> public proposals,Darshita Goyal,2024-10-16T11:31:48.015Z,"Waves gently lapping against the shore, the endless sea behind it. The For Modi, it was the solitude, the quiet of the sea and the lack of any frills that made her proposal truly meaningful. “This feeling is something we’ll remember forever. It’s not a manufactured moment for What may have once been aspirational and cute is now—let’s be real—try-hard and cringe. “Back in 2018, 90% of our clients wanted public In contrast, public proposals focus too much on inviting others into an intentionally private moment. Often the bride or groom-to-be look deeply uncomfortable in their grand performance of love because heaps of people—even strangers—are filming them. Asking someone to marry you is daunting in any situation but these look-at-me proposals make it substantially harder. Don’t forget the That’s why sustainability consultant Ayesha Mehrotra was grateful when her partner booked out a restaurant for their proposal. “I find it hard to be the centre of attention in a room full of people so I’m glad we had an intimate proposal with just him and I. There was no pressure of navigating the event with other people or worrying about their reactions,” she explains. This inclination towards just-us-two proposals is the USP of Additionally, young people in love are eager to replace cheering crowds and flashing cameras with personalised storytelling that celebrates their journey. Maitri Shah’s bespoke event planning company Mai Stories prides itself in taking the couple on an immersive walk down memory lane. For a client who was in a Basically, after having social media at the core of all celebrations for years, people are wary of succumbing to more of the same. Just think of the number of times you’ve sent a viral proposal video to the ","https://assets.vogue.in/photos/670f9489c29a5b1bf0887589/16:9/w_1280,c_limit/Private%20proposal.jpeg"
"Feb 07, 2026 @ 23:28:30.809",78e118938a0d48f37633947e224ace0b,https://www.vogue.in/content/im-tired-of-pretending-that-im-at-an-indian-wedding-for-anything-other-than-the-food,I’m tired of pretending that I’m at an Indian wedding for anything other than the food,Celebrating the only real love affair each wedding season: me and a feast,Simone Dhondy,2024-10-12T04:30:00.000Z,"If India is a veritable melting pot, then in that pot slowly simmering is a kaali dal. Or a payasam, or a jardaloo ma gosht, maybe it’s a prawn curry, perhaps Of the more than 10 million weddings reportedly celebrated in India every year, I somehow manage to claw my way onto the guest list of approximately five to 15, which can mean anywhere from 10 to 45 functions and, I’m happy to report, as many plates. Some affairs lack innovation with your run-of-the-mill dals, do pyaazas, My favourite realisation one wedding season was that great comestibles aren’t tainted by less-than-comely relationships. I once assured a flip-flopping bride-to-be that there were plenty of fish in the sea. While I wasn’t thrilled with her settling on this particular tilapia, I was over the moon to find that a few There are those who might bemoan the fact that some weddings lack alcohol. But usually the spread will give them a raan for their money. Others will complain that vegetarian weddings lack a certain draw. Those I direct to the dessert counter or, in the case of generational wealth, a dessert room. Yes, room. Straight out of Wonka’s factory and into my belly. Layers of Sometimes I feel age, the weather, and my heels are against me. Raiding buffet after buffet ad nauseam, and I do mean nauseam, can bog you down—just ask my weighing scale. But where else am I to witness an asparagus cradled under a blanket of melted brie? Suhag raat, indeed. Occasionally, a story will go viral: the headline so bizarre that wherever you live, you just know it occurred south of Somewhere Else; so absurd that Somewhere Else could easily be a parallel reality. ‘Marriage ends over choice of biryani.’ Or ‘Food shortage sparks brawl at wedding Somewhere Else.’ You’ll laugh, relieved that it’s anywhere but here. But under that laughter is fear: is the only thing standing between this happy occasion and the infamous Red Wedding a gulab ja- mun? I, for one, would throw hands if I felt gypped of the pulled pork At any given Indian wedding, you can find me shooting Even if you don’t fall into the category of ‘human who exits wedding season a few kilos heavier and happier’, we can agree that we are there for the couple. While you might be there to watch the bride enter and do whatever happens when the snacks are being served, I like to watch her at the end of the night— when she’s walked off the stage and someone hands her a plate. The time she’s free from the shackles of some ritualistic wedding diet passed down from bride to bride. She smiles what seems like the first genuine smile that evening, as she shoves Quite frankly, I’m tired of pretending that I’m at an Indian wedding to celebrate anything other than the love of food. Scrap the invites with your Sri So&So and Late Whoever— Send me the menu instead. ","https://assets.vogue.in/photos/6709458a4fa0cf5aecc0ef1d/16:9/w_1280,c_limit/Indian%20wedding%20food.jpeg"
"Feb 07, 2026 @ 23:28:32.205",ed1c4b0a80547239e2ddee36c465f8a2,https://www.vogue.in/gallery/this-bride-wore-an-ivory-pearl-lehenga-to-her-wedding-on-a-remote-ocean-sandbar-in-the-maldives,This bride wore an ivory pearl lehenga to her wedding on a remote ocean sandbar in the Maldives,"Manisha Seth and Chris Toh danced down the aisle to “Gold Digger” by Kanye West. “In bad taste or not—I am not sure!” Manisha says, laughing",Elise Taylor,2024-10-08T16:49:25.968Z,,"https://assets.vogue.in/photos/6703c361bc7b4465b38a2786/16:9/w_1280,c_limit/Manisha&Chris_VogueFeature_60.JPEG"
"Feb 07, 2026 @ 23:28:33.532",16d7790529f519c0e2b2d586e29cda9a,https://www.vogue.in/gallery/at-her-wedding-in-portugal-this-bride-ditched-the-classic-red-for-an-olive-green-lehenga,"At her wedding in Portugal, this bride ditched the classic red for an olive green lehenga",Childhood sweethearts Chandni and Jack tied the knot in a traditional Gujarati ceremony against the romantic backdrop of Sintra,Arzoo Dina,2024-10-06T05:30:00.000Z,,"https://assets.vogue.in/photos/66ffc161ca7721866ebb3afa/16:9/w_1280,c_limit/Finals-33.jpg"
"Feb 07, 2026 @ 23:28:34.762",c7fbf3a24d44c80a3ae67d6d94c09f1e,https://www.vogue.in/content/the-ideal-one-year-wedding-planning-checklist-that-will-ensure-you-dont-turn-into-a-bridezilla,The ideal one-year wedding planning checklist that will ensure you don’t turn into a bridezilla,"From venue to vendors and visas, we draw up a wedding planning checklist that accounts for every major and minor detail to keep you on track",Nupur Sarvaiya,2024-10-01T10:43:24.749Z,"Weddings are fun, but putting together a wedding planning checklist? Not so much. Between drawing up guest lists, booking vendors and finalising those The first step? Crunch some numbers. Your ballpark budget will establish your boundaries and help you navigate subsequent decisions, from the scale of the festivities to the size of the guest list. This is the time to decide if you’ll pay for the wedding or your families will, so ensure that all stakeholders are part of this critical stage. Getting a planner on board before securing a venue will be invaluable. Research to recommendations, the expert can help you establish expectations with yourself and your vendors, suggest “As soon as you block the wedding date, you need to secure the destination and venue. Some locations get booked a year in advance. Your décor, theme, Select your decorator, photographer, DJ, hair stylist, makeup artist, henna artist, caterer and cake artist. Book your ensemble of experts as soon as the venue is confirmed—talent gets commissioned surprisingly early. “Ideally, a bride should start curating her trousseau at least six months in advance,” says designer JJ Valaya. “Any Your honeymoon is likely to be the most lavish holiday you take as a couple. Given that you’ll be simultaneously planning the nuptials, you need to plan the post-wedding getaway in advance. Get moving at least six months before the wedding to settle on a destination and begin booking flights, accommodation and experiences. Pull out your Pinterest vision boards. “But don’t blindly follow trends,” warns Jain. “The idea should be for all elements to be stitched together as a story, from invites to apparel. Select the palette for various events, zero in on the themes and think of all the ways you can infuse meaning and your personality into the décor and design. A whimsical garden What could be more vital than a pre-wedding party before you give up your single status? Whether you want to paint the town red in Ibiza or relax at a spacation in “When it comes to colours and flowers, you cannot skip the sampling stage which needs to be done at least 45 days in advance,” says Jain. “The palette can never be fully understood until seen physically and placed precisely. At this point, your decorator will also handhold you while choosing between, say, roses and hydrangeas. This stage will ensure all the elements—from the While you might have curated the menu months in advance, the tasting, layout and the discussion of service should be done now. If you want a glimpse of how your glam will look before you walk down the aisle, it’ll pay to book a trial session with your hairstylist and Settled on a 14-day jaunt in the jungles of South America? Or can you only make time for a long weekend in There’s no denying the sanctity of rituals, but it is also legally required to register your union. Couples must give notice of the intended marriage to the marriage officer 30 days before their wedding date. “The first fitting usually should take place about a month before the wedding day. It’s important to bring your shapewear and shoes on the day of the trials in case any alterations are required. The final appointment should be no later than two weeks prior to the ceremony,” says Valaya. ","https://assets.vogue.in/photos/66fbc9b3294b3df7b58e0f5e/16:9/w_1280,c_limit/Aisha_Afzal--Vogue-75.jpeg"
