crawl_timestamp,uniq_id,page_url,article_title,sub_title,author_name,post_date,article_content,image_url
"Apr 19, 2026 @ 10:07:09.903",025d5aebeccddccf5cf064da36af8a73,https://wwd.com/wwd-publications/digital-daily/2026-04-17-1238919515/,"Friday’s Digital Daily: April 17, 2026",Visit the post for more.,wwddigitaldaily,2026-04-17T05:00:00+00:00,,https://wwd.com/wp-content/uploads/2026/04/WWD20260417_cover.jpg?w=450&h=563&crop=1
"Apr 19, 2026 @ 10:07:09.948",1cb5335d10a9dfaf3cb95b7d6ec217a5,https://wwd.com/business-news/legal/richard-baker-saks-bankruptcy-subpoena-1238920065/,Richard Baker Moves to Quash Subpoena From Saks Global Creditors,"Richard Baker seeks to quash a subpoena from Saks Global creditors, disputing demands for documents tied to the retailer’s bankruptcy case.",Evan Clark,2026-04-17T16:32:52+00:00,"Richard Baker is resisting efforts to get him to turn over a long list of documents related to his time running the now-bankrupt Saks Global. Baker’s attorney, Rachel Strickland of Ropes & Gray, filed a motion to quash the retailer’s unsecured creditors’ “Rule 2004” request for information from the former chief executive officer and chairman. Earlier this month, the creditors’ committee “commanded” Baker to produce “documents and electronic information” under bankruptcy Rule 2004. A similar command was issued to Ian Putnam, former CEO of Saks Global Properties & Investments. The request to Baker covered 13 different categories, including “all documents and communications between you and Marc Metrick,” the former Saks Global CEO, and information “relating to the acquisition of Neiman Marcus Group.” “There can be no meaningful dispute that Mr. Baker has responsive information to which the committee is entitled,” the committee argued in its filing. “Mr. Baker was a hands-on executive involved in nearly every key transaction the company entered into, including the Neiman acquisition and the LME,” a reference to the liability management exercise last summer that reworked the company’s debt. The committee also said that Saks Global “took the position that their current personnel are not sufficiently knowledgeable to testify.” Baker and his attorney disagreed. “Since Mr. Baker’s separation with the company on the night of the [Jan. 13 bankruptcy] petition date, he has had no access to his company-affiliated email or company-issued hardware,” the filing said. Baker argued that the company should instead respond to the subpoena. “As to any privileged documents and communications sent while Mr. Baker was an employee or director, the debtors alone must determine whether to waive such privilege in connection with any production,” the filing said. “Mr. Baker is not in possession of any material that is relevant to either of these concerns that is not already in the debtors’ possession,” the filing added. “Therefore, Mr. Baker seeks to quash the subpoena in its entirety or, at most, limit the burden to what is necessary….In short, no ‘fishing expedition’ should be conducted here.” The committee — which includes some of Saks Global’s largest vendors, like Chanel Inc. and LVMH Moët Hennessy Louis Vuitton and represents all unsecured creditors — is scouring the company and its recent history for sources of value that aren’t already pledged to secured creditors and might be tapped into. That could include the potential rewards of any lawsuits related to how Saks Global sunk into bankruptcy. And creditors aren’t the only ones with questions. The special committee of HBC GP LLC — the parent company in the Saks Global bankruptcy — said in its own filing that it supported the creditors’ demands for documents and said that it too had “sought voluntary cooperation” from both Baker and Putnam. “The special committee believes that information and testimony from these individuals would be useful in the context of its independent investigation into the potential viability of legal claims,” the committee said. While Saks Global has continued apace with its bankruptcy, hitting major milestones and working out both a plan of reorganization and a business plan for the future, the reexamination of all the steps that led the retailer to insolvency is still very much underway. Sign up for WWD news straight to your inbox every day",https://wwd.com/wp-content/uploads/2021/10/Saks-Foundation-Fall-Fundraiser_Richard-Baker.jpg?crop=0px%2C271px%2C3596px%2C2014px&resize=1000%2C563
"Apr 19, 2026 @ 10:07:09.976",89deb5c549e8ddbcbe52aebf95491ba0,https://wwd.com/fashion-news/fashion-features/joan-burstein-london-retail-trailblazer-designer-champion-dead-98-1236789523/,"Joan Burstein, London Retail Trailblazer, Designer Champion, Dies at 100","Joan Burstein, founder of luxury London retailer Browns, who promoted young talent and introduced international brands to the U.K., has died at 100.","Samantha Conti,Tianwei Zhang",2026-04-18T12:16:06+00:00,"LONDON – Joan Burstein, the pioneering retailer who helped build European and American brands in the U.K., and who championed designers including John Galliano, Alexander McQueen and Hussein Chalayan when they were still students, has died at 100, according to her family. Burstein, known affectionately as “Mrs. B,” was born on February 21, 1926 and died on Friday, April 17 at home in Ibiza where she lived following her retirement. She moved there after the sale of Browns , the independent London retailer she founded with her equally charming, business-minded — and a bit tougher — husband Sidney Burstein. Burstein’s family said she died peacefully, surrounded by her family. “Earlier this year, she celebrated her 100th birthday in joyful style – dancing to a swing band and surrounded by those who loved her, which was entirely fitting for a life so vibrantly lived,” said her son Simon Burstein and daughter Caroline Hammond. “She leaves behind an enormous legacy and will be profoundly missed by her two children, seven grandchildren, seven great-grandchildren, and the many people whose lives she touched,” they added. Joan and Sidney Burstein started their retail business with a single market stall in London , co-founded Browns in 1970 with a store on South Molton Street. It quickly became the go-to place for women who loved fashion, and who were willing to experiment with new names from New York, Milan and Paris including Donna Karan, Ralph Lauren and Missoni, which Burstein introduced to the U.K. market. Burstein and her husband ran the shop with a sense of derring-do, determination — and a willingness to defy convention. With Sidney keeping a close eye on the books, Joan steered the buy and the merchandising, with Browns famously launching and nurturing Galliano’s, McQueen’s and Chalayan’s labels. In the early days, the Browns mix included Walter Albini for Callaghan, Karl Lagerfeld for Chloé, Giorgio Armani, Jil Sander, Calvin Klein and  Comme des Garçons, which were still relatively small when she bought their collections. Other designers and entrepreneurs, including Paul Smith, Manolo Blahnik, Liz Earle, and Richard James, all cut their teeth at Browns, designing, buying, or working on the shop floor. Burstein had a gimlet eye for talent, but was also a born retailer who took good care of her customers. “When Browns opened, we had a very personal relationship with our customers. We got to know their names and all about them. You really wanted to look after your customer, to help them. You wanted them to come to you because you’ve got the best of the best,” Burstein told WWD in an interview to mark Browns’ 50 th anniversary in 2020. She would always tell her salespeople never to let anybody out of the shop “not looking good in what they’ve bought. We weren’t selling on commission. You need to give pleasure to your customer and your customer gets pleasure from you,” she added. In the early days of the store, when clients included Julie Christie, Linda McCartney and Claire Bloom, Burstein said her aim was to “dress all those beautiful young people, to make them aware of how they could look, how they could love their clothes. I think I just wanted to make people happy as well as [attracting] customers. I wanted them to feel joyous when they walked out of Browns with their possessions.” One of the highlights of Burstein’s years at Browns was holding a one-off sale where every item cost 25 pounds. “It was the most wonderful day, and a really lovely thing to be able to do – just to make people happy,” said Burstein, who was warm, funny and always cut a glamorous figure. With her soft-spoken voice, glint in her eye and slight smile as if you and she were in on a private joke, she always had the air of a true English grande dame – think Maggie Smith in “Downton Abbey.” But beneath that exterior was a steely determination and that slight smile and glint could quickly turn into a frown and burning fire in her eyes if she disapproved of something or felt someone did not properly respect Browns. Her husband would be more blunt, expressing his disapproval in salty language and louder voice. As the years passed, Burstein continued to pursue her mission of discovering and promoting young talent, and adding new, international labels to Browns’ eclectic mix, adding menswear, jewelry and accessories to the ever-expanding series of interconnecting shopfronts on South Molton Street that made up Browns. The family later opened Browns Focus, a space for young designers including Christopher Kane and Simone Rocha, Labels for Less, Browns Bride and Browns Shoes. The Bursteins also would open the first UK stores for Armani, and Calvin Klein, both on South Molton Street, and, in a joint venture, Ralph Lauren on New Bond Street. “I owe my career to Mrs. B.,” said Galliano at Burstein’s 90th birthday at Claridge’s. “She came to see my graduate collection in 1984, and before I knew it, I was in the window at Browns — and my first customer was Diana Ross.” Another guest, Alber Elbaz, said every time he added a sleeve to a dress, he thought of Burstein. “She would come into the showroom, tell me how much she liked the collection, and then ask ‘Where are the sleeves?'” Elbaz said. “She supported all of us designers, but it was never done in a heavy way. It was never ‘Oh, here comes the queen! It’s more like here comes my aunt.'” Burstein’s efforts were recognized in 2006, when she was awarded a CBE in acknowledgement of her support of the British Fashion industry. A decade later, Browns was purchased by Farfetch, with Mrs. B taking on the title of honorary chair. It is now owned by Coupang, which bought Farfetch out of administration in late 2023. Even after her retirement and the sale to Farfetch, her approach to selling, and her values, never wavered. Burstein said that she and her buyers lived by the maxim: “‘When in doubt, leave it out.’ If you’ve got any doubt about anything that you’re about to buy, forget it, just drop it. Your first instincts are usually the best. That, to me, was very important, really. Integrity. A great part of the whole philosophy of Browns was integrity,” she told WWD in 2000. At her 90th birthday celebration, where guests included Smith, Blahnik, Stephen Jones, Rita and Angela Missoni, Philip Green, Nicole Farhi and David Hare, Burstein’s son Simon compared her to Queen Elizabeth. The two certainly had a lot in common: they were born the same year, within months of each other, they loved the same colors and carried Launer handbags. He said his proudest moment was seeing his mother chatting endlessly with Queen Elizabeth at Buckingham Palace, when she received her CBE, Commander of the Most Excellent Order of the British Empire honor, in 2006. She was brimming with energy – and opinions about fashion – until the very end. In an interview in February, she told WWD that while Galliano “still has it,” times have changed since she founded Browns, the pioneering multibrand retailer, in 1970. “There isn’t the same talent as in the 1980s and 1990s,” she said. “Today the designers are doing their own thing. It isn’t the same as when Yves Saint Laurent, Sonia Rykiel and others had their signature, and dressed their customers from head to toe.” She added: “It doesn’t mean there isn’t talent — it just doesn’t last as long. I would love to discover real new talent.” Burstein is survived by her son Simon, founder of Leathersmith, which sells men’s clothing, accessories and luxury paper products, and daughter Caroline Hammond, an artist. She is also survived by seven grandchildren and seven great-grandchildren. Sign up for WWD news straight to your inbox every day",https://wwd.com/wp-content/uploads/2020/10/MrsB_Browns50-2-of-2.jpg?crop=0px%2C863px%2C6192px%2C3467px&resize=1000%2C563
"Apr 19, 2026 @ 10:07:09.992",63ab62ccee58a0b595d8b8ccbad3c319,https://wwd.com/business-news/financial/hermes-agm-axel-dumas-vuca-world-luxury-strategy-1238919767/,"We’re Living in a ‘VUCA’ World, Said Axel Dumas at Hermès’ AGM","At Hermès AGM, Axel Dumas discusses resilient strategies, global luxury shifts, and navigating volatility in today's VUCA world.",Rhonda Richford,2026-04-17T15:56:56+00:00,"PARIS — Hermès International is leaning on its long-standing strategy of product development and geographic diversification as it navigates a more fragmented global luxury market shaped by geopolitical tensions, shifting wealth dynamics and uneven demand across regions. Speaking at the company’s annual shareholder meeting, executive chairman Axel Dumas struck a confident tone about the group’s performance despite macroeconomic volatility and currency headwinds, pointing to resilient demand and the structural strength of its regional-focused business model. “I will be very blunt — I am very happy with our first quarter,” Dumas said, noting sales were up 6 percent at constant currency even as a strong euro weighed on reported results and geopolitical disruption dragged down March sales in the Middle East. “We had a slight impact in the first quarter due to geopolitics , but we are not responsible for exchange rates or geopolitics,” he said. “It remains very difficult to predict crises.” Dumas framed the current environment through what he described as a structurally more unstable global order. “Crises are inevitable and unpredictable,” he said, referencing what he called a “VUCA” — volatile, uncertain, complex, ambiguous — world, where chaos has become the new norm, rather than an exception. Despite that backdrop, he argued Hermès is structurally positioned to absorb shocks due to its balance across regions and categories, as well as its focus on cultivating local clientele. “The Hermès model — balanced across métiers, geographies, with a strong focus on quality — seems to me a good strategy in such an unstable world,” he said. “So I remain optimistic about the fundamentals of Hermès and our ability to evolve in an anxious world.” A key shift, Dumas said, lies in how luxury demand is now driven less by macroeconomic growth and more by changes in personal wealth linked to financial and property markets. “The biggest transformation I have seen in recent years in the behavior of our clients .… Until the mid-2010s, the best indicator was GDP growth,” he said. “From the mid-2010s, the proxy that gives the strongest signal is real estate valuation and stock markets. “People buy much more according to the evolution of their wealth than according to the evolution of national income,” he said. That shift has been particularly visible in China, where weakness in real estate has weighed on consumption among parts of the population, he added. “The problems we can see today in China, for example, come first from a decline in real estate, which leads part of the population to spend less and save more,” Dumas said. At the same time, he said geopolitical fragmentation is reshaping customer demand, with local consumption and “multilocal” purchasing patterns becoming more important. “Because we are a small-volume brand, because we are exclusive, because this quality is not found elsewhere — we continue to see very strong interest across all geographic zones,” Dumas said. He pointed in particular to the Middle East, where the current conflict has disrupted tourism flows but not eliminated demand. “Where we see a risk area is the Middle East,” Dumas said. “We were growing strongly there before the war. If the high-spending, traveling clientele is affected, we too can be affected, though more moderately.” He contrasted this with past crises, noting that during the pandemic, Hermès temporarily closed most of its stores, while the current disruption has been more uneven. And like the post-pandemic “revenge spending,” Dumas believes that pattern will hold. “After a crisis passes, we often see a rebound in consumption — a desire to enjoy life again,” he said. “That is human nature.” On pricing power and tariffs, Dumas downplayed their relative impact compared to structural cost pressures in Europe. “Everyone talks to me about tariffs, but tariffs cost us much less than producing in France with the ‘exceptional contribution,’” he said, taking the first of a few swipes at the French government’s “temporary” tax applied to large corporate profits, which has been reintroduced several years in a row. Dumas added that Hermès has increased prices in the U.S. to offset the cost of tariffs, which has not dented sales in the country. “Tariffs have been a small obstacle, but not the biggest obstacle in Hermès’ path,” he said. A defining feature of Hermès’ model, he added, is its rejection of conventional marketing-heavy luxury strategies. “I would say our first marketing tool is in the price of the product,” Dumas said. “We hope the product speaks for itself, and we therefore have lower marketing costs.” He contrasted this with competitors that rely more heavily on advertising to support higher production volumes. “Some put the money elsewhere and then have to spend more on marketing to explain that [the product] is great.” Dumas was also questioned on the company’s policy on counterfeits, “dupes” and the second-hand market. He referred to both reputational risks and cultural complexity, but downplayed their long-term impact on the brand. Geographically, Hermès continues to expand selectively, prioritizing markets where local infrastructure and demand justify direct presence. Regarding Saudi Arabia, where other luxury peers have been expanding rapidly, Dumas said they are searching for the right move now that Saudi Arabia’s foreign investment and commercial codes under its Vision 2030 plan have made it easier for international groups to operate more directly in the kingdom than under the previous, more licensing- and partnership-heavy rules. “Now we can operate directly, so it is part of our thinking. We have a very strong Saudi clientele. Some clients travel to Europe or other stores in the region. There is strong demand there,” he said. “For now, we are negotiating. We are working on it, but we need to find the right partner locally.” On India, Dumas described a market full of potential but structural constraints. “India is a very interesting country. We have a good Indian clientele, but they do not necessarily buy in India,” he said, citing high import duties, strong domestic artisanal competition and local style. “It is a formidable country where we will develop, at a pace that remains somewhat mysterious.” Dumas struck a similar tone on Africa, where projects are under consideration, but indicated that any opening is still some way off. “We have not yet found the right locations in terms of retail infrastructure and sufficient middle-class development,” he said. “We do have a strong African clientele who travels to our stores, but we usually establish ourselves in a country only when there is a sufficiently large local customer base.” The group is still on track to launch its couture collection in 2027 , Dumas said, with ateliers already working on it under women’s creative director Nadège Vanhée. But he emphasized yet again that it will be launched “when we are ready.” On the beauty front, Dumas said the expansion into that category has been a “half success, half failure” story so far. Dumas said Hermès beauty is performing well in its own stores and directly controlled channels, where the brand can manage the full immersive retail experience and maintain tighter control over storytelling and customer engagement, but namechecked the bankruptcy of Saks Global in the U.S. as an example of the overall fragility in department store-led distribution, as well as consolidation, citing the pending possible merger of the Estée Lauder Cos. and Puig. Seemingly referencing Kering’s sale of its beauty arm to L’Oréal, he added that Hermès will continue to develop its beauty business “independently.” He added that men’s fragrances have performed well, with more softness in the women’s categories. To that end, the company is still planning to launch hydration care and additional makeup products in the women’s categories, which have been harder to crack. The meeting opened with a trio of tap dancers, setting a buoyant tone for a morning that also featured a short film on silk scarf production in Japan. Several shareholders grumbled about the inefficient invitation and entry process, which held up the start of the meeting by a half hour and left several attendees without voting machines. Supervisory board president Eric de Seynes said that RSVPs to the in-person event were up 35 percent this year, with many affirmative replies coming within the final 24 hours, leading to the backup. The voting yielded no surprises, as all motions were passed, including the appointment of Lucia Sinapi-Thomas to the board, where she will take up the position of chair of the audit committee for a three-year term. Sign up for WWD news straight to your inbox every day",https://wwd.com/wp-content/uploads/2025/09/dumas.jpg?w=1000&h=563&crop=1
"Apr 19, 2026 @ 10:07:10.718",30708bd83f83ef2afe7fd332ef1bbded,https://wwd.com/fashion-news/designer-luxury/jil-sander-simone-bellotti-milan-design-week-2026-library-1238919621/,Inside the Jil Sander Book Club to Bow at Milan Design Week,"Jil Sander’s creative director Simone Bellotti on Reference Library, the exhibition of books selected by Hans Ulrich Obrist, Celine Song, Faye Toogood, Lykke Li, Miyako Bellizzi, more.",Sandra Salibian,2026-04-19T04:00:00+00:00,"MILAN — “Expect a very different atmosphere compared to those of the fashion shows,” said Simone Bellotti about stepping into Jil Sander ‘s pristine headquarters during Milan Design Week. The brand’s creative director is to unveil his first project developed for the design event under the OTB label, which will take place in the location where he’s been parading his ready-to-wear collections since his debut last year . This time, the minimal off-white space overlooking the landmark Sforzesco medieval castle will be revisited to house “Reference Library,” an exhibition featuring books selected by 60 international creatives hailing from different fields. Developed with biannual publication Apartamento and Milanese architectural practice Studioutte, the project will open on Monday and run through April 24. A certain solemnity is poised to mark the activation, elevating the experience to a ritual. Visitors will access the brand’s historic showroom, where chrome lecterns will stand in rows, each one pooled in a warm reading beam, in an overall space conceived for the pleasure of looking closely and taking time to take a break from the frenzy outside. Upon registration, with 60 slots available per hour, visitors will be invited into the library and given a pair of white gloves before being able to consult the tomes and read the accompanying texts that explain each talent’s reasoning behind the choice and interpretation. “I’m curious to see what kind of effect it will have on the audience,” Bellotti told WWD ahead of the opening. Different elements interweave in the project, ranging from a desire for an IRL experience to consume culture rather than via a screen to enhance community building and propel cultural exchange. While during design week many brands focus on products and the final result of their creative process, the company’s aim was to spotlight what might stand behind it, highlighting the sources of inspiration that have influenced and shaped the approach of a pool of writers, designers and artists, among others. Bellotti recalled what sparked the idea last September while he was talking with his longtime friend Marco Velardi, one of Apartamento’s founders. “I thought it was a beautiful way to connect so many people, to create a dialogue and real exchange, which is essential today.” They also put together the list of participants, who include the likes of Swiss curator and critic Hans Ulrich Obrist, British artist Faye Toogood, designer Jasper Morrison, architect Anne Holtrop, Swedish indie pop artist Lykke Li, Academy Award-nominated costume designer Miyako Bellizzi and American singer and cellist Kelsey Lu, to name a few. “It’s true that fashion has become mainstream, but Milan Design Week has been able through the years to become a bigger pole, attracting so many people of different disciplines,” said Bellotti, enthusing about the participation of the names reached. As for their reading picks, Bellotti candidly said he didn’t know many of the titles that will be showcased in the exhibition. Even for the books he was familiar with, he got the chance to see them in a new light, pointing as example to director Celine Song’s choice of “Perfume: The Story of a Murderer” by Patrick Süskind, which Bellotti read years ago. As for his own contribution, the designer zeroed in on the 1957 novel “II Barone Rampante,” or “The Baron in the Trees” in English, by Italo Calvino. This stands as a metaphor for independence, as it narrates the adventures of Cosimo, who climbs into the trees to spend the rest of his life observing the world with more clarity than those living below. “I played it safe, this is a book so engrained in collective memory,” quipped Bellotti, who first read the novel in his 20s. He even has named one of his two cats after its protagonist. “It’s narrated in a truly unique way. It’s extremely profound, but also written with a very ironic and fantastical tone. What I like about it is how it describes the way of seeing things…how sometimes we need to observe what happens around us from a more personal perspective. Not to always conform but to maintain our own opinion and viewpoint,” Bellotti said. The designer is currently reading a collection of letters penned by Mark Rothko, which he picked up after visiting the buzzy exhibition Fondazione Palazzo Strozzi dedicated to the artist in Florence and on display until Aug. 23. “I’ve just started reading it, but it’s very interesting because he explains his creative evolution and the reasons that led him to undertake a certain type of artistic language,” he said. Bellotti aims “Reference Library” to spark similar conversations IRL. “I like the analogic aspect of it all. How we reached out to people, talked with them and put a sort of real research engine together,” he said. “I’m under the impression that today reality has become extraordinary, that even the things we have always seen as normal feel extraordinary now, don’t you?” The white gloves handed to visitors are to cheekily point to the sacredness of the moment, inviting the audience to be present and handle books with care. While the titles will be available only for consultation, the gloves will be for each reader to keep — a souvenir of time well spent. Sign up for WWD news straight to your inbox every day",https://wwd.com/wp-content/uploads/2026/04/Jil-Sander_plinth-detail.jpg?crop=0px%2C1262px%2C3000px%2C1679px&resize=1000%2C563
"Apr 19, 2026 @ 10:07:10.767",9d911ac84b7b27e9e2f9acfed908889c,https://wwd.com/fashion-news/fashion-trends/oscars-2026-color-trend-1238678194/,Color is Trending on the 2026 Oscar’s Red Carpet,"Color often reflects the mood of the moment and, at the Academy Awards, there was clearly an appetite for optimism.",Alex Badia,2026-03-16T03:06:47+00:00,"Color on the red carpet rarely happens in a vacuum. It often reflects the mood of the moment and, right now, there is clearly an appetite for optimism. That spirit showed up in the palette at this year’s Academy Awards. Pastels carried a sense of softness and hope, while flashes of crimson delivered confidence and a bit of drama. While there were a few dependable black gowns and the occasional cloud dancer ivory moment, especially that minimal column gorgeousness by Louis Vuitton on Emma Stone , one of my favorite looks of the night, the real impact on the carpet came from color. After a season saturated by metallics and safe sparkle, the night unfolded in a range of powdery pastels before gradually shifting toward the boldness of red. Pastels set the tone early. Felicity Jones arrived in an ethereal soft yellow gown by Prada that felt almost weightless under the lights. Kate Hudson offered another interpretation of the softer palette in a sea foam metallic green gown that added a glitzy edge to the otherwise delicate trend. Then came the moment that connected the two color stories. Jessie Buckley stepped out in a romantic pastel pink gown by Chanel, styled with a crimson shawl, which also happened to introduce the other big color of the night. Red did not disappoint. Renate Reinsve leaned into sleek ’90s minimalism in a striking gown by Louis Vuitton, while Li Jun Li brought sculptural drama in an asymmetrical silhouette with peplum detailing from Gaurav Gupta. Sign up for WWD news straight to your inbox every day",https://wwd.com/wp-content/uploads/2026/03/oscars-red-carpet-2026-wwd-93.jpg?crop=0px%2C170px%2C1332px%2C746px&resize=1000%2C563
"Apr 19, 2026 @ 10:07:10.780",c612e3c5c58fe7d480bb9036ba30fca5,https://wwd.com/fashion-news/fashion-scoops/gabriella-karefa-johnson-depop-trends-spokesperson-1238672989/,EXCLUSIVE: Depop Taps Gabriella Karefa-Johnson in Her New Role as Trends Spokesperson,"Gabriella Karefa-Johnson joins Depop as its new trends spokesperson, lending her expertise to predict emerging trends and championing circular fashion.",Kanika Talwar,2026-03-13T13:00:00+00:00,"Depop announced Gabriella Karefa-Johnson as its official trends spokesperson. With her deep ties and widespread leadership across the fashion industry, Karefa-Johnson will be joining the peer-to-peer secondhand fashion marketplace and lending her expertise. “We are thrilled to welcome Gabriella Karefa‑Johnson as Depop ’s 2026 trends spokesperson,” said Steve Dool, senior director of brand and creative at Depop . “Her visionary voice and deep understanding of culture, fashion and community perfectly reflect the core of Depop. Gabriella’s perspective will help inspire our community to explore fresh trends in a way that feels authentic, empowering and fun.” As part of her new role, Depop said she will work with their team on predicting and identifying emerging trends and how circular fashion plays a leading role in shaping the latest fashion craze. This includes pulling from both qualitative and quantitative Depop data and major cultural moments, before it becomes prevalent to the masses. Moreover, Karefa-Johnson will continue to speak on the notable industry trends identified on behalf of the company, keep a close eye on what its more than 43.5 million users are searching for and the social media buzz redefining circular fashion and its role within the overall industry. “I’m thrilled to be joining Depop as trends spokesperson because it represents one of the most authentic reflections of how people are engaging with fashion today,” Karefa-Johnson exclusively told WWD in a statement. “My work has always centered on understanding style as culture, as storytelling and as a reflection of individuality. It’s also always focused on bringing fashion to more people and identifying ways in which everyone can feel welcome. I am looking forward to digging into the aesthetics, subcultures and personal style movements that emerge across Depop and celebrating the people behind them.” Karefa-Johnson is a globally recognized New York-based fashion trailblazer, celebrity and editorial stylist and creator of the popular Substack “Brain Matter.” She replaces trend forecaster and cultural strategist Agus Panzoni, who departed from the role last year. Past roles for Karefa-Johnson include a stint at Garage as the fashion director in 2017. She’s most known for being the first Black woman to style covers at Vogue from 2021 onward; she’s also worked with the likes of Serena Williams, Margot Robbie, Bella Hadid, Gigi Hadid and was a global contributing editor-at-large at the magazine until her 2023 departure. Other styling cover credits include “Harper’s Bazaar,” “Perfect,” “Re-Edition” and “The Wall Street Journal Magazine.” Across the industry, she has styled campaigns for Michael Kors, Calvin Klein, Victoria’s Secret, Rhode, Coach and on the runway worked with Etro, Altuzarra, Moschino, Torishéju and Nanushka. Recently, Karefa-Johnson styled New York’s mayor, Zohran Mamdani , and his wife, Rama Duwaji , for the couple’s inauguration looks this past January. Depop was most recently acquired by eBay in February for $1.2 billion in a cash deal. Sign up for WWD news straight to your inbox every day",https://wwd.com/wp-content/uploads/2026/03/GettyImages-2056877445-1.jpg?crop=0px%2C844px%2C3546px%2C1983px&resize=1000%2C563
"Apr 19, 2026 @ 10:07:10.799",3bdbaa10f1bb3185bccc52e700c5f8ca,https://wwd.com/fashion-news/fashion-scoops/hermes-chapter-two-womens-fall-winter-2026-collection-los-angeles-1238673648/,Hermès Heads to Los Angeles for Chapter Two of Women’s Fall 2026 Collection,"It's the third iteration of Chapter Two shows, the first two being in New York and Shanghai.",Lisa Lockwood,2026-03-13T14:00:00+00:00,"Hermès has revealed that the second chapter of the women’s fall 2026 collection will be presented in Los Angeles on June 4. This marks the third iteration of the Chapter Two presentations conceived by Nadege Vanhée, artistic director of women’s ready-to-wear. The first time was in New York in June 2024 and the second took place in Shanghai in June 2025 — expanding its story, connecting with different global audiences and creating another fashion moment. Set against the dazzling Pudong skyline, the Shanghai fall 2025 runway show was a playful study in modularity and function. The elevated runway stage, an orange superstructure that unfolded along the 3,200-foot waterfront, seated around 800 guests, including global press, celebrities, influencers and VIP customers. After the show, the stage was transformed into a party venue. For its New York show, Hermès took over New York City’s Pier 36 to debut the second chapter of its fall 2024 collection, which zigzagged between French traditional and New York eclectic. The collection connected the Paris runway’s proposals — inspired by the idea of riding, both traditional horseback riding and more rebellious motor bike riding — to the eclectic colorful vibe of New York. On March 7, Hermès presented Chapter One of its fall 2026 collection during Paris Fashion Week, creating a maze of a runway twisting through a landscape of soft moss and green undergrowth and recreated a dark blue sky inside the east building belonging to the Garde Republicaine, the French army division that protects the president and government. Models streamed out of the backstage and around the twisty catwalk wearing sporty clothing meant for an evening of outdoor exploration. To be continued in L.A. Sign up for WWD news straight to your inbox every day",https://wwd.com/wp-content/uploads/2026/03/Unknown.png?crop=0px%2C22px%2C551px%2C308px&resize=1000%2C563
"Apr 19, 2026 @ 10:07:11.594",bed1fb6737a4c467e99dcd99d881d3d6,https://wwd.com/business-news/retail/issey-miyake-madison-avenue-store-may-8-1238890848/,Issey Miyake to Open Madison Avenue Flagship on May 8,The Issey Miyake store will be located in the historic New York Life Building on 26th Street.,Jean E. Palmieri,2026-04-15T11:00:00+00:00,"Issey Miyake is about to make a move onto Madison Avenue . On May 8, the Japanese fashion brand will open a flagship at 45 Madison Avenue on the corner of 26th Street. The store will be located on the ground floor of the historic Cass Gilbert-designed New York Life Building and will span 13,000 square feet overlooking Madison Square Park. The two-level space will be designed by New York-based architecture firm, Solid Objectives Idenburg Liu. At the center will be a transparent staircase constructed from large-format structural glass. Elements of the historic building’s Beaux-Arts structure have been exposed and are complemented by new custom aluminum and stainless-steel surfaces and fixtures. Expansive windows along three sides of the store let in natural light and provide views of the park and surrounding area. A titanium panel is displayed within the space, a nod to the friendship between the late Frank Gehry and Issey Miyake , and glass wall panels from the company’s recently closed TriBeCa flagship have been transformed into tables for accessories and folded items. At the rear of the store, a dedicated gallery space named Mado will host rotating exhibitions, brand collaborations and special projects throughout the year. Mado, which means “window” in Japanese, is the first gallery space within an Issey Miyake store outside Japan. The store will carry the Issey Miyake, IM Men, 132 5., Homme Plisse, A-Poc Able, Me, HaaT and Good Goods lines in addition to fragrances, watches, eyewear and footwear. To celebrate the opening, a selection of exclusive items will be available only at the Madison Avenue flagship. They will include Folding Coat, a limited-edition coat with a hand-pressed Rakkan artwork of Issey Miyake; Unbound Hat, a handmade piece created from abaca fiber, and Shade and Shaded_NY, a pleated collection consisting of two dresses, a skirt and a top. (Rakkan refers to the signature and/or seal applied to artwork by the artist to mark its completion, typically found on traditional Japanese paintings and calligraphy.) To introduce the store to the public, a special campaign will be launched for the opening featuring the Shade and Shaded_NY dress and Folding Coat along with New York-specific images including an apple, a martini and a yellow taxi. Sign up for WWD news straight to your inbox every day",https://wwd.com/wp-content/uploads/2026/04/2.-Entry-Centered.jpg?w=1000&h=563&crop=1
"Apr 19, 2026 @ 10:07:11.611",af4a92f85abd2606d4ee8ee0eeec7d66,https://wwd.com/fashion-news/fashion-scoops/sarabande-what-now-new-york-2026-1238920012/,Sarabande Brings Back ‘What Now?’ to New York,"Sarabande's ""What Now?"" event in NYC helps students and grads connect with industry pros. Free registration now open for May 8 at The Standard, High Line.",James Manso,2026-04-17T16:54:37+00:00,"Sarabande is coming back to New York. The foundation started by Lee Alexander McQueen is reprising its “What Now?” event in the city, which connects recent graduates, students and more with present-day professionals. It will take place at The Standard, High Line in New York’s Meatpacking District on May 8. While free of charge, attendees can register for the event on Eventbrite. “Creative careers rarely follow a straight line, and breaking into the fashion industry in particular isn’t always straightforward. There’s a common misconception that the only path after studying fashion or the arts is to become a designer or launch your own label, when in reality the creative industries offer a vast range of roles and opportunities,” Trino Verkade , director of Sarabande, said in a statement. “‘What Now?’ was created to help young people see the breadth of those possibilities and connect them directly with the professionals who can help guide those first steps.” Participating companies for the 2026 iteration include Marc Jacobs, Khaite and J.Crew. In 2025, the event attracted 68 participants from Thom Browne , Coach, WWD, Hermès, Dazed and more, with hundreds of attendees. The event joins Sarabande’s other efforts to bolster new talent, which include scholarships, subsidized studio spaces and more. As Verkade acknowledged to WWD in 2024, the rate of change is only creating more opportunity for entry-level employees, although it can be difficult to keep pace with. “A large part of this event was to really point out that things keep changing so quickly. There are new jobs that did not exist five years ago,” Verkade said. “Colleges are not equipped to be on top of these roles and to help people navigate what the industry is looking like now. That’s why it’s really important to get the brands here to say, ‘I need people who can do this right now,’” Verkade said. “It’s not as though they need everybody to be pattern cutters, but they may need somebody [to become] a pattern maker,” she added. Sign up for WWD news straight to your inbox every day",https://wwd.com/wp-content/uploads/2026/04/WHATNOWPOSTER2026.jpg?crop=0px%2C1281px%2C2477px%2C1387px&resize=1000%2C563
"Apr 19, 2026 @ 10:07:11.630",b73a6643056049c5006ab1ba1103cd33,https://wwd.com/fashion-news/fashion-features/fgi-rising-star-awards-2026-winners-mindy-grossman-1238920051/,"Nicole Miller, Coco Rocha, Bibhu Mohapatra and More Celebrate FGI’s 2026 Rising Stars","Fashion Group International hosted the 30th annual Rising Star Awards on Thursday, where Mindy Grossman was honored with a lifetime achievement award.",Stephen Garner,2026-04-17T17:07:43+00:00,"Spirits were high on Thursday afternoon for the milestone 30th anniversary of Fashion Group International ’s Rising Star Awards. Presenters like designer Nicole Miller , Bibhu Mohapatra and Fashion Institute of Technology president Jason Schupbach all offered an audience full of up-and-comers encouragement and advice at the annual luncheon, held at 583 Park Avenue. Also in attendance were Fern Mallis, Ken Downing, Marylou Luther, Bach Mai, Carlos Campos, Kate Barton and other designers and fashion executives. Supermodel Coco Rocha kicked off the celebrations acknowledging to the room that no one got to where they are in their careers without a little help. “We all rose because someone believed in us, guided us, and gave us a chance,” Rocha said. “The FGI Rising Star Awards recognize those rising stars who are doing just that, bringing fresh ideas, new perspectives, and an undeniable passion to everything they create.” Before receiving the 2026 Lifetime Achievement award, Mindy Grossman , partner and vice chair of Consello and longtime industry veteran, told WWD that the accolade was a “true honor.” “This really means a lot to me,” Grossman said. “I truly believe that the reason I’ve been successful is that I’ve focused my career on making other people successful. Be it developing talent, developing relationships, being an advocate for people, or giving them opportunities before sometimes even they think they’re ready. So, to be recognized, not just for the impact of what I may have done in business, but also for what I’ve really tried to do for the next generation, that’s what FGI is about, and it’s an honor to be recognized.” Designer Jeffrey Banks, who hired Grossman as a junior salesperson when she was just 21 years old, presented her with the award. “Since I first met this remarkable woman, I have always known that she would be a raging success in whatever she decided to do,” Banks said. “And I’m delighted to say, I was right.” Grossman, who received the award in recognition of her leadership and lasting influence on the retail and fashion industries, recalled how some of the legends that she worked for in her career, including Banks, Willi Smith, Tommy Hilfiger, Phil Knight and Oprah Winfrey, all taught her that leadership isn’t about power, it’s about purpose and the impact that you have on others. “These lessons emboldened me to take risks, to always stand up for my values, to prioritize a culture of belonging and to embrace transformation,” Grossman said. “And I’ve also learned that we are never truly done. Every chapter, no matter how successful, is just the beginning of what’s next. So, to the rising stars, congratulations. Your voice, your perspective and your courage to challenge what’s next is exactly what this industry needs.” Artist and designer Ruben Toledo, the husband of the late Isabel Toledo, paid tribute to his wife’s memory in an inspired and heartfelt address that reflected on creativity, legacy and the importance of community in supporting the next generation of talent. “I’m really here because of my wife, who I lost, unfortunately, a few years ago,” Toledo said lovingly. “It’s actually more than a few years ago, but I’m trying to control time. I don’t want to let go. And unfortunately, we artists and creators have this ability where we think we can control everything, but we can’t.” Toledo went on to give everyone insight into life lessons he’s absorbed along the way. “Take a good look around the room,” he told all of the rising stars. “Take a good look around the people at your table. These are the folks you’re going to be seeing coming and going for the next two or three decades. So, get to know them now and start building a community. That’s what it’s all about.” As for the rising stars, awards were presented across categories spanning apparel, accessories, beauty, jewelry and sustainability. Presented in partnership with Simon G. Jewelry, the jewelry categories highlighted emerging voices in fine and fashion jewelry design. In the fashion jewelry category, Ashley Moubayed of Don’t Let Disco wasn’t prepared to win. “I’ve been in rooms like this before,” Moubayed said to the audience. “I typically would prepare remarks just in case if I won, but I never did. So I wasn’t going to write anything for this event, but I read my horoscope the other day that said a ‘surprise win’ was coming to me, so I thought I’d come prepared.” Jamie Books of Mason and Books was just as surprised for her win in the fine jewelry category. Schupbach took the stage to present the sustainability award to FIT alum Chuks Collins, while designer Nicole Miller presented the accessories award to Erin Saluti of handbag brand Eittem and Sarah Fiszel and Maxwell Federbush of footwear label Brave Pudding . MAC Cosmetics’ Romero Jennings presented the beauty award to Ashunta Sheriff-Kendricks of Ashunta, who made several clever jokes including a message to all the first-time nominees in the crowd. “This is my second time being nominated for this award,” she quipped. “So, don’t give up. Second time’s the charm, just like my marriage.” In eveningwear, designer Mohapatra presented the award to Jeanette Limas of Jeanette Limas Studio, who reflected on her admiration of Mallis. “Fern, you make me so nervous,” she said with a smile. “Back when I was studying in the Dominican Republic, we spent two days learning all about you in my class. I always wondered what it would be like to meet you but didn’t think that would happen. Now, every time I see you, I get nervous…so now you know why.” Finally, designer Frederick Anderson presented the last awards of the afternoon for fashion apparel: ready-to-wear, but not before calling out Saks and Neiman Marcus . “When Saks and Neiman’s fails, we all need to be ready for what’s next,” he declared to the audience. “Sometimes things just need to be said.” The category winners included Wangda Chen of Wàngda for menswear and Aiste Hong for womenswear. Additional special honors included the Hilldun Business Innovation Award, presented to Justin Abrams by Joshua Kapelman; the inaugural Media Impact Award presented to Bravo’s “Summer House” alum Paige DeSorbo by Sally Holmes, editor in chief of InStyle Magazine; and the Macy’s Future Fashion Award presented to Michaela Hahn by previous honoree and current Macy’s assistant buyer, Fatmata Camara. The FGI Rising Star Awards continue to serve as a platform for designers and entrepreneurs shaping the future of the industry. Past honorees include Tory Burch, Jason Wu, Brandon Maxwell, Phillip Lim and the founders of Rent the Runway. “As we mark 30 years of the Rising Star Awards, what stands out is not only the talent we celebrate, but the enduring role of community in shaping the future of our industry,” FGI president and chief executive officer Maryanne Grisz said. “This year’s honorees reflect a new generation of leaders whose creativity and vision are already influencing the global fashion landscape.” Sign up for WWD news straight to your inbox every day",https://wwd.com/wp-content/uploads/2026/04/2271695746.jpg?w=1000&h=563&crop=1
"Apr 19, 2026 @ 10:07:11.645",71983e958a3a5a974a39eb2c77aeb171,https://wwd.com/footwear-news/shoe-trends/teyana-taylor-victoria-beckhams-croc-boots-tiffany-event-1238919924/,Teyana Taylor Soars With Victoria Beckham’s Edgy Thigh-high Boots at Tiffany & Co.’s Event,Teyana Taylor attended Tiffany & Co.'s celebration for the launch of Blue Book 2026: Hidden Garden at Park Avenue Armory on Thursday in New York City.,Karla Rodriguez,2026-04-17T14:32:11+00:00,"Winter might be over, but Teyana Taylor is still holding on to her boots. The “One Battler After Another” star joined Tiffany & Co. to celebrate the launch of “ Blue Book 2026: Hidden Garden ” jewelry collection at Park Avenue Armory on Thursday in New York City in a head-turning pair of Victoria Beckham ‘s edgiest boots. She opted for the Victoria Beckham Croc-effect Leather Platform Knee-High style in a burgundy-bordeaux hue, from the Victoria Beckham fall 2023 collection. The boots are made with high-shine crocodile-embossed leather. They command attention thanks to their sharply pointed toe and the bold, substantial 2.1-inch platform that lends a striking silhouette. The platform also helps balance the heel and sets it apart from the usual heeled boot. The knee-high boots were designed with a pull-on design. The boots feature a wedge-like sculptural heel with an arch that connects the 5.7-inch curved heel to the sole. The heel is characterized by an extreme architectural silhouette, often referred to as a sculpted wedge or cantilevered heel. The design creates a sharp, negative space beneath the arch that mirrors the V-shape often found in the brand’s pointed-toe designs. Instead of a traditional separate heel, the structure flows from the platform in a continuous, curved wedge shape that tapers toward the ground. The designer no longer offers the boots, but they are available on luxury fashion retail websites. Taylor wore the boots with an oversized Calvin Klein Fall 2025 coat, styling it by wearing it off the shoulders. She accessorized with a Tiffany & Co. Blue Book 2026 High Jewelry Collection necklace. She warmed the look with a ginger-copper red Pixie-cut hair, which she styled in soft waves. Tiffany & Co. celebrated the launch of its new jewelry collection with a long list of celebrity attendees, including Mariah Carey, Naomi Watts, Greta Lee, Connor Storrie, Amanda Seyfried and more. See all the best red carpet looks at the event by scrolling through the gallery below.",https://wwd.com/wp-content/uploads/2026/04/teyana-taylor-boots-1.jpg?w=1000&h=563&crop=1
"Apr 19, 2026 @ 10:07:12.419",7d4367bcde5d5a712387190e26fb98f5,https://wwd.com/fashion-news/designer-luxury/ralph-lauren-fall-2026-home-collection-connection-fashion-home-1238912330/,"Ralph Lauren to Open First Home Store in Milan, Unveils Fall Collection","Ralph Lauren's home collection, that will be shown during Milan Design Week, take a cinematic approach to design.",Lisa Lockwood,2026-04-17T04:01:00+00:00,"As Ralph Lauren gets ready to unveil its latest Home Collection during Milan Design Week, the company has revealed plans to open its first home store in the Italian city this fall. The fall 2026 Home Collection will be unveiled at a cocktail party Monday night and introduces Saddlebrook and Sterling Square, which offer a glimpse into the breadth of Lauren’s signature lifestyles — from his love of artisanal craftsmanship to his artful layering and pairing of the unexpected. For the first time at Milan Design Week, models moving though the brand’s Milan palazzo will be dressed in Women’s Collection and Purple Label menswear, as fashion connects home and hospitality to bring the complete world of Ralph Lauren to life.  Lauren first introduced an all-encompassing home collection in 1983. “My vision for living has always been about creating a beautiful, moving story where the clothes we wear and homes we live in are part of the same dream. We may live and dress differently whether in the city or the countryside but the spirit is the same. It’s about the adventure of living a life that inspires us to explore and express our individuality in the way we live each day,” said Ralph Lauren . The first Ralph Lauren Home store will be located on the historic Via della Spiga. The 6,500-square-foot store’s opening will mark a defining chapter for Ralph Lauren Home, while expanding the designer’s world across fashion, home, beauty and hospitality. The store will showcase Lauren’s lifestyle collections in immersive environments evoking the designer’s cinematic vision. Set behind a traditional Milanese facade, the store is drawn from Victorian and Neoclassical architecture. There will be dedicated galleries for furniture and lighting, fabrics and wall coverings, floor coverings, home accessories, and a stand-alone luxury bed linen shop. A design studio will be able to create bespoke interiors and an array of customization services for design professionals and enthusiasts. The two-level store also marks a milestone for Ralph Lauren Home, serving as the inaugural location in a strategic global expansion of freestanding units for the category. Located in the heart of Milan’s prestigious “Quadrilateral della Moda,” the home store will join the Via della Spiga flagship featuring men’s, women’s and Double RL collections and Ralph’s Bar, and a separate children’s store. The shopping district is characterized by cobblestone streets and traditional Milanese architecture. In an interview this week, David Lauren, chief branding and innovation officer of Ralph Lauren, spoke about why the company chose Milan, the design capital of the world, for its first home store, and the importance of showing at Salone del Mobile. “The home business for us has been a really important business, but it deserves a lot more love,” he said. “We’re very excited about its growth opportunities. We’ve spent the last few years exploring what we think the home business can be and look like, and now that we’ve reset the company, and the momentum is really great, and our Polo women’s business has grown significantly, and all of our businesses are performing as we want in each region, our real focus is towards solidifying the lifestyle aspect of the company, which is really our home business,” said Lauren. For the last several years, the company has been part of Salone del Mobile, “and it’s been an incredible opportunity to bring the home brand to life,” said Lauren. “There’s a very loyal customer who really understands the craftsmanship and the quality of Ralph Lauren, and it just felt like a wonderful place to do it because we’ve been building this unique relationship through Salone,” he said. Lauren explained that they now have a full story to tell. “In Milan, we’ve opened a restaurant and a beautiful store that has all of our Collection and Polo products. We’ve now opened a children’s business on that same beautiful street. It feels very appropriate and necessary to bring to life our home business so that you can see the entire world of Ralph,” said Lauren. The home store, which will be designed by Lauren’s in-house team, was formerly occupied by Tiffany, which has relocated to a much larger store in Milan. Lauren said that they often describe their palazzo in Milan, which they’ve had for over 25 years, “as their home away from home.” Lauren said there’s no doubt that the world of Ralph Lauren needs to be seen in its totality in the city of Milan. Select Ralph Lauren flagships — such as New York, Chicago, Beverly Hills and London — carry the complete Ralph Lauren Home collection, and there are dedicated Ralph Lauren Home Furnishings galleries that showcase the breadth of the furnishings categories (furniture, lighting, fabrics, wall coverings and floor coverings) at the New York Design Center and the Design Centre, Chelsea Harbour in London. Ralph Lauren Home is also available at department stores around the world including Bloomingdale’s, Harrods, KaDeWe, Takashimaya and Le Bon Marché, as well as select specialty retailers. The complete Ralph Lauren Home offering is also available on RalphLauren.com. Asked if home is becoming the next frontier in terms of luxury storytelling, Lauren said, “You know, my father has never looked at this brand as being about a shirt or about a dress. It has always been about the way in which you live.” He said his father has always inspired the dream of a better life through authenticity and timeless style. “The purpose of our company is for people to understand the breadth and depth of living. And you buy the shirt or you buy the bed because you want to be a part of that dream of a better life,” said Lauren. The home business also fits into Lauren’s strategy to attract a younger customer. “I think the whole company has been successfully attracting younger customers, and we’ve talked about that on our investment calls. Whether it was through Polo men’s or women’s, or even through our Collection businesses, we are seeing many younger customers coming in, and they are all demanding home. So we feel like the business opportunity is already there, and now it’s about fulfilling that demand,” said Lauren. He said when his father was building a store, he was building a home. “Madison Avenue was always meant to be a home. You were stepping into someone’s home and this is how they lived. And long before he had restaurants or coffee, we were serving food and coffee in that environment to give you that dream,” said Lauren. According to Lauren, home is something the customer wants more than anything. “What trended on social media through the holidays was Ralph Lauren Home, it was Ralph Lauren Christmas. It’s millions and millions of people posting how to decorate their tables for the holiday season and how to decorate a Christmas tree in a Ralph Lauren way, and how to furnish your home for the holidays. So we are seeing that the consumer is fully engaged in the dream, and now we have to do a much more aggressive job of bringing the products and the stores to our consumers,” said Lauren. Asked how Lauren’s home business is positioned against some of the established European luxury design houses in home, Lauren said, “I think we’re doing what we do better than anyone, which is enveloping people in a very sophisticated world and a variety of worlds. The thing about Ralph Lauren is last season we took you into mountain living and then we took you to Wimbledon sport lifestyle, and then we take you to Bedford Estates and then we took you to the Hamptons the year before that. We’re constantly reinventing the Ralph Lauren dream, but what is consistent is the quality and the craftsmanship and our philosophy.” Lauren sees tremendous benefits to showing at Salone from a global standpoint. “First of all, it is fashion week for the home customer. It’s an incredible group of people, many of whom are the world’s greatest home designers and home collectors and home decorators, as well as many fashion insiders and influencers and all kinds of voices from around the world.” He said it’s interesting because you’re learning about the size and the power of the home industry. “And it happens to have an incredible group of quality customers and quality designers,” he said. On view at the palazzo will be the Saddlebrook collection, which embraces the heritage of a treasured family home with the ease of modern living. There are oak-paneled walls draped in leopard and dark blue velvets, amber jacquard florals, and aubergine tapestries that create a sanctuary for warm gatherings. The furniture silhouettes are made in Italy and offer a modern vision of heirloom quality pieces. Styles include the oak wood Beacon bar cabinet, featuring both brutalist and Art Deco influences; the Biedermeier-inspired Parlor dining table crafted from swirl and crown mahogany in a bleached finish, and the Neoclassical-inspired Marquise cocktail table with a tooled leather-wrapped tray atop a cast bronze base. Offerings range from finely upholstered furnishings to throw pillows and drapery in an array of fabric by the yard in hues of umber, onyx, deep blue and loden. The curved Lloyd sofa offers the illusion of a slipcovered silhouette in a slate green, while the Georgian-style Saddlebrook four-poster bed is crafted from bleached mahogany and a black horsehair headboard woven with traditional 19th-century techniques. Accents include tapestry-inspired florals, leopard, velvet and wool plaids and ticking stripes. Lighting, home accessories and bed linens round out the offerings. Lighting silhouettes are available in aged brass, lustrous silver and glazed ceramic finishes which include the hand-painted blue and white Halpern table lamp with wildflower motifs and the sweeping iron Whitlock chandelier, inspired by the rhododendron tree. Entertaining pieces include the floral motif Isabella dinnerware, inspired by Chantilly porcelain and decorative accessories that feature the watercolor patterned Pyrce lacquer frames and boxes in emerald green. For bedding, there’s sateen Alistair bed linens framed with an openwork lace border with a teal Luisa floral jacquard duvet and shams and patchwork velvet Rosa European sham in midnight black. The Saddlebrook Collection is complemented by artwork from Clare Potter commissioned by Ralph Lauren Home featuring delicate floral arrangements made from porcelain clay with a modern take on 18th century European techniques. The journey continues with Sterling Square — a sophisticated city penthouse. Here, grand columns and sweeping drapery are set against plaster and parchment walls which reveal a cosmopolitan escape with Art Deco-era influences, modern furnishings and a palette of cream, celadon and camel. Furnishings, such as the mahogany framed Côte d’Azur bed upholstered in a camel velvet and the 1930s-inspired Duke dresser in a piano black lacquer finish, are complemented by a Bristol cocktail table with its patina-ed silver-plated frame and Art Deco-style geometric motifs and the bleach mahogany Hammond desk. Tailored stripes, textured linens, and velvets cover upholstered furnishings and accent the surroundings. Lighting ranges from the polished nickel Bexley table lamp inspired by 1930s French vases to the circular Belmore sconce featuring an alabaster shade and Art Deco style ribbed clip. Home accessories, crafted as keepsakes, feature the handmade Madeline straw marquetry box in peacock blue and Katherine lacquer turquoise picture frames. The Alistair sateen bed Iinens are paired with a cashmere bed blanket and shams. The Sterling Square Collection highlights the Eastman pewter accessories made in partnership with the English Pewter company, and the cashmere Equestrian Stadium throw blankets are woven by the historical Scottish wool mill Johnsons of Elgin. Explaining why Ralph Lauren will be showing pieces from the Women’s Collection and Purple Label along with the Home Collection throughout the week, Lauren said, “First of all, it’s unusual that a fashion designer is also a home designer. And my father has often said that he dresses a bed the same way he dresses a man or a woman. “If you look at our collections over the years, you often see that a Collection gown, jacket or shirt is often turned into a sheet, a blanket or a duvet. Ralph Lauren has done many signature looks that have walked the runway. He has transformed them into his home furnishings. There is a through line in his design philosophy and style that finds its way back and forth between his collections for men and women and his home decor. “And that’s one of the things that distinguishes Ralph Lauren,” said Lauren. “The second thing is that it’s never just about showing you an empty room. Ralph Lauren is showing you how people live in that room. It’s got to be lived-in, it’s got to be loved. It’s got to have a back story. It has to have a sense of optimism and personality and bringing the models in, bringing what we call characters, not models, into this, helps us explain what the sensibility is about. It’s not just a room, it’s a way of living.” Sign up for WWD news straight to your inbox every day",https://wwd.com/wp-content/uploads/2026/04/ralph-lauren-salone-2026-SM-03.jpg?crop=0px%2C814px%2C1332px%2C747px&resize=1000%2C563
"Apr 19, 2026 @ 10:07:12.443",ab92817d10ccdde19e43242e8681f2f0,https://wwd.com/fashion-news/fashion-features/ciao-lucia-first-store-abbot-kinney-venice-retail-1238918776/,Ciao Lucia Opens First Store on Abbot Kinney in Venice Amid Growth,"Ciao Lucia, worn by Gigi Hadid, Kendall Jenner and Hailey Bieber, is opening its first store on Abbot Kinney in Venice as it tests physical retail.",Ryma Chikhoune,2026-04-17T04:01:00+00:00,"Ciao Lucia is stepping into physical retail with the launch of its first temporary store, a 600-square-foot space on Abbot Kinney Boulevard in Venice, Los Angeles , building on a series of shorter-term pop-ups and trunk shows. The move is about deepening its relationship with its customers, said founder Lucy Akin, who launched the brand in June 2017 after years as a boutique owner and buyer in Los Angeles . “We’ve been organically growing,” she said. “I’ve never taken on outside investment, so we’re just growing via profit.” Ciao Lucia has remained profitable since Year Two, continuing to post seven-figure year-over-year gains, with direct-to-consumer sales up 20 percent and wholesale deliveries doubling. Dresses, rooted in a romantic, travel-driven sensibility inspired by vintage Italian cinema and French New Wave, account for roughly 75 percent of sales, while knitwear has emerged as the fastest-growing category. The company is tracking toward approximately 45 percent growth in 2026. Production shifted from L.A. to India and China, enabling the brand to scale while expanding into more detailed categories like knitwear and embroidery, Akin said, adding that tariffs were “definitely a curveball” and that the company “moved our production around” to manage the impact. “What’s really remained amazing is our core clientele has just kept coming back to the brand every season,” said Akin. Nearly half of the brand’s customers are repeat shoppers. The loyalty has been built through social media marketing, word-of-mouth, exposure from HBO hit “The White Lotus,” and a roster of high-profile fans including Gigi Hadid , Kaia Gerber, Kendall Jenner , Hailey Bieber , Emily Ratajkowski and Irina Shayk. The temporary store, which will run for approximately six months at 1410 Abbot Kinney Boulevard with the potential to extend beyond its initial term, serves as a brand expression and a learning tool. “It’s just so much fun to apply the Ciao Lucia brand to a physical space,” Akin said. The store will translate the brand’s cinematic, escapist identity into an immersive environment, with exclusive products like a curated “travel kit” featuring branded essentials. The choice of Abbot Kinney aligns with the brand’s strategy, with Akin pointing to the area’s strong foot traffic and proximity to complementary brands and beachside culture. “Location is everything,” she said. “We just knew that we needed to do something in spring and summer where it’s the most popular time for the brand,” said Marla Toplitzky, brand president at Ciao Lucia, who joined about a year ago to help drive growth and expansion. The new space serves as a test for the brand as it evaluates future retail opportunities. With New York as its top market and San Francisco emerging as a stronghold, Ciao Lucia is mapping out where a physical presence could resonate next. “We’re really open to anything,” Akin said. “It’s definitely a goal to keep trying more physical retail.” Sign up for WWD news straight to your inbox every day",https://wwd.com/wp-content/uploads/2026/04/c988c15e-1278-4d9f-bed7-b7ce60575cc8.jpeg?crop=0px%2C126px%2C853px%2C478px&resize=1000%2C563
"Apr 19, 2026 @ 10:07:12.466",15b6f90d06c0ea101a8f18b20d1ad52d,https://wwd.com/fashion-news/fashion-scoops/fourlaps-daniel-shapiro-jcpenney-dmm-mens-young-mens-1238920464/,"Fourlaps Founder Daniel Shapiro Joins JCPenney as DMM of Men’s, Young Men’s","Before starting the preppy inspired active brand, Fourlaps, Shapiro had worked for American Eagle and Gap.",Jean E. Palmieri,2026-04-17T20:44:12+00:00,"Daniel Shapiro, the founder of Fourlaps, has got a new gig, joining JCPenney as vice president, divisional merchandise manager of men ’s and young men ’s. He will report to Jo Osbourne, senior vice president and general merchandise manager overseeing men’s and women’s apparel, footwear, handbags, accessories, intimates, sleepwear active and team sports, swimwear and outerwear for the Texas-based department store. Shapiro has an extensive résumé in the apparel industry. He started his career at Gap ’s outlet division before becoming an assistant merchandiser of men’s denim. He moved up the ranks at the San Francisco-based company, eventually becoming a senior merchant for Old Navy before leaving to join American Eagle Outfitters. He then returned to Gap for another year before launching Fourlaps in 2014. Fourlaps , which was a performance men’s and women’s athletic brand, was named after the number of laps it takes to run a mile on a track. Its claim to fame was its preppy aesthetic, inspired by Ivy League athletes. Although the brand grew to become a $9 million business with wholesale accounts that included Bloomingdale’s, Nordstrom, REI and Equinox and a successful co-branded collection with Peloton, Shapiro sold the business in 2024. It has subsequently been closed. Shapiro said transitioning from entrepreneurship back to the corporate world is not without its challenges, and those challenges were heightened by joining a new company in a new city, with a new rhythm. But, he said: “This role gives me the opportunity to lead one of the largest men’s businesses in the country, and I couldn’t be more energized by what’s ahead. Over the course of my career, I’ve had the opportunity to learn through growth, risk, wins, setbacks and reinvention. Building my own business shaped me in ways I’ll carry with me forever, and I’m grateful for every lesson that came with it. Now, I’m excited to bring those experiences into this next chapter — helping grow the men’s business, building strong teams, and contributing to the future of an iconic company. I’m excited to be part of [Penney’s chief executive officer] Michelle DeMartini Wlazlo’s organization.” In 2025, JCPenney became part of Catalyst Brands, a partnership between Simon Property Group, Brookfield Corp., Authentic Brands Group and Shein that was formed by the merger of SPARC Group and JC Penney. SPARC owns Lucky Brand, Aeropostale, Nautica, Eddie Bauer and Brooks Brothers. Sign up for WWD news straight to your inbox every day",https://wwd.com/wp-content/uploads/2020/07/jc-penney-008-1.jpg?w=640&h=415&crop=1
"Apr 19, 2026 @ 10:07:12.489",c40696c1c1e4c60aa6edba588c47c14e,https://wwd.com/fashion-news/fashion-features/amanda-wakeley-juggles-new-design-career-book-youtube-style-1238918898/,"Amanda Wakeley Juggles a New Design Career, Her First Book and a Style Series on YouTube","The designer, who shut her fashion label in 2021, has embarked on a new creative chapter, mining her archives and doling out fashion and style advice.",Samantha Conti,2026-04-16T20:20:11+00:00,"LONDON — Amanda Wakeley is back in fashion with a new collection that will land at John Lewis stores in the U.K. on Tuesday, and a book about style that’s set to be released in late June. The John Lewis collection is Wakeley’s first foray into fashion after winding down her eponymous label in 2021 after 30 years in business. During her long career in fashion, the designer was a London Fashion Week stalwart with stores, concessions and a roster of red carpet clients ranging from Princess Diana, Kate Middleton and Meghan Markle to Angelina Jolie and Scarlett Johansson. The new collection is the fruit of a licensing partnership between Wakeley and Radius Brands, and will be available in 10 John Lewis stores. In an interview, Wakeley said she mined her archive to come up with laid-back, but still elegant, occasionwear for summer. “I feel there was a gap in the market for occasion dressing at this point in my life. These clothes are for women who don’t want to wear a floral frock, or a dress with a fitted bodice and a matching bolero jacket. I love my granny — but I don’t want to look like her when I go out. This is dressing when you want to be cool, chic and a little bit effortless — not so done,” said Wakeley. The 16-piece collection comes in rich jewel tones such as citrine, peridot and sapphire, and is full of fluid silhouettes and tailoring. Pieces include a bias-cut satin and lace slipdress; the designer’s signature Air silk wrap shirt; an easy, oversized suit with wide-leg trousers, and a languid top and trousers with a paisley print. Prices range from 350 pounds for the Air silk shirt to 395 pounds for the slipdress. Wakeley, who owns the intellectual property of the business, said she had always wanted to experiment with licensing. She was also wanted this collection to be accessibly priced, but not mass, and pitched to a wider audience than in the past. She said John Lewis has already confirmed late summer and autumn drops, which will include her signature cashmere and satin sweaters and other archive pieces. She said she wants to continue building the collections and forge a long-term partnership with the store. Before Wakeley shuttered her brand in the dark days of lockdown, she was stocking ready-to-wear, eveningwear, bridal, accessories and had a customization area where shoppers could add stripes, patches and other embellishments to trousers, jackets and coats. She said she wasn’t ready to return to design, until now. “It was too traumatic — I was designing for so long, and felt spent of creativity,” said the designer, who after a year of rest and reflection started a podcast called Style DNA, where she interviews creatives and entrepreneurs from fashion, beauty, entertainment and lifestyle. Past guests have included Trinny Woodall , Clare Waight Keller and James Blunt. The podcast is going into its 11th season, and she’s just interviewed Val Garland . Wakeley also writes a newsletter to go with the podcast where she talks about the interviews, what’s on her mind and her thoughts on fashion. She also makes money from affiliate links on the site. Her new book, “Style DNA: How to Dress with Confidence,” will be published at the end of June, and Wakeley said it’s a compilation of all she’s learned about personal style, how to discover and embrace it. “It’s not about rules, or about body shapes but about finding your own style and wearing clothes that make you feel good,” said Wakeley, adding the book also offers advice on wardrobe planning and editing, health and beauty. She also talks about “clothing as a cocooning armor, and how we send messages through what we wear.” “As women, we are not who we were 10 years ago — and we’ll be different 10 years from now. We change, and our bodies change. We have to embrace who we are,” right now, she said. She also has her own YouTube channel, and has teamed with the former glossy magazine editor Jo Elvin on a program called “Friday Night Fashion,” where they swing into high street stores, check out and critique the collections. “It’s all filmed on an iPhone, it’s very immediate and we’re building a very engaged following,” said Wakeley, adding that she’s having so much fun with her portfolio career. Unlike many other content creators, she also knows her way around a fashion collection, and is more than happy to talk about seams, shoulder shapes, lapel widths and fabric quality. She’s thrilled about her second act. “I had a blast in fashion, I loved it so much, but it was all-consuming I didn’t have a life. You couldn’t pay me to go back, and my gosh there are so many other chapters” to explore, she said. “I feel like the past 35 years have been building up to this moment. There is so much I have learned, so much to share. And I still want women to feel the best version of themselves,” she added. Sign up for WWD news straight to your inbox every day",https://wwd.com/wp-content/uploads/2026/04/John-Lewis-High-Summer-Campaign-Image-1.jpg?crop=0px%2C138px%2C8333px%2C4663px&resize=1000%2C563
"Apr 19, 2026 @ 10:07:13.159",c92a3225036de22bd3290f7f843f6e86,https://wwd.com/fashion-news/page/3/,Fashion,,,,,https://wwd.com/wp-content/themes/vip/pmc-wwd-2021/assets/app/icons/icon-512x512.png
"Apr 19, 2026 @ 10:07:13.231",cec88b7e1c400ffb492f15e5b6f8b41b,https://wwd.com/fashion-news/fashion-features/fendi-valentino-dolce-gabbana-brunello-cucinelli-documentary-1238917965/,"Fendi, Valentino and More Open Their Doors for New Made in Italy Documentary","Fendi, Valentino, Dolce & Gabbana, Brunello Cucinelli are among the luxury brands featured in a new documentary promoted by Italy’s fashion chamber CNMI.",Sandra Salibian,2026-04-16T14:51:18+00:00,"MILAN — Amid slumping fashion sales, supply chain scandals and the urge to attract and train a new generation of qualified workers, Italy ’s fashion chamber is upping its commitment to enhance the Made-in- Italy ecosystem as well as the narrative around the industry. On Wednesday evening, Camera Nazionale della Moda Italiana , or CNMI, released a documentary titled “Grand Tour. Viaggio attraverso le Accademie delle Arti e dei Mestieri, “ or “Grand Tour. A Journey Through the Academies of Arts and Crafts.” The documentary celebrates the training and generational hand-down of artisanal skills, involving a pool of fashion brands that have opened the doors of their academies for the occasion. These included the likes of Brioni, Brunello Cucinelli, Dolce & Gabbana, Fendi, Kiton, Tod’s, Valentino and the OTB Group. The 45-minute film premiered at the Teatro Lirico Giorgio Gaber theater in Milan to coincide with the national day dedicated to Made in Italy , which occurs on Leonardo da Vinci’s birthday. Before the screening, CNMI’s chairman Carlo Capasa stressed the importance of the project’s theme, which is centered around the training of new talents. “In the 17 th and 18 th century, all the intellectuals and artists used to come here to discover and learn more about culture in what was called the Grand Tour. Italy was an essential stop in their formative journey in the discovery of beauty,” Capasa said. “The heritage of Italian fashion lies not only in the excellence of what we produce but in our ability in passing down the know-how and ensure this generational continuity,” he continued. “We hope this documentary will encourage institutions to promote this model of open academies and to better narrate what lies behind this industry and how important this work can be for new generations,” he said, adding that the organization will also present bills around these topics in the coming days. Written and directed by Alessandro Manieri under the executive production of The Blink Fish, the documentary retraces a journey across Italy, dedicating a segment to each of the academies of the brands involved. Set within these label’s production facilities and led directly by company staff to favor a hands-on immersive learning experience, the academies offer highly specialized training courses to external students, some of which share their experience in the documentary. Interviews with teachers and mentors are also featured in the film to offer different perspectives on the main theme. While featuring academies in alphabetical order, the documentary efficiently conveys their variety as it spotlights different product categories. Segments dedicated to Brioni’s “Scuola di Alta Sartoria Nazareno Fonticoli,” Brunello Cucinelli’s “Scuole di Alto Artigianato Contemporaneo per le Arti e i Mestieri” and Kiton’s “Scuola di Alta Sartoria” shed a light on the art of tailoring, while the closing part focused on Valentino’s “Bottega dell’Arte” in Rome offered a glimpse of the behind-the-scene making of couture creations, showing how six students per year are trained for nine months by the brand’s atelier staff and former petites mains. In between, OTB’s “Scuola dei Mestieri” centered on product development, while Fendi’s “Istituto dei Mestieri di Eccellenza LVMH” and the “Bottega dei Mestieri” of Tod’s spotlighted the craft behind leather bags and footwear, respectively. Dolce & Gabbana’s segment highlighted its “Botteghe di Mestiere” and its more recent spin-off dedicated to jewelry- and watch-making, introduced in 2024 to complement the training project first launched in 2012. After the private premiere event in Milan, CNMI will stage an open-to-public screening of the documentary on Sunday at the auditorium of the MAXXI museum in Rome. On April 27, the film will be presented at the Goulandris Foundation in Athens, followed by a talk that will feature Capasa as one of the speakers. Before embarking on the international leg of the documentary’s promotion, the chairman will be busy with Milan Design Week as CNMI is enhancing its promotion of the city as a creative epicenter and fashion’s intersection with other fields. To this end, the organization has compiled a dedicated schedule highlighting the more than 50 presentations and activations fashion brands will stage during the event, which starts Monday and ends on April 26. Sign up for WWD news straight to your inbox every day",https://wwd.com/wp-content/uploads/2026/04/Still-stampa_Fendi_1-200000000.jpg?w=1000&h=563&crop=1
"Apr 19, 2026 @ 10:07:13.268",424cd3f2d9a10db4f6c90ed8c3ad8c0e,https://wwd.com/fashion-news/designer-luxury/kering-strategy-saint-laurent-balenciaga-bottega-1238918517/,Beyond Gucci: Kering’s Plans for Its Other Brands,"At Kering's Capital Markets Day in Florence, Kering CEO Luca de Meo outlined his ambitions — and action plans — for Saint Laurent, Bottega Veneta and Balenciaga.","Miles Socha,Luisa Zargani",2026-04-16T19:23:55+00:00,"While Gucci got the most airtime at Kering’s Capital Markets Day in Florence on Thursday, Kering chief executive officer Luca de Meo also outline his ambitions — and action plans — for other key fashion brands: Saint Laurent : Calling the house “part of fashion aristocracy,” the CEO said the goal is to “magnify what already makes the house unique” and leverage its “rich reservoir of icons,” which include Le Smoking, founder Yves Saint Laurent ‘s feminine take on the tuxedo. “The next chapter is how to reawaken and reinvigorate icons, to transform them into iconic products that go beyond fashion cycle, give them renewed visibility,” de Meo said, citing the recent relaunch of the Mombasa bag from the Tom Ford era as an example. It is now one of the top five selling lines in Saint Laurent boutiques. “In leather goods, these icon products should represent around 30 percent of revenues by 2030,” he said. The executive also spies significant potential in menswear and the ambition is to make men’s “a true pillar of the maison… We will more than double the segment.” Jewelry, especially costume jewelry, is seen as another growth engine, “with the business set to triple by 2030,” de Meo said. “In parallel, we are targeting a doubling of sales to VICs by 2030 to reach 25 percent, without alienating the aspirational clients. We have the objective to achieve more than 500 million euros of sales in entry-price categories.” There is also a plan to double Saint Laurent’s business in Asia by 2030 via increased marketing investments, a brand show in Asia and “more locally relevant communications.” Balenciaga : Lauding it as “one of the most distinctive houses in international luxury,” and a favorite of Gen Z, de Meo said that VICs already account for 25 percent of the business. “The next chapter is about channeling Balenciaga’s influence with confidence, and finding a stronger balance between categories and genders,” he said. He trumpeted year-to-date growth rates of more than 20 percent in leather goods, led by the hit Rodeo and City bags, with the new Bolero and 7 models coming on strong. The goal is to double Balenciaga’s leather goods business by 2030, and “scaling women’s as the primary engine of growth,” with women’s rtw also projected to double in size. The first reactions to the creative direction of Italian designer Pierpaolo Piccioli are “pretty encouraging.” “The priority now is discipline, evolution and protecting our legitimacy while reigniting the spirit of innovation that has always set this house apart,” he said. Meanwhile, the plan is to stoke Balenciaga’s cultural relevance “by activating the brand across seven cultural territories: TV series, music, sports, wellness, gaming, innovation and patrimony.” Bottega Veneta : De Meo touted the brand’s “global leadership in leather goods,” and said he plans to continue to emphasize that it is “firmly anchored in Venice,” eyeing the activation of partnerships in the Italian city to “elevate the communication impact and curate cultural partnerships.” The ambition is for Bottega Veneta to be one of the top 10 luxury brands in brand equity, he said. Among the goals he cited were to sharpen local resonance in Asia with a 10 percent increase in marketing; strengthen the brand’s leather goods and Intrecciato weave while extending the categories beyond this segment, expanding menswear, ready-to-wear and shoes and reinforce jewelry, both fine and costume; structure gifting and art-of-living to more than double the non-leather component, and increase VIC share by 50 percent by 2030. Asked about the potential arrival of a new CEO following the exit of Leo Rongone on April 1,  de Meo, who is overseeing the brand, said “we are moving in the right direction,” and that Bottega Veneta  can “attract talent.” Sign up for WWD news straight to your inbox every day",https://wwd.com/wp-content/uploads/2026/04/2026-04-16_CAPITAL-MARKETS-DAY_SHOWSPACE_SAINT-LAURENT-1.jpg?crop=0px%2C435px%2C2000px%2C1121px&resize=1000%2C563
"Apr 19, 2026 @ 10:07:13.331",6f6a40127f868be51f1ccb234764edd8,https://wwd.com/fashion-news/fashion-scoops/massimo-dutti-paris-pop-up-limited-edition-launch-1238918022/,Massimo Dutti Pushes Upmarket With Paris Pop-up,"Massimo Dutti's Paris pop-up showcases its Limited Edition line, blending fashion, design, and gastronomy for an elevated retail experience.",Rhonda Richford,2026-04-16T10:10:26+00:00,"PARIS — Massimo Dutti is stepping up its premium positioning with a new Paris pop-up , using design collaborations and an elevated product offer to sharpen its place within parent company Inditex ’s brand portfolio. Located at 7 rue Froissart in the Marais, the 10-day space, running from Friday to April 26, is dedicated to the label’s Limited Edition collection — positioned as its most upscale offer — and reflects a broader push toward experiential retail and lifestyle branding. The pop-up brings together a roster of collaborators spanning fashion, design and gastronomy, including Librairie Yvon Lambert, chef Rose Chalalai Singh and photographer Saskia Lawaks, alongside furniture curation by Galerie Jacques Lacoste and Galerie Patrick Seguin. Coffee from concept store Café Nuances and floral installations by Nina Charles further position the space as more than just shopping. The activation is part of Inditex ’s strategic shift toward immersive retail formats that elevate brand perception using the language of luxury brands. “The pop-up reflects the brand’s intention to reinforce the positioning of both Massimo Dutti and its Limited Edition collection through an experiential space,” a spokesperson for the company told WWD. It follows a similar initiative by sister brand Zara , which staged a pop-up during Paris Fashion Week featuring limited-edition objects from 50 collaborators showcased in an exhibition curated by Sarah Andelman, as Inditex looks to reposition its brands beyond fast fashion. Zara has also pushed even further up the fashion ladder by securing former Dior and Maison Margiela creative director John Galliano for a two-year design partnership, signaling even more elevated brand ambition. The Spanish company has increasingly sought to define differentiated brand identities to expand beyond its scale-driven model as it seeks to push its high-street labels upward. The initiative also highlights how Massimo Dutti is positioned within the group, which also includes the youth-skewing Bershka, Pull&Bear and Stradivarius, as well as the activewear-oriented Oysho. The brand draws on “accessible luxury” codes, but is still anchored in a fundamentally different pricing and distribution system, broadly using the same production partners as the wider Inditex roster. The Limited Edition line, released twice yearly, focuses on premium materials such as leather, silk and linen, and is framed by the brand as embodying “contemporary elegance” and “lasting relevance.” While the collection will roll out to selected stores and online following the launch, the Paris activation is designed to create visibility in a key fashion market and connect with a more elevated and fashion-forward audience. “More than a one-off project, this initiative is part of the brand’s broader ambition to continue shaping proposals that reinforce its positioning through product, quality and an enriching customer experience,” the spokesperson said. “While the Paris pop-up was conceived as a temporary activation tied to the launch of this edition, it reflects an understanding of the brand and its collections that extends far beyond a stand-alone initiative, underscoring its commitment to creating experiences and collaborations that add value and further elevate its universe,” they added. Sign up for WWD news straight to your inbox every day",https://wwd.com/wp-content/uploads/2026/04/260323_LIMITED_W_E02_0208_VERTICAL.jpg?crop=0px%2C574px%2C2000px%2C1119px&resize=1000%2C563
"Apr 19, 2026 @ 10:07:13.992",2da0fd0686b25af54897f0175ff101b8,https://wwd.com/fashion-news/fashion-features/cristobal-balenciaga-elsa-schiaparelli-couture-bonhams-paris-1238918009/,"Cristóbal Balenciaga, Elsa Schiaparelli Couture Designs Smash Estimates at Bonhams Paris Sale",Couture designs by 20th century fashion giants netted more than a million euros this week during a live auction at Bonhams Cornette de Saint Cyr.,Samantha Conti,2026-04-16T14:42:41+00:00,"A rare Cristóbal Balenciaga haute couture evening dress from fall 1951 stole the spotlight at an auction in Paris this week, selling for 95,650 euros, more than 19 times its pre-sale estimate. The black lace and silk design has a bustier top and a sheath skirt with a wide, bias-cut flounce at the bottom. Two identical dresses are preserved in the collections of the Metropolitan Museum of Art in New York. The live sale, Haute Couture & Vintage: A Fashion Story Part I, took place at Bonhams Cornette de Saint Cyr earlier this week, with an online sale continuing until May 5. Other top-performing lots included an Alexander McQueen coat and an Elsa Schiaparelli evening jacket. The coat is from the fall 1996 Dante collection, and is made from black wool with beige Mongolian lamb trim. It achieved a price of 48,640 euros, compared with a pre-sale estimate of 1,200 euros to 1,500 euros. The evening jacket, in black crepe and embroidery, dates to 1944. The jacket is typical of Schiaparelli’s structured silhouette, and features embroidery by Maison Lesage and buttons designed by Jean Arp and made by François Hugo. The jacket was sold for 38,400 euros, against a pre-sale estimate of 4,000 euros to 6,000 euros. Other big sellers included a rare Balenciaga haute couture suit from spring 1948. The gray and white houndstooth wool design achieved 44,800 euros, 11 times its pre-sale estimate. A Christian Dior haute couture gown from spring 1957 made from silk taffeta and printed with branches of roses on an ivory background achieved 25,600 euros, more than four times its pre-sale estimate. The overall sale, which also featured designs from Chanel, Hubert de Givenchy, Yves Saint Laurent, Paco Rabanne, Jeanne Lanvin, Thierry Mugler and Madame Grès, made a total of 1,048,815 euros. Hubert Felbacq, director of the fashion and accessories department at Bonhams Cornette de Saint Cyr, said the April fashion sales benefited from “strong global participation” and offered “a rare insight into the world of exclusive craftsmanship. It gave collectors a unique opportunity to acquire museum-quality works.” Bonhams simultaneously staged its first shoe sale, called Choose Your Shoes: The Art of Dressing Your Feet. It featured footwear designs from 1900 to the 1990s by designers including Roger Vivier, Christian Dior , André Courrèges, Paco Rabanne, Pierre Cardin and Maison Margiela. A highlight of the sale was a pair of Madeleine Vionnet open-toe evening sandals with gold metallic leather straps and heels, circa 1938, that achieved 1,920 euros against a pre-sale estimate of 400 euros to 600 euros. Sign up for WWD news straight to your inbox every day",https://wwd.com/wp-content/uploads/2026/04/Top-Lot-Cristobal-Balenciaga-Haute-Couture-collection-Autumn-Winter-1951-evening-dress-in-black-lace-and-silk-sold-for-E95650-1.jpg?crop=0px%2C764px%2C5219px%2C2920px&resize=1000%2C563
"Apr 19, 2026 @ 10:07:14.014",2ef406c1b080a509093ccd7a6ce9bc2c,https://wwd.com/fashion-news/page/2/,Fashion,,,,,https://wwd.com/wp-content/themes/vip/pmc-wwd-2021/assets/app/icons/icon-512x512.png
"Apr 19, 2026 @ 10:07:14.100",eb98d129d2a65a8adb459e0550b486ad,https://wwd.com/footwear-news/shoe-trends/vivica-a-fox-kurt-geiger-sandals-tina-knowles-luncheon-1238920990/,Vivica A. Fox Brings Back Her Geometric Pedicure With Pink Crystal Kurt Geiger Heels at Tina Knowles’ Mother’s Day Luncheon,Vivica A. Fox brought back her geometric white pedicure with pink crystal Kurt Geiger heels at Tina Knowles’ Mother’s Day luncheon.,Maggie Clancy,2026-04-18T22:19:03+00:00,"Vivica A. Fox has a new shimmering sandal formula, and it starts at the toes. At Kurt Geiger London and Tina Knowles’ Mother’s Day luncheon in Los Angeles on Friday, Fox brought back the same geometric white pedicure that cut through her crystal René Caovilla sandals at the American Black Film Festival Honors in February. This time, she paired it with a pink crystal style from Kurt Geiger , giving the repeat detail a sweeter, more confectionary finish without losing the graphic snap that made it register the first time. Fox’s sandals came in a metallic blush fabric covered in crystals, with enough shine to keep them in the sweet spot between party heel and dress sandal. The pair had a square open toe, a skinny pink strap across the front and a higher silver crystal strap that curved diagonally over the foot. A slim ankle strap closed with a crystal buckle, and the heel tapered into a narrow shape with just a slight flare at the base. Her white pedicure showed through clearly at the front, with the triangular design adding a graphic hit against all the pink sparkle. Fox kept the rest of the look in the same sugary, high-gloss mood. She wore a pale pink short-sleeve crop top and matching high-waisted shorts, both finished with mirrored embellishment and cutwork tracing the hems like jeweled eyelet. She carried a crystal-covered pink Kurt Geiger shoulder bag from the Mother’s Day collection that echoed the same candy-shell sparkle as the shoes, pulling the whole look deeper into the brand’s hyper-feminine Mother’s Day palette. The luncheon celebrated Tina Knowles’ Mother’s Day campaign for Kurt Geiger, which centers on a run of exclusive pink handbag styles, including the crystal-covered Kurt Sling Bag Fox carried. The look also lands squarely inside Fox’s recent sandal streak. Lately, she has been drawn to pairs with more visible decoration, whether that means pavé crystals, floral appliqué or a geometric pedicure that gives the whole shoe story a cleaner graphic edge. That same instinct showed up last November in New York, when she wore deep red René Caovilla heels finished with sparkling floral embellishment and the label’s signature sinuous ankle strap.",https://wwd.com/wp-content/uploads/2026/04/vivica-a-fox-kurt-geiger-crystal-sandals-geometric-pedicure-tina-knowles-lunch.jpg?w=1000&h=563&crop=1
"Apr 19, 2026 @ 10:07:14.213",2d98211e5903bf1e4251a0cb61eac446,https://wwd.com/sourcing-journal/sustainability/textile-reuse-not-broken-the-narrative-around-it-is-1238920658/,"Textile Reuse Isn’t Broken, But the Narrative Around It Is","SMART president Brian London suggests that while closed-loop recycling should be explored and developed, it must complement reuse—not replace it.",Alexandra Harrell,2026-04-17T21:24:30+00:00,"In an industry obsessed with next-gen recycling technologies and circularity buzzwords, the existing global system for textile reuse is often overlooked—or worse, misunderstood. That’s according to Brian London, president of the Secondary Materials and Recycled Textiles ( SMART ) Association, who argues that misunderstandings and misplaced priorities are clouding the reality of how textile waste is actually managed today. At the center of that misunderstanding is a basic question: What actually counts as waste? According to London, the question isn’t philosophical because its answer is economic. “It’s essentially a market-driven process,” he said. “What’s ‘rewearable’ is defined by the person buying it.” Sorting operations, he explained, are highly competitive and tightly calibrated. A shipment mislabeled as high-quality wearable goods won’t sell—and repeat mistakes quickly push operators out of business. In other words, the market enforces its own quality control. That reality complicates the industry’s fixation on recycling, particularly the push toward closed-loop systems that promise to turn old garments into new ones. “We shouldn’t fetishize it at the expense of reuse,” London said. “Closed-loop recycling doesn’t exist at scale yet. Reuse is economically and socially a better use of that item right now.” The hierarchy, in his view, is straightforward: reuse first, then explore other solutions for what remains. Still, the conversation doesn’t end there. Critics often point to the downstream impacts of exported secondhand clothing, particularly in countries with limited waste-management infrastructure. London doesn’t dismiss the concern—but he reframes responsibility. “If I find a market where an item can be reused, is it my responsibility to manage how it’s disposed of three steps down the line?” he said, noting that current economics don’t support that level of oversight. Instead, he sees Extended Producer Responsibility (EPR) as a potential lever—if deployed differently. Rather than funneling funds into more collection infrastructure in Western markets, he argues that those resources should be directed toward building waste management systems in the countries receiving the clothing. That shift would also acknowledge a broader truth: textile waste is as much a production problem as it is a disposal one. “Everyone focuses on the textiles,” London said. “But the root is overproduction—especially items made with polyester and materials that are tough to deal with at end of life.” Layered on top of that is a data problem. London points to one statistic in particular—a widely cited claim that only 15 percent of clothing is donated—as emblematic of the issue. “You see it everywhere,” he said. “But if you try to find the actual study or methodology behind it, it’s almost impossible.” Once embedded in industry discourse, he added, those figures take on a life of their own—regardless of accuracy. The same goes for the narrative that secondhand exports amount to “sending problems away.” “The biggest users of American used clothing are actually Americans,” London said. “In places like El Salvador , people are lining up for these shipments; it’s almost like a ‘Black Friday’ moment for these communities.” For him, the reality is more nuanced than either side of the debate tends to admit. “We have to hold two truths at once,” he said. “There are failures in the system, but it also provides a massive environmental benefit for every item that gets re-worn.” Leaning too far in the opposite direction, he warned, risks undermining a system that—while imperfect—is already delivering results at scale. “If we push the idea that it’s all waste,” London said, “we’re going to destroy a reuse system that’s working far better than anything we’re trying to build from scratch.” Receive Our Daily Newsletter & Special Offers April 17, 2026 Polartec and Santini Cycling have partnered to introduce a cycling jersey made with carbon emission-reducing recycled polyester. April 16, 2026 The nonprofit commissioned environmental analyses of mechanically recycled cotton yarn, thermomechanically recycled polyester yarn and chemically recycled polyester chips. April 16, 2026 Walmart joins the U.S. Cotton Trust Protocol as LifeLabs expands WarmLife production through a new partnership with Shinhan.",https://wwd.com/wp-content/uploads/2026/04/SMARTpic.jpg?w=1000&h=563&crop=1
"Apr 19, 2026 @ 10:07:14.778",5855fef932a4e3077fc97446a4bae646,https://wwd.com/fashion-news/page/4/,Fashion,,,,,https://wwd.com/wp-content/themes/vip/pmc-wwd-2021/assets/app/icons/icon-512x512.png
"Apr 19, 2026 @ 10:07:14.792",44cf23a6b3599ed792fd991f34da0b9d,https://wwd.com/runway/fall-couture-2025/,2025 Fall Couture,,,,,https://wwd.com/wp-content/themes/vip/pmc-wwd-2021/assets/app/icons/icon-512x512.png
"Apr 19, 2026 @ 10:07:14.860",b4132631adfee8cf3cc653dc9742bc9e,https://wwd.com/runway/mens-spring-2026/,2026 Men's Spring,,,,,https://wwd.com/wp-content/themes/vip/pmc-wwd-2021/assets/app/icons/icon-512x512.png
"Apr 19, 2026 @ 10:07:14.970",fb8e5e279a9ef4d6d4c5e389d370e741,https://wwd.com/runway/spring-bridal-2026/,2026 Spring Bridal,,,,,https://wwd.com/wp-content/themes/vip/pmc-wwd-2021/assets/app/icons/icon-512x512.png
"Apr 19, 2026 @ 10:07:15.675",e9d8de319a6281dc3a9b31b775932689,https://wwd.com/pop-culture/celebrity-news/mother-daughter-duos-met-gala-2026-predictions-1238915257/,Mother-daughter Duos to Look Out for on the 2026 Met Gala Red Carpet,"From Beyonce Knowles Carter and Blue Ivy to Nicole Kidman and Sunday Rose, WWD breaks down the mother-daughter pairs we want to see on the red carpet.",Julia Teti,2026-04-17T18:00:00+00:00,"The 2026 Met Gala is poised to welcome a bevy of artists, public figures and high-profile celebrities to the red carpet and iconic steps of the Metropolitan Museum of Art on the first Monday in May. Apart from the famous co-chairs and host committee members, there are a few extra attendees WWD hopes will bring their fashion game to the famous event. Mother-daughter duos at the Met Gala aren’t a new fad. In fact, Kate Moss and her daughter Lila have hit the red carpet a few times, along with other famous mother-daughter pairs like Tracee Ellis Ross and Diana Ross, Kris Jenner and her daughters and even Anna Wintour and her daughter Bee Carrozzini (née Shaffer). WWD breaks down the wishlist for mother-daughter duos at the 2026 Met Gala ahead. As a co-chair for the event, Beyoncé Knowles-Carter is guaranteed to attend the 2026 Met Gala — her first time on the iconic steps in 10 years. Over the course of the last several years, the Grammy Award-winning artist has turned several red carpets into a family affair, most notably including her 14-year-old eldest daughter Blue Ivy into the fold. While the two attended the 2025 Grammy Awards together, their last red carpet moment was in December 2024 at the “ Mufasa: The Lion King ” premiere in Los Angeles. Also a co-chair for the 2026 Met Gala, Nicole Kidman has slowly introduced her teenage daughters at public events, with both Sunday Rose, 17, and Faith Margaret, 15, attending “The Hours” Oscar winner’s AFI Life Achievement celebration in April 2024. It’s Sunday Rose, however, that could have the best chance of making an appearance on the Met Gala red carpet. The teenager is already an established model, hitting the runway for Dior and Miu Miu and attending the front row of Balenciaga’s fall 2024 couture show with her famous mom. Attending the Met Gala could be her greatest foray into fashion yet. Zoë Kravitz is among the co-chairs for the host committee at the 2026 Met Gala, having attended the annual event several times dating back to her first appearance on the red carpet in 2014. While it’s not too often “The Batman” star is joined by her famous mom Lisa Bonet on the red carpet, it has happened enough that a potential mother-daughter moment at the 2026 Met Gala might happen. With both of their unique sense of style — Bonet channeling more bohemian energy, while Kravitz caters to high fashion moments often sourced from Saint Laurent — this hopeful Met Gala pairing would double the family fashion moment. Teyana Taylor was such a highlight of the 2026 awards season earlier in the year that the venerated singer and Oscar-nominated actress earned a spot on the host committee for the upcoming Met Gala. Though the “One Battle After Another” star proved her high fashion prowess at the last five Met Galas, bringing along her daughter, Rue Rose Shumpert, could take Taylor’s 2026 Met Gala appearance to a new level. At the Actor Awards in March, Taylor was accompanied by her 5-year-old, who played assistant to her mother by fixing the skirt of her Thom Browne dress. Taylor and Rue Rose’s potential Met Gala appearance could even be an opportunity for a mini-me, or mommy and me, fashion statement. While both Cindy Crawford and her equally famous daughter Kaia Gerber have attended the Met Gala on separate occasions, they’ve never made a joint appearance. Gerber’s recent appearances include the 2021, 2022 and 2024 Met Galas, while Crawford attended the 2016 and 2018 editions of the event. A joint appearance by the model mother-daughter duo feels like it could happen any year now. Between Lisa Rinna and her two daughters, 27-year-old Delilah Belle and 24-year-old Amelia Gray, it’s only Amelia who’s attended the Met Gala in the past. Amelia attended the 2025 and 2024 editions of the event. To have the trio on the red carpet come May would be a fashion triple threat. The 2026 Met Gala will take place at the Metropolitan Museum of Art on May 4. The 2026 Costume Institute Benefit will double as a kickoff for its spring exhibition, “Costume Art,” which opens May 10 and will run through Jan. 10, 2027. The dress code for the Met Gala, “Fashion Is Art,” follows suit with and nods to the exhibition. Sign up for WWD news straight to your inbox every day",https://wwd.com/wp-content/uploads/2026/04/met-gala-mother-daughter-fi.jpg?w=1000&h=563&crop=1
"Apr 19, 2026 @ 10:07:15.701",c37e565f768fe0cb0e5a80c944a5634d,https://wwd.com/fashion-news/fashion-features/gap-ceo-richard-dickson-fit-annual-gala-transformative-leadership-1238916483/,Gap CEO Richard Dickson Honored for Transformative Leadership at FIT Annual Gala,"The gala, which attracted 650 guests, was hosted by Ciara.",Lisa Lockwood,2026-04-15T16:37:58+00:00,"The Cathedral of St. John the Divine was the setting Tuesday night for Fashion Institute of Technology’s annual gala honoring Gap Inc. president and chief executive officer Richard Dickson for a career of transformative leadership. More than 650 guests turned out, including Calvin Klein , Karlie Kloss, Iman, Steven Kolb, LaQuan Smith, Bibhu Mohapatra, Ken Downing, Raul Lopez, Ronny Kobo, Brandice Daniel, Abbey Doneger, Aerin Lauder, Fern Mallis and Deirdre Quinn. Grammy Award-winner Ciara, dressed in a custom GapStudio gown, served as host, with welcoming remarks by FIT ‘s new president Jason S. Schupbach. The gala’s theme, Threads of Impact, underscored the shared vision of FIT and Gap Inc., and recognized Dickson’s legacy of brand reinvigoration, highlighting his career-long dedication to treating creativity as both a cultural force and a business imperative. During the cocktail party, WWD asked Dickson what skills young people need as they enter the fashion industry today. “I think the most important skill set today is creative thinking and creative courage,” said Dickson. “Because ultimately, when you look at what’s happening today and when we forecast tomorrow, many of the jobs that we imagine don’t exist, and so it’s going to come from creativity and design-led thinking. Tonight is a real celebration of that as we nurture, invest and develop the next generation.” Dickson said companies need to encourage young people to enter the business by exercising their mentorship. “We have to develop more programs that give up-and-coming designers, merchandisers, marketers the opportunity to get their start. I think we have to open our doors wider and really accept more young and youth into our company to essentially push us and break our own rules, and show us the future. So I think tonight is a good example of that, but Gap Inc. is going to do a lot more than that,” said Dickson. During the program, Dickson revealed the Doris Fisher Creators Program, a partnership between FIT and Gap Inc., designed to bridge the opportunity gap between college and career, as reported Wednesday in WWD . “It’s a masterclass in retail, fashion and humanity, and a tribute to Doris’s trailblazing life and commitment to opening doors and developing high performers. Participants won’t just study fashion — they’ll gain real-world experience, step into rooms they may never have had access to, build their professional networks, and importantly, the confidence to know they belong.” “We’ve raised nearly $1.9 million for the FIT Foundation — helping fund scholarships, academic programs and a community of creative professionals. And we’re not stopping there,” said Dickson during his acceptance speech. When Dickson was asked if there were any specific opportunities that really opened the door for him as he was coming up in his career, he said: “As I think back about all the chapters in my career, obviously you had to have a lot of grit, a lot of perseverance and passion for what you do. But there are always mentors along the way. I talk about Mike Gould, our [then] CEO of Bloomingdale’s. When I was just an executive trainee at Bloomingdale’s, looking and aspiring to think, ‘Wow, imagine being CEO of this company.’ He was such an incredible leader at the time.” Dickson also mentioned Mattel leader Bob Eckert, and Jane Scott, whom he worked with at Bloomingdale’s, who was the divisional merchandise manager of cosmetics, who saw something in him early on. Zac Posen, executive vice president and creative director of Gap Inc., and chief creative officer of Old Navy, said he had several opportunities early on that opened doors for him. “Getting to work with legends like Kal Ruttenstein. People who really mentored. I didn’t come from this industry in any capacity,” he said. What industry did he come from? “From being a teenager,” Posen said. “I didn’t have family in the business or anything, my mother was an artist and a lawyer. I had great mentorship from the industry. I feel like I got a rare moment. I entered the industry before digital. It was a totally different model, and different lessons learned.” He said he learned from the boutiques and the big retailers “to Neiman’s taking me on the road, to Julie Gilhart [formerly of Barneys New York] coming to visit me in the basement when I was a student [at Central St. Martins]. “Through my career, I’ve had the great fortune to mentor and tutor students. I did a final-year class at FIT. I’ve done judging at Parsons, I’ve done a final year at RISD, and done classes and mentored SCAD students,” said Posen. When he hires young designers, Posen said: “I look for creative vision first and foremost, absolutely creative vision. And I think the openness to learning every day. That’s the key. If you keep open to learning every day, it keeps it interesting and you keep evolving. Richard [Dickson] is a rare leader. I feel very fortunate in my role as a partner, as a creative director to him and in that relationship, which is really a real partnership that it takes to grow an incredible portfolio. I’m having the time of my life. I feel very fortunate every day. I give it my all, and it’s nonstop and it’s just the beginning.” Calvin Klein , who was walking the red carpet with Kelly Klein and Robin Burns-McNeill, cofounder and chairman of Batallure Beauty, was asked what brought him out that evening? “Robin Burns,” said Klein. Klein, arguably one of the most famous FIT graduates, said his favorite memory from FIT “was working more with the classes. Long after I graduated, working with the students was maybe my favorite memory of the school. I’d like to do more of it,” said Klein, who supports the FIT graduation fashion show, with Calvin Klein Inc., through a multiyear $2 million gift. Asked what he misses most about the industry, Klein said: “The people, the people whom I got to work with were the best. That I miss the most.” Klein was asked whether he was watching “Love Story,” which depicts Carolyn Bessette Kennedy [who worked at Calvin Klein] and John F. Kennedy Jr. during the 1990s, and the designer said: “No. It never occurred to me to watch it. I’m not interested in his [Ryan Murphy’s] work. I know it’s a fantasy. Why give it credit?” The show has fueled a lot of interest in  ’90s fashion and Calvin Klein-era minimalism, which is having a moment now. “It doesn’t have the same moment in L.A. New York is New York. In L.A., I don’t hear anyone talking about it,” said Klein. While Klein lives in L.A., he spends six months a year in New York City. “Which I love, because all the years when I was here, I was born here, I never spent summers in the city. We always went away. And the couple of years that I spent the summers here, I loved it,” he said. Also on hand was Bob Fisher, a son of Gap founders Don and Doris Fisher, as well as managing director of the Fisher family’s investment firm, Pisces, and former chairman of Gap and currently a board member. “What Richard has done is not just a turnaround story, through it is that,” Fisher said. “It is a clarity story. He looked at a company that had everything it needed and founded the thread. The original thread. He reconnected the brand to what made them worth caring about in the first place. Not by looking backward, but by making them feel current again. Confident. Part of the conversation.” Jason S. Schupbach, the new president of FIT, told the guests that Dickson’s commitment and dedication to the creative industries “and all the talented people that fuel them, is truly an inspiration to the thousands of FIT students that we are here tonight to support.” “FIT matters because it is the largest public investment in the creative industries’ talent pool in the world,” said Schupbach. “It’s a disruptive time in the creative industries and the world. I come to you with an open hand, ready to partner. We want FIT to be the best partner it can be to the industries it serves — be it fashion, toy design, interiors, beauty and fragrance, advertising, merchandising, I can go on — we do so much. Together we will make FIT the laboratory for the creative industries in the 21st century,” said Schupbach. Sign up for WWD news straight to your inbox every day",https://wwd.com/wp-content/uploads/2026/04/fit-gala-2026-gap-ctsy-35.jpg?crop=0px%2C88px%2C2000px%2C1119px&resize=1000%2C563
"Apr 19, 2026 @ 10:07:15.720",fb7573258b0b22e8dd55a8a3c8433314,https://wwd.com/business-news/legal/loro-piana-cleared-judicial-administration-labor-practices-1238919728/,Loro Piana Welcomes Early Conclusion of Judicial Administration Over Labor Practices,Loro Piana was placed under judicial administration in July 2025 for alleged negligence in auditing its suppliers engaged in sweatshop schemes,Martino Carrera,2026-04-17T15:19:54+00:00,"MILAN — Loro Piana said Friday it has welcomed the “early conclusion” of the judicial administration imposed since July 2025 for its alleged negligence in properly auditing its supply chain partners . The measure was originally supposed to be lifted after 12 months, thus in July 2026. “The steps we have taken in recent months reflect a rigorous and disciplined approach to strengthening governance and oversight across our value chain,” said Frédéric Arnault, chief executive officer of Loro Piana . “We are firmly committed to the highest level of compliance and ethical conduct across our supply chain . Loro Piana’s teams are fully mobilized and actively engaged to ensure these principles are consistently upheld and to take decisive action whenever our Code of Conduct is not met. We will continue to evolve and reinforce our standards and practices, guided by responsibility and accountability,” the executive added. According to the Milan Court ruling, the judicial administration was revoked because the LVMH Moët Hennessy Louis Vuitton -owned Italian luxury house “undertook and swiftly completed a virtuous path,” which demonstrates “the company’s commitment to continue the eﬀorts already underway. This commitment is reflected in the adoption and implementation of procedures and best practices, with the objective of establishing itself as a positive and exemplary model for the industry, safeguarding the health and well-being of all workers, including indirect workers.” Loro Piana said it has conducted 2,400 audits across its supply network since 2024 and has cut ties with about 100 suppliers and subsuppliers that did not meet its compliance criteria. It also made key hires targeted at auditing, in addition to relying on eternal audit support. Last year, Milan prosecutors launched an investigation into alleged worker exploitation and sweatshop schemes at Loro Piana’s subcontractors. Prosecutors argued that the luxury company was negligent in properly auditing its supply chain partners and requested it be placed under judicial administration to correct and enhance audits and oversight through court-mandated procedures. At the time, Loro Piana firmly condemned illegal practices and reaffirmed its commitment to human rights and compliance with all applicable regulations in line with its Code of Conduct. The brand pledged to continue to strengthen its control and audit activities. The Italian brand said that “in breach of its legal and contractual obligations, the supplier did not inform Loro Piana of the existence of these subcontractors,” which were engaged in unlawful labor practices. It  terminated all relations with the subcontractor in less than 24 hours. It also committed to full cooperation with the relevant authorities on the matter. Shortly after the Loro Piana probe became public, LVMH’s chief financial officer Cécile Cabanis addressed it in a webcast reporting 2025 first-half and second-quarter results. “On Loro Piana, we were not satisfied with the situation, especially because we’ve been working a lot since last year on reworking on all the processes, making sure that we had more audits in place,” the executive said. “This topic is beyond Loro Piana. It’s a topic that the full industry in Italy is facing, and it’s something that we all will have to manage collectively with the association, with the government as a whole,” she said. “It shouldn’t create an impact on the [brand’s] image.…Still, we need to make sure that — collectively with everyone — we can solve, or at least improve, the situation of the industry that should [have] very fair practices and clean supply chain, so we need to continue to work on that and obviously there is still progress to be made,” she said. Her remarks sparked the firm response of Italian industry association Confindustria Moda. Its president Luca Sburlati said: “These challenges must be addressed as partners, not adversaries, with a shared long-term vision and an awareness that the entire supply chain is interdependent and transnational. “Generalizing all Italian companies as being complicit in illegality is unacceptable, and we will strongly oppose such narratives at every level. Our country deserves better,” he said. Over the past two years, supply chain scandals have rocked the luxury fashion industry in Italy, shaking both its reputation and business practices. Investigations by a Milan court that uncovered ties of luxury brands such as Tod’s, Valentino, Dior and Giorgio Armani, among others, to subcontractors allegedly involved in sweatshop schemes have raised concerns about the industry’s ability to manage its supply chains effectively. Like Loro Piana, all the above brands have been put under judicial administration to correct and enhance audits and oversight through court-mandated procedures, with the exception of Tod’s, which obtained that the judicial administration procedure be handled by an Ancona, Italy, court, which has yet to rule. Simultaneously, the maker of Gommino loafers and three of its managers are being investigated by prosecutors over suspected labor abuses and accused of allegedly ignoring the findings of inspections by local authorities into the company’s subcontractors. Dior’s, Giorgio Armani’s and Valentino’s probes have been fully resolved, and the judicial oversight has been lifted, as is Loro Piana’s per Thursday’s ruling. Last month Paul & Shark and Aspesi were also investigated for alleged negligence in auditing their suppliers, with prosecutors requesting they be placed under judicial administration. However, a Milan judge ruled against the prosecutors’ move, arguing that the legal grounds for the requested measure were not met as there is no proof that Paul & Shark’s chief executive officer Andrea Dini and Aspesi’s board member Francesco Umile Chiappetta acted “in concert” in committing the offense. Meanwhile, last fall some 13 fashion companies fell under the scrutiny of the same Milan prosecutors and were asked to provide documents on governance and supply chain audits for preliminary probes. The names involved included Prada, Versace, Gucci, Dolce & Gabbana, Ferragamo, Missoni, Givenchy Italia, Yves Saint Laurent Manifatture, Alexander McQueen Italia, Adidas Italy, Off-White Operating, Coccinelle and Pinko. None of these have been put under judicial administration. Sign up for WWD news straight to your inbox every day",https://wwd.com/wp-content/uploads/2026/04/The-Loro-Piana-store-inside-Milans-Galleria-Vittorio-Emanuele-II.jpg?crop=0px%2C47px%2C1600px%2C895px&resize=1000%2C563
"Apr 19, 2026 @ 10:07:15.874",74ff285b3085fb9101060c5f4e360b7c,https://wwd.com/fashion-news/fashion-features/selma-blair-mersea-kansas-city-based-lifestyle-brand-pajama-capsule-1238672778/,"EXCLUSIVE: Selma Blair Partners With Mersea, a Kansas City-based Lifestyle Brand, for Pajama Capsule",The capsule is designed to take the woman from bed to breakfast and the beach.,Lisa Lockwood,2026-04-14T04:01:00+00:00,"Selma Blair , the actress, activist and author, is getting into the pajama game. She has teamed up with Mersea, a women-owned, Kansas City-based lifestyle brand known for its elevated travel essentials, to make Sea La Vie, a limited-edition pajama capsule that celebrates sleepwear as a modern self care ritual. The brand was founded by co-owners Melanie Bolin and Lina Dickinson in 2013. The 52-year-old actress, who is known for such movies as “Cruel Intentions,” “Legally Blonde” and “Hellboy,” was particularly drawn to pajamas. The capsule features everyday sleepwear, which takes the woman from her bed to beach and breakfast. The line weaves in aspects of Blair’s own story and point of view through details such as embroidered self-love motifs, a bandana honoring her service dog, Scout, and a vintage-style sleep jacket inspired by a family memory. Interviewed last month in New York City, Blair told WWD, “I was going through a lot of treatments, and I had just been diagnosed [with multiple sclerosis] after we [the cofounders and Blair] met, and I got this really amazing care package in the mail. I was in bed, but in these cashmere pieces. When I was being treated in the hospital, I was also wearing things that felt rich, and I felt taken care of, and it was from these women. “I always wear their things. When I started getting better, I got in touch, and said ‘Would you be interested in doing this collaboration?’” said Blair, who was diagnosed with multiple sclerosis in August 2018. Made of luxe satins and ultra-soft materials, including 100 percent cotton for comfort and healing, the 14-piece Sea La Vie capsule features mix-and-match styles and accessories designed to be dressed up or down, for evenings in or mornings out. Styles range from jumpers and button-down tops to shorts and cotton sets, along with a sleeping mask, scarf and blanket. Asked how she decided on pajamas, Blair said, “I like bed a lot. When people say what’s your bedtime ritual, I’m like, ‘Pajamas. Go to bed, don’t talk to me.’” Blair said there are some days that she has to recover in bed. “I really wanted a bed jacket like my mother had. It was my first request. It’s the first bed jacket that I’ve seen in a mature color so that you can wear it out,” Blair said. She said she loves bed jackets because they keep you warm, but not too warm. “It doesn’t wrinkle around your legs like a nightgown might. If you’re wearing a little nightgown, and you’re receiving visitors, or the doctor comes in, then you have a little jacket. I thought it was cool when I was young. I’d take my mom’s bed jackets and wear them out at night, with a cool little bralette and a pair of jeans and kind of make it a little sexier,” Blair said. “So I like to sleep, I like to go on vacation by the ocean, all these things are inspiration. But really, I like a book, a pajama, a sleep mask, the bed jacket,” Blair said. Blair writes all the copy for the little sayings and notes on the pieces. She said she likes the silk pajamas that feature her own lips. She did a lot of the creation and sent the cofounders little sketches. The company executives and Blair worked on this collaboration between nine and 10 months. Blair said they did the design over Zoom. “I hate Zoom, it’s hard, but the Zooms were great. I mean, they’re such pros,” Blair said. The capsule, which ranges from $38 for the mask up to $178 for the bed jacket, is designed in the U.S. and manufactured in India and China. “It’s beautifully made and such attention to detail,” said Blair, who said she’s never designed anything before. “I was intimidated because I do have such a specific idea of how I like to look,” she said. Sometimes it may be amusing or a little punk rock. “But I do like a really pretty classic look. And I’ve always wanted something that’s pink and green, and the closest that I’ve gotten to me wearing pastels is the pink pajamas with the green piping. And it is one of my favorites. I love the piping pajamas,” she said. The label reads Sea La Vie by Selma Blair. Asked if it’s for one season, or will they continue it, Blair said, “Well, it depends if someone buys it, and then they’ll have me back. But otherwise we might just be friends,” she quipped. Blair was photographed for the Sea La Vie ad campaign  in Laguna Beach, Calif. The cofounders revealed there are some things in the works for holiday. Asked what she enjoyed most about the experience, Blair replied, “To be with them and their spirit. I’ve been having to learn stamina again and to take better care of myself. There couldn’t be better role models. They like themselves and their lives and their kids and travel and the things that you want to inspire you. You can get pretty far away from things. COVID was a hit for a lot of people, and I have a chronic illness. And I think everyone felt like they had it with the way the world kind of adjusted to life indoors on our own. And I think a lot of people lost their stamina for going out…you get into a different rhythm and you lose momentum. There’s still such a joy, and people might not change [clothes] as much as they used to. You see people putting on a nice pair of pajamas and go out,” Blair said. Asked what else she’d like to design, Blair said, “I’d like to design this whole wardrobe. I’m just getting my chops. I’m not always a self-generator of an idea. I need someone to bounce an idea off of. But you do get isolated, whether you’re spending time overseeing your child’s life from a distance because they want nothing to do with you, or you’re working and traveling and you’re on your own mission. There are all these things that keep us away from people. And then I don’t get ideas. I have to talk to people to have to say the stupid idea. I forgot how to think in certain ways, in the way that stretches that muscle.” Blair, a University of Michigan graduate, said it’s good to stretch that muscle and start to exercise that. The line comes in XS to XL. It is being offered online, but they’re considering a couple of stores for resort. There’s XOXO on the drawstrings. One says, “The lucky one.” Ten percent of profits from the Sea La Vie collection will benefit the American Brain Foundation, where Blair is global ambassador and national chair for Brain Health. Blair also has a limited-edition collaboration with Benny’s Eyewear. As for upcoming projects, Blair said she’s about to start filming a movie called “Ethan Almighty,” that is about a real-life hero dog that miraculously survives unspeakable odds and changes the life of his new adopted human. She said she’s also been boxing with Freddie Roach to build stamina. Sign up for WWD news straight to your inbox every day",https://wwd.com/wp-content/uploads/2026/04/SeaLaVie_SelmaScout_Beach.jpg?crop=0px%2C432px%2C4368px%2C2446px&resize=1000%2C563
"Apr 19, 2026 @ 10:07:16.593",62ab440049dd9dc13841b3f64a072b86,https://wwd.com/fashion-news/fashion-features/burberry-ryan-mcginley-high-summer-campaign-full-sunshine-1238913421/,Burberry Taps Ryan McGinley for a High Summer Campaign Doused in Sunshine,The new Burberry high summer campaign is filled with check-clad models splashing around swimming pools and draped across lounge chairs the local lido.,Samantha Conti,2026-04-14T04:01:00+00:00,"WET SET: Burberry’s high summer campaign drops Tuesday, and it channels the sweetness of youth and Britons’ love of lidos, the public outdoor swimming pools and recreation parks that open as soon as weather turns warm. The campaign stars British actors Simone Ashley and Tom Blyth, models Alva Claire, Babacar N’Doye and Sacha Quenby, and a cast of synchronized swimmers and divers, splashing and lounging around the lido. In the film short, one model even showers with his shirt on, a cheeky nod to the smoldering scene in the BBC’s 1995 adaptation of “Pride and Prejudice” when Colin Firth emerges from a lake soaking wet in his long white shirt. “A lido holds a particular kind of nostalgia for the British,” said Daniel Lee , Burberry ’s chief creative officer. “The moment the sun comes out, we make the most of the weather. We wanted to bring to life a warm summer’s day spent in and around the water’s edge, with friends.” The campaign film was directed by Francis Plummer, and photographed by Ryan McGinley . The cameras move from loungers to diving boards, catching mid-air dives and models stretched out in the sun. There are also more arty, bleached-out photographs in typical McGinley style. Looks include the Burberry check bikini, men’s swim shorts trimmed with check, and a host of tops, skirts and shirts in cotton voile and jersey. Accessories include Burberry check slides, and bags handmade in Madagascar from locally sourced raffia palm leaves, dyed in signature sand beige Burberry check. There are also crocheted bucket hats and wraparound sunglasses. McGinley has been edging into fashion of late. Last year, he photographed Apple Martin for Self-Portrait’s resort 2026 campaign on an apple farm in upstate New York. In that shoot, she cuddled up to a big white snake and struck various poses, apple in hand. McGinley got his start in the early 2000s, training the camera on his twentysomething peers in downtown Manhattan. His work culminated in a solo show called “The Kids Are Alright” at the Whitney Museum of American Art. At 26, he was the youngest artist to have ever had a solo show there. Sign up for WWD news straight to your inbox every day",https://wwd.com/wp-content/uploads/2026/04/BURBERRY_2026_HIGH_SUMMER_2026_HERO_sRGB_CROPPED_CLEAN_25_16x9.jpg?w=1000&h=563&crop=1
"Apr 19, 2026 @ 10:07:16.638",8e34274b55989193a7aad29e328ba1e0,https://wwd.com/fashion-news/fashion-features/rio-fashion-week-brazil-global-fashion-hub-1238912234/,Rio Fashion Week Debuts as Brazil’s New Global Fashion Hub,"Rio Fashion Week debuts as a global fashion hub, showcasing Brazilian creativity and driving tourism, jobs, and international connections.",Andrea Onate,2026-04-14T04:00:00+00:00,"Another city has been added to the global landscape of fashion weeks. Scheduled to take place from Tuesday to Saturday, Rio Fashion Week has been established as a new landmark on the official Brazilian fashion calendar, thanks to a partnership between the Rio de Janeiro city hall and IMM, one of the country’s largest sports and entertainment companies, which is also responsible for São Paulo Fashion Week . The event aims to reposition Rio as both a national and international hub for creativity, business and culture. The city will host the national fashion week in the first half of the year, while São Paulo will take place in the second half. This structure broadens the reach of these initiatives and strengthens the development of the sector on a global scale. Gustavo Oliveira, chief operating officer at IMM, said the event has been in development since 2021 in collaboration with the City of Rio de Janeiro, through its tourism department led by Secretary Daniela Maia. The project was officially approved only last year, marking a defining moment in repositioning Rio as a global fashion destination. “I strongly believe in this project because fashion in Rio is born everywhere, it lives in the streets, in the communities and on the beaches, and is deeply connected to our lifestyle,” Oliveira said. “That’s precisely why the city, and Brazil as a whole, has been calling for a fashion event that truly reflects this creative energy. The response so far has been extremely positive, reinforcing both the existing demand and Rio de Janeiro’s potential as a global platform for fashion, entertainment and creativity.” Maia underscored Rio’s broader cultural resurgence. This is the first official Rio Fashion Week after a smaller event in the city a decade ago, alongside landmark events such as Carnival and New Year’s Eve celebrations. The city has also seen renewed momentum in music, with initiatives such as the biennial “Rock in Rio” festival and “Todo Mundo no Rio,” attracting global artists including Madonna and Lady Gaga. At the same time, Rio’s culinary scene is gaining international recognition, with accolades from the Michelin Guide and The World’s 50 Best. “As a result, we have seen a significant increase in tourist traffic,” Maia said. “In 2025, the city welcomed 12.5 million visitors, both domestic and international, marking a 10.5 percent increase over 2024.” Growth was primarily driven by international arrivals, which rose 44.8 percent. The 2.1 million foreign visitors accounted for 17 percent of total arrivals in 2025 and 30 percent of tourism’s economic impact, generating about $1.5 billion in revenue for Rio. It is a continuation of an upward trend, with international tourism growing 59 percent between 2023 and 2025. In the first two months of 2026 alone, arrivals increased 95.1 percent compared with the same period in 2023, and 13 percent compared to 2025. According to projections, Rio Fashion Week could attract more than 50 percent of its audience from outside the city. The event is expected to draw more than 26,000 attendees throughout the week, including a strong presence of international buyers. “We are welcoming key players such as Galeries Lafayette, Selfridges, as well as representatives from the Mexican market, among others,” he said. Among guests, Constanza Cavalli Etro will attend the event as Ambassador for Latin America of the Italian Chamber of Fashion. “I’ve always believed that there’s a natural and complementary connection between Milan and Rio: Milan is a consolidated system of excellence and know-how, while Rio expresses a contemporary creative energy and a strong cultural identity,” she stated. “This encounter can spark an interesting dialogue, opening up possibilities for collaboration and highlighting our creativity and strengths.” The event is expected to generate more than 8,000 direct and indirect jobs, with an estimated earned media reach of 1 billion people. “Financially, the event is supported by an investment of approximately $2 million under a three-year agreement,” Maia said. “These results are expected to be replicated annually through 2026.” The event will feature 21 runway brands, alongside more than 20 sponsors, exhibitors and partners across both B2C and B2B platforms, bringing the total number of participating brands to nearly 100. Among the labels presenting their collections are Adidas, Karoline Vitto, Lenny Niemeyer, Misci, Normando, Apartamento 03 and Osklen. According to curator Olivia Merquior, the lineup reflects a comprehensive snapshot of Brazilian fashion today, spanning geographic diversity, different stages of brand development and a wide range of design approaches. Established names will show alongside emerging brands, with a strong presence of women in creative leadership, representing more than half of the lineup. “There is a strong sense of identity emerging from Brazil right now, but it is not centralized,” Merquior said. “It comes from different regions, production methods and cultural references. Rio reflects that in a very specific way, naturally connecting fashion to lifestyle, music and the city itself.” She added that Rio positions itself through culture, international visibility and its connection to tourism and entertainment. “From a curatorial standpoint, Rio Fashion Week is less about scale and more about articulation, bringing together brands, content and global players in a way that creates visibility and opens doors. Within Latin America, this positions Rio as a city that connects, rather than simply presents.” Merquior emphasized that the goal is to ensure this visibility translates into long-term impact. “The focus is to move beyond surface exposure or social media amplification, and instead foster a more structured market dynamic, creating real conditions for brands to grow, scale and establish business both domestically and internationally.” For participating brands, Rio’s energy plays a central role. According to Airon Martin, creative director of Misci, the city represents a unique cultural platform. “Rio is our cultural showcase. It is both urban and resort at the same time, a rare combination that very few places in the world can offer. We have all the elements to build a globally desirable lifestyle platform. What’s needed now is structure, support and a clear strategy to position it at that level,” Martin said. The name of his brand reflects this very coexistence of identities, deriving from the Portuguese word “miscigenação,” meaning miscegenation, a concept that underscores the blending of cultures at the core of both Brazil and his creative vision. “Brazil is one of the most culturally and ethnically diverse countries in the world and has a unique ability to absorb, reinterpret and elevate different references, whether in food, music or fashion,” he continued. “I believe Brazilians don’t just replicate, we transform. There is an instinct to improve, to adapt and to create something new out of what already exists.” For Martin, fashion also serves as a way to introduce Brazil’s resources to the global market, not as raw commodities, but as refined, finished products with strong cultural and creative value. His collections reflect this approach, featuring relaxed, fluid silhouettes that express both identity and lifestyle. A similar perspective is shared by the designers behind Normando, Emídio Contente and Marco Normando, who also point to Rio’s cultural force as a key driver of creativity. “Culturally, Rio has an immense creative energy and expresses the Brazilian lifestyle in a very strong and distinctive way,” Contente said. For the designers, their work is deeply rooted in their origins. “We always bring our background into our themes; it is both impossible and inherent for us to create without thinking about the Amazon. We place it at the center of the conversation because it is our reality, and because we believe the forest is the most avant-garde place in the world,” Normando said. He added that their creative process draws on Brazilian cultural references, particularly from the mid-20th century. “For this collection, we read Ferreira Goulart, among other thinkers, as part of the development process.” The collection, titled “Natureza Morta,” explores time as an active force, matter in transformation and nature as a system that reclaims its space. “This collection features Amazonian rubber, a natural raw material produced by communities in the region, which we have used since the beginning of the brand,” Contente said. “We combine a strong sense of craftsmanship with what we define as forest-based technology, together with traditional tailoring techniques.” The collection also continues the brand’s exploration of visual perception through photographic print patterns, including trompe-l’oeil effects that evoke decaying wood. A similarly personal and culturally driven approach emerges from Apartamento 03, founded by Luiz Cláudio Silva, whose work centers on identity, representation and the female experience. After years working across multiple brands, Silva launched his own label with the aim of creating with greater freedom and inclusivity. “Fashion has the power to create images and inspire people, and being able to dress bodies that were invisible for so long is exactly where we begin to change perspectives,” he said. His creative vision is rooted in cultural and intellectual references, with a particular focus on female narratives. “My attention is always focused on the feminine. I like to follow women and their trajectories, especially how racialized women are able to shift structures,” he explained, citing figures such as political activist Angela Davis, Brazilian singer Elza Soares and American singer Nina Simone. For this collection, inspiration stems from Brazilian writer Clarice Lispector and her character Macabéa in “The Hour of the Star,” alongside a dialogue with the Brazilian writer Conceição Evaristo. Returning to Rio, where he previously showed in 2008, Silva will present a collection that reflects both narrative and construction. “I feel very honored and very happy with the invitation, it truly feels like a gift to return to Rio at this moment,” he said. The collection explores tailoring alongside lighter, more fluid elements, with slip dresses and semi-transparent fabrics. A palette of white and natural tones is punctuated by black, gold and touches of yellow, while textures and artisanal elements add depth to the overall composition. Sign up for WWD news straight to your inbox every day",https://wwd.com/wp-content/uploads/2026/04/26_02_12_PedroNapolinario_MISCI_1099.jpg.jpeg?crop=0px%2C114px%2C5160px%2C2893px&resize=1000%2C563
"Apr 19, 2026 @ 10:07:16.665",2c6103fe387b7736bb8d26c31e7eff69,https://wwd.com/fashion-news/fashion-features/lim-81st-annual-runway-show-1238911851/,LIM Students Traversed Cultural and Celestial Borders at 81st Annual Show,LIM Students traversed cultural and celestial borders at their 81st annual show with the theme Global Fashion Fusion.,Ari Stark,2026-04-13T16:57:44+00:00,"A global mindset is critical to achieving success in today’s fashion industry, and Friday night at The Glasshouse on Manhattan’s West End, LIM students traversed cultural and, in some cases, celestial borders, producing their 81st annual runway show with the theme “Global Fashion Fusion.” In December, ownership of the New York-based college transitioned from the Marcuse family to the Japan Educational Foundation, so for the first time designs by home-field talent walked the runway alongside those from recent graduates at its new sister school ESMOD France. And greeting parents and faculty at the event’s entrance were televised animated shorts spotlighting a third school in JEF’s portfolio: Mode Gakuen in Japan. “This year, we’re really highlighting the alignment of LIM and JEF post acquisition,” said college president Ron Marshall ahead of his opening remarks, “because fashion doesn’t just start in Milan or Paris anymore. It starts in Seoul. It starts in Tokyo. And it starts here in New York.” While that might be true, this evening, the fashion started off in space. At about the same time Artemis II was re-entering Earth’s orbit, “Starry Romanticism” kicked off seven segments with student-styled metallic looks from the archives of LIM mentor Nicole Miller. Meanwhile, Amazon, the event’s presenting sponsor, contributed to the second segment “Ballroom Division” before “Apocalyptic Erosion,” featuring work from the LIM student designers. Backstage, junior Dylan Lippis said he and two friends took a “streetwear approach” for their distressed bomber jacket and shorts, adding “we just wanted our character to look like he was attacked by zombies.” Design Club director Miranda Martinez, however, was inspired by her source materials: errant scraps of chiffon, net and canvas that she had no use for until receiving this assignment. “I wanted my model to give the idea that she had to scavenge for what she’s wearing because, being in the apocalypse, you have to look for anything you can find,” she said. Emerging from the doom and gloom, the next two segments, “The New Order” and “After the Ashes” came courtesy of ESMOD France. And one needn’t refer to the run-of-show to see that as the former channeled Marie Antoinette with macaron shades, pearl beading and jacquard throughout, while the latter conjured a more severe image of haute Parisian glamour reminiscent of ’80s Alaïa or Mugler. According to LIM senior vice president and chief growth officer Danielle Yannotta, “having ESMOD France here taking part really elevates everything to an entirely new level.” Founded in 1841, ESMOD is the world’s oldest fashion design school, so “we’re taking all of their expertise in design and pairing it up with our LIM students who are more focused on the business of fashion,” said Yannotta. “They’ve executed all of the business elements of the show, from visual to production to music, marketing, you name it.” To conclude, patchwork denim pieces by Veronica Fletcher for Sonny Michael walked “Heritage and High Fashion,” culminating in “The Art of Elegance” with evening dresses also available on Amazon. In this segment, cancer survivor Jenna Tomasiewicz donned a pink floor-length ensemble clutching a flower-shaped handbag. Tomasiewicz is a member of the Verma Foundation, LIM’s philanthropic partner for the third consecutive year. Founded by Natasha Verma, the nonprofit provides free caps and wigs to those dealing with hair loss as a result of chemotherapy treatment. Verma, busy anchoring the evening news on Fox5NY, breezed in just in time to catch the finale. Applauding the models and students as they strutted by, she said “It’s gorgeous and so futuristic, which I love.” Sign up for WWD news straight to your inbox every day",https://wwd.com/wp-content/uploads/2026/04/2270788361.jpg?w=1000&h=563&crop=1
"Apr 19, 2026 @ 10:07:16.825",b95b0a0d381ea8e67436a6fad077b0ea,https://wwd.com/fashion-news/fashion-features/purple-teams-august-dedicated-talent-partnerships-division-1238912821/,"EXCLUSIVE: Purple Teams With August, Launches Dedicated Talent, Partnerships Division","Purple Talent focuses on communications, brand partnerships and creative representation, and is led by Purple entertainment veteran William Rice.",Samantha Conti,2026-04-13T16:23:16+00:00,"TALENT SPOTTING: Purple , which has a large roster of clients in fashion, hospitality and lifestyle, has established a talent and partnerships division to represent names from music, film and sports including the top female racing driver Jamie Chadwick. Purple Talent focuses on global communications, brand partnerships and creative representation and is led by William Rice, a founder of Purple ’s original entertainment division. That division previously represented people including Prince, Beyoncé Knowles-Carter, Björk, Adele and Lewis Hamilton . The division has launched in collaboration with the independent talent agency August, which was formed by Ebi Sampson and James Cunningham in 2020. August has a client list that includes the artist Soldier and musicians EsDeeKid, Usher , Lizzo , Earl Sweatshirt and Ezra Collective , the first jazz act to win the Brit Award for Best Group. The partnership, known as August at Purple, will see the two agencies share clients, resources and offices globally with the teams based at Purple’s London and Los Angeles offices. Purple Talent also encompasses a new creative representation and partnerships team with photographers, stylists, casting directors and other experts on board. Going forward, the aim is to create brand and partnership opportunities for Purple Talent clients in areas such as branding, and white label products. Purple also plans to tap its creative partners for shoots, films and other projects involving its music, film and sports talent. Caroline Lynch, Purple cofounder, said that as creative and business communities continue to grow closer, “we have the foresight, network and marketing intelligence to help promote projects and create new endeavors for mutual benefit. Our new talent division will provide that platform.” Purple Talent sits alongside the agency’s lifestyle, fashion, beauty, digital and events divisions, and will access the company’s global network of more than 250 category specialists across seven offices in London , Los Angeles, Miami, New York, Dubai, Hong Kong & Singapore. Purple is part of Together Group , a London-based collective that aims to blend creativity, culture and immersive technology. Its clients include luxury brands and high-end hotels and destinations worldwide. It agencies operate independently and leverage each other’s expertise. In addition to Purple, Together’s agencies include The Future Laboratory, Construct, Noë & Associates, King & Partners, Metajive, North Six and OBO. Together also provides strategic wellness consultancy services to Marina Bay Sands in Asia, and is working on future wellness propositions at Soho House, Scorpios and Tramp Health in Europe and the U.S. Sign up for WWD news straight to your inbox every day",https://wwd.com/wp-content/uploads/2026/04/DSCF5189-Edit-2.jpeg?crop=0px%2C388px%2C3508px%2C1964px&resize=1000%2C563
"Apr 19, 2026 @ 10:07:17.408",52778e91383ac0f2fc36e410014caa8f,https://wwd.com/fashion-news/fashion-features/page/2/,Fashion Features – Page 2 – WWD,,,,,https://wwd.com/wp-content/themes/vip/pmc-wwd-2021/assets/app/icons/icon-512x512.png
"Apr 19, 2026 @ 10:07:17.455",ea2f3952e1321d581b9215ba819f7dfc,https://wwd.com/fashion-news/fashion-features/page/3/,Fashion Features – Page 3 – WWD,,,,,https://wwd.com/wp-content/themes/vip/pmc-wwd-2021/assets/app/icons/icon-512x512.png
"Apr 19, 2026 @ 10:07:17.549",8f0391bdfbba9722042355a8a018fd45,https://wwd.com/fashion-news/fashion-features/old-navy-christopher-john-rogers-fashion-collaboration-1238905358/,Old Navy Taps Christopher John Rogers for Second Designer Collaboration,Gap Inc.’s executive vice president and creative director and Old Navy’s chief creative officer Zac Posen and designer Christopher John Rogers talk about their joyful collaboration.,Emily Mercer,2026-04-13T04:00:00+00:00,"Calling all lovers of joyful, colorful, happy fashion: Old Navy has teamed with New York-based luxury American designer Christopher John Rogers for its second designer collaboration . “We have taken the initiative in terms of bringing great American designers to our Old Navy customer. That can be from established icons to up-and-comers to the stars of today. Bringing great design, great storytelling and making it accessible at great value and great quality is something that’s really important to me. It’s an important dialogue for us to be having at Old Navy. I think it’s important for brands at our scale to also be supporting the American design community. Personally, it’s something that is very important to me,” Zac Posen , Gap Inc. ‘s executive vice president and creative director and Old Navy’s chief creative officer, told WWD during an exclusive interview. The Old Navy x Christopher John Rogers collection follows the release of Posen’s first designer collaboration for Old Navy with Anna Sui, which launched in October 2025. The new collaboration, priced $24.99 to $84.99, will be available to shop via Old Navy’s e-commerce and in select Old Navy stores nationwide starting Wednesday. “For our second collaboration after Anna Sui, I knew that the person who I wanted to work with was Christopher. First and foremost, because of his work and how he interprets American codes of style and the classics, as well as the synergy of the celebration of joy, and of color and pattern,” Posen said, nothing John Rogers’ codes parallel those of Old Navy. Posen added that conversations about working with John Rogers had been in play for more than a year. “For me, this has been something that I wanted to bring into Old Navy immediately, as of part of our style proposition as we’re in this major evolution of the brand and the product. I had mapped out and laid out different people that I would dream to work with, and bring that sense of surprise, delight and eclecticism that are so Old Navy. Christopher was there — we started talking about it significantly before our starting time,” he said. “I had to get the first one going — it’s a new muscle for our incredible design team, led by Sarah Holme [Old Navy head of design and product development] and her incredible team.” He added that doing the American designer collaborations has also been “one of our really great tests of our P to M [proto to marketing/production] process using technology and the digital creation process at speed. That’s significant, actually, from an industry standpoint and how we collaborate with designers, our vendors, our patternmakers, while still remaining integral to the design,” Posen explained. For both parties, inviting consumers to play with the styles was key to their collaboration, as seen through the 46-piece collection’s wide variety of optimistic clothing and accessories in eye-catching hues that stem from John Rogers’ knack for color. “The idea of play in there is really important and I feel like Christopher, while building pieces that have a great sophistication to them and play with construction also go into classic American sportswear, have that flair of life that brings fashion to the everyday,” Posen explained. John Rogers told WWD that what drew him to the partnership, and what differentiates from those he’s done in the past with J.Crew in 2024 and Target in 2021 was the wide range of mix-and-match products they’re offering. “What I’ve always really been interested in is this idea of self-authorship and self-articulation and giving the customer lots of different options, whether it be an amazing jersey top, a button-down blouse, a dress, a skirt, a pair of utilitarian cargos and a coordinating jacket — all things that we’re known for being able to offer. I’m echoing Zac with amazing value and quality without losing any declarativeness with the product, which is really exciting to me,” the designer said. Furthermore, the Old Navy x Christopher John Rogers collection’s hues, including golden olive and reddish orange, play into the “possibilities for the customer — giving them something that’s easy to wear and incorporate into their day to day, without losing any novelty and still feeling incredibly special,” John Rogers said of choosing enticing specific and nuanced, yet friendly and familiar, hues. In terms of silhouettes, the collaboration blends John Rogers’ sculptural, voluminous techniques with Old Navy signatures, as seen as seen through the High-Waisted Barrel Jeans and Oversized Button-Down Jean Shirt, as well as floral and polka-dot printed Drop-Waist Midi Skirts with cute matching scarves (here, tied as a bandeau top) and twisted halter peplum top. John Rogers added the line’s utilitarian elements helped balance out the more femme pieces and added dynamism to the offering. Additional highlights include the ultimate summer canvas tote bag, available in two colorways; bold polka dot and stripe printed tops with matchings skirts; colorful dresses, and halterneck one-piece swimsuits, to name a few. To bring the Old Navy x Christopher John Rogers collaboration to life, the duo tapped mother-daughter trio Kimora, Ming and Aoki Lee Simmons to front its campaign. “I think the most exciting part was, again, the dynamism in the types of people that can partake in this idea of fashion. So, regardless of age, regardless of identity or body type, really sort of providing people, again with the tools to self-express is really important,” John Rogers said. “These three ladies were a really fun expression of that and obviously, great personalities as well.” Posen added that mixing pop culture and family with the elevation of the collection was also key to the collaboration’s omnichannel strategy rollout, which will include a multifaceted campaign that tells the designer’s story, and goes into stories with the Lee Simmons family. In addition, the Old Navy x Christopher John Rogers collaboration is taking over Times Square on Monday evening with a celebratory event at Old Navy’s Midtown Manhattan flagship. “We will always want to have newness, excitement and great product, but it’s always important that it feels special,” Posen said of the Old Navy x Christopher John Rogers collaboration and future American designer collaborations. “Right now, our cadence for American designer collaborations is four a year. It enables us to do the best product to partner as we expand with fashion-tainment on how we story tell. That will be a part of the growth strategy here in terms of how we tell the story of these great creators,” he said. Sign up for WWD news straight to your inbox every day",https://wwd.com/wp-content/uploads/2026/04/old-navy-christopher-john-rogers-ctsy-12.jpg?w=1000&h=563&crop=1
"Apr 19, 2026 @ 10:07:17.609",961d180c9971d496c3fb7a785de1b437,https://wwd.com/fashion-news/fashion-features/page/4/,Fashion Features – Page 4 – WWD,,,,,https://wwd.com/wp-content/themes/vip/pmc-wwd-2021/assets/app/icons/icon-512x512.png
