crawl_timestamp,uniq_id,page_url,article_title,sub_title,author_name,post_date,article_content,image_url
"Apr 19, 2026 @ 01:22:39.983",ff34cc1fa86ab83985b15de1b2065ef9,https://www.just-style.com/news/idle-clothes-reconomy-circularity/,Reconomy warns idle clothes undermine circularity,New research from Reconomy says idle clothes in wardrobes now pose nearly as significant a challenge to circularity as discarded items.,Jangoulun Singsit,2026-04-15T10:45:55+00:00,"Idle clothes in wardrobes now pose nearly as significant a challenge to circularity as discarded items, according to new research from Reconomy. The research identifies “widespread overproduction” and the dominance of inexpensive, lower-quality garments with reduced longevity as major contributing factors. According to the research, unworn clothes reduce garments’ “perceived value” and discourage maintenance, repair, and reuse. Consequently , these garments are often discarded, generating waste comparable to that sent directly to landfill. The gold standard of business intelligence. Find out more Combine business intelligence and editorial excellence to reach engaged professionals across 36 leading media platforms. Find out more In addition, it is highlighted that industry progress on circular initiatives is slow, with most schemes struggling to move beyond pilot stages. The study identifies the lack of consistent regulations and circular design standards across markets, which creates further complexities for international brands and retailers developing their own strategies. The research revealed that efforts to expand circular business models have also stalled due to “unsuitable infrastructure, poor data availability and lack of long-term financial investment”. To address the issues, the research outlines eight recommended focus areas, including: Reconomy Textiles EPR development director Aimee Campanella said: “While brands and retailers recognise this is a business-critical issue and want to accelerate circularity, too many structural barriers stand in the way of adopting solutions that work at scale. We hope this research provides the industry with a better understanding of the barriers and what needs to change to help the sector move beyond pilots to viable circular systems that help the sector reduce waste, cut carbon emissions, while also lowering costs for businesses and strengthening profitability.” Reconomy’s research was commissioned against the backdrop of increasing global demand for clothing and footwear, while a lack of circular practices continues to drive unsustainable waste generation and carbon emissions. An estimated 120 million metric tonnes of textile waste were generated globally in 2024, with around 80% sent to landfill or incineration. The study was carried out by independent sustainability consultancy Sancroft, drawing on extensive research and in-depth stakeholder interviews across the textiles ecosystem. Last month, Reconomy joined ReHubs, a European alliance focused on expediting the shift to a circular textile economy . The gold standard of business intelligence. Find out more Experience unmatched clarity with a single platform that combines unique data, AI, and human expertise. Find out more",https://www.just-style.com/wp-content/uploads/sites/27/2026/04/Textile-images-1.jpg
"Apr 19, 2026 @ 01:22:40.004",c98bd27de1d795dc2d101d5526153f7a,https://www.just-style.com/news/gapinspectorio-ai-adoption/,Inspectorio AI platform to enhance Gap supply chain oversight,"Gap uses Inspectorio’s AI platform to increase visibility, quality management and supplier collaboration within its network.",Jangoulun Singsit,2026-04-14T10:10:54+00:00,"Gap has introduced Inspectorio’s AI platform to its global supply chain to increase visibility, quality management and supplier collaboration within its network. Inspectorio’s technology will be used across all Gap brands, including Old Navy, Gap, Banana Republic and Athleta. The US brand will use Inspectorio’s AI capabilities to achieve end-to-end product traceability, relying on automated task execution and centralised data collection. The gold standard of business intelligence. Find out more Combine business intelligence and editorial excellence to reach engaged professionals across 36 leading media platforms. Find out more Inspectorio CEO Chirag Patel commented, “Gap Inc. sets a new global standard for how leading retailers use AI to streamline supply chain performance and deliver for consumers. We’re proud to support the company’s vision with AI-powered technology that turns transparency into a competitive advantage and helps Gap Inc. make faster, smarter decisions across a complex global supplier network.” This development is part of a broader digital transformation in Gap’s supply chain management. The partnership follows Gap’s recent introduction of additional AI tools from other providers earlier this month, including personalisation technologies from Bold Metrics and Google . Gap now offers customers personalised fit recommendations via Bold Metrics’ Agent Sizing Protocol and supports Google’s Universal Commerce Protocol, which the company says enables more efficient agent-based e-commerce interactions. In October last year, Gap entered a multi-year agreement with Google Cloud to advance its technology strategy, using AI to support retail developments across its brands. The following month, the company also announced that AI-powered features would be introduced on its online platforms in time for Cyber Monday 2025, aiming to provide customers with new experiences for discovering styles and selecting the correct fit across the company’s group of brands. The gold standard of business intelligence. Find out more Experience unmatched clarity with a single platform that combines unique data, AI, and human expertise. Find out more",https://www.just-style.com/wp-content/uploads/sites/27/2026/04/Gap-2.jpg
"Apr 19, 2026 @ 01:22:40.042",cdd56b7de0d233bac8f543cb9bfd1027,https://www.just-style.com/news/zhejiang-longsheng-dystar-shareholder/,Zhejiang Longsheng assumes full control of DyStar after shareholder dispute settlement,"Zhejiang Longsheng Group has acquired full ownership of DyStar, a speciality chemical company, following the resolution of a shareholders’ dispute.",Jangoulun Singsit,2026-01-05T11:00:27+00:00,"Zhejiang Longsheng Group has acquired full ownership of DyStar, a speciality chemical company, following the resolution of a shareholders’ dispute. The settlement was concluded through several agreements, including a Share Buy-Back Agreement and a Framework Agreement, both dated 12 December 2025, as well as an Amended and Restated Share Purchase Agreement finalised on 13 December 2025. These agreements amended the original Share Purchase Agreement signed on 29 May 2025. The gold standard of business intelligence. Find out more Combine business intelligence and editorial excellence to reach engaged professionals across 36 leading media platforms. Find out more The transaction involved the purchase of a 37.5% shareholding previously held by KIRI Industries for a total sum of $688.88m. DyStar provided $426.52m of the payment while Zhejiang Longsheng Group’s subsidiary, Sende International, contributed $262.4m. Court-appointed receivers Deloitte & Touche Financial Advisory Services confirmed the transaction on 30 December 2025, with completion occurring the same day. With this process finalised, all legal disputes between Zhejiang Longsheng and KIRI Industries related to DyStar’s shareholding have been settled. The two directors nominated by KIRI Industries have stepped down from DyStar’s board of directors. As a result, DyStar now operates as a wholly owned subsidiary of Zhejiang Longsheng Group. DyStar Group board of directors chairman Ruan Weixiang said: “We are delighted with the successful conclusion of this transaction as it is consistent with Longsheng’s strategic objective of becoming a world class provider of specialty chemical production services. I am confident DyStar’s consolidated profits will be further strengthened as we remain united and work together for a better tomorrow.” The company stated it will maintain transparency and continue engagement with its stakeholders during this transition. DyStar Group managing director and president Xu Yalin said: “The complete resolution of the shareholders’ dispute marks a pivotal milestone for DyStar. With full ownership and unified governance under the leadership of Zhejiang Longsheng Group, DyStar is well-positioned to strengthen its global operations, accelerate innovation, and deliver sustainable value for all stakeholders.” In April last year, DyStar Group terminated manufacturing activities at its Hilton Davis facility, with selected processes to be absorbed by DyStar LP in Reidsville, North Carolina . The gold standard of business intelligence. Find out more Experience unmatched clarity with a single platform that combines unique data, AI, and human expertise. Find out more",https://www.just-style.com/wp-content/uploads/sites/27/2026/01/DyStarHQ_reception_Library.jpg
"Apr 19, 2026 @ 01:22:40.019",c2274a27073a6a6bbf802a46ace7ef38,https://www.just-style.com/news/nike-bosses-assure-progress-in-reshaping-business-as-q2-earnings-sink/,Nike predicts Q3 low double-digit revenue fall as Q2 earnings dip 26%,Nike has reported a decline in its Q2 earnings with net income falling by 26% to $1.2bn from $1.57bn in the previous year.,Upasana Mukherjee,2024-12-20T11:58:58+00:00,"Nike has reported a decline in its second quarter (Q2) earnings for fiscal year 2025 (FY25), with net income falling by 26% to $1.2bn from $1.57bn in the previous year. Nike’s Q2 basic earnings per common share were $0.78, a decrease from $1.04 year-on-year, while diluted earnings per common share also dropped to $0.78 from $1.03. Matthew Friend, Nike executive vice-president, chief financial officer said that the financial performance for Q2 largely aligned with expectations as the company continues to advance in reshaping its business. The gold standard of business intelligence. Find out more Combine business intelligence and editorial excellence to reach engaged professionals across 36 leading media platforms. Find out more Friend also noted traffic and retail sales across the marketplace were lower than anticipated, particularly in September and October. However, in November, the company experienced a positive shift in both digital and in-store traffic, especially during the key consumer events of the quarter. “Nike’s second-quarter financial performance largely met our expectations, as we continue to make progress in shifting our portfolio. Under Elliott’s leadership, we are accelerating our pace and reigniting brand momentum through sport,” Friend added. Key Q2 FY25 operational performance highlights: For the three months ending 30 November 2024, Nike’s revenues decreased 8% on a reported basis and down 9% on a currency-neutral basis to $12.35bn from $13.38bn in the same period last year, reflecting ongoing headwinds from its franchise management actions. Nike Brand revenues fell 7% to $12.0bn, with an 8% decrease on a currency-neutral basis, reflecting declines across all regions. Nike Direct revenues experienced a 13% decline to $5.0bn, attributed primarily to a 21% decrease in Nike Brand Digital sales and a 2% decrease in revenues from Nike-owned stores. Wholesale revenues also saw a downturn, with a 3% decrease to $6.9bn on a reported basis and a 4% decrease on a currency-neutral basis. Converse, a subsidiary of Nike, reported revenues of $429m, marking a 17% decrease on a reported basis and an 18% decrease on a currency-neutral basis, with sales falling across all territories. Gross profit for Nike in Q2 FY25 was $5.38bn, down from $5.97bn in the same quarter the previous year. As of 30 November 2024, the company had repurchased 112.8m shares under its current programme, amounting to approximately $11.3bn. Nike president and CEO Elliott Hill said: “After an energising 60 days of being back with my Nike teammates, our clear priority is to return sport to the centre of everything we do. “We’re taking immediate action to reposition our business, so we can get back to driving long-term shareholder value. Our team is ready to go, and I’m confident you will see more moments of Nike being Nike again.” Nike anticipates a decline in revenue for the third quarter, with projections indicating a decrease in the low double-digit percentage range. The forecasted downturn is attributed to the early implementation of the strategies previously mentioned and amplified by the negative impact of foreign exchange fluctuations. However, this is somewhat mitigated by the advantage gained from Cyber Week sales falling within the third quarter timeframe. For Q3, Nike’s gross margins are projected to fall by about 300 to 350 basis points. This expected reduction includes charges related to restructuring that were incurred during the corresponding period of the previous year. Recently, Chummy Tees conducted an analysis of the number of listings of the top 100 brands on online marketplaces eBay and Depop. The study found that Nike is the brand most frequently resold on these platforms. The gold standard of business intelligence. Find out more Experience unmatched clarity with a single platform that combines unique data, AI, and human expertise. Find out more",https://www.just-style.com/wp-content/uploads/sites/27/2024/12/Nike-shutterstock_2143887781.jpg
"Apr 19, 2026 @ 01:22:40.888",a2df6a302eceace7312f0e809388b390,https://www.just-style.com/news/us-textile-ncto-2025/,"US textile sector stable despite 2025 disruption, says NCTO","The US textile industry remained stable during 2025, despite facing economic and trade disruptions, according to the NCTO.",Jangoulun Singsit,2026-04-17T10:54:33+00:00,"The US textile industry remained stable during 2025, despite facing economic and trade disruptions, according to an industry overview presented by Chuck Hall, chairman of the National Council of Textile Organizations (NCTO). Hall, who serves as president and CEO of textile manufacturer Barnet, delivered his remarks at NCTO’s 22nd Annual Meeting, which took place from 14–16 April at the Mayflower Hotel in Washington, DC. Hall started his address with a stark note: “In just two and a half years, more than 40 US textile plants have closed. Let that sink in. Forty facilities — many in rural communities where a textile mill is the economic backbone — shut their doors. Families were impacted. Communities were shaken.” The gold standard of business intelligence. Find out more Combine business intelligence and editorial excellence to reach engaged professionals across 36 leading media platforms. Find out more He attributed the losses to predatory trade practices intensifying, the surge in illegal transshipments, customs fraud and logistics breakdowns which rippled across supply chains. Sweeping global tariff increases, he said, “triggered uncertainty and injected unpredictability into global markets.” Despite these challenges, Hall said, in 2025, the industry’s key metrics registered slight declines across the board but remained stable relative to major trade and economic disruptions throughout the year. “This again underscores the industry’s ability to adapt during challenging times and remain viable even while registering some losses.” Industry data for 2025, as presented by Hall, show that the value of US man-made fibre, textile, and apparel shipments totalled an estimated $60.9bn, down from $63.9bn in 2024. Exports of fibres, textiles, and apparel is also slightly down to $27bn in 2025, from $28bn the previous year. Between 2017 and 2024, the industry invested $34.3bn in advanced manufacturing within the US. Additionally, $5.5bn went into new plants and equipment in 2024, the most recent year with available figures. “Despite weakening in some fundamentals, I remain cautiously optimistic that the industry will once again navigate the disruptions and remain resilient this year. Several policy wins and significant progress in key priority areas will generate more business opportunities for the industry and thus provide a basis and foundation for optimism in 2026,” Hall said. But while in 2025 the industry faced these significant challenges, Hall said, it was also a year of wins for the US textile sector, particularly with regard to economic policy. These outcomes followed senior-level meetings, executive visits, direct engagement with Cabinet secretaries and policymakers on Capitol Hill, along with ongoing grassroots advocacy. Among others, major wins during the year include closing de minimis loophole, securing Western Hemisphere tariff exemptions, elevating customs enforcement, and protecting key defence procurement rules. Looking to the coming year, the organisation’s primary advocacy objectives include maintaining duty-free status for textile and apparel goods eligible under USMCA and CAFTA-DR agreements. NCTO also plans to increase efforts directed at the administration and Congress to obtain tariff exemptions for textile manufacturing inputs and machinery not produced domestically. In addition, it aims to strengthen engagement to protect and extend the Berry Amendment through the National Defense Authorization Act and the House Berry Amendment Caucus. “We enter 2026 with many challenges ahead. The work never ends, and the challenges are ever evolving. In 2026, global competition remains fierce. Policy uncertainty remains real. Enforcement gaps remain persistent,” Hall said. The gold standard of business intelligence. Find out more Experience unmatched clarity with a single platform that combines unique data, AI, and human expertise. Find out more",https://www.just-style.com/wp-content/uploads/sites/27/2026/04/NCTO-4.jpg
"Apr 19, 2026 @ 01:22:40.922",b119341e6f11f2aa55455b0632d66ff1,https://www.just-style.com/news/us-tariff-garment-supply-chain/,Response to US tariffs risked human and labour rights,"US tariff changes led to widespread human and labour rights harms for apparel workers, according to a new study from the BHRC.",Jangoulun Singsit,2026-04-17T10:10:06+00:00,"The implementation of US tariff changes in August 2025 led to widespread human and labour rights harms for apparel workers, a new study by the Business and Human Rights Centre has revealed. The NGO monitored global media reports, supplier disclosures, and first-hand testimony from unions and worker organisations across major garment-producing nations between April and December 2025. The research examined how brand and buyer responses to US tariff changes impacted labour conditions throughout supply chains. The gold standard of business intelligence. Find out more Combine business intelligence and editorial excellence to reach engaged professionals across 36 leading media platforms. Find out more Following the announcement of a universal 10% tariff on imports and additional “reciprocal” tariffs ranging from 10 to 50% for certain trading partners under the International Emergency Economic Powers Act, the study revealed that brands and buyers responded with abrupt changes to purchasing practices. Suppliers reported orders being paused or cancelled, demands for price reductions, and requests to absorb or split tariff-related costs. Buyers in some cases threatened to shift orders elsewhere if suppliers did not comply with lower price demands, generating commercial shocks along the supply chain. The study found that these commercial actions led to layoffs, factory closures, reduced working hours and delayed wage payments for workers. Unions and industry organisations observed that brands rapidly changed sourcing away from jurisdictions with higher tariffs, including a reduction in apparel imports from China to a 22-year low by May 2025 and shifts to countries such as Vietnam, Myanmar and Sri Lanka. When tariffs increased in India, some buyers moved orders again, creating persistent instability for workers. Among 25 apparel buyers contacted, none responded to requests for information on how they managed sourcing changes or monitored labour impacts during this period. The Centre’s report stated that the practice of transferring financial risk and cost to suppliers and their workers mirrored patterns recorded during previous supply chain crises, including the Covid-19 pandemic. Price reduction pressure was widely reported, with brands and retailers demanding discounts of up to 25% on new and ongoing orders. “The 2025 US tariffs didn’t just reshape trade, they reshaped livelihoods as well. When a crisis hits global supply chains, more often than not the costs are pushed down onto suppliers, with disastrous consequences for workers,” commented Anithra Varia, interim project manager for labour rights at the Business and Human Rights Centre. “As brands made calculated commercial decisions, garment workers were left facing layoffs, rising precarity, the erosion of labour rights, and in many cases hunger and marginalisation. The response to the tariff crisis reveals a systemic failure by brands who continue to treat human rights as optional when commercial pressures arise.” One Bangladeshi supplier said: “My US buyer is saying that there is no possibility of raising the price from the end buyer. Therefore, they are asking us to reduce the price.” Competition between suppliers to secure orders further reduced profit margins. The Centre documented buyers in Bangladesh and India seeking to push additional tariff costs onto suppliers, in some cases suspending or cancelling contracts where suppliers refused. One supplier in India was quoted as saying: “The buyer asked me to bear the remaining amount. If I can’t, they want to cancel the order. This is from my major buyer to whom I ship half a million pieces every month.” Workforce impacts included layoffs and factory closures, such as in Lesotho, where around 5,000 workers were placed on three months’ unpaid leave following factory shutdowns, leading to protests over unpaid wages. In factories that remained operational, reductions in working hours and pay occurred, increasing financial insecurity among employees. Some unions reported that food and medical insecurity, as well as risks of exploitation and trafficking, increased for some workers. The report found women and migrant workers were particularly exposed due to insecure employment and limited protections. According to union accounts, employers used tariff pressures to request workers sign voluntary resignation letters without negotiation. “How brands respond to disruption matters. In supply chains characterised by significant power asymmetries between buyers and suppliers, adjustments to purchasing practices can place immediate financial pressure on suppliers operating on narrow margins,” Varia added. “When commercial pressure is pushed down supply chains, workers pay the price. Better practice means maintaining agreed prices and payment terms, honouring existing orders, and working with suppliers and worker representatives to protect wages, benefits and severance when disruption hits. “Brands and buyers have the power to determine where shocks land across supply chains. As tariff uncertainty continues, these actors must urgently adopt responsible purchasing practices to prevent financial pressure on suppliers translating into human rights harms for workers.” The gold standard of business intelligence. Find out more Experience unmatched clarity with a single platform that combines unique data, AI, and human expertise. Find out more",https://www.just-style.com/wp-content/uploads/sites/27/2026/04/Business-and-Human-Rights-Centre.jpg
"Apr 19, 2026 @ 01:22:40.951",adfe9703998d415ecf3e08d05d80e99f,https://www.just-style.com/news/wordly-ai-compliance-solution/,Worldly unveils AI-driven compliance solution for consumer goods,"Worldly has launched a new AI-powered solution, which it says can “manage and reduce” risk for consumer goods brands.",Jangoulun Singsit,2026-04-17T09:57:43+00:00,"Supply chain intelligence platform Worldly has launched a new AI-powered solution which it says can “manage and reduce” risk for consumer goods brands. Named Supplier Compliance Management, the new platform allows brands to centralise the compliance process, from audits and remediation tasks to tracking improvements over time. It offers standardised classifications and severity scoring across different facilities and regions, and provides tools to govern corrective action plans. The gold standard of business intelligence. Find out more Combine business intelligence and editorial excellence to reach engaged professionals across 36 leading media platforms. Find out more For suppliers, Worldly says the platform could reduce repetitive audits and overlapping requirements, which manufacturers say can amount to more than 200 days of audit activity per year. By using converged assessment data, it aims to simplify compliance work for both brands and suppliers. Worldly human rights risk solutions vice president Kathryn Smith said: “We’ve spent years building the largest network of verified supplier data in the consumer goods industry, with more than 40,000 facilities submitting primary data on the Worldly platform. “Supplier Compliance Management turns that foundation into something compliance teams have never had before: a single system that connects what audits find to what a brand’s own standards require, and tracks whether conditions are actually improving. That’s not incremental. It changes how compliance programs operate.” The announcement of the platform comes as global regulatory pressure intensifies, with US Customs and Border Protection blocking nearly $4bn in shipments since 2022 over forced labour concerns and new EU forced-labour rules due to be enforced in 2027. The platform consolidates third-party social audit reports, custom brand assessments, and data from the Higg Facility Social & Labor Module, overseen by Cascale. It also streamlines the mapping of findings against brand Codes of Conduct and global labour standards frameworks, including the ILO Core Labour Standards and the Cascale Risk Framework. OVS corporate sustainability head Simone Colombo said: “Managing compliance across our supplier base used to mean reconciling data from multiple audit frameworks and spreadsheets, then mapping it all back to our Code of Conduct manually. “Worldly’s Supplier Compliance Management brings everything together in one place, giving us a much clearer picture of where risks exist and what is being done to address them — and saving us an enormous amount of time.” In December last year, Worldly released a series of updates aimed at improving the collection and use of primary data for brands and suppliers . The gold standard of business intelligence. Find out more Experience unmatched clarity with a single platform that combines unique data, AI, and human expertise. Find out more",https://www.just-style.com/wp-content/uploads/sites/27/2026/04/Worldly-3.jpg
"Apr 19, 2026 @ 01:22:40.939",c03fbc1aeeeae1d8ddea5cb4e579e58c,https://www.just-style.com/news/allbirds-pivots-from-sustainable-footwear-to-ai/,Allbirds pivots from sustainable footwear to AI,Allbirds announces it will rebrand to NewBird AI after selling its footwear business to American Exchange Group last month.,Rachel Lawler,2026-04-17T08:33:26+00:00,"In a surprising move, Allbirds announces it will rebrand to NewBird AI after selling its footwear business to American Exchange Group last month. Stay ahead with unbiased news, expert commentary, and in-depth features on global topics. As a trusted provider of data and insights, Just Style collaborates closely with industry leaders and professionals to offer unique thought leadership and analysis. Gain a deeper understanding of the apparel industry’s trajectory and the priorities shaping the profession. Ready to stay informed? Subscribe to unlock exclusive content. Already a subscriber? Sign in to access your account. Please complete this form to request more information, and a representative will be in touch shortly. The gold standard of business intelligence. Find out more Experience unmatched clarity with a single platform that combines unique data, AI, and human expertise. Find out more",https://www.just-style.com/wp-content/uploads/sites/27/2026/04/shutterstock_2464470317.jpg
"Apr 19, 2026 @ 01:22:41.776",d905d0922c3c451234a2c8937b6d99b0,https://www.just-style.com/news/tesco-clothing-revenue-growth/,Tesco F&F clothing sales rise as group revenue up 4.6%,"Tesco has reported growth in its F&F clothing division during the year ended 28 February 2026, with sales reaching over £1.2bn ($1.6bn), an increase of 5.1% from the prior fiscal.",Jangoulun Singsit,2026-04-16T09:05:25+00:00,"Supermarket chain Tesco has reported growth in its F&F clothing division during the year ending 28 February 2026, with sales reaching over £1.2bn ($1.6bn), an increase of 5.1% from the prior fiscal. Stay ahead with unbiased news, expert commentary, and in-depth features on global topics. As a trusted provider of data and insights, Just Style collaborates closely with industry leaders and professionals to offer unique thought leadership and analysis. Gain a deeper understanding of the apparel industry’s trajectory and the priorities shaping the profession. Ready to stay informed? Subscribe to unlock exclusive content. Already a subscriber? Sign in to access your account. Please complete this form to request more information, and a representative will be in touch shortly. The gold standard of business intelligence. Find out more Experience unmatched clarity with a single platform that combines unique data, AI, and human expertise. Find out more",https://www.just-style.com/wp-content/uploads/sites/27/2026/04/Tesco-1.jpg
"Apr 19, 2026 @ 01:22:41.790",693b225fe6ab00c507165f2776dbf02f,https://www.just-style.com/news/recover-prosperity-textile-team-to-scale-denim-solutions/,"Recover, Prosperity Textile team to scale denim solutions","Recover, has partnered with Prosperity Textile on a range of denim fabrics developed collaboratively under the Recover Fabrics umbrella.",Hannah Abdulla,2026-04-16T08:19:11+00:00,"Materials science firm, Recover, has partnered with denim fabric manufacturer, Prosperity Textile on a range of denim fabrics developed collaboratively under the Recover Fabrics umbrella. Designed as a flexible, production‑ready collaboration, the partnership between Recover and Prosperity Textile enables scalable and sustainable denim fabric solutions that can evolve in response to customer needs, volumes, and end‑use applications. It brings together Recover’s consistent, high‑quality recycled cotton fibre with Prosperity Textile’s deep denim expertise and advanced manufacturing capabilities. The gold standard of business intelligence. Find out more Combine business intelligence and editorial excellence to reach engaged professionals across 36 leading media platforms. Find out more Built as a scalable platform for industrial‑scale denim fabric production, the collaboration supports reliable quality, performance, and long‑term supply. “Our partnership with Prosperity Textile represents an important step in making it easier for brands to integrate circular materials beyond niche collections, into their core quality denim ranges,” said Anders Sjöblom, CEO, Recover™. “Working closely with a mill partner that has the technical depth, innovation mindset, and scale of Prosperity Textile allows us to jointly develop denim fabrics that meet the real performance and quality consistency expectations of global brands, while reducing reliance on virgin cotton.” “By combining Recover’s recycled cotton expertise with our industrial manufacturing capabilities, we are able to deliver competitive, high-volume denim fabrics that meet the performance, lead time, and quality expectations of global brands,” added Stafford Lau, CEO, Prosperity Textile. “This collaboration reflects our shared commitment to making sustainable, high-quality denim a viable solution for core collections produced at an industrial scale.” Initial fabric developments will be introduced to selected brand partners as part of both companies’ shared commitment to accelerating circularity in denim. The gold standard of business intelligence. Find out more Experience unmatched clarity with a single platform that combines unique data, AI, and human expertise. Find out more",https://www.just-style.com/wp-content/uploads/sites/27/2026/04/denim.jpg
"Apr 19, 2026 @ 01:22:41.845",d3bf5edae78c6f4df5888ea54f5460d6,https://www.just-style.com/news/us-retail-sales-march-2026/,Tax refunds sustain US retail sales growth amid rising petrol prices,"US retail sales, including clothing, rose for the sixth consecutive month in March 2026, helped by higher-than-average tax refunds.",Jangoulun Singsit,2026-04-15T10:30:19+00:00,"US retail sales, including clothing, rose for the sixth consecutive month in March 2026, as higher-than-average tax refunds helped offset increased petrol prices linked to the conflict in the Middle East. During the month, almost all retail sectors recorded year-on-year increases, with clothing stores, sporting goods stores and health and personal care stores, seeing the highest growth, according to data from the CNBC/NRF Retail Monitor. Clothing and accessories outlets posted a 0.57% monthly rise and a 10.89% annual increase. Shops in sporting goods, hobbies, music, and books rose by 0.4% month on month and 10.88% from March 2025. The gold standard of business intelligence. Find out more Combine business intelligence and editorial excellence to reach engaged professionals across 36 leading media platforms. Find out more The report shows that retail sales, excluding vehicle dealerships and fuel stations, rose by 0.4% seasonally adjusted in March compared to the previous month, and grew 6.59% unadjusted over the same month in 2025. In February, these figures increased by 0.28% month on month and 6.24% year on year. When excluding restaurants, as well as car dealers and petrol stations, core retail sales saw a 0.41% monthly rise in March and a 7.05% annual increase. Comparatively, February’s core sales were up 0.27% from the previous month and 5.87% year over year. Total retail sales for the first quarter were up 6.18% from last year, while core sales reported a 6.14% increase. NRF president and CEO Matthew Shay said: “Retail sales grew for a sixth consecutive month in March as the first wave of tax refunds offset higher gas prices resulting from the conflict in the Middle East. Despite record-low consumer sentiment and the highest inflation rate in two years, consumers continued to spend on household priorities. As consumers focus on costs, retailers remain laser-focused on keeping prices competitive and affordable.” The gold standard of business intelligence. Find out more Experience unmatched clarity with a single platform that combines unique data, AI, and human expertise. Find out more",https://www.just-style.com/wp-content/uploads/sites/27/2026/04/NRF-8.jpg
"Apr 19, 2026 @ 01:22:41.862",2bc2a94ff44736e1c62be175e65df317,https://www.just-style.com/news/organic-cotton-summit-2026/,"Organic Cotton Summit targets supply chain, production challenges",Efforts to strengthen global supply chains and scale sustainable cotton production will take centre stage at the Organic Cotton Summit in Istanbul.,Jangoulun Singsit,2026-04-14T10:18:40+00:00,"Efforts to strengthen global supply chains and scale sustainable cotton production will take centre stage as industry stakeholders gather at the Organic Cotton Summit in Istanbul from 2 to 4 June 2026. The event, to be jointly hosted for the first time by the Organic Cotton Accelerator (OCA) and Textile Exchange, will emphasise collaborative solutions and knowledge exchange to address the challenges and opportunities in organic cotton. The Organic Cotton Summit will bring together representatives from fashion brands, retailers, suppliers, farmers, and policymakers, along with sustainability leaders and innovators focused on traceability, climate resilience, and finance. The gold standard of business intelligence. Find out more Combine business intelligence and editorial excellence to reach engaged professionals across 36 leading media platforms. Find out more It will facilitate shared learning on key issues such as enhancing traceability, investing in climate resilience, navigating regulatory shifts, and increasing market demand for organic cotton. Sessions throughout the event will also explore ways to foster trust across the supply chain and examine the perspectives of cotton growers. Textile Exchange chief standards and strategy officer Ashley Gill said: “The future of organic cotton depends on our ability to collaborate more deeply and act more decisively. By joining forces with the Organic Cotton Accelerator, this summit offers a rare opportunity to unite leaders from across the global organic community to learn from one another, challenge our assumptions, and to co-create solutions that are grounded in real-world experience. We’re excited to co-host this event, where connection, insights, and innovation can inspire collaborative action and accelerate the scale and impact of organic cotton worldwide.” The summit programme features keynote addresses, including a session from Paul Holmbeck, World Board Member at IFOAM – Organics International, who will speak about lessons from organic policy and market initiatives. Attendees can participate in workshops focused on unlocking investment, utilising data for climate and nature outcomes, and adapting to new sustainability policies. In addition, there will be scheduled regional dialogues that will encourage further exchange between key organic cotton-producing areas. The OCA will host an Organic Cotton Pavilion to highlight organisations throughout the supply chain, including farming groups, seed producers, certification bodies, and traceability solution providers. Organic Cotton Accelerator executive director Bart Vollaard said: “By joining hands with our partners at Textile Exchange, we are creating a unique opportunity to convene the full breadth of the organic cotton community, from those growing cotton in the fields to those shaping markets and policy. It’s a chance to recognise the incredible progress achieved across supply chains and to be inspired by peers from across the globe. Most importantly, it’s a space to challenge ourselves to go further in a rapidly shifting sustainability landscape and continue scaling organic cotton for lasting impact.” The gold standard of business intelligence. Find out more Experience unmatched clarity with a single platform that combines unique data, AI, and human expertise. Find out more",https://www.just-style.com/wp-content/uploads/sites/27/2026/04/Cotton-4.jpg
"Apr 19, 2026 @ 01:22:42.690",0d470d6466fb0e80fd556c138c30a89f,https://www.just-style.com/news/how-ai-resale-nearshoring-are-reshaping-apparel-in-2026/,"How AI, resale, nearshoring are reshaping apparel in 2026","After a GlobalData report outlined the trends set to redefine apparel in 2026, Just Style examines how they're already playing out.",Isatou Ndure,2026-04-14T09:51:54+00:00,"After a GlobalData report outlined the trends set to redefine apparel competition in 2026, from AI-driven operations to resale growth and nearshoring strategies, Just Style examines how they're already playing out in the news. Stay ahead with unbiased news, expert commentary, and in-depth features on global topics. As a trusted provider of data and insights, Just Style collaborates closely with industry leaders and professionals to offer unique thought leadership and analysis. Gain a deeper understanding of the apparel industry’s trajectory and the priorities shaping the profession. Ready to stay informed? Subscribe to unlock exclusive content. Already a subscriber? Sign in to access your account. Please complete this form to request more information, and a representative will be in touch shortly. The gold standard of business intelligence. Find out more Experience unmatched clarity with a single platform that combines unique data, AI, and human expertise. Find out more",https://www.just-style.com/wp-content/uploads/sites/27/2026/02/GettyImages-1492815833.jpg
"Apr 19, 2026 @ 01:22:42.709",c88b33950bd5ce85f462f998e2cf33a5,https://www.just-style.com/news/uk-supply-chain-shipping-disruption/,"Manufacturing, retail among UK sectors at risk from shipping disruption",Sectors that rely on imported goods or internationally sourced components face the highest risk of disruption within UK supply chains.,Jangoulun Singsit,2026-04-15T10:12:45+00:00,"Industries that rely on imported goods or internationally sourced components have been found to face the highest risk of disruption within UK supply chains. Insight from Cleveland Containers has identified key areas of exposure and described how UK businesses are adjusting to persistent volatility in shipping routes, as global trade continues to experience uncertainty. Government figures from the Department for Transport show that the majority of UK freight moves by sea, 85% by weight and 55% by value in 2024. This makes industries including construction, manufacturing, and retail particularly sensitive to interruptions in global maritime corridors, whether due to geopolitical conflict, infrastructure issues, or climate events. The gold standard of business intelligence. Find out more Combine business intelligence and editorial excellence to reach engaged professionals across 36 leading media platforms. Find out more Recent analysis by the Office for National Statistics (ONS) also found that, in 2024, instability in the Red Sea caused container ships bound for the UK to reroute around the Cape of Good Hope. This extended delivery times by several weeks and underscored the limited flexibility many businesses have to absorb unexpected delays. International agencies such as UN Trade and Development have also warned that ongoing issues in the Red Sea, Suez Canal, and Panama Canal are raising costs and increasing strain on global logistics. Cleveland Containers chief commercial officer Richard Gray said: “The challenge for businesses is that supply chain disruption is no longer a one-off event that can be treated as exceptional. Volatility across trade routes is becoming a more regular operating condition, and that changes how businesses need to think about stock, space and contingency planning.” Cleveland Containers has observed that sectors with dependencies on overseas imports are the quickest to feel the impact of trade shocks. According to the company, manufacturing is particularly vulnerable to disruption, as it depends on machinery, equipment and components often sourced worldwide. The latest ONS trade bulletin highlights how shifts in these categories continue to influence monthly UK import and export performance across both EU and non-EU markets. Construction is also one of the industries vulnerable, government data showing that that 60.2% of UK construction material imports came from the EU in 2025. Any disruption can affect project timelines, costs and the availability of materials. Additionally, retail and food supply chains face particular pressure due to tight restocking cycles, making delays harder to absorb. Gray added: “Businesses tend to think about disruption in terms of whether goods arrive on time, but the real issue is what sits behind that. If one delayed shipment affects production, fulfilment or a scheduled build programme, the commercial impact can spread very quickly.” As a result, many UK businesses are re-examining supply chain strategies. The government’s Critical Imports and Supply Chains Strategy reflect a broader shift, urging both authorities and companies to strengthen resilience and reduce exposure. International organisations, including the OECD and World Economic Forum, also point to the increasing frequency of disruptions and the need to balance efficiency with preparedness. To address these risks, companies have begun adopting various measures such as diversifying suppliers, increasing stock of critical materials, and improving supply chain visibility through digital technology. Storage solutions are critical in this context. Some businesses are turning to flexible, on-site storage using shipping containers to build additional capacity without investing in permanent facilities. This allows for faster adjustments to inventory levels in response to delays or supply interruptions. “The businesses that will handle future disruption best are the ones planning for it now. It’s not about eliminating risk entirely, but about making sure that when something does go wrong, it doesn’t bring operations to a halt,” Gray added. The gold standard of business intelligence. Find out more Experience unmatched clarity with a single platform that combines unique data, AI, and human expertise. Find out more",https://www.just-style.com/wp-content/uploads/sites/27/2026/04/Cleveland-Containers.jpg
"Apr 19, 2026 @ 01:22:42.761",7c95a4ebb93c3fa363ac20a48aecad47,https://www.just-style.com/news/middle-east-conflict-expected-to-worsen-supply-strain-on-uk-retailers/,UK clothing sales ‘weak’ amid challenging spring weather,"The latest UK retail figures from the BRC show non-food sales increased 0.9% year-on-year in March 2026, below the 12 month average of 1.1%.",Rachel Lawler,2026-04-14T09:48:12+00:00,"The latest figures from the British Retail Consortium (BRC) and KPMG show non-food sales increased just 0.9% year-on-year in March 2026, below the 12 month average of 1.1%. Stay ahead with unbiased news, expert commentary, and in-depth features on global topics. As a trusted provider of data and insights, Just Style collaborates closely with industry leaders and professionals to offer unique thought leadership and analysis. Gain a deeper understanding of the apparel industry’s trajectory and the priorities shaping the profession. Ready to stay informed? Subscribe to unlock exclusive content. Already a subscriber? Sign in to access your account. Please complete this form to request more information, and a representative will be in touch shortly. The gold standard of business intelligence. Find out more Experience unmatched clarity with a single platform that combines unique data, AI, and human expertise. Find out more",https://www.just-style.com/wp-content/uploads/sites/27/2026/04/shutterstock_1694019793.jpg
"Apr 19, 2026 @ 01:22:42.787",3a5610a816f63c28722c03afda027be3,https://www.just-style.com/news/fashion-for-good-textile-recycling/,Fashion for Good project targets textile waste recycling at scale,Fashion for Good has introduced a new project to build the infrastructure for large-scale textile-to-textile (T2T) recycling across Europe.,Jangoulun Singsit,2026-04-13T10:39:53+00:00,"Fashion for Good has introduced Project Feedstock Activation Europe (FAE), to build the infrastructure needed for large-scale textile-to-textile (T2T) recycling across Europe. The initiative will focus on creating workable systems for sorting and preparing post-consumer textiles that cannot be reused, to turn such material into commercially useful feedstock for recycling operations. The project addresses the difficulties in using post-consumer waste as a raw material in textile recycling, specifically the need to make it cost-effective and practical for recyclers. The gold standard of business intelligence. Find out more Combine business intelligence and editorial excellence to reach engaged professionals across 36 leading media platforms. Find out more Fashion for Good’s approach centres on two main activities, including developing advanced processes for preparing waste textiles and setting up a network of regional hubs to manage the sorting and pre-processing steps. Project FAE will first review advanced pre-processing methods, including the separation of fibre blends, removal of elastane, and extraction of contaminants, to assess their readiness for industrial use. The aim is to identify which technologies are feasible for immediate deployment and which require further development. In addition to technology assessment, the project intends to design a framework for creating regional hubs across Europe. These hubs would collect post-consumer textiles, use automated sorting and mechanical pre-processing, and generate feedstock streams adapted to recycler requirements. By implementing automation and centralising processes, the model seeks to lower processing costs and enhance the quality and consistency of material supplied to recyclers. The initiative brings together expertise from throughout the textile value chain. Involved parties include sorters such as Boer Group, Circle-8 Textile Ecosystems, Erdotex, Formació i Treball, Humana People to People, Kringwinkel Antwerpen, New Retex, Nouvelles Fibres Textiles, Plaxtil-Essaimons, Sympany, Texaid, and Texlimca. Recyclers contributing to the project cover a range of techniques, with participation from Circ, Circulose, CuRe Technology, eeden, Infinited Fiber Company, Kipas (fibR-e), Matterr, Meltem Kimya, Recover, Reju, OnceMore from Södra, and WornAgain. The project is also supported by ecosystem partners, including InvestNL, Landbell Group, Refashion, Reverse Resources, TEXroad, Wargon Innovation, WRAP, ZDHC, and the Global Fashion Agenda. Fashion for Good aims for Project FAE to deliver not only technical results but also a viable commercial structure that the textile industry can adopt. The project intends to contribute a practical framework that facilitates the development of a European post-consumer textile waste value chain. Fashion for Good managing director Katrin Ley said: “We have been talking about textile circularity for years, and the honest truth is that the technology is no longer the bottleneck. What is holding us back is much more unglamorous: the sorting lines, the pre-processing steps, the supply systems that need to exist before a single fibre can be recycled. “Project FAE is our attempt to tackle that unglamorous, necessary work head-on – together with the brands, sorters and recyclers who know this problem better than anyone. If we get this right, we unlock something the industry has been trying to reach for a long time.” The gold standard of business intelligence. Find out more Experience unmatched clarity with a single platform that combines unique data, AI, and human expertise. Find out more",https://www.just-style.com/wp-content/uploads/sites/27/2026/04/Fashion-for-Good-2.jpg
"Apr 19, 2026 @ 01:22:43.617",df5dc55c5d8c775cd346fc9926ae39e9,https://www.just-style.com/news/vinted-revenue-tops-1bn-in-2025-as-secondhand-market-soars/,Vinted revenue tops $1bn in 2025 as secondhand market soars,"Secondhand marketplace Vinted has announced annual results for 2025, including total revenue of $1.1bn and net profits of $62 million.",Rachel Lawler,2026-04-13T10:39:06+00:00,"Secondhand marketplace Vinted has announced annual results for 2025, including total revenue of $1.1bn and net profits of $62m. Vinted says it is on a mission to “make secondhand the first choice” across the globe and looks to be succeeding. As revenue topped $1 billion for the first time, up 38% year-on-year since 2024, its net profits fell 19% as it invested to grow in the German market, introduced Vinted Pay’s wallet and expanded into new categories. The gold standard of business intelligence. Find out more Combine business intelligence and editorial excellence to reach engaged professionals across 36 leading media platforms. Find out more Gross marketplace value hit €10.8bn ($12.68bn), up 47% year-on-year since 2024. Vinted said its core fashion market continued to grow in 2025, particularly for women’s and children’s clothing. Alongside its investments in Germany, Vinted also expanded into Latvia, Estonia and Slovenia, increasing its European presence. In 2025, Vinted also launched Vinted Go, its own carrier service in Spain and Portugal. The service is now operational in five markets, including Belgium, France and the Netherlands. It also opened a new sortation centre in France to help it support growing parcel volumes. The marketplace has also been testing additional uses for its logistics infrastructure, including delivery services for external clients. Vinted Pay is currently rolling out to consumers, aiming to reduce payment-related costs and dependencies. Cost efficiency is a key concern for Vinted, as it says lower costs will make selling lower-value items more attractive to its users. “To make second-hand first choice, we know what we need to do: we need to be the most cost-efficient, be the most reliable and easy to use. Therefore we need to build an ecosystem for C2C second-hand trade, that maximises value to members at the lowest possible cost. We do this by investing in technology to have long-term scalable impact. That’s why you see us improving our product, investing in safety and member support, while strengthening the rails that power the marketplace: shipping and payments,” explained Thomas Plantenga, CEO at Vinted. “When we do this well, sellers sell their items quicker, buyers find what they want more easily and at the best price, all while delivery and payment happen seamlessly and reliably. When this happens, the value compounds as the marketplace gets meaningfully better with each additional member. “In 2025 this happened across every growth vector we have, which resulted in strong growth and, more importantly, a more efficient and stronger foundation that will drive the future consumption shift from new to second-hand.” The news follows shortly after Vinted was reportedly exploring a share sale that could value it at around €8bn. The gold standard of business intelligence. Find out more Experience unmatched clarity with a single platform that combines unique data, AI, and human expertise. Find out more",https://www.just-style.com/wp-content/uploads/sites/27/2026/04/shutterstock_1951934308.jpg
"Apr 19, 2026 @ 01:22:43.633",4a0775801c46c91380f3dac3278452da,https://www.just-style.com/news/matalan-leadership-appointment-product/,Matalan boosts product leadership with two key appointments,Fashion and homeware retailer Matalan is strengthening its product leadership team with two key appointments.,Jangoulun Singsit,2026-04-14T09:31:07+00:00,"Fashion and homeware retailer Matalan is strengthening its product leadership team with two key appointments. Angela Gaskell has been named director of Sourcing, Purchasing, Quality & Fit, while Jonty Wilson has taken on the role of head of Quality & Technical. Gaskell joins Matalan after serving as chief operating officer at Garment Services Group, a global clothing supplier, and previously holding senior positions over an eight-year tenure at N Brown Group. The gold standard of business intelligence. Find out more Combine business intelligence and editorial excellence to reach engaged professionals across 36 leading media platforms. Find out more She has implemented large-scale operational improvements in previous roles, including the use of technologies such as 3D fit. At Matalan, Gaskell will lead the integration of sourcing, purchasing, quality, and fit, aiming to streamline operations and improve product consistency. Angela Gaskell said: “I’m delighted to be joining Matalan at such an exciting time. There is a clear ambition to further strengthen the product offer, and bringing sourcing, quality and fit together under one structure creates a real opportunity to do just that.” Wilson brings more than 30 years of experience covering manufacturing, quality assurance, and global retail. Before joining Matalan, he held senior quality and compliance roles at C&A, ASOS, and most recently at Primark, where he oversaw quality initiatives including the launch of Click & Collect. At Matalan, Wilson will guide the quality and technical functions, focusing on innovation and process improvement. Wilson said: “Quality is fundamental to the Matalan offer and I’m excited to be joining the business at a time of real momentum. Technology is transforming how we deliver quality – enabling faster decisions, smarter processes and more consistent outcomes – and I look forward to working with the team to explore those opportunities.” Matalan is a fashion and homeware retailer, with a network of more than 220 stores and an integrated e-commerce platform. The company serves over 11 million shoppers annually. For the third quarter ending 28 November 2025, the retailer reported like-for-like sales growth of 2%, with pre-IFRS16 earnings before interest, tax, depreciation, and amortisation (EBITDA) rising by 53% to £61m for the financial year to date. The company expects the latest appointments will further develop its end-to-end product capability and support business growth. In October last year, Henrik Nordvall, a former executive at H&M, was appointed the new CEO of Matalan . The gold standard of business intelligence. Find out more Experience unmatched clarity with a single platform that combines unique data, AI, and human expertise. Find out more",https://www.just-style.com/wp-content/uploads/sites/27/2026/04/Matalan-2.jpg
"Apr 19, 2026 @ 01:22:43.678",e8d94fb84e939201a2f70a9a91a383fc,https://www.just-style.com/news/spinnova-woodspin-demo-factory/,Spinnova prepares to restart Woodspin demo factory production,"Spinnova has commenced trial runs at its Woodspin demonstration factory in Jyväskylä, Finland, as part of efforts to restart production.",Jangoulun Singsit,2026-04-14T09:26:02+00:00,"Spinnova has started trial runs at its Woodspin demonstration factory in Jyväskylä, Finland, as part of efforts to restart production. The company said these trials will concentrate on improving production efficiency by employing technological solutions previously validated at pilot scale. Spinnova indicated that the outcomes of the trial phase will determine the timeline for restarting large-scale operations at the site, targeting a full resumption in 2026. The gold standard of business intelligence. Find out more Combine business intelligence and editorial excellence to reach engaged professionals across 36 leading media platforms. Find out more The Woodspin demonstration factory, which opened in May 2023, has an annual production capacity of 1,000 tonnes of fibre. The fibre is created through Spinnova’s patented process that converts wood pulp or waste into textile fibre, without relying on harmful chemicals or dissolving methods. The fibre may be blended with other preferred fibres to manufacture yarn and fabrics suitable for applications similar to cotton, including clothing and accessories. Spinnova CEO Janne Poranen said: “Our aim is to proceed with the ramp-up of the demo facility step by step, and the upcoming trial runs are an important step towards starting actual production. With the trial runs now starting, we aim to validate the technological solutions tested at a smaller pilot scale to improve production efficiency and fibre quality. This is a key phase in delivering Spinnova fibre to customers and scaling our technology to an industrial level, which is the direction we are heading.” In October 2025, Spinnova acquired full ownership of the Woodspin and Suzano Finland demo factories, following binding agreements executed in August of that year. These sites, now called Spinnova Refining, contain the infrastructure for producing Spinnova fibre and preparing its core raw material, microfibrillated cellulose. The gold standard of business intelligence. Find out more Experience unmatched clarity with a single platform that combines unique data, AI, and human expertise. Find out more",https://www.just-style.com/wp-content/uploads/sites/27/2026/04/Spinnova-2.jpg
"Apr 19, 2026 @ 01:22:43.739",e5f089341d76d37f11a369dbce0e319c,https://www.just-style.com/news/mothercare-trading-update-middle-east/,"Mothercare sales dip amid Boots exit, Middle East uncertainty","Mothercare reports a 22% fall in retail sales for FY26, due to the end of its Boots partnership and instability in Middle Eastern markets.",Jangoulun Singsit,2026-04-13T10:13:30+00:00,"Mothercare has reported a 22% fall in global franchise retail sales for the year ending 28 March 2026 (FY26), reflecting the impact of the end of its Boots partnership and continued instability in Middle Eastern markets. According to the company’s pre-close trading update, unaudited franchise partner retail sales for the 52 weeks totalled £180m ($242m), down from the prior year, with a 19% decline after stripping out foreign currency effects. The company’s adjusted earnings before interest, taxes, depreciation, and amortisation (EBITDA) reached approximately £1.25m for the year, from £3.5m in the previous 12 months, with the company estimating a £0.1 million impact from the recent conflict in the Middle East. The gold standard of business intelligence. Find out more Combine business intelligence and editorial excellence to reach engaged professionals across 36 leading media platforms. Find out more Mothercare’s net borrowings for FY26 increased to £5.7m, compared to £3.7m as of March 2025. Clive Whiley, chairman of Mothercare, stated: “Our results for last year reflect the impact of the continuing uncertainty on our franchise partners’ operations in the Middle East, where any longer-term impact upon supply chains remains unclear at this stage, and the underlying profitability and cash generation of our asset-light franchise system.” Despite the challenging international environment, Mothercare noted that, excluding the Middle East and the UK, like-for-like total retail sales remained positive for the full year, indicating resilient performance elsewhere within its global franchise operations. The company continues to see long-term potential for its brand in the UK, where it is seeking a new partner. Mothercare confirmed there has been no significant change in its overall financial situation since the February 2026 refinancing of its debt facilities, which also delayed further contributions to its pension schemes. The group’s pension deficit remained flat at £35 million as estimated on 31 December 2025. Whiley said: “The full refinancing of our debt facilities in February 2026 has bought additional time to engineer a more comprehensive solution to harvest the value of the brand IP and the significant operational gearing available to an expanded business. In these circumstances, the recent financial performance has been usefully resilient as we look to FY27, whilst acknowledging the impact of the continuing disruption from events in the Middle East “Given the external factors influencing some of the Company’s key operating markets, our immediate priority remains to support our franchise partners, ultimately for the benefit of our own underlying business, where the strength of the Mothercare brand endures. We remain in discussions with several parties to restore critical mass, a process greatly assisted by the recent alignment of the first-charge debt instrument with our equity.” The gold standard of business intelligence. Find out more Experience unmatched clarity with a single platform that combines unique data, AI, and human expertise. Find out more",https://www.just-style.com/wp-content/uploads/sites/27/2026/04/Mothercare.jpg
"Apr 19, 2026 @ 01:22:44.485",0d2fc69bf5e6d8e3a5470d934de79d77,https://www.just-style.com/news/fast-retailing-uniqlo-h1/,"Fast Retailing posts record H1 revenue and profit, lifts 2026 outlook","Fast Retailing has reported an increase in revenue and profit for H1 FY26, driven by strong growth in Uniqlo operations across all regions.",Jangoulun Singsit,2026-04-10T09:24:38+00:00,"Fast Retailing has reported a record increase in both revenue and profit for the first half of fiscal year 2026 (H1 FY26), driven by strong growth in Uniqlo operations across all regions. Fast Retailing’s consolidated revenue for the six months to February 2026 reached ¥2.06tn ($13bn), up 14.8% year-on-year, while business profit increased by 28.3% to ¥386.9bn. Profit attributable to owners of the parent company during the period expanded to ¥279.2bn, a gain of 19.6% from the prior year period. The gold standard of business intelligence. Find out more Combine business intelligence and editorial excellence to reach engaged professionals across 36 leading media platforms. Find out more Uniqlo operations contributed to the results with growth across all regions. In Japan, the brand posted a 7.4% year-on-year revenue rise to ¥581.7bn, with business profit increasing by 13.4% to ¥110.7bn. Same-store sales increased by 6.5% compared to the previous year, driven by a wider range of year-round items and higher winter sales, but the gross profit margin narrowed by 0.2 percentage points due to higher procurement costs linked to weaker yen exchange rates. Uniqlo International saw revenue grow by 22.4% to ¥1.24trn and business profit advance by 37.4% to ¥233.0bn. GU, another Fast Retailing brand, showed a 1.6% increase in revenue to ¥168.4bn, driven by soft sheer crew neck T-shirts and gathered ballet sneakers. The brand’s business profit rose by 20.1% ¥15.7bn, and business profit margin improved due to operational changes such as narrowing product offerings and more precise volume planning. Meanwhile, Global Brands posted a first-half revenue decline of 7.5% to ¥62.7bn and reported a business loss of ¥0.7bn, mainly attributed to weak sales in the Theory brand. Based on the first half results, Fast Retailing raised its full-year consolidated forecasts for fiscal 2026. The company now anticipates consolidated revenue of ¥3.9trn, up 14.7%, and business profit of ¥690.0bn. Operating profit is expected to grow by 24.1% to ¥700.0bn, and profit attributable to owners of the parent is projected to reach ¥480.0bn. This revision, compared to January 2026 projections, accounts for the stronger-than-expected first-half performance, an improved sales environment outlook for the second half, and changes in exchange rate assumptions linked to recent yen depreciation. Fast Retailing also increased its annual dividend forecast by ¥100 to ¥640 per share, split between interim and year-end dividends of ¥320 each. This would result in a ¥140 per share increase compared to the previous year. As for segment forecasts, Fast Retailing expects Uniqlo International to maintain double-digit revenue and profit growth in the second half and over the full year, particularly in the Greater China region, as well as in South Korea, Southeast Asia, India, Australia, North America, and Europe. Revenue for Uniqlo Japan is anticipated to increase in the second half, with profit projected to remain at last year’s level. The gold standard of business intelligence. Find out more Experience unmatched clarity with a single platform that combines unique data, AI, and human expertise. Find out more",https://www.just-style.com/wp-content/uploads/sites/27/2026/04/Uniqlo-1.jpg
"Apr 19, 2026 @ 01:22:44.500",52047e4f6afd1e76e356df757e8a6f0e,https://www.just-style.com/news/brazil-textile-production-surges-green-credentials-grow/,"Brazil textile production surges, green credentials grow",The Brazilian textile and apparel sector is achieving the coveted performance goal of expanding output while reducing pollution and carbon emissions.,Andreia Nogueira,2026-04-10T10:14:15+00:00,"The Brazilian textile and apparel sector is achieving the coveted performance goal of expanding output while reducing pollution and carbon emissions, delivering a sustainable international outsourcing. Stay ahead with unbiased news, expert commentary, and in-depth features on global topics. As a trusted provider of data and insights, Just Style collaborates closely with industry leaders and professionals to offer unique thought leadership and analysis. Gain a deeper understanding of the apparel industry’s trajectory and the priorities shaping the profession. Ready to stay informed? Subscribe to unlock exclusive content. Already a subscriber? Sign in to access your account. Please complete this form to request more information, and a representative will be in touch shortly. The gold standard of business intelligence. Find out more Experience unmatched clarity with a single platform that combines unique data, AI, and human expertise. Find out more",https://www.just-style.com/wp-content/uploads/sites/27/2026/03/brazil.jpg
"Apr 19, 2026 @ 01:22:44.559",c38b9bfe4ef8fb6aa1fa9639fd946239,https://www.just-style.com/news/texhong-lycra-partnership-fibre/,"Texhong, Lycra announce partnership for renewable core-spun yarn",Texhong International Group Limited has entered into an exclusive partnership with The Lycra Company to introduce Renewable Lycra fibre.,Jangoulun Singsit,2026-04-10T09:08:11+00:00,"Texhong International Group Limited has entered into an exclusive partnership with The Lycra Company to introduce Renewable Lycra fibre containing 30% plant-based content to the core-spun yarn sector in China. The agreement allows Texhong to use this bio-derived spandex in developing customised yarn products aimed at expanding the use of sustainable fibres in textile manufacturing. Under the partnership, the companies aim to advance the adoption of Renewable Lycra fiber across the global apparel and textile industry. The gold standard of business intelligence. Find out more Combine business intelligence and editorial excellence to reach engaged professionals across 36 leading media platforms. Find out more This fibre, partially sourced from dent corn, maintains the elasticity, comfort and durability associated with conventional Lycra products. According to a recent Cradle-to-Gate Life Cycle Assessment, using this material can cut carbon emissions by up to 32% compared to standard fossil-derived Lycra fiber. The Lycra Company Asia vice president Jason Wang said: “This strategic partnership fully underscores The Lycra Company’s leading capabilities in sustainable fibre innovation and industrial application. Renewable Lycra fibre already boasts a mature foundation for commercial adoption. “The partnership with Texhong will further expand its industrial scale. By working closely with value chain partners, we aim to continuously drive the widespread adoption of lower impact, innovative materials across the textile industry.” Texhong, a supplier of core-spun cotton textiles, plans to use its existing textile network to implement Renewable Lycra fibre, providing a supply chain that covers raw material sourcing through to yarn manufacturing. Both firms will pursue further research in bio-derived spandex technology, related yarn manufacturing methods and applications for brands. Texhong chief operating officer, Zhou Xia, said: “Texhong has long been dedicated to the R&D and manufacturing of high-value-added cotton textiles and core-spun yarn products. Partnering with The Lycra Company will bring new breakthroughs in bio-based material applications and further improve product sustainability. Together, we will jointly accelerate the innovation and market penetration of bio-derived core-spun yarn solutions.” Collaboration between Texhong and Lycra extends nearly 20 years, with joint advances in technology such as LYCRA dualFX fabric. The expanded agreement reflects an ongoing focus on technological advancement, operational cooperation, and sustainability initiatives. In November last year, Lycra opened its largest spandex production facility in China as part of its ongoing investment in the Chinese market . The gold standard of business intelligence. Find out more Experience unmatched clarity with a single platform that combines unique data, AI, and human expertise. Find out more",https://www.just-style.com/wp-content/uploads/sites/27/2026/04/Lycra-1.jpg
"Apr 19, 2026 @ 01:22:44.586",de3ad4ec67af348495e4c0421b2cffeb,https://www.just-style.com/news/indorama-ventures-indo-intertex-2026/,Indorama Ventures confirms participation at Indo Intertex 2026,Indorama Ventures is set to participate in the 22nd edition of Indo Intertex at Jakarta International Expo from 15 to 18 April 2026,Jangoulun Singsit,2026-04-10T08:42:49+00:00,"Indorama Ventures, a sustainable petrochemicals producer, is ser to participate in the 22nd edition of Indo Intertex, taking place at Jakarta International Expo from 15 to 18 April 2026. Indo Intertex stands as one of the largest trade exhibitions for the textile and garment industries in Southeast Asia, gathering thousands of industry leaders to explore manufacturing, technology, and industry solutions. During the show, Indorama Ventures will present a selection of recycled polyester fibres and filament yarns, produced from both post-consumer and pre-consumer PET textile waste, as well as PET bottle feedstock. Combine business intelligence and editorial excellence to reach engaged professionals across 36 leading media platforms. Find out more The company states that its offerings aim to provide “reliable supply, traceability, and scalable solutions to meet end consumer needs”. Products displayed at booth C9 will include deja T2T fibres and filament yarns, which use polyester textile waste, and deja B2T options originating from recycled PET bottles. The company will also feature Deja Care fibres and yarns, made for applications involving skin contact and produced with specific chemical processes, along with Preventa FR fibres and yarns for flame-retardant textile uses such as in apparel, home textiles, and automotive interiors. Additional product lines cover a variety of essential fibres and yarns, such as PET staple fibres, POY, DTY, FDY, and bicomponent yarns. Indorama Ventures, listed in Thailand, maintains manufacturing assets across the Asia Pacific, Europe, and the Americas. This infrastructure allows the company to support Southeast Asian customers with regional production and supply chains, as well as access to global innovation resources. The company highlights the benefits of regional sourcing hubs, which can offer reduced lead times and access to market-driven solutions for the fast-changing textile market. Indo Intertex 2026 will bring together industry participants from manufacturing, brands, and buying segments to examine technologies, manufacturing capabilities, and solutions for textiles and garments. Indorama Ventures said that its commercial and technical teams will be present at booth C9 to discuss material choices, customer requirements, and sustainability planning for upcoming textile collections. Experience unmatched clarity with a single platform that combines unique data, AI, and human expertise. Find out more",https://www.just-style.com/wp-content/uploads/sites/27/2026/04/c-IVL_PET_chips-fiber.jpg
"Apr 19, 2026 @ 01:22:45.372",fe12e09dc91323ad2ceee53927542686,https://www.just-style.com/news/teijin-frontier-polyester-yarn/,Teijin Frontier unveils stretch polyester yarn for recyclable sportswear,Japan-based Teijin Frontier said that it has developed a new stretch polyester yarn designed for use in sports and outdoor apparel.,Jangoulun Singsit,2026-04-10T09:04:25+00:00,"Japan-based Teijin Frontier says it has developed a new stretch polyester yarn designed for use in sports and outdoor apparel. The company claims that its proprietary polymer design and spinning technology enable the yarn to deliver “excellent elasticity” and stretch recovery, which could allow manufacturers to create “all-polyester fabrics” that are compatible with high-performance polyester materials. The new yarn is positioned as an alternative to traditional polyurethane-based elastic fibres, which are widely used to provide stretch in sportswear and everyday clothing. The gold standard of business intelligence. Find out more Combine business intelligence and editorial excellence to reach engaged professionals across 36 leading media platforms. Find out more Unlike polyurethane, the newly developed polyester yarn offers compatibility with existing polyester materials, addressing a longstanding material challenge in textile manufacturing related to differing heat-setting characteristics. This has previously posed limits to product development when blending elastic and polyester fibres. Teijin Frontier says the new polyester filament maintains the advanced functions of high-performance polyesters, such as moisture absorption, quick drying, and durable water repellence. “The strong compatibility between the new stretch polyester yarn and high-performance polyester materials makes it possible to develop 100% polyester textiles that maintain the advanced functions of the polyester material,” the company says. Teijin Frontier emphasises that, because all components are polyester, the resulting textiles are more readily recyclable compared to polyester-polyurethane blends. The yarn’s elasticity results from the polymer design and spinning process, rather than from structural manipulations such as combining different heat-shrinkage polymers or using highly crimped yarns. This approach reportedly achieves a form of stretchability and recovery that the company describes as comparable to polyurethane-based fibres. Teijin Frontier outlines that the yarn’s properties, which include excellent heat-setting characteristics, allow for the development of new high-performance stretch textiles for a variety of apparel types. “Using the new polyester stretch yarn with high-performance polyester materials will create a 100% polyester textile, making easier recycling possible,” states Teijin Frontier. The manufacturer plans to integrate the new yarn into sportswear, casual wear, and innerwear. It expects domestic and overseas sales of these textiles to commence in 2027, with targeted sales volumes set at 100,000 metres of textiles in the initial year and 500,000 metres in fiscal 2029. Earlier this year, Teijin Frontier developed a multi-functional textile for sports and outdoor apparel, building on its focus on performance clothing materials. The gold standard of business intelligence. Find out more Experience unmatched clarity with a single platform that combines unique data, AI, and human expertise. Find out more",https://www.just-style.com/wp-content/uploads/sites/27/2026/04/Teijin-2.jpg
"Apr 19, 2026 @ 01:22:45.429",4c751fac1ebccb4c758e480c2f92beaa,https://www.just-style.com/news/us-cargo-import-iran/,"Iran conflict not disrupting US port imports, but fuel costs rise","The conflict involving Iran is not currently disrupting import volumes at major US container ports, but increased global fuel prices are raising shipping costs.",Jangoulun Singsit,2026-04-09T10:01:30+00:00,"The conflict involving Iran is not currently disrupting import volumes at major US container ports, but increased global fuel prices are raising shipping costs, according to the latest Global Port Tracker report from the National Retail Federation (NRF) and Hackett Associates. As per the report, container traffic volume has remained largely unaffected by the Middle East developments because the US imports limited cargo from the region. However, ocean freight carriers are facing higher fuel expenses, which may eventually influence retail costs for companies and consumers. The gold standard of business intelligence. Find out more Combine business intelligence and editorial excellence to reach engaged professionals across 36 leading media platforms. Find out more NRF supply chain and customs policy vice president Jonathan Gold said: “Just because retailers don’t import a lot of merchandise from the Middle East doesn’t mean the US supply chain isn’t affected by the turmoil there. “The supply chain is global and disruptions anywhere along it can have ripple effects whether it’s rerouting of vessels, equipment out of position, higher fuel costs for shippers or rising gas prices that leave less money in consumers’ pockets. Retailers are monitoring the situation on a daily basis and working with their transportation partners to minimise any impact. In the meantime, retailers continue to face rising tariffs and continued trade policy uncertainty that put downward pressure on imports and upward pressure on prices.” The blockages in the Strait of Hormuz are pushing up fuel prices for ships worldwide, a trend which coincides with increased petrol prices paid by consumers, according to Hackett Associates founder Ben Hackett. While US ports do not face fuel shortages, Hackett pointed out that ports in Asia rely on fuel supplies from the Persian Gulf and could face constraints if the situation continues. “The United States is less impacted operationally as there is no shortage of fuel at US ports, but the price of fuel here is based on international pricing. Higher fuel costs drive up the price of shipping a container for either import or export and ultimately have an inflationary impact on consumers and other end users,” Hackett said. In February this year, Global Port Tracker recorded 1.95 million twenty-foot equivalent units (TEU) at covered US ports, excluding data from the Port of New York/New Jersey. This represented a decrease of 7.5% compared to January and a drop of 4.2% year-on-year, with February traditionally marking a seasonal low following Lunar New Year closures at Asian factories. March projections show 1.97 million TEU, down 8.3% year-on-year, while April is forecast at 2.08 million TEU, down 5.6%. Expected volumes for May and June are 2.09 million TEU, up 7.3% and 2.1 TEU, up 6.9%, respectively. Numbers for July and August are projected at 2.2 million (down 8%) and 2.18 million (down 6%), respectively. The anticipated total for the first six months of this year is 12.3 million TEU, a decrease of 1.8% from the 12.53 million TEU recorded during the same timeframe in 2025. Year-on-year increases in May and June result from a marked reduction in imports during those months last year following the introduction of “Liberation Day” tariffs. Total imports in 2025 stood at 25.4 million TEU, a decrease of 0.3% from 2024’s 25.5 million TEU. The gold standard of business intelligence. Find out more Experience unmatched clarity with a single platform that combines unique data, AI, and human expertise. Find out more",https://www.just-style.com/wp-content/uploads/sites/27/2026/04/Indorama-1.jpg
"Apr 19, 2026 @ 01:22:45.472",b3f308a5238b3a58bd97708725389416,https://www.just-style.com/news/walmart-backs-unspuns-us-apparel-hubs/,Walmart backs Unspun plans for US apparel manufacturing hubs,Unspun has signed deals with brands including Walmart to support the launch of AI-enabled weaving production facilities in the US.,Rachel Lawler,2026-04-09T09:44:46+00:00,"Unspun has signed deals with brands including Walmart to support the launch of AI-enabled weaving production facilities in the US. Unspun plans to build manufacturing capacity in the US using AI-enabled 3D weaving technology that will allow for commercial-scale production. Walmart is among the brands signing letters of support for the scheme, alongside supply chain partners Bethel Industries, Peckham and PDS Limited. The gold standard of business intelligence. Find out more Combine business intelligence and editorial excellence to reach engaged professionals across 36 leading media platforms. Find out more Unspun says initial production is “on the near-term horizon”. “We are not exploring whether domestic apparel manufacturing can work. We are building it,” explained Arne Arens, CEO at unspun. “Our clients are looking for a new production model because they see the economics: manufacturing closer to the customer, responding to demand within the same season, and creating skilled American jobs in the process.” Unspun has attracted more than $50 million in VC funding for its 3D weaving technology. The innovation is capable of producing garments directly from yarn in minutes. It claims this will transform dozens of cut-and-sew steps traditionally used in garment manufacture, creating a single automated process. This will also allow for brands to produce garments closer to demand and reorder within the same season, reducing the risk of excess inventory. Unspun says 3D weaving could improve gross margins by 400-500 basis points thanks to fewer markdowns and write-offs as a result. Avisnash Bhasker, Vice President, Apparel Production Development at Walmart, said, “Our customers are proud to buy apparel made in America, and the demand keeps growing. We are excited about Unspun’s commitment and effort in helping rebuild domestic manufacturing capability that is faster, smarter, and designed for how customers actually shop.” Walmart previously worked with Unspun on a pilot , producing workwear chinos made using the 3D weaving technology. The initiative lined up with the retailer’s broader plans to transition toward renewable energy sources and reducing emissions across its supply chain. Unspun is still currently evaluating potential locations, infrastructure requirements and workforce training programmes as it moves towards opening its first automated apparel manufacturing sites in the US. The gold standard of business intelligence. Find out more Experience unmatched clarity with a single platform that combines unique data, AI, and human expertise. Find out more",https://www.just-style.com/wp-content/uploads/sites/27/2026/04/UNSPUN_3D_WEAVING_FACILITY_USA.jpg
"Apr 19, 2026 @ 01:22:45.503",9985f8b8f30049d84c0375aa7b241843,https://www.just-style.com/news/jeplan-syre-textile-recycling/,"Jeplan, Syre partner to boost textile-to-textile recycling efforts",Jeplan and Syre have established a strategic partnership aimed at advancing textile-to-textile polyester recycling on a commercial scale.,Jangoulun Singsit,2026-04-09T08:43:37+00:00,"Jeplan and Syre have established a strategic partnership aimed at advancing textile-to-textile polyester recycling on a commercial scale. The agreement will see both companies work together to develop and refine solutions that support large-scale textile recycling, with the goal of reaching multi-ton volumes of recycled polyester by late 2026. These volumes will be used for spinning validation and product line samples with various brands. The gold standard of business intelligence. Find out more Combine business intelligence and editorial excellence to reach engaged professionals across 36 leading media platforms. Find out more Syre CEO Dennis Nobelius said: “This partnership is all about speed and scale, without compromising on quality. Through Jeplan’s technical and operational experience built over more than a decade, we can move much faster to commercialisation.” Jeplan CEO Masaki Takao said: “We are excited to partner with Syre to help bring textile-to-textile recycling to meaningful scale. Syre’s ambition, business back bone, and global reach in technology integration, combined with our extensive chemical recycling experience creates a powerful platform for accelerating breakthrough solutions for the textile industry.” Jeplan operates a PET chemical recycling plant for textiles in Kitakyushu, Japan, which includes demonstration and semi-industrial units focused on testing and scaling recycling technologies. Syre focuses on reducing carbon emissions and waste in the textile industry by developing large-scale textile-to-textile recycling processes, initially concentrating on polyester. The company will leverage Jeplan’s chemical recycling expertise and existing operations to accelerate its timeline towards full commercialisation. Looking ahead, Syre plans to continue expanding its network of industry partners. Nobelius added: “We are proud to announce Jeplan today, and more will follow. We expect to announce several additional world-leading partnerships around the globe as we move toward full commercial deployment.” The gold standard of business intelligence. Find out more Experience unmatched clarity with a single platform that combines unique data, AI, and human expertise. Find out more",https://www.just-style.com/wp-content/uploads/sites/27/2026/04/Syre.jpg
"Apr 19, 2026 @ 01:22:46.254",4fe768f680e67cabc1c40e401c3eef83,https://www.just-style.com/news/aafa-takes-legal-action-over-californias-textile-epr-rollout/,AAFA challenges CalRecycle over non-compliant PRO selection,AAFA lodges a legal complaint arguing CalRecycle’s chosen PRO falls short of SB-707 requirements for textile recovery.,Isatou Ndure,2026-04-08T11:33:51+00:00,"The American Apparel & Footwear Association has filed a legal complaint against CalRecycle, arguing the agency’s chosen Producer Responsibility Organization (PRO) fails to meet the statutory requirements laid out under California’s Responsible Textile Recovery Act of 2024 (SB-707). In a LinkedIn post, AAFA president Steve Lamar said close followers of textile circularity have been “actively engaged or actively watching” the state’s rollout of the first textile-specific extended producer responsibility (EPR) law in the US. The association, he said, has worked “tirelessly with stakeholders and legislators” to ensure the final text created a strong and workable circularity framework for the industry. With the law now enacted, the trade body said it has been eager to begin building the infrastructure needed to support a well-designed, well-implemented EPR system that advances industry sustainability and circularity goals. The gold standard of business intelligence. Find out more Combine business intelligence and editorial excellence to reach engaged professionals across 36 leading media platforms. Find out more But Lamar claimed CalRecycle’s initial choice of PRO “meets none” of the four statutory criteria the association fought to have embedded in the law. These include: The president noted that the PRO is intended to be created by producers themselves, who are “best situated to understand how to properly collect, transport, repair, sort, and recycle their products” and who will be on the front lines of redesigning goods for a more circular economy. “AAFA is intimately familiar with how important final EPR logistics will be in directing investment towards reuse, repair, and recycling infrastructure, and bolstering these respective markets, all while incentivising the prioritisation of product stewardship when designing and manufacturing new products.” Framing the legal move as a last resort, he added: “This complaint is not an action AAFA takes lightly, and this is not the direction we envisioned or wanted. However, we feel we have no recourse but to pursue it.” The association filed what Lamar described as a “narrow challenge” that it hopes will be resolved quickly. AAFA emphasised its deep investment in the success of the country’s first-ever textile EPR scheme, calling its effective operation “vital to supporting the industry’s circular transition. “AAFA is eager to see a PRO selected that meets the criteria mandated by the statute. We look forward to clarity from CalRecycle through our legal challenge.” CalRecycle replied to Just Style ‘s request for comment, stating that as a matter of policy, the department does not provide comments on pending or ongoing litigation. The gold standard of business intelligence. Find out more Experience unmatched clarity with a single platform that combines unique data, AI, and human expertise. Find out more",https://www.just-style.com/wp-content/uploads/sites/27/2026/04/shutterstock_2718881527.jpg
"Apr 19, 2026 @ 01:22:46.313",2606f2d603eb20e4599b326303ec36d1,https://www.just-style.com/news/levi-strauss-q1-result/,Levi Strauss & Co. raises 2026 guidance on strong Q1,"Levi Strauss & Co. has updated its FY26 financial outlook after a strong Q1, driven by growth across various regions, channels and categories.",Jangoulun Singsit,2026-04-08T10:22:57+00:00,"Levi Strauss & Co has updated its full year 2026 (FY26) financial outlook after registering a strong first quarter (Q1), driven by growth across several regions, channels and categories. Stay ahead with unbiased news, expert commentary, and in-depth features on global topics. As a trusted provider of data and insights, Just Style collaborates closely with industry leaders and professionals to offer unique thought leadership and analysis. Gain a deeper understanding of the apparel industry’s trajectory and the priorities shaping the profession. Ready to stay informed? Subscribe to unlock exclusive content. Already a subscriber? Sign in to access your account. Please complete this form to request more information, and a representative will be in touch shortly. The gold standard of business intelligence. Find out more Experience unmatched clarity with a single platform that combines unique data, AI, and human expertise. Find out more",https://www.just-style.com/wp-content/uploads/sites/27/2026/04/Levis.jpg
"Apr 19, 2026 @ 01:22:46.351",0be27193304590a793a2c1f2cf5e2284,https://www.just-style.com/news/tunisia-garment-subcontracting-crackdown-could-hit-export-appeal/,Tunisia garment subcontracting crackdown could hit export appeal,Tunisia’s clothing and textile sector is undergoing major change as a labour reform adopted last May (2025) is now bedding in.,Imen Bliwa,2026-04-08T09:36:19+00:00,"Tunisia’s clothing and textile sector, a key supplier to European fashion brands, is undergoing major change as a labour reform adopted last May (2025) is now bedding in. Stay ahead with unbiased news, expert commentary, and in-depth features on global topics. As a trusted provider of data and insights, Just Style collaborates closely with industry leaders and professionals to offer unique thought leadership and analysis. Gain a deeper understanding of the apparel industry’s trajectory and the priorities shaping the profession. Ready to stay informed? Subscribe to unlock exclusive content. Already a subscriber? Sign in to access your account. Please complete this form to request more information, and a representative will be in touch shortly. The gold standard of business intelligence. Find out more Experience unmatched clarity with a single platform that combines unique data, AI, and human expertise. Find out more",https://www.just-style.com/wp-content/uploads/sites/27/2026/04/tunisi.jpg
"Apr 19, 2026 @ 01:22:46.385",6c0ff9e737da907be3f822c6fd93a06c,https://www.just-style.com/news/carbios-longlaville-plant-financing/,Carbios Carbios adjusts Longlaville facility launch plans,Carbios has outlined progress on funding for its planned Longlaville polyethylene terephthalate (PET) biorecycling plant in France.,Jangoulun Singsit,2026-04-08T09:28:09+00:00,"Biotech company Carbios has outlined progress on funding for its planned Longlaville polyethylene terephthalate (PET) biorecycling plant in France. The company stated that negotiations to finalise the finance structure are “progressing constructively” but not yet concluded. The financing for the Longlaville plant includes €42.5m ($49m) in public funds, which have already been contractually secured. The gold standard of business intelligence. Find out more Combine business intelligence and editorial excellence to reach engaged professionals across 36 leading media platforms. Find out more Additional funding is expected to be derived from debt financing arrangements with banks, supported by guarantees such as GPS and EIFO. It is also expected to include contributions from several French partners through a project financing approach, and equity investments by Carbios, both in the form of capital and intellectual property, as well as work performed for the project. These arrangements would position Carbios as a minority shareholder in the project-operating company, Carbios 54. As a result, Carbios 54’s debt and financial outcomes would not be consolidated into Carbios’ accounts. If the financing is finalised, it is expected to meet the projected construction cost of €230m, as well as expenses pertaining to the plant’s start-up. Stakeholders aim to finalise financing elements in the coming weeks to reach a deal by the third quarter of 2026. Carbios has indicated confidence in advancing presale contracts and achieving up to 70% of the Longlaville site’s future production capacity in the near term, citing supportive French and European regulations relating to chemical recycling. The company’s board of directors has approved the continuation of these financial discussions, with plans to start production at the Longlaville facility by the first half of 2028, subject to the completion of all project requirements. To aid the company’s ongoing development work, the board has appointed Benoît Grenot as deputy chief executive officer. Carbios’ board of directors chairwoman Isabelle Parize and CEO Vincent Kamel said: “We are delighted to welcome Benoît Grenot to the Company: his leadership, international experience, particularly in China, and strong operational discipline will be key assets in finalising the remaining financing steps for the Longlaville project and ensuring the long-term success of the strategic partnership with Wankai.” The company held the plant’s ceremony in April 2024; however, construction was subsequently deferred by six to nine months in December of that year due to funding delays. In December 2025, Carbios adjusted the Longlaville plant construction schedule by three months, confirming its intention to continue with the project. The Longlaville plant is designed to have an annual processing capacity of 50,000 tonnes of prepared post-consumer PET waste, which is reportedly comparable to 300 million T-shirts. In July 2024, Carbios announced a partnership with Nouvelle Fibres, a French company specialising in the recovery of end-of-life textiles. Under this partnership, polyester textiles will be supplied to the Longlaville site . The gold standard of business intelligence. Find out more Experience unmatched clarity with a single platform that combines unique data, AI, and human expertise. Find out more",https://www.just-style.com/wp-content/uploads/sites/27/2026/04/Carbios.jpg
"Apr 19, 2026 @ 01:22:47.152",359fa18835c78b93865587575d3bb6f6,https://www.just-style.com/news/sulzer-spinnova-ecosystem-fibre/,Sulzer joins Spinnova ecosystem to support textile fibre availability,Spinnova has welcomed Sulzer to its ecosystem to help expand the availability of Spinnova fibre in the textiles industry.,Jangoulun Singsit,2026-04-08T09:27:51+00:00,"Spinnova has welcomed Swiss industrial engineering firm Sulzer to its ecosystem to help expand the availability of Spinnova fibre in the textiles industry. The agreement establishes Sulzer’s involvement in Spinnova’s ongoing technology development efforts and brings additional engineering support to the group of collaborators. Spinnova’s ecosystem seeks to advance the commercial expansion of its technology and fibre production by working with various partners throughout the supply chain. The gold standard of business intelligence. Find out more Combine business intelligence and editorial excellence to reach engaged professionals across 36 leading media platforms. Find out more Sulzer contributes to these objectives by providing technical input and working to make the production process more cost-effective. Mikko Kautto, who oversees technology concept and partners at Spinnova, said: “Co-development with Sulzer strengthens our offering to scale up Spinnova’s technology. By combining Sulzer’s technology and engineering expertise in pumping, mixing, and fibre suspension flows with our technology concept, we can industrialise more effectively. This partnership strengthens the entire process from planning to implementation, improving the concept competitiveness at large scale.” Sulzer previously worked with Spinnova on the Woodspin demonstration factory project, supporting activities from planning stages to production ramp-up. The company also assisted Spinnova in initiating a pilot environment for microfibrillated cellulose (MFC) production. Their partnership has included machinery supply and joint development efforts between the two companies. Sulzer Pulp, Paper, and Board Business Segment head Sirpa Välimaa said: “Sulzer is committed to supporting companies that push the boundaries of innovation like Spinnova. By providing reliable technology and engineering expertise, we are pleased to help our partners strengthen their processes and advance their ambitions.” Last month, Circulose, a company specialising in textile-to-textile recycling, also became part of Spinnova’s consortium . Circulose aims to support the scale-up of Spinnova’s technology by supplying high-demand recycled raw material to the network. The gold standard of business intelligence. Find out more Experience unmatched clarity with a single platform that combines unique data, AI, and human expertise. Find out more",https://www.just-style.com/wp-content/uploads/sites/27/2026/04/Sulzer.jpg
"Apr 19, 2026 @ 01:22:47.207",97fcd0acf46097f61ac47a4cf75f1933,https://www.just-style.com/comment/week-in-review-uk-clothing-retailers-count-cost-of-war/,Week in Review: UK clothing retailers count cost of war,"UK retail figures for February made for grim reading with signs consumers are already worrying what the war will mean for their spending, putting clothing retailers on edge.",Hannah Abdulla,2026-03-30T10:24:22+00:00,"UK retail figures announced by the Office of National Statistics last week made for grim reading, with signs consumers are already worrying what the war will mean for their spending, putting clothing retailers on edge. Stay ahead with unbiased news, expert commentary, and in-depth features on global topics. As a trusted provider of data and insights, Just Style collaborates closely with industry leaders and professionals to offer unique thought leadership and analysis. Gain a deeper understanding of the apparel industry’s trajectory and the priorities shaping the profession. Ready to stay informed? Subscribe to unlock exclusive content. Already a subscriber? Sign in to access your account. Please complete this form to request more information, and a representative will be in touch shortly. The gold standard of business intelligence. Find out more Experience unmatched clarity with a single platform that combines unique data, AI, and human expertise. Find out more",https://www.just-style.com/wp-content/uploads/sites/27/2026/03/iran-war-1.jpg
"Apr 19, 2026 @ 01:22:47.236",6cdb94022f8b4194788b83eb5c8c67ba,https://www.just-style.com/comment/fast-fashion-when-cheap-gets-expensive/,Fast Fashion: When Cheap Gets Expensive,As the foundation for fast fashion's success shifts those at the end of the supply chain could pay the ultimate price.,Robert Antoshak,2026-04-09T09:14:11+00:00,"As the foundation for fast fashion's success shifts, Robert Antoshak, Vice President, Global Strategic Sourcing, Grey Matter Concepts, warns those at the end of the supply chain could pay the ultimate price. Stay ahead with unbiased news, expert commentary, and in-depth features on global topics. As a trusted provider of data and insights, Just Style collaborates closely with industry leaders and professionals to offer unique thought leadership and analysis. Gain a deeper understanding of the apparel industry’s trajectory and the priorities shaping the profession. Ready to stay informed? Subscribe to unlock exclusive content. Already a subscriber? Sign in to access your account. Please complete this form to request more information, and a representative will be in touch shortly. The gold standard of business intelligence. Find out more Experience unmatched clarity with a single platform that combines unique data, AI, and human expertise. Find out more",https://www.just-style.com/wp-content/uploads/sites/27/2026/04/fast-fashion.jpg
"Apr 19, 2026 @ 01:22:47.264",735dc88057e6622aec4193074640e82f,https://www.just-style.com/comment/week-in-review-shein-ultra-fast-fashion-and-circularity/,"Shein, ultra-fast fashion and circularity","Shein’s Global Circularity Study may have raised eyebrows, but it could provide insight into how its consumers move toward sustainability.",Rachel Lawler,2026-04-07T08:53:32+00:00,"Shein’s Global Circularity Study may have raised eyebrows, but it could provide real insight into how its consumers can be persuaded to move toward more sustainable choices. Stay ahead with unbiased news, expert commentary, and in-depth features on global topics. As a trusted provider of data and insights, Just Style collaborates closely with industry leaders and professionals to offer unique thought leadership and analysis. Gain a deeper understanding of the apparel industry’s trajectory and the priorities shaping the profession. Ready to stay informed? Subscribe to unlock exclusive content. Already a subscriber? Sign in to access your account. Please complete this form to request more information, and a representative will be in touch shortly. The gold standard of business intelligence. Find out more Experience unmatched clarity with a single platform that combines unique data, AI, and human expertise. Find out more",https://www.just-style.com/wp-content/uploads/sites/27/2026/04/shutterstock_2699819297.jpg
"Apr 19, 2026 @ 01:22:48.065",c4e4d9c8730670843c11bdc885f09db7,https://www.just-style.com/comment/week-in-review-apparel-forecasting-in-a-volatile-market/,Week in Review: Forecasting in a volatile market,The Wireless cancellation and Strait of Hormuz ceasefire highlight the growing volatility sourcing teams must factor into forecasting.,Isatou Ndure,2026-04-13T09:59:59+00:00,"A cancelled festival headliner and a two-week ceasefire in the Strait of Hormuz may seem unrelated, but together they signal the volatility apparel sourcing teams must now forecast into every operational, inventory and partnership decision. Stay ahead with unbiased news, expert commentary, and in-depth features on global topics. As a trusted provider of data and insights, Just Style collaborates closely with industry leaders and professionals to offer unique thought leadership and analysis. Gain a deeper understanding of the apparel industry’s trajectory and the priorities shaping the profession. Ready to stay informed? Subscribe to unlock exclusive content. Already a subscriber? Sign in to access your account. Please complete this form to request more information, and a representative will be in touch shortly. The gold standard of business intelligence. Find out more Experience unmatched clarity with a single platform that combines unique data, AI, and human expertise. Find out more",https://www.just-style.com/wp-content/uploads/sites/27/2026/04/GettyImages-2270224575.jpg
"Apr 19, 2026 @ 01:22:48.095",327e8cd762e1c5afebc20f34c1a27836,https://www.just-style.com/comment/time-of-reckoning-for-esg-in-fast-fashion-sector-is-nigh/,Time of reckoning for ESG in fast fashion sector is nigh,"Heather Gagen and John Buttanshaw of law firm Travers Smith, point out the reputational risk of fashion firms treating ESG as an afterthought.",Hannah Abdulla,2026-03-19T10:09:39+00:00,"Heather Gagen and John Buttanshaw, partners at law firm Travers Smith, point out the reputational risk of fashion firms treating ESG as an afterthought. Stay ahead with unbiased news, expert commentary, and in-depth features on global topics. As a trusted provider of data and insights, Just Style collaborates closely with industry leaders and professionals to offer unique thought leadership and analysis. Gain a deeper understanding of the apparel industry’s trajectory and the priorities shaping the profession. Ready to stay informed? Subscribe to unlock exclusive content. Already a subscriber? Sign in to access your account. Please complete this form to request more information, and a representative will be in touch shortly. The gold standard of business intelligence. Find out more Experience unmatched clarity with a single platform that combines unique data, AI, and human expertise. Find out more",https://www.just-style.com/wp-content/uploads/sites/27/2026/03/esg-fashion.jpg
"Apr 19, 2026 @ 01:22:48.115",858f3b57b6df7d03f1f8282934936387,https://www.just-style.com/comment/why-europe-footwear-sourcing-is-returning-to-brands-strategic-radar/,Why Europe Footwear Sourcing Is Returning to the Radar,"With global supply chains in limbo, Europe is becoming increasingly attractive for footwear sourcing says Mindstep Sourcing Agency's CEO.",Hannah Abdulla,2026-03-20T10:34:28+00:00,"With global supply chains in limbo, Europe, and in particular Portugal, is becoming increasingly attractive for footwear sourcing says Cristóvão Soares, CEO of Mindstep Sourcing Agency. Stay ahead with unbiased news, expert commentary, and in-depth features on global topics. As a trusted provider of data and insights, Just Style collaborates closely with industry leaders and professionals to offer unique thought leadership and analysis. Gain a deeper understanding of the apparel industry’s trajectory and the priorities shaping the profession. Ready to stay informed? Subscribe to unlock exclusive content. Already a subscriber? Sign in to access your account. Please complete this form to request more information, and a representative will be in touch shortly. The gold standard of business intelligence. Find out more Experience unmatched clarity with a single platform that combines unique data, AI, and human expertise. Find out more",https://www.just-style.com/wp-content/uploads/sites/27/2026/03/footwear-factory.jpg
"Apr 19, 2026 @ 01:22:48.156",7fa8c4aba58f614642d8354132942a2a,https://www.just-style.com/news/in-data-zara-mango-continue-to-dominate-spanish-fashion-market/,"Zara, Mango continue to dominate Spanish fashion market",Zara was found to hold a significant lead in Spain's home apparel market due to its strong fashion reputation and diverse range of styles.,Rachel Lawler,2024-08-21T10:08:38+00:00,"A new report from GlobalData says Inditex’s Zara has a “significant lead” in its home apparel market in Spain, thanks to its “strong fashion credential and diverse range of styles”. In 2023, Zara had a 9.1% share of Spain’s apparel market – up 0.8ppts from 2021. Spain is home to some of today’s biggest and most popular fashion brands, including the Inditex Group and Mango. In the year to 31 January 2024, Inditex reported sales growth of 10.4% . In the 12 months to 31 December 2023, Mango reported a 15% growth in sales . The gold standard of business intelligence. Find out more Combine business intelligence and editorial excellence to reach engaged professionals across 36 leading media platforms. Find out more Both companies were seen as outperforming in their native market and are expected to see continued strong growth in Spain going forward, thanks to a growing apparel market in the country and their strong brand identities in the region. GlobalData’s report – The Apparel Market in Spain to 2028 – attributed Zara’s success to the retailer’s “comprehensive knowledge” of its home market and said a similar trend was seen at Spanish rival Mango. The report said Zara’s ability to respond quickly to trends and diverse range of styles allows it to cater to a broad range of consumers in its home market. Mango saw its market share in Spain rise by 0.6ppts between 2021 and 2023, taking a 2.8% share of its home apparel market. Mango’s home market also outperformed its global sales. GlobalData said its focus on a “more upmarket identity” will help it to gain greater traction in the coming years as consumers put greater focus on value for money. A recent example of this step toward luxury fashion was its collaboration with designer Victoria Beckham in April 2024. GlobalData said both Zara and Mango are “stealing share away from H&M” which saw its share of the Spanish market decline 0.4ppts between 2021 and 2023, taking a total of 2.1% of the Spanish market in 2023. The report attributed H&M’s decline in Spain to its “uninspiring ranges” as H&M Group’s sales declined 1% on a constant currency basis in the six months to May 2024. It said Zara and Mango’s offerings were “overshadowing” H&M. Zara’s closest rival in Spain is Nike, which took a 3.9% share of the market in 2023, followed by Primark at 3.6% then Mango. Inditex-owned brands Stradivarius (2%), Pull&Bear (1.9%) and Berksha (1.6%) also took significant shares of their local Spanish apparel market. Despite the trend for Spanish brands outperforming in their home market, Inditex’s Bershka brand has been struggling in recent years. The retailer faces increased competition from Shein, which offers similar products at a lower price and with greater levels of newness. The gold standard of business intelligence. Find out more Experience unmatched clarity with a single platform that combines unique data, AI, and human expertise. Find out more",https://www.just-style.com/wp-content/uploads/sites/27/2024/08/shutterstock_2288810553.jpg
