crawl_timestamp,uniq_id,page_url,article_title,sub_title,author_name,post_date,article_content,image_url
"Aug 22, 2026 @ 19:50:08.370",62c13aa3d7f89164eabe533116b596d9,https://internetretailing.net/media/retail-media-podcast/,Retail MediaX Podcast Series 2024 - InternetRetailing,"Retail MediaX podcast series In association with SMG Recorded live at the Retail MediaX events in London, these limited edition podcasts – brought to you in partnership with SMG – have experts from across the retail media ecosystem looking at what leading UK retail media networks are doing; how the sector is evolving; and where […]",,,,https://internetretailing.net/wp-content/uploads/2025/06/RMX-Podcast-banner.png
"Aug 22, 2026 @ 19:50:08.388",51974c18a3e68b958099190f676cf771,https://internetretailing.net/channel/retail-media/#casestudies,Retail Media - InternetRetailing,"Sponsored by: Mapping the Retail Media opportunity in D2C. We track the dynamics, opportunities and examplars of the retail media revolution via our insight, analysis, research and events. Commentary Case studies Events Podcasts Research Reports Retail Media Newsletter Retail Media 10 Jun 2025 Retail Media Three years ago, Retail Media was nowhere to be seen […]",,,,https://internetretailing.net/wp-content/uploads/2025/04/Retail-Media-logo-Black-1-1024x420.png
"Aug 22, 2026 @ 19:50:08.410",9defe1bb573a93beefd0cfb6fdbb3686,https://internetretailing.net/channel/retail-media/,Retail Media - InternetRetailing,"Sponsored by: Mapping the Retail Media opportunity in D2C. We track the dynamics, opportunities and examplars of the retail media revolution via our insight, analysis, research and events. Commentary Case studies Events Podcasts Research Reports Retail Media Newsletter Retail Media 10 Jun 2025 Retail Media Three years ago, Retail Media was nowhere to be seen […]",,,,https://internetretailing.net/wp-content/uploads/2025/04/Retail-Media-logo-Black-1-1024x420.png
"Aug 22, 2026 @ 19:50:08.425",7d6b78afd0b7d86b8b98a2fc3f6cb47c,https://internetretailing.net/channel/retail-media/#commentary,Retail Media - InternetRetailing,"Sponsored by: Mapping the Retail Media opportunity in D2C. We track the dynamics, opportunities and examplars of the retail media revolution via our insight, analysis, research and events. Commentary Case studies Events Podcasts Research Reports Retail Media Newsletter Retail Media 10 Jun 2025 Retail Media Three years ago, Retail Media was nowhere to be seen […]",,,,https://internetretailing.net/wp-content/uploads/2025/04/Retail-Media-logo-Black-1-1024x420.png
"Aug 22, 2026 @ 19:50:08.703",dea9fd62e2e2eaaa7235938e317031f3,https://internetretailing.net/channel/retail-media/#research,Retail Media - InternetRetailing,"Sponsored by: Mapping the Retail Media opportunity in D2C. We track the dynamics, opportunities and examplars of the retail media revolution via our insight, analysis, research and events. Commentary Case studies Events Podcasts Research Reports Retail Media Newsletter Retail Media 10 Jun 2025 Retail Media Three years ago, Retail Media was nowhere to be seen […]",,,,https://internetretailing.net/wp-content/uploads/2025/04/Retail-Media-logo-Black-1-1024x420.png
"Aug 22, 2026 @ 19:50:08.747",fc0879997c091aadc2a6130b3522c550,https://internetretailing.net/channel/subscriptions/,Subscriptions - InternetRetailing,"Sponsored by: From curated meal boxes to indispensable necessities, discover how the subscription model is growing and becoming a feature of modern ecommerce. Commentary Case studies Events Podcasts Research Reports SubscriptionX Newsletter News 18 Feb 2026 News Epetōme, a British gut health brand, has secured a multi-million-pound investment to accelerate international expansion… 18 Feb 2026 […]",,,,https://internetretailing.net/wp-content/uploads/2025/04/SubscriptionX_Primary-logo_Grey-1024x226.png
"Aug 22, 2026 @ 19:50:08.786",5576d9b58611233e4e1ccdf9bb6f7876,https://internetretailing.net/themes/sustainability/,Sustainability - InternetRetailing,Read our research and review of retail sustainability and how brands are going green to achieve an eco-friendly future.,,,,https://internetretailing.net/wp-content/uploads/2024/07/horizontal-concepts-fw21-GiveBack2021-US-launch-CLP-teaser-img-carousel-card4_tcm143-760528-copy.jpg
"Aug 22, 2026 @ 19:50:08.803",cac949e9402c48cee3226ca6b77a0905,https://internetretailing.net/themes/strategy-and-innovation/,Strategy & Innovation - InternetRetailing,"Strategy and Innovation Focuses on how retailers can stand out from the competition in an ever-changing multichannel retail market. 15 Nov 2023 For the first time ever, H&M is offering a rental service on selected pieces from their latest guest designer collaboration. A curated assortment from the Rabanne H&M collection featuring exclusive colourways is now available for […]",,,,https://internetretailing.net/wp-content/uploads/2023/11/hmgoepprod-1.jpeg
"Aug 22, 2026 @ 19:50:09.045",db1953ca591aef01cddc59f06f99f980,https://internetretailing.net/channel/subscriptions/#commentary,Subscriptions - InternetRetailing,"Sponsored by: From curated meal boxes to indispensable necessities, discover how the subscription model is growing and becoming a feature of modern ecommerce. Commentary Case studies Events Podcasts Research Reports SubscriptionX Newsletter News 18 Feb 2026 News Epetōme, a British gut health brand, has secured a multi-million-pound investment to accelerate international expansion… 18 Feb 2026 […]",,,,https://internetretailing.net/wp-content/uploads/2025/04/SubscriptionX_Primary-logo_Grey-1024x226.png
"Aug 22, 2026 @ 19:50:09.106",e74a8ae7d98c74f9801f637d68d1caa7,https://internetretailing.net/views/frontline/,Frontline - InternetRetailing,"Frontline Feedback from the frontline of multichannel retail – allowing our clients and partners to showcase their brand through their own content. 168 13 Mar 2023 2023 forecasts predicted a bumpy ride for retail. The micro-economic factors that impacted the sector throughout 2022 have persisted, threatening to further dent already squeezed profit margins. Frontline 6 […]",,,,https://internetretailing.net/wp-content/uploads/2023/03/iStock-1391824162-scaled.jpg
"Aug 22, 2026 @ 19:50:09.134",8abf1637f8472a73678adbfa98605dd3,https://internetretailing.net/media/the-retail-media-podcast/,"The Retail Media Podcast, in association with Mirakl - InternetRetailing","The Retail Media Podcast in association with Mirakl The Retail Media Podcast, in association with Mirakl, is a 10-part series detailing the journey from Retail to Media. Starting at NRF’s Big Retail show, this series will traverse to the festival of digital media that is Cannes Lions, with engaging and informative conversations in between. Global […]",,,,https://internetretailing.net/wp-content/uploads/2025/05/Mirakle-Podcast-IR-v1-2-1.jpg
"Aug 22, 2026 @ 19:50:09.144",ee884dd0f160b6682395d7019441dd31,https://internetretailing.net/media/fmcg-podcast/,FMCG Podcast - InternetRetailing,"FMCG Podcast Season 1 in association with dunnhumby Interviews with the people behind positive retail and brand performance. The RetailX Events Podcasts are recorded live at our events, sharing exclusive insights to help you get ahead. Listen via the online player embedded in each episode, or better still make sure you’re the first to get […]",,,,https://internetretailing.net/wp-content/uploads/2025/05/Mirakle-Podcast-IR-v1-2-1.jpg
"Aug 22, 2026 @ 19:50:09.427",ab7c3b032843b9f528496f3099bc4cac,https://internetretailing.net/channel/subscriptions/#research,Subscriptions - InternetRetailing,"Sponsored by: From curated meal boxes to indispensable necessities, discover how the subscription model is growing and becoming a feature of modern ecommerce. Commentary Case studies Events Podcasts Research Reports SubscriptionX Newsletter News 18 Feb 2026 News Epetōme, a British gut health brand, has secured a multi-million-pound investment to accelerate international expansion… 18 Feb 2026 […]",,,,https://internetretailing.net/wp-content/uploads/2025/04/SubscriptionX_Primary-logo_Grey-1024x226.png
"Aug 22, 2026 @ 19:50:09.450",3497e4ddafb38ff900e7a9600634bf49,https://internetretailing.net/channel/subscriptions/#casestudies,Subscriptions - InternetRetailing,"Sponsored by: From curated meal boxes to indispensable necessities, discover how the subscription model is growing and becoming a feature of modern ecommerce. Commentary Case studies Events Podcasts Research Reports SubscriptionX Newsletter News 18 Feb 2026 News Epetōme, a British gut health brand, has secured a multi-million-pound investment to accelerate international expansion… 18 Feb 2026 […]",,,,https://internetretailing.net/wp-content/uploads/2025/04/SubscriptionX_Primary-logo_Grey-1024x226.png
"Aug 22, 2026 @ 19:50:09.512",acc226cf14efbd766cbfe9a9e602848a,https://internetretailing.net/research/retailx-sector-reports/,Sector Reports - InternetRetailing,"Sector Reports Our RetailX Sector reports take an in-depth dive into the companies, strategies and consumers of different sectors across the UK, Europe and the World. Each report aims to give a retailer greater understanding of the complexities of ecommerce by sector by studying the market forces and customer behaviours by product type. The reports […]",,,,https://internetretailing.net/wp-content/uploads/2025/06/prn.png
"Aug 22, 2026 @ 19:50:09.528",6f1cd6ad6065451968deb87e527ccbd3,https://internetretailing.net/media/retailcraft-podcast/,Podcast - InternetRetailing,"The RetailCraft Podcast Interviews with the people behind multichannel performance. The RetailCraft podcast series looks at the who and how behind the performance of our Global Elite 1000 companies, and those who influence and inspire them. Ian Jindal shares the studio with retail leaders, RetailX’s analysts and sector experts, covering topics from commercial performance through […]",,,,https://internetretailing.net/wp-content/uploads/2023/06/US_UK_Apple_Podcasts_Listen_Badge_CMYK.png
"Aug 22, 2026 @ 19:50:09.775",6ec15e5713b9f1bf7a1314e5021a92be,https://internetretailing.net/media/video-channel/,Video Channel - InternetRetailing,"Videos Watch all our interviews, news and past webinars exploring the most pressing topics in retail, on demand 8 Jun 2022 More Information 28 Apr 2022 More Information 20 Apr 2022 More Information 31 Mar 2022 More Information 31 Mar 2022 More Information 23 Mar 2022 More Information View More Videos Subscribe to Newsletter Access […]",,,,
"Aug 22, 2026 @ 19:50:09.864",03050cf1e45bc33ee0911d731d7b7bca,https://internetretailing.net/research/whitepapers/,Whitepapers - InternetRetailing,Whitepapers Delving into the more niche areas of successful multichannel retailing operations. Read More Read More Read More Read More Read More Read More Read More Read More Read More Read More Read More Read More Read More Read More Read More Read More Read More Read More Read More Read More Read More Read […],,,,https://internetretailing.net/wp-content/uploads/2025/08/simpler.png
"Aug 22, 2026 @ 19:50:09.903",21cb4a02ce91c8f4264fb8ed2029e22e,https://internetretailing.net/research/bluepapers/,Bluepapers - InternetRetailing,Bluepapers Exploring innovative solutions and emerging technologies in retail… Read More Read More Tealium Read More Featuring case studies with: Test 1Test 2 Read More Read More View More Bluepapers Subscribe to Newsletter Access all new InternetRetailing Research via Email Register InternetRetailing European Newsletter News analysis dedicated to helping European retail professionals Register for Newsletter […],,,,
"Aug 22, 2026 @ 19:50:09.947",891a7a39f08b426c5dde6f9dea3b68b6,https://internetretailing.net/research/top500-reports/,Ranking Reports - InternetRetailing,"Ranking Reports The performance of the world’s leading retailers independently-researched, ranked and analysed. Read More Read More Read More Read More Read More Read More Read More Read More Read More Read More Read More Read More View More Reports “Objective, fact-led performance insight for commercial multichannel professionals.” Martin Shaw, Head of Research, InternetRetailing Get […]",,,,https://internetretailing.net/wp-content/uploads/2025/03/Truelayer-logo-300x75.png
"Aug 22, 2026 @ 19:50:10.180",4511cdc4dba357eb5f85d6179e043db3,https://internetretailing.net/research/retailx-country-reports/,Country Reports - InternetRetailing,"RetailX Country Reports The RetailX country reports equip retailers with the best knowledge to succeed, by providing a clear and comprehensive overview of the state of commerce in countries and regions around the world. We cover everything from facts, figures and ecommerce trends, to European government data, exclusive research, analysis and more. Find out all […]",,,,https://internetretailing.net/wp-content/uploads/2025/10/vimeo.png
"Aug 22, 2026 @ 19:50:10.261",cea08703a32c4b6cac04714ddb96e56b,https://internetretailing.net/research/rxeu-marketplace-report/,Marketplace Reports - InternetRetailing,"European Marketplaces Reports Marketplaces have quickly become an essential part of the online retail mix for both consumers and merchants across Europe. The research in our Marketplace Reportsuncovers where marketplaces in Europe are continuing to evolve towards: how mobile is shifting basic customer experience, the rise of smart and voice-controlled devices in shopping, how delivery […]",,,,https://internetretailing.net/wp-content/uploads/2025/10/inventory-sage.png
"Aug 22, 2026 @ 19:50:10.272",e767fbc8cf92c56ea51d2e2293b457f3,https://internetretailing.net/report-hub/retailx-europe-luxury-sector-report-2025/,InternetRetailing Europe Luxury Sector Report 2025 - InternetRetailing,"European Luxury 2025 report examines the state of the luxury clothing, jewellery, bags and accessories market amid reports of a slowdown.",,,,https://internetretailing.net/wp-content/uploads/2024/10/ir-euro-lux-2025.png
"Aug 22, 2026 @ 19:50:10.308",c7330e3504aeb29f61d8bf99b9a963cd,https://internetretailing.net/report-hub/internetretailing-returns-2025-report/,InternetRetailing Returns 2025 Report - InternetRetailing,"InternetRetailing Returns Report 2025 delves into the strategies retailers are using to mitigate the impact of returns on their profitability, customer satisfaction, and the planet. The Report highlights how technology, from informed decision-making to AI tools, is enhancing efficiency and improving the overall customer experience in the returns cycle.",,,,https://internetretailing.net/wp-content/uploads/2025/09/returns-report-2025.png
"Aug 22, 2026 @ 19:50:10.488",22830ce64d848d50de67c60c25bc9e18,https://internetretailing.net/about/advertising-opportunities/,Advertising Opportunities - InternetRetailing,"Work with us We’re the leading voice for ecommerce and multichannel retail success “Internet Retailing has been the voice of online and multichannel retail successfor over a decade. With a dedicated news portal, detailed sector reports andcomplementary events, Internet Retailing is dedicated to helping our partners thrive inthe dynamic ecosystem that is ecommerce. A renewed […]",,,,https://internetretailing.net/wp-content/uploads/2026/01/ebfd28d956305720a35425d4867a7ea3-768x768.webp
"Aug 22, 2026 @ 19:50:10.587",4c4604f440fb54a94f31d6d74b97eb4b,https://internetretailing.net/upcoming-events/past-webinars/,Past Webinars - InternetRetailing,"Past Webinars Watch all our past webinars exploring the most pressing topics in retail, on demand! 16 Dec 2025 by James Pearson 4 Nov 2025 by James Pearson 24 Sep 2025 by James Pearson 26 Mar 2025 by Chris Dinnall 12 Mar 2025 by Chris Dinnall 19 Feb 2025 by Chris Dinnall View More Webinars […]",,,,https://internetretailing.net/wp-content/uploads/2025/10/From-Peak-To-Plan_Ad_Low-res.png
"Aug 22, 2026 @ 19:50:10.630",7eb474d5c2cb21efc9d679005674d177,https://internetretailing.net/about/contact-us/,Contact Us - InternetRetailing,"Contact Us EDITORIAL For press releases and media announcements please send to: press@internetretailing.net For article proposals and submissions please email: editor@internetretailing.net To see what papers and features we have coming up this year please visit our Editorial Calendar SALES AND MEDIA PACK Contact our Account Directors, they are happy to help with commercial and sales […]",,,,https://internetretailing.net/wp-content/uploads/2026/03/beyond-the-basics.png
"Aug 22, 2026 @ 19:50:10.637",eaa680bd6af711c04853c6e08446813f,https://internetretailing.net/about/press/,Press - InternetRetailing,Latest Articles 6 Sep 2023 6 Sep 2023 6 Sep 2023 5 Sep 2023 Join Our Press List Register to receive our press releases about our latest research and reports. If you have a question about our research or articles please contact marketing@internetretailing.net View Privacy Policy Latest Reports,,,,https://internetretailing.net/wp-content/uploads/2023/09/Hobbycraft-UKST.png
"Aug 22, 2026 @ 19:50:10.805",39b7d2c03adf2cd37927969e8f94399d,https://internetretailing.net/about/terms-and-conditions/,Terms and Conditions - InternetRetailing,"Terms and Conditions Terms of use Use of this site, and its contents, is subject to the following terms and conditions. By using this site you accept these terms and conditions and agree that you are bound by them. Among other things, these terms limit our liability for any loss or damage which might arise […]",,,,https://internetretailing.net/wp-content/uploads/2022/05/RXBEU22RP_Full_1.1PDF_Thumb1.png
"Aug 22, 2026 @ 19:50:10.911",179385e4d1252cccec38ff94a69f3b2b,https://internetretailing.net/about/privacy-policy/,Privacy Policy - InternetRetailing,"Privacy Policy Privacy Policy Introduction This privacy policy forms part of our terms and conditions and provides information on how Internet Retailing Media Services Ltd (We/Us/Our/The Company) processes your data. Definitions Services means our websites, content and any media, channel, application or service operated, created or made available by the Company which may include but […]",,,,
"Aug 22, 2026 @ 19:50:10.971",1b6f3c45c23cae0240eae24884803a7b,https://internetretailing.net/media/marketing-unlearned/,"Marketing UnLearned, in association with Epsilon - InternetRetailing","Marketing Unlearned in association with Epsilon Marketing UnLearned is a podcast series that explores the challenges the leading-edge digital marketing poses to established and received wisdom. All new initiatives, until proven, are subject to scrutiny and challenge: the ‘waddabouts’, the statements of inertia, the “why bother?”, the deprioritising questions. Within these challenges there is often […]",,,,https://internetretailing.net/wp-content/uploads/2025/04/epsilon-176352.png
"Aug 22, 2026 @ 19:50:10.980",274dfd23438e21f33f30329ddde05744,https://internetretailing.net/upcoming-events/upcoming-webinars/,Upcoming Webinars - InternetRetailing,"Upcoming Webinars We host a wealth of webinars covering the latest topics, trends and technological advancements. See what’s coming up down below… Can’t make the date? All previous webinars are now available to watch on demand, so you can rewind and revisit all your favourite industry guests to your heart’s content! 25 Apr 14:00 26 […]",,,,
"Aug 22, 2026 @ 19:50:11.139",47fee3105e5a84d7b354400920090daa,https://internetretailing.net/report-hub/der-schlussel-zunachhaltigem-wachstum-imdeutschen-e-commerce/,Der Schlüssel zunachhaltigem Wachstum im Deutschen E-Commerce - InternetRetailing,"Entdecken Sie die fünf Fulfilment-Prioritäten, die deutschen Online-Shoppern besonders wichtig sind – und erfahren Sie, wie Händler diese nutzen können, um Loyalität aufzubauen, Reibungspunkte zu reduzieren und den Umsatz zu steigern. Deutschland zählt zu den wertvollsten E-Commerce-Märkten Europas. Bis 2026 soll der Onlineumsatz auf 86,66 Milliarden Euro steigen. Doch wer in diesem Markt erfolgreich sein […]",,,,https://internetretailing.net/wp-content/uploads/2026/07/ir-german-whitepaper.png
"Aug 22, 2026 @ 19:50:11.243",6a75f32040f618949b7716ba4d0f83c0,https://internetretailing.net/report-hub/switzerland-luxury-market-report-2026/,Switzerland Luxury Market Report 2026 - InternetRetailing,"The Switzerland Luxury Market Report 2026 provides an in-depth analysis of this distinctive retail landscape. It explores everything from the strength of the Swiss watch industry to the growth of mobile commerce, personalised customer experiences and sustainable luxury.",,,,https://internetretailing.net/wp-content/uploads/2026/06/switzerland-luxury-2026.png
"Aug 22, 2026 @ 19:50:11.326",b30e51d7432c35173b18d50cc3aa951b,https://internetretailing.net/report-hub/mondi-whitepaper-2026-ai-the-future-of-ecommerce-packaging/,Mondi Whitepaper 2026: AI & The Future of eCommerce Packaging - InternetRetailing,"Discover how Artificial Intelligence, automation and sustainable packaging are reshaping consumer behaviour and driving repeat sales for online retailers. Online retailers are operating in a market defined by rapid technological acceleration, tightening sustainability legislation (such as the EU’s Packaging and Packaging Waste Regulation) and rising operational complexity. Based on a comprehensive survey of 6,000 consumers […]",,,,https://internetretailing.net/wp-content/uploads/2026/06/mondi.png
"Aug 22, 2026 @ 19:50:11.350",9defe1bb573a93beefd0cfb6fdbb3686,https://internetretailing.net/channel/retail-media/,Retail Media - InternetRetailing,"Sponsored by: Mapping the Retail Media opportunity in D2C. We track the dynamics, opportunities and examplars of the retail media revolution via our insight, analysis, research and events. Commentary Case studies Events Podcasts Research Reports Retail Media Newsletter Retail Media 10 Jun 2025 Retail Media Three years ago, Retail Media was nowhere to be seen […]",,,,https://internetretailing.net/wp-content/uploads/2025/04/Retail-Media-logo-Black-1-1024x420.png
"Aug 22, 2026 @ 19:50:11.362",efc396681af32755da8b2e8055110230,https://internetretailing.net/report-hub/french-luxury-2026/,France Luxury 2026: Redefining Value in a Changing Market - InternetRetailing,"French Luxury Retail 2026 is an essential guide for global retailers. By examining the dynamics, consumer behaviors and leading players.",,,,https://internetretailing.net/wp-content/uploads/2026/05/france-luxury2026.png
"Aug 22, 2026 @ 19:50:11.378",62c13aa3d7f89164eabe533116b596d9,https://internetretailing.net/media/retail-media-podcast/,Retail MediaX Podcast Series 2024 - InternetRetailing,"Retail MediaX podcast series In association with SMG Recorded live at the Retail MediaX events in London, these limited edition podcasts – brought to you in partnership with SMG – have experts from across the retail media ecosystem looking at what leading UK retail media networks are doing; how the sector is evolving; and where […]",,,,https://internetretailing.net/wp-content/uploads/2025/06/RMX-Podcast-banner.png
"Aug 22, 2026 @ 19:50:11.396",7d6b78afd0b7d86b8b98a2fc3f6cb47c,https://internetretailing.net/channel/retail-media/#commentary,Retail Media - InternetRetailing,"Sponsored by: Mapping the Retail Media opportunity in D2C. We track the dynamics, opportunities and examplars of the retail media revolution via our insight, analysis, research and events. Commentary Case studies Events Podcasts Research Reports Retail Media Newsletter Retail Media 10 Jun 2025 Retail Media Three years ago, Retail Media was nowhere to be seen […]",,,,https://internetretailing.net/wp-content/uploads/2025/04/Retail-Media-logo-Black-1-1024x420.png
"Aug 22, 2026 @ 19:50:11.419",51974c18a3e68b958099190f676cf771,https://internetretailing.net/channel/retail-media/#casestudies,Retail Media - InternetRetailing,"Sponsored by: Mapping the Retail Media opportunity in D2C. We track the dynamics, opportunities and examplars of the retail media revolution via our insight, analysis, research and events. Commentary Case studies Events Podcasts Research Reports Retail Media Newsletter Retail Media 10 Jun 2025 Retail Media Three years ago, Retail Media was nowhere to be seen […]",,,,https://internetretailing.net/wp-content/uploads/2025/04/Retail-Media-logo-Black-1-1024x420.png
"Aug 22, 2026 @ 19:50:11.441",dea9fd62e2e2eaaa7235938e317031f3,https://internetretailing.net/channel/retail-media/#research,Retail Media - InternetRetailing,"Sponsored by: Mapping the Retail Media opportunity in D2C. We track the dynamics, opportunities and examplars of the retail media revolution via our insight, analysis, research and events. Commentary Case studies Events Podcasts Research Reports Retail Media Newsletter Retail Media 10 Jun 2025 Retail Media Three years ago, Retail Media was nowhere to be seen […]",,,,https://internetretailing.net/wp-content/uploads/2025/04/Retail-Media-logo-Black-1-1024x420.png
"Aug 22, 2026 @ 19:50:11.465",fc0879997c091aadc2a6130b3522c550,https://internetretailing.net/channel/subscriptions/,Subscriptions - InternetRetailing,"Sponsored by: From curated meal boxes to indispensable necessities, discover how the subscription model is growing and becoming a feature of modern ecommerce. Commentary Case studies Events Podcasts Research Reports SubscriptionX Newsletter News 18 Feb 2026 News Epetōme, a British gut health brand, has secured a multi-million-pound investment to accelerate international expansion… 18 Feb 2026 […]",,,,https://internetretailing.net/wp-content/uploads/2025/04/SubscriptionX_Primary-logo_Grey-1024x226.png
"Aug 22, 2026 @ 19:50:11.484",5576d9b58611233e4e1ccdf9bb6f7876,https://internetretailing.net/themes/sustainability/,Sustainability - InternetRetailing,Read our research and review of retail sustainability and how brands are going green to achieve an eco-friendly future.,,,,https://internetretailing.net/wp-content/uploads/2024/07/horizontal-concepts-fw21-GiveBack2021-US-launch-CLP-teaser-img-carousel-card4_tcm143-760528-copy.jpg
"Aug 22, 2026 @ 19:50:11.496",181e3f01bb83b796a278b1aff53d3b8e,https://internetretailing.net/about/cookie-policy/,Cookie Policy - InternetRetailing,Cookie Policy Cookies are small text files that can be used by websites to make a user’s experience more efficient. The law states that we can store cookies on your device if they are strictly necessary for the operation of this site. For all other types of cookies we need your permission. This site uses […],,,,
"Aug 22, 2026 @ 19:50:11.511",cac949e9402c48cee3226ca6b77a0905,https://internetretailing.net/themes/strategy-and-innovation/,Strategy & Innovation - InternetRetailing,"Strategy and Innovation Focuses on how retailers can stand out from the competition in an ever-changing multichannel retail market. 15 Nov 2023 For the first time ever, H&M is offering a rental service on selected pieces from their latest guest designer collaboration. A curated assortment from the Rabanne H&M collection featuring exclusive colourways is now available for […]",,,,https://internetretailing.net/wp-content/uploads/2023/11/hmgoepprod-1.jpeg
"Aug 22, 2026 @ 19:50:11.529",db1953ca591aef01cddc59f06f99f980,https://internetretailing.net/channel/subscriptions/#commentary,Subscriptions - InternetRetailing,"Sponsored by: From curated meal boxes to indispensable necessities, discover how the subscription model is growing and becoming a feature of modern ecommerce. Commentary Case studies Events Podcasts Research Reports SubscriptionX Newsletter News 18 Feb 2026 News Epetōme, a British gut health brand, has secured a multi-million-pound investment to accelerate international expansion… 18 Feb 2026 […]",,,,https://internetretailing.net/wp-content/uploads/2025/04/SubscriptionX_Primary-logo_Grey-1024x226.png
"Aug 22, 2026 @ 19:50:11.540",ee884dd0f160b6682395d7019441dd31,https://internetretailing.net/media/fmcg-podcast/,FMCG Podcast - InternetRetailing,"FMCG Podcast Season 1 in association with dunnhumby Interviews with the people behind positive retail and brand performance. The RetailX Events Podcasts are recorded live at our events, sharing exclusive insights to help you get ahead. Listen via the online player embedded in each episode, or better still make sure you’re the first to get […]",,,,https://internetretailing.net/wp-content/uploads/2025/05/Mirakle-Podcast-IR-v1-2-1.jpg
"Aug 22, 2026 @ 19:50:11.549",8abf1637f8472a73678adbfa98605dd3,https://internetretailing.net/media/the-retail-media-podcast/,"The Retail Media Podcast, in association with Mirakl - InternetRetailing","The Retail Media Podcast in association with Mirakl The Retail Media Podcast, in association with Mirakl, is a 10-part series detailing the journey from Retail to Media. Starting at NRF’s Big Retail show, this series will traverse to the festival of digital media that is Cannes Lions, with engaging and informative conversations in between. Global […]",,,,https://internetretailing.net/wp-content/uploads/2025/05/Mirakle-Podcast-IR-v1-2-1.jpg
"Aug 22, 2026 @ 19:50:11.560",3497e4ddafb38ff900e7a9600634bf49,https://internetretailing.net/channel/subscriptions/#casestudies,Subscriptions - InternetRetailing,"Sponsored by: From curated meal boxes to indispensable necessities, discover how the subscription model is growing and becoming a feature of modern ecommerce. Commentary Case studies Events Podcasts Research Reports SubscriptionX Newsletter News 18 Feb 2026 News Epetōme, a British gut health brand, has secured a multi-million-pound investment to accelerate international expansion… 18 Feb 2026 […]",,,,https://internetretailing.net/wp-content/uploads/2025/04/SubscriptionX_Primary-logo_Grey-1024x226.png
"Aug 22, 2026 @ 19:50:11.576",6f1cd6ad6065451968deb87e527ccbd3,https://internetretailing.net/media/retailcraft-podcast/,Podcast - InternetRetailing,"The RetailCraft Podcast Interviews with the people behind multichannel performance. The RetailCraft podcast series looks at the who and how behind the performance of our Global Elite 1000 companies, and those who influence and inspire them. Ian Jindal shares the studio with retail leaders, RetailX’s analysts and sector experts, covering topics from commercial performance through […]",,,,https://internetretailing.net/wp-content/uploads/2023/06/US_UK_Apple_Podcasts_Listen_Badge_CMYK.png
"Aug 22, 2026 @ 19:50:11.593",6ec15e5713b9f1bf7a1314e5021a92be,https://internetretailing.net/media/video-channel/,Video Channel - InternetRetailing,"Videos Watch all our interviews, news and past webinars exploring the most pressing topics in retail, on demand 8 Jun 2022 More Information 28 Apr 2022 More Information 20 Apr 2022 More Information 31 Mar 2022 More Information 31 Mar 2022 More Information 23 Mar 2022 More Information View More Videos Subscribe to Newsletter Access […]",,,,
"Aug 22, 2026 @ 19:50:11.611",acc226cf14efbd766cbfe9a9e602848a,https://internetretailing.net/research/retailx-sector-reports/,Sector Reports - InternetRetailing,"Sector Reports Our RetailX Sector reports take an in-depth dive into the companies, strategies and consumers of different sectors across the UK, Europe and the World. Each report aims to give a retailer greater understanding of the complexities of ecommerce by sector by studying the market forces and customer behaviours by product type. The reports […]",,,,https://internetretailing.net/wp-content/uploads/2025/06/prn.png
"Aug 22, 2026 @ 19:50:11.638",03050cf1e45bc33ee0911d731d7b7bca,https://internetretailing.net/research/whitepapers/,Whitepapers - InternetRetailing,Whitepapers Delving into the more niche areas of successful multichannel retailing operations. Read More Read More Read More Read More Read More Read More Read More Read More Read More Read More Read More Read More Read More Read More Read More Read More Read More Read More Read More Read More Read More Read […],,,,https://internetretailing.net/wp-content/uploads/2025/08/simpler.png
"Aug 22, 2026 @ 19:50:11.648",245aaf830806f96dde6234a36fc8279d,https://internetretailing.net/events/category/webinars/,Upcoming Webinars - InternetRetailing,"Upcoming Webinars We host a wealth of webinars covering the latest topics, trends and technological advancements. See what’s coming up down below… Can’t make the date? All previous webinars are now available to watch on demand, so you can rewind and revisit all your favourite industry guests to your heart’s content! 25 Apr 14:00 26 […]",,,,
"Aug 22, 2026 @ 19:50:11.668",21cb4a02ce91c8f4264fb8ed2029e22e,https://internetretailing.net/research/bluepapers/,Bluepapers - InternetRetailing,Bluepapers Exploring innovative solutions and emerging technologies in retail… Read More Read More Tealium Read More Featuring case studies with: Test 1Test 2 Read More Read More View More Bluepapers Subscribe to Newsletter Access all new InternetRetailing Research via Email Register InternetRetailing European Newsletter News analysis dedicated to helping European retail professionals Register for Newsletter […],,,,
"Aug 22, 2026 @ 19:50:11.687",891a7a39f08b426c5dde6f9dea3b68b6,https://internetretailing.net/research/top500-reports/,Ranking Reports - InternetRetailing,"Ranking Reports The performance of the world’s leading retailers independently-researched, ranked and analysed. Read More Read More Read More Read More Read More Read More Read More Read More Read More Read More Read More Read More View More Reports “Objective, fact-led performance insight for commercial multichannel professionals.” Martin Shaw, Head of Research, InternetRetailing Get […]",,,,https://internetretailing.net/wp-content/uploads/2025/03/Truelayer-logo-300x75.png
"Aug 22, 2026 @ 19:50:11.704",4511cdc4dba357eb5f85d6179e043db3,https://internetretailing.net/research/retailx-country-reports/,Country Reports - InternetRetailing,"RetailX Country Reports The RetailX country reports equip retailers with the best knowledge to succeed, by providing a clear and comprehensive overview of the state of commerce in countries and regions around the world. We cover everything from facts, figures and ecommerce trends, to European government data, exclusive research, analysis and more. Find out all […]",,,,https://internetretailing.net/wp-content/uploads/2025/10/vimeo.png
"Aug 22, 2026 @ 19:50:11.719",cea08703a32c4b6cac04714ddb96e56b,https://internetretailing.net/research/rxeu-marketplace-report/,Marketplace Reports - InternetRetailing,"European Marketplaces Reports Marketplaces have quickly become an essential part of the online retail mix for both consumers and merchants across Europe. The research in our Marketplace Reportsuncovers where marketplaces in Europe are continuing to evolve towards: how mobile is shifting basic customer experience, the rise of smart and voice-controlled devices in shopping, how delivery […]",,,,https://internetretailing.net/wp-content/uploads/2025/10/inventory-sage.png
"Aug 22, 2026 @ 19:50:11.727",c7330e3504aeb29f61d8bf99b9a963cd,https://internetretailing.net/report-hub/internetretailing-returns-2025-report/,InternetRetailing Returns 2025 Report - InternetRetailing,"InternetRetailing Returns Report 2025 delves into the strategies retailers are using to mitigate the impact of returns on their profitability, customer satisfaction, and the planet. The Report highlights how technology, from informed decision-making to AI tools, is enhancing efficiency and improving the overall customer experience in the returns cycle.",,,,https://internetretailing.net/wp-content/uploads/2025/09/returns-report-2025.png
"Aug 22, 2026 @ 19:50:11.733",e767fbc8cf92c56ea51d2e2293b457f3,https://internetretailing.net/report-hub/retailx-europe-luxury-sector-report-2025/,InternetRetailing Europe Luxury Sector Report 2025 - InternetRetailing,"European Luxury 2025 report examines the state of the luxury clothing, jewellery, bags and accessories market amid reports of a slowdown.",,,,https://internetretailing.net/wp-content/uploads/2024/10/ir-euro-lux-2025.png
"Aug 22, 2026 @ 19:50:11.750",ab7c3b032843b9f528496f3099bc4cac,https://internetretailing.net/channel/subscriptions/#research,Subscriptions - InternetRetailing,"Sponsored by: From curated meal boxes to indispensable necessities, discover how the subscription model is growing and becoming a feature of modern ecommerce. Commentary Case studies Events Podcasts Research Reports SubscriptionX Newsletter News 18 Feb 2026 News Epetōme, a British gut health brand, has secured a multi-million-pound investment to accelerate international expansion… 18 Feb 2026 […]",,,,https://internetretailing.net/wp-content/uploads/2025/04/SubscriptionX_Primary-logo_Grey-1024x226.png
"Aug 22, 2026 @ 19:50:11.758",4c4604f440fb54a94f31d6d74b97eb4b,https://internetretailing.net/upcoming-events/past-webinars/,Past Webinars - InternetRetailing,"Past Webinars Watch all our past webinars exploring the most pressing topics in retail, on demand! 16 Dec 2025 by James Pearson 4 Nov 2025 by James Pearson 24 Sep 2025 by James Pearson 26 Mar 2025 by Chris Dinnall 12 Mar 2025 by Chris Dinnall 19 Feb 2025 by Chris Dinnall View More Webinars […]",,,,https://internetretailing.net/wp-content/uploads/2025/10/From-Peak-To-Plan_Ad_Low-res.png
"Aug 22, 2026 @ 19:50:11.766",22830ce64d848d50de67c60c25bc9e18,https://internetretailing.net/about/advertising-opportunities/,Advertising Opportunities - InternetRetailing,"Work with us We’re the leading voice for ecommerce and multichannel retail success “Internet Retailing has been the voice of online and multichannel retail successfor over a decade. With a dedicated news portal, detailed sector reports andcomplementary events, Internet Retailing is dedicated to helping our partners thrive inthe dynamic ecosystem that is ecommerce. A renewed […]",,,,https://internetretailing.net/wp-content/uploads/2026/01/ebfd28d956305720a35425d4867a7ea3-768x768.webp
"Aug 22, 2026 @ 19:50:11.774",7eb474d5c2cb21efc9d679005674d177,https://internetretailing.net/about/contact-us/,Contact Us - InternetRetailing,"Contact Us EDITORIAL For press releases and media announcements please send to: press@internetretailing.net For article proposals and submissions please email: editor@internetretailing.net To see what papers and features we have coming up this year please visit our Editorial Calendar SALES AND MEDIA PACK Contact our Account Directors, they are happy to help with commercial and sales […]",,,,https://internetretailing.net/wp-content/uploads/2026/03/beyond-the-basics.png
"Aug 22, 2026 @ 19:50:11.784",eaa680bd6af711c04853c6e08446813f,https://internetretailing.net/about/press/,Press - InternetRetailing,Latest Articles 6 Sep 2023 6 Sep 2023 6 Sep 2023 5 Sep 2023 Join Our Press List Register to receive our press releases about our latest research and reports. If you have a question about our research or articles please contact marketing@internetretailing.net View Privacy Policy Latest Reports,,,,https://internetretailing.net/wp-content/uploads/2023/09/Hobbycraft-UKST.png
"Aug 22, 2026 @ 19:50:11.792",39b7d2c03adf2cd37927969e8f94399d,https://internetretailing.net/about/terms-and-conditions/,Terms and Conditions - InternetRetailing,"Terms and Conditions Terms of use Use of this site, and its contents, is subject to the following terms and conditions. By using this site you accept these terms and conditions and agree that you are bound by them. Among other things, these terms limit our liability for any loss or damage which might arise […]",,,,https://internetretailing.net/wp-content/uploads/2022/05/RXBEU22RP_Full_1.1PDF_Thumb1.png
"Aug 22, 2026 @ 19:50:11.800",179385e4d1252cccec38ff94a69f3b2b,https://internetretailing.net/about/privacy-policy/,Privacy Policy - InternetRetailing,"Privacy Policy Privacy Policy Introduction This privacy policy forms part of our terms and conditions and provides information on how Internet Retailing Media Services Ltd (We/Us/Our/The Company) processes your data. Definitions Services means our websites, content and any media, channel, application or service operated, created or made available by the Company which may include but […]",,,,
"Aug 22, 2026 @ 19:50:11.813",e74a8ae7d98c74f9801f637d68d1caa7,https://internetretailing.net/views/frontline/,Frontline - InternetRetailing,"Frontline Feedback from the frontline of multichannel retail – allowing our clients and partners to showcase their brand through their own content. 168 13 Mar 2023 2023 forecasts predicted a bumpy ride for retail. The micro-economic factors that impacted the sector throughout 2022 have persisted, threatening to further dent already squeezed profit margins. Frontline 6 […]",,,,https://internetretailing.net/wp-content/uploads/2023/03/iStock-1391824162-scaled.jpg
"Aug 22, 2026 @ 19:50:11.822",1b6f3c45c23cae0240eae24884803a7b,https://internetretailing.net/media/marketing-unlearned/,"Marketing UnLearned, in association with Epsilon - InternetRetailing","Marketing Unlearned in association with Epsilon Marketing UnLearned is a podcast series that explores the challenges the leading-edge digital marketing poses to established and received wisdom. All new initiatives, until proven, are subject to scrutiny and challenge: the ‘waddabouts’, the statements of inertia, the “why bother?”, the deprioritising questions. Within these challenges there is often […]",,,,https://internetretailing.net/wp-content/uploads/2025/04/epsilon-176352.png
"Aug 22, 2026 @ 19:50:11.832",274dfd23438e21f33f30329ddde05744,https://internetretailing.net/upcoming-events/upcoming-webinars/,Upcoming Webinars - InternetRetailing,"Upcoming Webinars We host a wealth of webinars covering the latest topics, trends and technological advancements. See what’s coming up down below… Can’t make the date? All previous webinars are now available to watch on demand, so you can rewind and revisit all your favourite industry guests to your heart’s content! 25 Apr 14:00 26 […]",,,,
"Aug 22, 2026 @ 19:50:11.839",47fee3105e5a84d7b354400920090daa,https://internetretailing.net/report-hub/der-schlussel-zunachhaltigem-wachstum-imdeutschen-e-commerce/,Der Schlüssel zunachhaltigem Wachstum im Deutschen E-Commerce - InternetRetailing,"Entdecken Sie die fünf Fulfilment-Prioritäten, die deutschen Online-Shoppern besonders wichtig sind – und erfahren Sie, wie Händler diese nutzen können, um Loyalität aufzubauen, Reibungspunkte zu reduzieren und den Umsatz zu steigern. Deutschland zählt zu den wertvollsten E-Commerce-Märkten Europas. Bis 2026 soll der Onlineumsatz auf 86,66 Milliarden Euro steigen. Doch wer in diesem Markt erfolgreich sein […]",,,,https://internetretailing.net/wp-content/uploads/2026/07/ir-german-whitepaper.png
"Aug 22, 2026 @ 19:50:11.847",6a75f32040f618949b7716ba4d0f83c0,https://internetretailing.net/report-hub/switzerland-luxury-market-report-2026/,Switzerland Luxury Market Report 2026 - InternetRetailing,"The Switzerland Luxury Market Report 2026 provides an in-depth analysis of this distinctive retail landscape. It explores everything from the strength of the Swiss watch industry to the growth of mobile commerce, personalised customer experiences and sustainable luxury.",,,,https://internetretailing.net/wp-content/uploads/2026/06/switzerland-luxury-2026.png
"Aug 22, 2026 @ 19:50:11.855",b30e51d7432c35173b18d50cc3aa951b,https://internetretailing.net/report-hub/mondi-whitepaper-2026-ai-the-future-of-ecommerce-packaging/,Mondi Whitepaper 2026: AI & The Future of eCommerce Packaging - InternetRetailing,"Discover how Artificial Intelligence, automation and sustainable packaging are reshaping consumer behaviour and driving repeat sales for online retailers. Online retailers are operating in a market defined by rapid technological acceleration, tightening sustainability legislation (such as the EU’s Packaging and Packaging Waste Regulation) and rising operational complexity. Based on a comprehensive survey of 6,000 consumers […]",,,,https://internetretailing.net/wp-content/uploads/2026/06/mondi.png
"Aug 22, 2026 @ 19:50:11.863",efc396681af32755da8b2e8055110230,https://internetretailing.net/report-hub/french-luxury-2026/,France Luxury 2026: Redefining Value in a Changing Market - InternetRetailing,"French Luxury Retail 2026 is an essential guide for global retailers. By examining the dynamics, consumer behaviors and leading players.",,,,https://internetretailing.net/wp-content/uploads/2026/05/france-luxury2026.png
"Aug 22, 2026 @ 19:50:11.871",181e3f01bb83b796a278b1aff53d3b8e,https://internetretailing.net/about/cookie-policy/,Cookie Policy - InternetRetailing,Cookie Policy Cookies are small text files that can be used by websites to make a user’s experience more efficient. The law states that we can store cookies on your device if they are strictly necessary for the operation of this site. For all other types of cookies we need your permission. This site uses […],,,,
"Aug 22, 2026 @ 19:50:11.880",245aaf830806f96dde6234a36fc8279d,https://internetretailing.net/events/category/webinars/,Upcoming Webinars - InternetRetailing,"Upcoming Webinars We host a wealth of webinars covering the latest topics, trends and technological advancements. See what’s coming up down below… Can’t make the date? All previous webinars are now available to watch on demand, so you can rewind and revisit all your favourite industry guests to your heart’s content! 25 Apr 14:00 26 […]",,,,
"Aug 22, 2026 @ 19:50:11.891",9defe1bb573a93beefd0cfb6fdbb3686,https://internetretailing.net/channel/retail-media/,Retail Media - InternetRetailing,"Sponsored by: Mapping the Retail Media opportunity in D2C. We track the dynamics, opportunities and examplars of the retail media revolution via our insight, analysis, research and events. Commentary Case studies Events Podcasts Research Reports Retail Media Newsletter Retail Media 10 Jun 2025 Retail Media Three years ago, Retail Media was nowhere to be seen […]",,,,https://internetretailing.net/wp-content/uploads/2025/04/Retail-Media-logo-Black-1-1024x420.png
"Aug 22, 2026 @ 19:50:11.901",62c13aa3d7f89164eabe533116b596d9,https://internetretailing.net/media/retail-media-podcast/,Retail MediaX Podcast Series 2024 - InternetRetailing,"Retail MediaX podcast series In association with SMG Recorded live at the Retail MediaX events in London, these limited edition podcasts – brought to you in partnership with SMG – have experts from across the retail media ecosystem looking at what leading UK retail media networks are doing; how the sector is evolving; and where […]",,,,https://internetretailing.net/wp-content/uploads/2025/06/RMX-Podcast-banner.png
"Aug 22, 2026 @ 19:50:11.912",7d6b78afd0b7d86b8b98a2fc3f6cb47c,https://internetretailing.net/channel/retail-media/#commentary,Retail Media - InternetRetailing,"Sponsored by: Mapping the Retail Media opportunity in D2C. We track the dynamics, opportunities and examplars of the retail media revolution via our insight, analysis, research and events. Commentary Case studies Events Podcasts Research Reports Retail Media Newsletter Retail Media 10 Jun 2025 Retail Media Three years ago, Retail Media was nowhere to be seen […]",,,,https://internetretailing.net/wp-content/uploads/2025/04/Retail-Media-logo-Black-1-1024x420.png
"Aug 22, 2026 @ 19:50:11.927",51974c18a3e68b958099190f676cf771,https://internetretailing.net/channel/retail-media/#casestudies,Retail Media - InternetRetailing,"Sponsored by: Mapping the Retail Media opportunity in D2C. We track the dynamics, opportunities and examplars of the retail media revolution via our insight, analysis, research and events. Commentary Case studies Events Podcasts Research Reports Retail Media Newsletter Retail Media 10 Jun 2025 Retail Media Three years ago, Retail Media was nowhere to be seen […]",,,,https://internetretailing.net/wp-content/uploads/2025/04/Retail-Media-logo-Black-1-1024x420.png
"Aug 22, 2026 @ 19:50:11.940",dea9fd62e2e2eaaa7235938e317031f3,https://internetretailing.net/channel/retail-media/#research,Retail Media - InternetRetailing,"Sponsored by: Mapping the Retail Media opportunity in D2C. We track the dynamics, opportunities and examplars of the retail media revolution via our insight, analysis, research and events. Commentary Case studies Events Podcasts Research Reports Retail Media Newsletter Retail Media 10 Jun 2025 Retail Media Three years ago, Retail Media was nowhere to be seen […]",,,,https://internetretailing.net/wp-content/uploads/2025/04/Retail-Media-logo-Black-1-1024x420.png
"Aug 22, 2026 @ 19:50:11.952",fc0879997c091aadc2a6130b3522c550,https://internetretailing.net/channel/subscriptions/,Subscriptions - InternetRetailing,"Sponsored by: From curated meal boxes to indispensable necessities, discover how the subscription model is growing and becoming a feature of modern ecommerce. Commentary Case studies Events Podcasts Research Reports SubscriptionX Newsletter News 18 Feb 2026 News Epetōme, a British gut health brand, has secured a multi-million-pound investment to accelerate international expansion… 18 Feb 2026 […]",,,,https://internetretailing.net/wp-content/uploads/2025/04/SubscriptionX_Primary-logo_Grey-1024x226.png
"Aug 22, 2026 @ 19:50:11.965",5576d9b58611233e4e1ccdf9bb6f7876,https://internetretailing.net/themes/sustainability/,Sustainability - InternetRetailing,Read our research and review of retail sustainability and how brands are going green to achieve an eco-friendly future.,,,,https://internetretailing.net/wp-content/uploads/2024/07/horizontal-concepts-fw21-GiveBack2021-US-launch-CLP-teaser-img-carousel-card4_tcm143-760528-copy.jpg
"Aug 22, 2026 @ 19:50:11.977",cac949e9402c48cee3226ca6b77a0905,https://internetretailing.net/themes/strategy-and-innovation/,Strategy & Innovation - InternetRetailing,"Strategy and Innovation Focuses on how retailers can stand out from the competition in an ever-changing multichannel retail market. 15 Nov 2023 For the first time ever, H&M is offering a rental service on selected pieces from their latest guest designer collaboration. A curated assortment from the Rabanne H&M collection featuring exclusive colourways is now available for […]",,,,https://internetretailing.net/wp-content/uploads/2023/11/hmgoepprod-1.jpeg
"Aug 22, 2026 @ 19:50:11.990",db1953ca591aef01cddc59f06f99f980,https://internetretailing.net/channel/subscriptions/#commentary,Subscriptions - InternetRetailing,"Sponsored by: From curated meal boxes to indispensable necessities, discover how the subscription model is growing and becoming a feature of modern ecommerce. Commentary Case studies Events Podcasts Research Reports SubscriptionX Newsletter News 18 Feb 2026 News Epetōme, a British gut health brand, has secured a multi-million-pound investment to accelerate international expansion… 18 Feb 2026 […]",,,,https://internetretailing.net/wp-content/uploads/2025/04/SubscriptionX_Primary-logo_Grey-1024x226.png
"Aug 22, 2026 @ 19:50:12.000",ee884dd0f160b6682395d7019441dd31,https://internetretailing.net/media/fmcg-podcast/,FMCG Podcast - InternetRetailing,"FMCG Podcast Season 1 in association with dunnhumby Interviews with the people behind positive retail and brand performance. The RetailX Events Podcasts are recorded live at our events, sharing exclusive insights to help you get ahead. Listen via the online player embedded in each episode, or better still make sure you’re the first to get […]",,,,https://internetretailing.net/wp-content/uploads/2025/05/Mirakle-Podcast-IR-v1-2-1.jpg
"Aug 22, 2026 @ 19:50:12.008",8abf1637f8472a73678adbfa98605dd3,https://internetretailing.net/media/the-retail-media-podcast/,"The Retail Media Podcast, in association with Mirakl - InternetRetailing","The Retail Media Podcast in association with Mirakl The Retail Media Podcast, in association with Mirakl, is a 10-part series detailing the journey from Retail to Media. Starting at NRF’s Big Retail show, this series will traverse to the festival of digital media that is Cannes Lions, with engaging and informative conversations in between. Global […]",,,,https://internetretailing.net/wp-content/uploads/2025/05/Mirakle-Podcast-IR-v1-2-1.jpg
"Aug 22, 2026 @ 19:50:12.027",3497e4ddafb38ff900e7a9600634bf49,https://internetretailing.net/channel/subscriptions/#casestudies,Subscriptions - InternetRetailing,"Sponsored by: From curated meal boxes to indispensable necessities, discover how the subscription model is growing and becoming a feature of modern ecommerce. Commentary Case studies Events Podcasts Research Reports SubscriptionX Newsletter News 18 Feb 2026 News Epetōme, a British gut health brand, has secured a multi-million-pound investment to accelerate international expansion… 18 Feb 2026 […]",,,,https://internetretailing.net/wp-content/uploads/2025/04/SubscriptionX_Primary-logo_Grey-1024x226.png
"Aug 22, 2026 @ 19:50:12.043",6f1cd6ad6065451968deb87e527ccbd3,https://internetretailing.net/media/retailcraft-podcast/,Podcast - InternetRetailing,"The RetailCraft Podcast Interviews with the people behind multichannel performance. The RetailCraft podcast series looks at the who and how behind the performance of our Global Elite 1000 companies, and those who influence and inspire them. Ian Jindal shares the studio with retail leaders, RetailX’s analysts and sector experts, covering topics from commercial performance through […]",,,,https://internetretailing.net/wp-content/uploads/2023/06/US_UK_Apple_Podcasts_Listen_Badge_CMYK.png
"Aug 22, 2026 @ 19:50:12.056",6ec15e5713b9f1bf7a1314e5021a92be,https://internetretailing.net/media/video-channel/,Video Channel - InternetRetailing,"Videos Watch all our interviews, news and past webinars exploring the most pressing topics in retail, on demand 8 Jun 2022 More Information 28 Apr 2022 More Information 20 Apr 2022 More Information 31 Mar 2022 More Information 31 Mar 2022 More Information 23 Mar 2022 More Information View More Videos Subscribe to Newsletter Access […]",,,,
"Aug 22, 2026 @ 19:50:12.070",acc226cf14efbd766cbfe9a9e602848a,https://internetretailing.net/research/retailx-sector-reports/,Sector Reports - InternetRetailing,"Sector Reports Our RetailX Sector reports take an in-depth dive into the companies, strategies and consumers of different sectors across the UK, Europe and the World. Each report aims to give a retailer greater understanding of the complexities of ecommerce by sector by studying the market forces and customer behaviours by product type. The reports […]",,,,https://internetretailing.net/wp-content/uploads/2025/06/prn.png
"Aug 22, 2026 @ 19:50:12.084",03050cf1e45bc33ee0911d731d7b7bca,https://internetretailing.net/research/whitepapers/,Whitepapers - InternetRetailing,Whitepapers Delving into the more niche areas of successful multichannel retailing operations. Read More Read More Read More Read More Read More Read More Read More Read More Read More Read More Read More Read More Read More Read More Read More Read More Read More Read More Read More Read More Read More Read […],,,,https://internetretailing.net/wp-content/uploads/2025/08/simpler.png
"Aug 22, 2026 @ 19:50:12.105",21cb4a02ce91c8f4264fb8ed2029e22e,https://internetretailing.net/research/bluepapers/,Bluepapers - InternetRetailing,Bluepapers Exploring innovative solutions and emerging technologies in retail… Read More Read More Tealium Read More Featuring case studies with: Test 1Test 2 Read More Read More View More Bluepapers Subscribe to Newsletter Access all new InternetRetailing Research via Email Register InternetRetailing European Newsletter News analysis dedicated to helping European retail professionals Register for Newsletter […],,,,
"Aug 22, 2026 @ 19:50:12.124",891a7a39f08b426c5dde6f9dea3b68b6,https://internetretailing.net/research/top500-reports/,Ranking Reports - InternetRetailing,"Ranking Reports The performance of the world’s leading retailers independently-researched, ranked and analysed. Read More Read More Read More Read More Read More Read More Read More Read More Read More Read More Read More Read More View More Reports “Objective, fact-led performance insight for commercial multichannel professionals.” Martin Shaw, Head of Research, InternetRetailing Get […]",,,,https://internetretailing.net/wp-content/uploads/2025/03/Truelayer-logo-300x75.png
"Aug 22, 2026 @ 19:50:12.142",4511cdc4dba357eb5f85d6179e043db3,https://internetretailing.net/research/retailx-country-reports/,Country Reports - InternetRetailing,"RetailX Country Reports The RetailX country reports equip retailers with the best knowledge to succeed, by providing a clear and comprehensive overview of the state of commerce in countries and regions around the world. We cover everything from facts, figures and ecommerce trends, to European government data, exclusive research, analysis and more. Find out all […]",,,,https://internetretailing.net/wp-content/uploads/2025/10/vimeo.png
"Aug 22, 2026 @ 19:50:12.159",cea08703a32c4b6cac04714ddb96e56b,https://internetretailing.net/research/rxeu-marketplace-report/,Marketplace Reports - InternetRetailing,"European Marketplaces Reports Marketplaces have quickly become an essential part of the online retail mix for both consumers and merchants across Europe. The research in our Marketplace Reportsuncovers where marketplaces in Europe are continuing to evolve towards: how mobile is shifting basic customer experience, the rise of smart and voice-controlled devices in shopping, how delivery […]",,,,https://internetretailing.net/wp-content/uploads/2025/10/inventory-sage.png
"Aug 22, 2026 @ 19:50:12.172",c7330e3504aeb29f61d8bf99b9a963cd,https://internetretailing.net/report-hub/internetretailing-returns-2025-report/,InternetRetailing Returns 2025 Report - InternetRetailing,"InternetRetailing Returns Report 2025 delves into the strategies retailers are using to mitigate the impact of returns on their profitability, customer satisfaction, and the planet. The Report highlights how technology, from informed decision-making to AI tools, is enhancing efficiency and improving the overall customer experience in the returns cycle.",,,,https://internetretailing.net/wp-content/uploads/2025/09/returns-report-2025.png
"Aug 22, 2026 @ 19:50:12.181",e767fbc8cf92c56ea51d2e2293b457f3,https://internetretailing.net/report-hub/retailx-europe-luxury-sector-report-2025/,InternetRetailing Europe Luxury Sector Report 2025 - InternetRetailing,"European Luxury 2025 report examines the state of the luxury clothing, jewellery, bags and accessories market amid reports of a slowdown.",,,,https://internetretailing.net/wp-content/uploads/2024/10/ir-euro-lux-2025.png
"Aug 22, 2026 @ 19:50:12.199",ab7c3b032843b9f528496f3099bc4cac,https://internetretailing.net/channel/subscriptions/#research,Subscriptions - InternetRetailing,"Sponsored by: From curated meal boxes to indispensable necessities, discover how the subscription model is growing and becoming a feature of modern ecommerce. Commentary Case studies Events Podcasts Research Reports SubscriptionX Newsletter News 18 Feb 2026 News Epetōme, a British gut health brand, has secured a multi-million-pound investment to accelerate international expansion… 18 Feb 2026 […]",,,,https://internetretailing.net/wp-content/uploads/2025/04/SubscriptionX_Primary-logo_Grey-1024x226.png
"Aug 22, 2026 @ 19:50:12.210",4c4604f440fb54a94f31d6d74b97eb4b,https://internetretailing.net/upcoming-events/past-webinars/,Past Webinars - InternetRetailing,"Past Webinars Watch all our past webinars exploring the most pressing topics in retail, on demand! 16 Dec 2025 by James Pearson 4 Nov 2025 by James Pearson 24 Sep 2025 by James Pearson 26 Mar 2025 by Chris Dinnall 12 Mar 2025 by Chris Dinnall 19 Feb 2025 by Chris Dinnall View More Webinars […]",,,,https://internetretailing.net/wp-content/uploads/2025/10/From-Peak-To-Plan_Ad_Low-res.png
"Aug 22, 2026 @ 19:50:12.221",22830ce64d848d50de67c60c25bc9e18,https://internetretailing.net/about/advertising-opportunities/,Advertising Opportunities - InternetRetailing,"Work with us We’re the leading voice for ecommerce and multichannel retail success “Internet Retailing has been the voice of online and multichannel retail successfor over a decade. With a dedicated news portal, detailed sector reports andcomplementary events, Internet Retailing is dedicated to helping our partners thrive inthe dynamic ecosystem that is ecommerce. A renewed […]",,,,https://internetretailing.net/wp-content/uploads/2026/01/ebfd28d956305720a35425d4867a7ea3-768x768.webp
"Aug 22, 2026 @ 19:50:12.230",7eb474d5c2cb21efc9d679005674d177,https://internetretailing.net/about/contact-us/,Contact Us - InternetRetailing,"Contact Us EDITORIAL For press releases and media announcements please send to: press@internetretailing.net For article proposals and submissions please email: editor@internetretailing.net To see what papers and features we have coming up this year please visit our Editorial Calendar SALES AND MEDIA PACK Contact our Account Directors, they are happy to help with commercial and sales […]",,,,https://internetretailing.net/wp-content/uploads/2026/03/beyond-the-basics.png
"Aug 22, 2026 @ 19:50:12.235",eaa680bd6af711c04853c6e08446813f,https://internetretailing.net/about/press/,Press - InternetRetailing,Latest Articles 6 Sep 2023 6 Sep 2023 6 Sep 2023 5 Sep 2023 Join Our Press List Register to receive our press releases about our latest research and reports. If you have a question about our research or articles please contact marketing@internetretailing.net View Privacy Policy Latest Reports,,,,https://internetretailing.net/wp-content/uploads/2023/09/Hobbycraft-UKST.png
"Aug 22, 2026 @ 19:50:12.250",39b7d2c03adf2cd37927969e8f94399d,https://internetretailing.net/about/terms-and-conditions/,Terms and Conditions - InternetRetailing,"Terms and Conditions Terms of use Use of this site, and its contents, is subject to the following terms and conditions. By using this site you accept these terms and conditions and agree that you are bound by them. Among other things, these terms limit our liability for any loss or damage which might arise […]",,,,https://internetretailing.net/wp-content/uploads/2022/05/RXBEU22RP_Full_1.1PDF_Thumb1.png
"Aug 22, 2026 @ 19:50:12.258",179385e4d1252cccec38ff94a69f3b2b,https://internetretailing.net/about/privacy-policy/,Privacy Policy - InternetRetailing,"Privacy Policy Privacy Policy Introduction This privacy policy forms part of our terms and conditions and provides information on how Internet Retailing Media Services Ltd (We/Us/Our/The Company) processes your data. Definitions Services means our websites, content and any media, channel, application or service operated, created or made available by the Company which may include but […]",,,,
"Aug 22, 2026 @ 19:50:12.273",e74a8ae7d98c74f9801f637d68d1caa7,https://internetretailing.net/views/frontline/,Frontline - InternetRetailing,"Frontline Feedback from the frontline of multichannel retail – allowing our clients and partners to showcase their brand through their own content. 168 13 Mar 2023 2023 forecasts predicted a bumpy ride for retail. The micro-economic factors that impacted the sector throughout 2022 have persisted, threatening to further dent already squeezed profit margins. Frontline 6 […]",,,,https://internetretailing.net/wp-content/uploads/2023/03/iStock-1391824162-scaled.jpg
"Aug 22, 2026 @ 19:50:12.282",1b6f3c45c23cae0240eae24884803a7b,https://internetretailing.net/media/marketing-unlearned/,"Marketing UnLearned, in association with Epsilon - InternetRetailing","Marketing Unlearned in association with Epsilon Marketing UnLearned is a podcast series that explores the challenges the leading-edge digital marketing poses to established and received wisdom. All new initiatives, until proven, are subject to scrutiny and challenge: the ‘waddabouts’, the statements of inertia, the “why bother?”, the deprioritising questions. Within these challenges there is often […]",,,,https://internetretailing.net/wp-content/uploads/2025/04/epsilon-176352.png
"Aug 22, 2026 @ 19:50:12.294",274dfd23438e21f33f30329ddde05744,https://internetretailing.net/upcoming-events/upcoming-webinars/,Upcoming Webinars - InternetRetailing,"Upcoming Webinars We host a wealth of webinars covering the latest topics, trends and technological advancements. See what’s coming up down below… Can’t make the date? All previous webinars are now available to watch on demand, so you can rewind and revisit all your favourite industry guests to your heart’s content! 25 Apr 14:00 26 […]",,,,
"Aug 22, 2026 @ 19:50:12.302",47fee3105e5a84d7b354400920090daa,https://internetretailing.net/report-hub/der-schlussel-zunachhaltigem-wachstum-imdeutschen-e-commerce/,Der Schlüssel zunachhaltigem Wachstum im Deutschen E-Commerce - InternetRetailing,"Entdecken Sie die fünf Fulfilment-Prioritäten, die deutschen Online-Shoppern besonders wichtig sind – und erfahren Sie, wie Händler diese nutzen können, um Loyalität aufzubauen, Reibungspunkte zu reduzieren und den Umsatz zu steigern. Deutschland zählt zu den wertvollsten E-Commerce-Märkten Europas. Bis 2026 soll der Onlineumsatz auf 86,66 Milliarden Euro steigen. Doch wer in diesem Markt erfolgreich sein […]",,,,https://internetretailing.net/wp-content/uploads/2026/07/ir-german-whitepaper.png
"Aug 22, 2026 @ 19:50:12.312",6a75f32040f618949b7716ba4d0f83c0,https://internetretailing.net/report-hub/switzerland-luxury-market-report-2026/,Switzerland Luxury Market Report 2026 - InternetRetailing,"The Switzerland Luxury Market Report 2026 provides an in-depth analysis of this distinctive retail landscape. It explores everything from the strength of the Swiss watch industry to the growth of mobile commerce, personalised customer experiences and sustainable luxury.",,,,https://internetretailing.net/wp-content/uploads/2026/06/switzerland-luxury-2026.png
"Aug 22, 2026 @ 19:50:12.320",b30e51d7432c35173b18d50cc3aa951b,https://internetretailing.net/report-hub/mondi-whitepaper-2026-ai-the-future-of-ecommerce-packaging/,Mondi Whitepaper 2026: AI & The Future of eCommerce Packaging - InternetRetailing,"Discover how Artificial Intelligence, automation and sustainable packaging are reshaping consumer behaviour and driving repeat sales for online retailers. Online retailers are operating in a market defined by rapid technological acceleration, tightening sustainability legislation (such as the EU’s Packaging and Packaging Waste Regulation) and rising operational complexity. Based on a comprehensive survey of 6,000 consumers […]",,,,https://internetretailing.net/wp-content/uploads/2026/06/mondi.png
"Aug 22, 2026 @ 19:50:12.330",efc396681af32755da8b2e8055110230,https://internetretailing.net/report-hub/french-luxury-2026/,France Luxury 2026: Redefining Value in a Changing Market - InternetRetailing,"French Luxury Retail 2026 is an essential guide for global retailers. By examining the dynamics, consumer behaviors and leading players.",,,,https://internetretailing.net/wp-content/uploads/2026/05/france-luxury2026.png
"Aug 22, 2026 @ 19:50:12.338",181e3f01bb83b796a278b1aff53d3b8e,https://internetretailing.net/about/cookie-policy/,Cookie Policy - InternetRetailing,Cookie Policy Cookies are small text files that can be used by websites to make a user’s experience more efficient. The law states that we can store cookies on your device if they are strictly necessary for the operation of this site. For all other types of cookies we need your permission. This site uses […],,,,
"Aug 22, 2026 @ 19:50:12.350",245aaf830806f96dde6234a36fc8279d,https://internetretailing.net/events/category/webinars/,Upcoming Webinars - InternetRetailing,"Upcoming Webinars We host a wealth of webinars covering the latest topics, trends and technological advancements. See what’s coming up down below… Can’t make the date? All previous webinars are now available to watch on demand, so you can rewind and revisit all your favourite industry guests to your heart’s content! 25 Apr 14:00 26 […]",,,,
"Aug 22, 2026 @ 19:50:12.363",7d6b78afd0b7d86b8b98a2fc3f6cb47c,https://internetretailing.net/channel/retail-media/#commentary,Retail Media - InternetRetailing,"Sponsored by: Mapping the Retail Media opportunity in D2C. We track the dynamics, opportunities and examplars of the retail media revolution via our insight, analysis, research and events. Commentary Case studies Events Podcasts Research Reports Retail Media Newsletter Retail Media 10 Jun 2025 Retail Media Three years ago, Retail Media was nowhere to be seen […]",,,,https://internetretailing.net/wp-content/uploads/2025/04/Retail-Media-logo-Black-1-1024x420.png
"Aug 22, 2026 @ 19:50:12.382",9defe1bb573a93beefd0cfb6fdbb3686,https://internetretailing.net/channel/retail-media/,Retail Media - InternetRetailing,"Sponsored by: Mapping the Retail Media opportunity in D2C. We track the dynamics, opportunities and examplars of the retail media revolution via our insight, analysis, research and events. Commentary Case studies Events Podcasts Research Reports Retail Media Newsletter Retail Media 10 Jun 2025 Retail Media Three years ago, Retail Media was nowhere to be seen […]",,,,https://internetretailing.net/wp-content/uploads/2025/04/Retail-Media-logo-Black-1-1024x420.png
"Aug 22, 2026 @ 19:50:12.395",62c13aa3d7f89164eabe533116b596d9,https://internetretailing.net/media/retail-media-podcast/,Retail MediaX Podcast Series 2024 - InternetRetailing,"Retail MediaX podcast series In association with SMG Recorded live at the Retail MediaX events in London, these limited edition podcasts – brought to you in partnership with SMG – have experts from across the retail media ecosystem looking at what leading UK retail media networks are doing; how the sector is evolving; and where […]",,,,https://internetretailing.net/wp-content/uploads/2025/06/RMX-Podcast-banner.png
"Aug 22, 2026 @ 19:50:12.446",51974c18a3e68b958099190f676cf771,https://internetretailing.net/channel/retail-media/#casestudies,Retail Media - InternetRetailing,"Sponsored by: Mapping the Retail Media opportunity in D2C. We track the dynamics, opportunities and examplars of the retail media revolution via our insight, analysis, research and events. Commentary Case studies Events Podcasts Research Reports Retail Media Newsletter Retail Media 10 Jun 2025 Retail Media Three years ago, Retail Media was nowhere to be seen […]",,,,https://internetretailing.net/wp-content/uploads/2025/04/Retail-Media-logo-Black-1-1024x420.png
"Aug 22, 2026 @ 19:50:12.459",dea9fd62e2e2eaaa7235938e317031f3,https://internetretailing.net/channel/retail-media/#research,Retail Media - InternetRetailing,"Sponsored by: Mapping the Retail Media opportunity in D2C. We track the dynamics, opportunities and examplars of the retail media revolution via our insight, analysis, research and events. Commentary Case studies Events Podcasts Research Reports Retail Media Newsletter Retail Media 10 Jun 2025 Retail Media Three years ago, Retail Media was nowhere to be seen […]",,,,https://internetretailing.net/wp-content/uploads/2025/04/Retail-Media-logo-Black-1-1024x420.png
"Aug 22, 2026 @ 19:50:12.471",db1953ca591aef01cddc59f06f99f980,https://internetretailing.net/channel/subscriptions/#commentary,Subscriptions - InternetRetailing,"Sponsored by: From curated meal boxes to indispensable necessities, discover how the subscription model is growing and becoming a feature of modern ecommerce. Commentary Case studies Events Podcasts Research Reports SubscriptionX Newsletter News 18 Feb 2026 News Epetōme, a British gut health brand, has secured a multi-million-pound investment to accelerate international expansion… 18 Feb 2026 […]",,,,https://internetretailing.net/wp-content/uploads/2025/04/SubscriptionX_Primary-logo_Grey-1024x226.png
"Aug 22, 2026 @ 19:50:12.484",fc0879997c091aadc2a6130b3522c550,https://internetretailing.net/channel/subscriptions/,Subscriptions - InternetRetailing,"Sponsored by: From curated meal boxes to indispensable necessities, discover how the subscription model is growing and becoming a feature of modern ecommerce. Commentary Case studies Events Podcasts Research Reports SubscriptionX Newsletter News 18 Feb 2026 News Epetōme, a British gut health brand, has secured a multi-million-pound investment to accelerate international expansion… 18 Feb 2026 […]",,,,https://internetretailing.net/wp-content/uploads/2025/04/SubscriptionX_Primary-logo_Grey-1024x226.png
"Aug 22, 2026 @ 19:50:12.499",cac949e9402c48cee3226ca6b77a0905,https://internetretailing.net/themes/strategy-and-innovation/,Strategy & Innovation - InternetRetailing,"Strategy and Innovation Focuses on how retailers can stand out from the competition in an ever-changing multichannel retail market. 15 Nov 2023 For the first time ever, H&M is offering a rental service on selected pieces from their latest guest designer collaboration. A curated assortment from the Rabanne H&M collection featuring exclusive colourways is now available for […]",,,,https://internetretailing.net/wp-content/uploads/2023/11/hmgoepprod-1.jpeg
"Aug 22, 2026 @ 19:50:12.511",5576d9b58611233e4e1ccdf9bb6f7876,https://internetretailing.net/themes/sustainability/,Sustainability - InternetRetailing,Read our research and review of retail sustainability and how brands are going green to achieve an eco-friendly future.,,,,https://internetretailing.net/wp-content/uploads/2024/07/horizontal-concepts-fw21-GiveBack2021-US-launch-CLP-teaser-img-carousel-card4_tcm143-760528-copy.jpg
"Aug 22, 2026 @ 19:50:12.521",ee884dd0f160b6682395d7019441dd31,https://internetretailing.net/media/fmcg-podcast/,FMCG Podcast - InternetRetailing,"FMCG Podcast Season 1 in association with dunnhumby Interviews with the people behind positive retail and brand performance. The RetailX Events Podcasts are recorded live at our events, sharing exclusive insights to help you get ahead. Listen via the online player embedded in each episode, or better still make sure you’re the first to get […]",,,,https://internetretailing.net/wp-content/uploads/2025/05/Mirakle-Podcast-IR-v1-2-1.jpg
"Aug 22, 2026 @ 19:50:12.529",8abf1637f8472a73678adbfa98605dd3,https://internetretailing.net/media/the-retail-media-podcast/,"The Retail Media Podcast, in association with Mirakl - InternetRetailing","The Retail Media Podcast in association with Mirakl The Retail Media Podcast, in association with Mirakl, is a 10-part series detailing the journey from Retail to Media. Starting at NRF’s Big Retail show, this series will traverse to the festival of digital media that is Cannes Lions, with engaging and informative conversations in between. Global […]",,,,https://internetretailing.net/wp-content/uploads/2025/05/Mirakle-Podcast-IR-v1-2-1.jpg
"Aug 22, 2026 @ 19:50:12.544",3497e4ddafb38ff900e7a9600634bf49,https://internetretailing.net/channel/subscriptions/#casestudies,Subscriptions - InternetRetailing,"Sponsored by: From curated meal boxes to indispensable necessities, discover how the subscription model is growing and becoming a feature of modern ecommerce. Commentary Case studies Events Podcasts Research Reports SubscriptionX Newsletter News 18 Feb 2026 News Epetōme, a British gut health brand, has secured a multi-million-pound investment to accelerate international expansion… 18 Feb 2026 […]",,,,https://internetretailing.net/wp-content/uploads/2025/04/SubscriptionX_Primary-logo_Grey-1024x226.png
"Aug 22, 2026 @ 19:50:12.556",6f1cd6ad6065451968deb87e527ccbd3,https://internetretailing.net/media/retailcraft-podcast/,Podcast - InternetRetailing,"The RetailCraft Podcast Interviews with the people behind multichannel performance. The RetailCraft podcast series looks at the who and how behind the performance of our Global Elite 1000 companies, and those who influence and inspire them. Ian Jindal shares the studio with retail leaders, RetailX’s analysts and sector experts, covering topics from commercial performance through […]",,,,https://internetretailing.net/wp-content/uploads/2023/06/US_UK_Apple_Podcasts_Listen_Badge_CMYK.png
"Aug 22, 2026 @ 19:50:12.565",6ec15e5713b9f1bf7a1314e5021a92be,https://internetretailing.net/media/video-channel/,Video Channel - InternetRetailing,"Videos Watch all our interviews, news and past webinars exploring the most pressing topics in retail, on demand 8 Jun 2022 More Information 28 Apr 2022 More Information 20 Apr 2022 More Information 31 Mar 2022 More Information 31 Mar 2022 More Information 23 Mar 2022 More Information View More Videos Subscribe to Newsletter Access […]",,,,
"Aug 22, 2026 @ 19:50:12.584",acc226cf14efbd766cbfe9a9e602848a,https://internetretailing.net/research/retailx-sector-reports/,Sector Reports - InternetRetailing,"Sector Reports Our RetailX Sector reports take an in-depth dive into the companies, strategies and consumers of different sectors across the UK, Europe and the World. Each report aims to give a retailer greater understanding of the complexities of ecommerce by sector by studying the market forces and customer behaviours by product type. The reports […]",,,,https://internetretailing.net/wp-content/uploads/2025/06/prn.png
"Aug 22, 2026 @ 19:50:12.602",03050cf1e45bc33ee0911d731d7b7bca,https://internetretailing.net/research/whitepapers/,Whitepapers - InternetRetailing,Whitepapers Delving into the more niche areas of successful multichannel retailing operations. Read More Read More Read More Read More Read More Read More Read More Read More Read More Read More Read More Read More Read More Read More Read More Read More Read More Read More Read More Read More Read More Read […],,,,https://internetretailing.net/wp-content/uploads/2025/08/simpler.png
"Aug 22, 2026 @ 19:50:12.623",21cb4a02ce91c8f4264fb8ed2029e22e,https://internetretailing.net/research/bluepapers/,Bluepapers - InternetRetailing,Bluepapers Exploring innovative solutions and emerging technologies in retail… Read More Read More Tealium Read More Featuring case studies with: Test 1Test 2 Read More Read More View More Bluepapers Subscribe to Newsletter Access all new InternetRetailing Research via Email Register InternetRetailing European Newsletter News analysis dedicated to helping European retail professionals Register for Newsletter […],,,,
"Aug 22, 2026 @ 19:50:12.637",891a7a39f08b426c5dde6f9dea3b68b6,https://internetretailing.net/research/top500-reports/,Ranking Reports - InternetRetailing,"Ranking Reports The performance of the world’s leading retailers independently-researched, ranked and analysed. Read More Read More Read More Read More Read More Read More Read More Read More Read More Read More Read More Read More View More Reports “Objective, fact-led performance insight for commercial multichannel professionals.” Martin Shaw, Head of Research, InternetRetailing Get […]",,,,https://internetretailing.net/wp-content/uploads/2025/03/Truelayer-logo-300x75.png
"Aug 22, 2026 @ 19:50:12.650",4511cdc4dba357eb5f85d6179e043db3,https://internetretailing.net/research/retailx-country-reports/,Country Reports - InternetRetailing,"RetailX Country Reports The RetailX country reports equip retailers with the best knowledge to succeed, by providing a clear and comprehensive overview of the state of commerce in countries and regions around the world. We cover everything from facts, figures and ecommerce trends, to European government data, exclusive research, analysis and more. Find out all […]",,,,https://internetretailing.net/wp-content/uploads/2025/10/vimeo.png
"Aug 22, 2026 @ 19:50:12.663",cea08703a32c4b6cac04714ddb96e56b,https://internetretailing.net/research/rxeu-marketplace-report/,Marketplace Reports - InternetRetailing,"European Marketplaces Reports Marketplaces have quickly become an essential part of the online retail mix for both consumers and merchants across Europe. The research in our Marketplace Reportsuncovers where marketplaces in Europe are continuing to evolve towards: how mobile is shifting basic customer experience, the rise of smart and voice-controlled devices in shopping, how delivery […]",,,,https://internetretailing.net/wp-content/uploads/2025/10/inventory-sage.png
"Aug 22, 2026 @ 19:50:12.673",c7330e3504aeb29f61d8bf99b9a963cd,https://internetretailing.net/report-hub/internetretailing-returns-2025-report/,InternetRetailing Returns 2025 Report - InternetRetailing,"InternetRetailing Returns Report 2025 delves into the strategies retailers are using to mitigate the impact of returns on their profitability, customer satisfaction, and the planet. The Report highlights how technology, from informed decision-making to AI tools, is enhancing efficiency and improving the overall customer experience in the returns cycle.",,,,https://internetretailing.net/wp-content/uploads/2025/09/returns-report-2025.png
"Aug 22, 2026 @ 19:50:12.683",e767fbc8cf92c56ea51d2e2293b457f3,https://internetretailing.net/report-hub/retailx-europe-luxury-sector-report-2025/,InternetRetailing Europe Luxury Sector Report 2025 - InternetRetailing,"European Luxury 2025 report examines the state of the luxury clothing, jewellery, bags and accessories market amid reports of a slowdown.",,,,https://internetretailing.net/wp-content/uploads/2024/10/ir-euro-lux-2025.png
"Aug 22, 2026 @ 19:50:12.698",ab7c3b032843b9f528496f3099bc4cac,https://internetretailing.net/channel/subscriptions/#research,Subscriptions - InternetRetailing,"Sponsored by: From curated meal boxes to indispensable necessities, discover how the subscription model is growing and becoming a feature of modern ecommerce. Commentary Case studies Events Podcasts Research Reports SubscriptionX Newsletter News 18 Feb 2026 News Epetōme, a British gut health brand, has secured a multi-million-pound investment to accelerate international expansion… 18 Feb 2026 […]",,,,https://internetretailing.net/wp-content/uploads/2025/04/SubscriptionX_Primary-logo_Grey-1024x226.png
"Aug 22, 2026 @ 19:50:12.710",4c4604f440fb54a94f31d6d74b97eb4b,https://internetretailing.net/upcoming-events/past-webinars/,Past Webinars - InternetRetailing,"Past Webinars Watch all our past webinars exploring the most pressing topics in retail, on demand! 16 Dec 2025 by James Pearson 4 Nov 2025 by James Pearson 24 Sep 2025 by James Pearson 26 Mar 2025 by Chris Dinnall 12 Mar 2025 by Chris Dinnall 19 Feb 2025 by Chris Dinnall View More Webinars […]",,,,https://internetretailing.net/wp-content/uploads/2025/10/From-Peak-To-Plan_Ad_Low-res.png
"Aug 22, 2026 @ 19:50:12.719",22830ce64d848d50de67c60c25bc9e18,https://internetretailing.net/about/advertising-opportunities/,Advertising Opportunities - InternetRetailing,"Work with us We’re the leading voice for ecommerce and multichannel retail success “Internet Retailing has been the voice of online and multichannel retail successfor over a decade. With a dedicated news portal, detailed sector reports andcomplementary events, Internet Retailing is dedicated to helping our partners thrive inthe dynamic ecosystem that is ecommerce. A renewed […]",,,,https://internetretailing.net/wp-content/uploads/2026/01/ebfd28d956305720a35425d4867a7ea3-768x768.webp
"Aug 22, 2026 @ 19:50:12.726",7eb474d5c2cb21efc9d679005674d177,https://internetretailing.net/about/contact-us/,Contact Us - InternetRetailing,"Contact Us EDITORIAL For press releases and media announcements please send to: press@internetretailing.net For article proposals and submissions please email: editor@internetretailing.net To see what papers and features we have coming up this year please visit our Editorial Calendar SALES AND MEDIA PACK Contact our Account Directors, they are happy to help with commercial and sales […]",,,,https://internetretailing.net/wp-content/uploads/2026/03/beyond-the-basics.png
"Aug 22, 2026 @ 19:50:12.738",eaa680bd6af711c04853c6e08446813f,https://internetretailing.net/about/press/,Press - InternetRetailing,Latest Articles 6 Sep 2023 6 Sep 2023 6 Sep 2023 5 Sep 2023 Join Our Press List Register to receive our press releases about our latest research and reports. If you have a question about our research or articles please contact marketing@internetretailing.net View Privacy Policy Latest Reports,,,,https://internetretailing.net/wp-content/uploads/2023/09/Hobbycraft-UKST.png
"Aug 22, 2026 @ 19:50:12.747",39b7d2c03adf2cd37927969e8f94399d,https://internetretailing.net/about/terms-and-conditions/,Terms and Conditions - InternetRetailing,"Terms and Conditions Terms of use Use of this site, and its contents, is subject to the following terms and conditions. By using this site you accept these terms and conditions and agree that you are bound by them. Among other things, these terms limit our liability for any loss or damage which might arise […]",,,,https://internetretailing.net/wp-content/uploads/2022/05/RXBEU22RP_Full_1.1PDF_Thumb1.png
"Aug 22, 2026 @ 19:50:12.755",179385e4d1252cccec38ff94a69f3b2b,https://internetretailing.net/about/privacy-policy/,Privacy Policy - InternetRetailing,"Privacy Policy Privacy Policy Introduction This privacy policy forms part of our terms and conditions and provides information on how Internet Retailing Media Services Ltd (We/Us/Our/The Company) processes your data. Definitions Services means our websites, content and any media, channel, application or service operated, created or made available by the Company which may include but […]",,,,
"Aug 22, 2026 @ 19:50:12.766",e74a8ae7d98c74f9801f637d68d1caa7,https://internetretailing.net/views/frontline/,Frontline - InternetRetailing,"Frontline Feedback from the frontline of multichannel retail – allowing our clients and partners to showcase their brand through their own content. 168 13 Mar 2023 2023 forecasts predicted a bumpy ride for retail. The micro-economic factors that impacted the sector throughout 2022 have persisted, threatening to further dent already squeezed profit margins. Frontline 6 […]",,,,https://internetretailing.net/wp-content/uploads/2023/03/iStock-1391824162-scaled.jpg
"Aug 22, 2026 @ 19:50:12.775",1b6f3c45c23cae0240eae24884803a7b,https://internetretailing.net/media/marketing-unlearned/,"Marketing UnLearned, in association with Epsilon - InternetRetailing","Marketing Unlearned in association with Epsilon Marketing UnLearned is a podcast series that explores the challenges the leading-edge digital marketing poses to established and received wisdom. All new initiatives, until proven, are subject to scrutiny and challenge: the ‘waddabouts’, the statements of inertia, the “why bother?”, the deprioritising questions. Within these challenges there is often […]",,,,https://internetretailing.net/wp-content/uploads/2025/04/epsilon-176352.png
"Aug 22, 2026 @ 19:50:12.783",274dfd23438e21f33f30329ddde05744,https://internetretailing.net/upcoming-events/upcoming-webinars/,Upcoming Webinars - InternetRetailing,"Upcoming Webinars We host a wealth of webinars covering the latest topics, trends and technological advancements. See what’s coming up down below… Can’t make the date? All previous webinars are now available to watch on demand, so you can rewind and revisit all your favourite industry guests to your heart’s content! 25 Apr 14:00 26 […]",,,,
"Aug 22, 2026 @ 19:50:12.792",47fee3105e5a84d7b354400920090daa,https://internetretailing.net/report-hub/der-schlussel-zunachhaltigem-wachstum-imdeutschen-e-commerce/,Der Schlüssel zunachhaltigem Wachstum im Deutschen E-Commerce - InternetRetailing,"Entdecken Sie die fünf Fulfilment-Prioritäten, die deutschen Online-Shoppern besonders wichtig sind – und erfahren Sie, wie Händler diese nutzen können, um Loyalität aufzubauen, Reibungspunkte zu reduzieren und den Umsatz zu steigern. Deutschland zählt zu den wertvollsten E-Commerce-Märkten Europas. Bis 2026 soll der Onlineumsatz auf 86,66 Milliarden Euro steigen. Doch wer in diesem Markt erfolgreich sein […]",,,,https://internetretailing.net/wp-content/uploads/2026/07/ir-german-whitepaper.png
"Aug 22, 2026 @ 19:50:12.804",6a75f32040f618949b7716ba4d0f83c0,https://internetretailing.net/report-hub/switzerland-luxury-market-report-2026/,Switzerland Luxury Market Report 2026 - InternetRetailing,"The Switzerland Luxury Market Report 2026 provides an in-depth analysis of this distinctive retail landscape. It explores everything from the strength of the Swiss watch industry to the growth of mobile commerce, personalised customer experiences and sustainable luxury.",,,,https://internetretailing.net/wp-content/uploads/2026/06/switzerland-luxury-2026.png
"Aug 22, 2026 @ 19:50:12.814",b30e51d7432c35173b18d50cc3aa951b,https://internetretailing.net/report-hub/mondi-whitepaper-2026-ai-the-future-of-ecommerce-packaging/,Mondi Whitepaper 2026: AI & The Future of eCommerce Packaging - InternetRetailing,"Discover how Artificial Intelligence, automation and sustainable packaging are reshaping consumer behaviour and driving repeat sales for online retailers. Online retailers are operating in a market defined by rapid technological acceleration, tightening sustainability legislation (such as the EU’s Packaging and Packaging Waste Regulation) and rising operational complexity. Based on a comprehensive survey of 6,000 consumers […]",,,,https://internetretailing.net/wp-content/uploads/2026/06/mondi.png
"Aug 22, 2026 @ 19:50:12.822",efc396681af32755da8b2e8055110230,https://internetretailing.net/report-hub/french-luxury-2026/,France Luxury 2026: Redefining Value in a Changing Market - InternetRetailing,"French Luxury Retail 2026 is an essential guide for global retailers. By examining the dynamics, consumer behaviors and leading players.",,,,https://internetretailing.net/wp-content/uploads/2026/05/france-luxury2026.png
"Aug 22, 2026 @ 19:50:12.835",181e3f01bb83b796a278b1aff53d3b8e,https://internetretailing.net/about/cookie-policy/,Cookie Policy - InternetRetailing,Cookie Policy Cookies are small text files that can be used by websites to make a user’s experience more efficient. The law states that we can store cookies on your device if they are strictly necessary for the operation of this site. For all other types of cookies we need your permission. This site uses […],,,,
"Aug 22, 2026 @ 19:50:12.843",245aaf830806f96dde6234a36fc8279d,https://internetretailing.net/events/category/webinars/,Upcoming Webinars - InternetRetailing,"Upcoming Webinars We host a wealth of webinars covering the latest topics, trends and technological advancements. See what’s coming up down below… Can’t make the date? All previous webinars are now available to watch on demand, so you can rewind and revisit all your favourite industry guests to your heart’s content! 25 Apr 14:00 26 […]",,,,
"Aug 22, 2026 @ 19:50:12.854",9defe1bb573a93beefd0cfb6fdbb3686,https://internetretailing.net/channel/retail-media/,Retail Media - InternetRetailing,"Sponsored by: Mapping the Retail Media opportunity in D2C. We track the dynamics, opportunities and examplars of the retail media revolution via our insight, analysis, research and events. Commentary Case studies Events Podcasts Research Reports Retail Media Newsletter Retail Media 10 Jun 2025 Retail Media Three years ago, Retail Media was nowhere to be seen […]",,,,https://internetretailing.net/wp-content/uploads/2025/04/Retail-Media-logo-Black-1-1024x420.png
"Aug 22, 2026 @ 19:50:12.863",62c13aa3d7f89164eabe533116b596d9,https://internetretailing.net/media/retail-media-podcast/,Retail MediaX Podcast Series 2024 - InternetRetailing,"Retail MediaX podcast series In association with SMG Recorded live at the Retail MediaX events in London, these limited edition podcasts – brought to you in partnership with SMG – have experts from across the retail media ecosystem looking at what leading UK retail media networks are doing; how the sector is evolving; and where […]",,,,https://internetretailing.net/wp-content/uploads/2025/06/RMX-Podcast-banner.png
"Aug 22, 2026 @ 19:50:12.876",7d6b78afd0b7d86b8b98a2fc3f6cb47c,https://internetretailing.net/channel/retail-media/#commentary,Retail Media - InternetRetailing,"Sponsored by: Mapping the Retail Media opportunity in D2C. We track the dynamics, opportunities and examplars of the retail media revolution via our insight, analysis, research and events. Commentary Case studies Events Podcasts Research Reports Retail Media Newsletter Retail Media 10 Jun 2025 Retail Media Three years ago, Retail Media was nowhere to be seen […]",,,,https://internetretailing.net/wp-content/uploads/2025/04/Retail-Media-logo-Black-1-1024x420.png
"Aug 22, 2026 @ 19:50:12.889",51974c18a3e68b958099190f676cf771,https://internetretailing.net/channel/retail-media/#casestudies,Retail Media - InternetRetailing,"Sponsored by: Mapping the Retail Media opportunity in D2C. We track the dynamics, opportunities and examplars of the retail media revolution via our insight, analysis, research and events. Commentary Case studies Events Podcasts Research Reports Retail Media Newsletter Retail Media 10 Jun 2025 Retail Media Three years ago, Retail Media was nowhere to be seen […]",,,,https://internetretailing.net/wp-content/uploads/2025/04/Retail-Media-logo-Black-1-1024x420.png
"Aug 22, 2026 @ 19:50:12.901",dea9fd62e2e2eaaa7235938e317031f3,https://internetretailing.net/channel/retail-media/#research,Retail Media - InternetRetailing,"Sponsored by: Mapping the Retail Media opportunity in D2C. We track the dynamics, opportunities and examplars of the retail media revolution via our insight, analysis, research and events. Commentary Case studies Events Podcasts Research Reports Retail Media Newsletter Retail Media 10 Jun 2025 Retail Media Three years ago, Retail Media was nowhere to be seen […]",,,,https://internetretailing.net/wp-content/uploads/2025/04/Retail-Media-logo-Black-1-1024x420.png
"Aug 22, 2026 @ 19:50:12.914",fc0879997c091aadc2a6130b3522c550,https://internetretailing.net/channel/subscriptions/,Subscriptions - InternetRetailing,"Sponsored by: From curated meal boxes to indispensable necessities, discover how the subscription model is growing and becoming a feature of modern ecommerce. Commentary Case studies Events Podcasts Research Reports SubscriptionX Newsletter News 18 Feb 2026 News Epetōme, a British gut health brand, has secured a multi-million-pound investment to accelerate international expansion… 18 Feb 2026 […]",,,,https://internetretailing.net/wp-content/uploads/2025/04/SubscriptionX_Primary-logo_Grey-1024x226.png
"Aug 22, 2026 @ 19:50:12.925",5576d9b58611233e4e1ccdf9bb6f7876,https://internetretailing.net/themes/sustainability/,Sustainability - InternetRetailing,Read our research and review of retail sustainability and how brands are going green to achieve an eco-friendly future.,,,,https://internetretailing.net/wp-content/uploads/2024/07/horizontal-concepts-fw21-GiveBack2021-US-launch-CLP-teaser-img-carousel-card4_tcm143-760528-copy.jpg
"Aug 22, 2026 @ 19:50:12.936",cac949e9402c48cee3226ca6b77a0905,https://internetretailing.net/themes/strategy-and-innovation/,Strategy & Innovation - InternetRetailing,"Strategy and Innovation Focuses on how retailers can stand out from the competition in an ever-changing multichannel retail market. 15 Nov 2023 For the first time ever, H&M is offering a rental service on selected pieces from their latest guest designer collaboration. A curated assortment from the Rabanne H&M collection featuring exclusive colourways is now available for […]",,,,https://internetretailing.net/wp-content/uploads/2023/11/hmgoepprod-1.jpeg
"Aug 22, 2026 @ 19:50:12.969",db1953ca591aef01cddc59f06f99f980,https://internetretailing.net/channel/subscriptions/#commentary,Subscriptions - InternetRetailing,"Sponsored by: From curated meal boxes to indispensable necessities, discover how the subscription model is growing and becoming a feature of modern ecommerce. Commentary Case studies Events Podcasts Research Reports SubscriptionX Newsletter News 18 Feb 2026 News Epetōme, a British gut health brand, has secured a multi-million-pound investment to accelerate international expansion… 18 Feb 2026 […]",,,,https://internetretailing.net/wp-content/uploads/2025/04/SubscriptionX_Primary-logo_Grey-1024x226.png
"Aug 22, 2026 @ 19:50:12.981",ee884dd0f160b6682395d7019441dd31,https://internetretailing.net/media/fmcg-podcast/,FMCG Podcast - InternetRetailing,"FMCG Podcast Season 1 in association with dunnhumby Interviews with the people behind positive retail and brand performance. The RetailX Events Podcasts are recorded live at our events, sharing exclusive insights to help you get ahead. Listen via the online player embedded in each episode, or better still make sure you’re the first to get […]",,,,https://internetretailing.net/wp-content/uploads/2025/05/Mirakle-Podcast-IR-v1-2-1.jpg
"Aug 22, 2026 @ 19:50:12.990",8abf1637f8472a73678adbfa98605dd3,https://internetretailing.net/media/the-retail-media-podcast/,"The Retail Media Podcast, in association with Mirakl - InternetRetailing","The Retail Media Podcast in association with Mirakl The Retail Media Podcast, in association with Mirakl, is a 10-part series detailing the journey from Retail to Media. Starting at NRF’s Big Retail show, this series will traverse to the festival of digital media that is Cannes Lions, with engaging and informative conversations in between. Global […]",,,,https://internetretailing.net/wp-content/uploads/2025/05/Mirakle-Podcast-IR-v1-2-1.jpg
"Aug 22, 2026 @ 19:50:13.008",3497e4ddafb38ff900e7a9600634bf49,https://internetretailing.net/channel/subscriptions/#casestudies,Subscriptions - InternetRetailing,"Sponsored by: From curated meal boxes to indispensable necessities, discover how the subscription model is growing and becoming a feature of modern ecommerce. Commentary Case studies Events Podcasts Research Reports SubscriptionX Newsletter News 18 Feb 2026 News Epetōme, a British gut health brand, has secured a multi-million-pound investment to accelerate international expansion… 18 Feb 2026 […]",,,,https://internetretailing.net/wp-content/uploads/2025/04/SubscriptionX_Primary-logo_Grey-1024x226.png
"Aug 22, 2026 @ 19:50:13.019",6f1cd6ad6065451968deb87e527ccbd3,https://internetretailing.net/media/retailcraft-podcast/,Podcast - InternetRetailing,"The RetailCraft Podcast Interviews with the people behind multichannel performance. The RetailCraft podcast series looks at the who and how behind the performance of our Global Elite 1000 companies, and those who influence and inspire them. Ian Jindal shares the studio with retail leaders, RetailX’s analysts and sector experts, covering topics from commercial performance through […]",,,,https://internetretailing.net/wp-content/uploads/2023/06/US_UK_Apple_Podcasts_Listen_Badge_CMYK.png
"Aug 22, 2026 @ 19:50:13.028",6ec15e5713b9f1bf7a1314e5021a92be,https://internetretailing.net/media/video-channel/,Video Channel - InternetRetailing,"Videos Watch all our interviews, news and past webinars exploring the most pressing topics in retail, on demand 8 Jun 2022 More Information 28 Apr 2022 More Information 20 Apr 2022 More Information 31 Mar 2022 More Information 31 Mar 2022 More Information 23 Mar 2022 More Information View More Videos Subscribe to Newsletter Access […]",,,,
"Aug 22, 2026 @ 19:50:13.043",acc226cf14efbd766cbfe9a9e602848a,https://internetretailing.net/research/retailx-sector-reports/,Sector Reports - InternetRetailing,"Sector Reports Our RetailX Sector reports take an in-depth dive into the companies, strategies and consumers of different sectors across the UK, Europe and the World. Each report aims to give a retailer greater understanding of the complexities of ecommerce by sector by studying the market forces and customer behaviours by product type. The reports […]",,,,https://internetretailing.net/wp-content/uploads/2025/06/prn.png
"Aug 22, 2026 @ 19:50:13.059",03050cf1e45bc33ee0911d731d7b7bca,https://internetretailing.net/research/whitepapers/,Whitepapers - InternetRetailing,Whitepapers Delving into the more niche areas of successful multichannel retailing operations. Read More Read More Read More Read More Read More Read More Read More Read More Read More Read More Read More Read More Read More Read More Read More Read More Read More Read More Read More Read More Read More Read […],,,,https://internetretailing.net/wp-content/uploads/2025/08/simpler.png
"Aug 22, 2026 @ 19:50:13.073",ab7c3b032843b9f528496f3099bc4cac,https://internetretailing.net/channel/subscriptions/#research,Subscriptions - InternetRetailing,"Sponsored by: From curated meal boxes to indispensable necessities, discover how the subscription model is growing and becoming a feature of modern ecommerce. Commentary Case studies Events Podcasts Research Reports SubscriptionX Newsletter News 18 Feb 2026 News Epetōme, a British gut health brand, has secured a multi-million-pound investment to accelerate international expansion… 18 Feb 2026 […]",,,,https://internetretailing.net/wp-content/uploads/2025/04/SubscriptionX_Primary-logo_Grey-1024x226.png
"Aug 22, 2026 @ 19:50:13.086",21cb4a02ce91c8f4264fb8ed2029e22e,https://internetretailing.net/research/bluepapers/,Bluepapers - InternetRetailing,Bluepapers Exploring innovative solutions and emerging technologies in retail… Read More Read More Tealium Read More Featuring case studies with: Test 1Test 2 Read More Read More View More Bluepapers Subscribe to Newsletter Access all new InternetRetailing Research via Email Register InternetRetailing European Newsletter News analysis dedicated to helping European retail professionals Register for Newsletter […],,,,
"Aug 22, 2026 @ 19:50:13.102",891a7a39f08b426c5dde6f9dea3b68b6,https://internetretailing.net/research/top500-reports/,Ranking Reports - InternetRetailing,"Ranking Reports The performance of the world’s leading retailers independently-researched, ranked and analysed. Read More Read More Read More Read More Read More Read More Read More Read More Read More Read More Read More Read More View More Reports “Objective, fact-led performance insight for commercial multichannel professionals.” Martin Shaw, Head of Research, InternetRetailing Get […]",,,,https://internetretailing.net/wp-content/uploads/2025/03/Truelayer-logo-300x75.png
"Aug 22, 2026 @ 19:50:13.117",4511cdc4dba357eb5f85d6179e043db3,https://internetretailing.net/research/retailx-country-reports/,Country Reports - InternetRetailing,"RetailX Country Reports The RetailX country reports equip retailers with the best knowledge to succeed, by providing a clear and comprehensive overview of the state of commerce in countries and regions around the world. We cover everything from facts, figures and ecommerce trends, to European government data, exclusive research, analysis and more. Find out all […]",,,,https://internetretailing.net/wp-content/uploads/2025/10/vimeo.png
"Aug 22, 2026 @ 19:50:13.134",cea08703a32c4b6cac04714ddb96e56b,https://internetretailing.net/research/rxeu-marketplace-report/,Marketplace Reports - InternetRetailing,"European Marketplaces Reports Marketplaces have quickly become an essential part of the online retail mix for both consumers and merchants across Europe. The research in our Marketplace Reportsuncovers where marketplaces in Europe are continuing to evolve towards: how mobile is shifting basic customer experience, the rise of smart and voice-controlled devices in shopping, how delivery […]",,,,https://internetretailing.net/wp-content/uploads/2025/10/inventory-sage.png
"Aug 22, 2026 @ 19:50:13.143",c7330e3504aeb29f61d8bf99b9a963cd,https://internetretailing.net/report-hub/internetretailing-returns-2025-report/,InternetRetailing Returns 2025 Report - InternetRetailing,"InternetRetailing Returns Report 2025 delves into the strategies retailers are using to mitigate the impact of returns on their profitability, customer satisfaction, and the planet. The Report highlights how technology, from informed decision-making to AI tools, is enhancing efficiency and improving the overall customer experience in the returns cycle.",,,,https://internetretailing.net/wp-content/uploads/2025/09/returns-report-2025.png
"Aug 22, 2026 @ 19:50:13.155",e767fbc8cf92c56ea51d2e2293b457f3,https://internetretailing.net/report-hub/retailx-europe-luxury-sector-report-2025/,InternetRetailing Europe Luxury Sector Report 2025 - InternetRetailing,"European Luxury 2025 report examines the state of the luxury clothing, jewellery, bags and accessories market amid reports of a slowdown.",,,,https://internetretailing.net/wp-content/uploads/2024/10/ir-euro-lux-2025.png
"Aug 22, 2026 @ 19:50:13.169",4c4604f440fb54a94f31d6d74b97eb4b,https://internetretailing.net/upcoming-events/past-webinars/,Past Webinars - InternetRetailing,"Past Webinars Watch all our past webinars exploring the most pressing topics in retail, on demand! 16 Dec 2025 by James Pearson 4 Nov 2025 by James Pearson 24 Sep 2025 by James Pearson 26 Mar 2025 by Chris Dinnall 12 Mar 2025 by Chris Dinnall 19 Feb 2025 by Chris Dinnall View More Webinars […]",,,,https://internetretailing.net/wp-content/uploads/2025/10/From-Peak-To-Plan_Ad_Low-res.png
"Aug 22, 2026 @ 19:50:13.178",22830ce64d848d50de67c60c25bc9e18,https://internetretailing.net/about/advertising-opportunities/,Advertising Opportunities - InternetRetailing,"Work with us We’re the leading voice for ecommerce and multichannel retail success “Internet Retailing has been the voice of online and multichannel retail successfor over a decade. With a dedicated news portal, detailed sector reports andcomplementary events, Internet Retailing is dedicated to helping our partners thrive inthe dynamic ecosystem that is ecommerce. A renewed […]",,,,https://internetretailing.net/wp-content/uploads/2026/01/ebfd28d956305720a35425d4867a7ea3-768x768.webp
"Aug 22, 2026 @ 19:50:13.185",7eb474d5c2cb21efc9d679005674d177,https://internetretailing.net/about/contact-us/,Contact Us - InternetRetailing,"Contact Us EDITORIAL For press releases and media announcements please send to: press@internetretailing.net For article proposals and submissions please email: editor@internetretailing.net To see what papers and features we have coming up this year please visit our Editorial Calendar SALES AND MEDIA PACK Contact our Account Directors, they are happy to help with commercial and sales […]",,,,https://internetretailing.net/wp-content/uploads/2026/03/beyond-the-basics.png
"Aug 22, 2026 @ 19:50:13.193",eaa680bd6af711c04853c6e08446813f,https://internetretailing.net/about/press/,Press - InternetRetailing,Latest Articles 6 Sep 2023 6 Sep 2023 6 Sep 2023 5 Sep 2023 Join Our Press List Register to receive our press releases about our latest research and reports. If you have a question about our research or articles please contact marketing@internetretailing.net View Privacy Policy Latest Reports,,,,https://internetretailing.net/wp-content/uploads/2023/09/Hobbycraft-UKST.png
"Aug 22, 2026 @ 19:50:13.201",39b7d2c03adf2cd37927969e8f94399d,https://internetretailing.net/about/terms-and-conditions/,Terms and Conditions - InternetRetailing,"Terms and Conditions Terms of use Use of this site, and its contents, is subject to the following terms and conditions. By using this site you accept these terms and conditions and agree that you are bound by them. Among other things, these terms limit our liability for any loss or damage which might arise […]",,,,https://internetretailing.net/wp-content/uploads/2022/05/RXBEU22RP_Full_1.1PDF_Thumb1.png
"Aug 22, 2026 @ 19:50:13.215",179385e4d1252cccec38ff94a69f3b2b,https://internetretailing.net/about/privacy-policy/,Privacy Policy - InternetRetailing,"Privacy Policy Privacy Policy Introduction This privacy policy forms part of our terms and conditions and provides information on how Internet Retailing Media Services Ltd (We/Us/Our/The Company) processes your data. Definitions Services means our websites, content and any media, channel, application or service operated, created or made available by the Company which may include but […]",,,,
"Aug 22, 2026 @ 19:50:13.228",e74a8ae7d98c74f9801f637d68d1caa7,https://internetretailing.net/views/frontline/,Frontline - InternetRetailing,"Frontline Feedback from the frontline of multichannel retail – allowing our clients and partners to showcase their brand through their own content. 168 13 Mar 2023 2023 forecasts predicted a bumpy ride for retail. The micro-economic factors that impacted the sector throughout 2022 have persisted, threatening to further dent already squeezed profit margins. Frontline 6 […]",,,,https://internetretailing.net/wp-content/uploads/2023/03/iStock-1391824162-scaled.jpg
"Aug 22, 2026 @ 19:50:13.237",1b6f3c45c23cae0240eae24884803a7b,https://internetretailing.net/media/marketing-unlearned/,"Marketing UnLearned, in association with Epsilon - InternetRetailing","Marketing Unlearned in association with Epsilon Marketing UnLearned is a podcast series that explores the challenges the leading-edge digital marketing poses to established and received wisdom. All new initiatives, until proven, are subject to scrutiny and challenge: the ‘waddabouts’, the statements of inertia, the “why bother?”, the deprioritising questions. Within these challenges there is often […]",,,,https://internetretailing.net/wp-content/uploads/2025/04/epsilon-176352.png
"Aug 22, 2026 @ 19:50:13.241",274dfd23438e21f33f30329ddde05744,https://internetretailing.net/upcoming-events/upcoming-webinars/,Upcoming Webinars - InternetRetailing,"Upcoming Webinars We host a wealth of webinars covering the latest topics, trends and technological advancements. See what’s coming up down below… Can’t make the date? All previous webinars are now available to watch on demand, so you can rewind and revisit all your favourite industry guests to your heart’s content! 25 Apr 14:00 26 […]",,,,
"Aug 22, 2026 @ 19:50:13.254",47fee3105e5a84d7b354400920090daa,https://internetretailing.net/report-hub/der-schlussel-zunachhaltigem-wachstum-imdeutschen-e-commerce/,Der Schlüssel zunachhaltigem Wachstum im Deutschen E-Commerce - InternetRetailing,"Entdecken Sie die fünf Fulfilment-Prioritäten, die deutschen Online-Shoppern besonders wichtig sind – und erfahren Sie, wie Händler diese nutzen können, um Loyalität aufzubauen, Reibungspunkte zu reduzieren und den Umsatz zu steigern. Deutschland zählt zu den wertvollsten E-Commerce-Märkten Europas. Bis 2026 soll der Onlineumsatz auf 86,66 Milliarden Euro steigen. Doch wer in diesem Markt erfolgreich sein […]",,,,https://internetretailing.net/wp-content/uploads/2026/07/ir-german-whitepaper.png
"Aug 22, 2026 @ 19:50:13.261",6a75f32040f618949b7716ba4d0f83c0,https://internetretailing.net/report-hub/switzerland-luxury-market-report-2026/,Switzerland Luxury Market Report 2026 - InternetRetailing,"The Switzerland Luxury Market Report 2026 provides an in-depth analysis of this distinctive retail landscape. It explores everything from the strength of the Swiss watch industry to the growth of mobile commerce, personalised customer experiences and sustainable luxury.",,,,https://internetretailing.net/wp-content/uploads/2026/06/switzerland-luxury-2026.png
"Aug 22, 2026 @ 19:50:13.268",b30e51d7432c35173b18d50cc3aa951b,https://internetretailing.net/report-hub/mondi-whitepaper-2026-ai-the-future-of-ecommerce-packaging/,Mondi Whitepaper 2026: AI & The Future of eCommerce Packaging - InternetRetailing,"Discover how Artificial Intelligence, automation and sustainable packaging are reshaping consumer behaviour and driving repeat sales for online retailers. Online retailers are operating in a market defined by rapid technological acceleration, tightening sustainability legislation (such as the EU’s Packaging and Packaging Waste Regulation) and rising operational complexity. Based on a comprehensive survey of 6,000 consumers […]",,,,https://internetretailing.net/wp-content/uploads/2026/06/mondi.png
"Aug 22, 2026 @ 19:50:13.276",efc396681af32755da8b2e8055110230,https://internetretailing.net/report-hub/french-luxury-2026/,France Luxury 2026: Redefining Value in a Changing Market - InternetRetailing,"French Luxury Retail 2026 is an essential guide for global retailers. By examining the dynamics, consumer behaviors and leading players.",,,,https://internetretailing.net/wp-content/uploads/2026/05/france-luxury2026.png
"Aug 22, 2026 @ 19:50:13.283",181e3f01bb83b796a278b1aff53d3b8e,https://internetretailing.net/about/cookie-policy/,Cookie Policy - InternetRetailing,Cookie Policy Cookies are small text files that can be used by websites to make a user’s experience more efficient. The law states that we can store cookies on your device if they are strictly necessary for the operation of this site. For all other types of cookies we need your permission. This site uses […],,,,
"Aug 22, 2026 @ 19:50:13.293",245aaf830806f96dde6234a36fc8279d,https://internetretailing.net/events/category/webinars/,Upcoming Webinars - InternetRetailing,"Upcoming Webinars We host a wealth of webinars covering the latest topics, trends and technological advancements. See what’s coming up down below… Can’t make the date? All previous webinars are now available to watch on demand, so you can rewind and revisit all your favourite industry guests to your heart’s content! 25 Apr 14:00 26 […]",,,,
"Aug 22, 2026 @ 19:50:13.306",9defe1bb573a93beefd0cfb6fdbb3686,https://internetretailing.net/channel/retail-media/,Retail Media - InternetRetailing,"Sponsored by: Mapping the Retail Media opportunity in D2C. We track the dynamics, opportunities and examplars of the retail media revolution via our insight, analysis, research and events. Commentary Case studies Events Podcasts Research Reports Retail Media Newsletter Retail Media 10 Jun 2025 Retail Media Three years ago, Retail Media was nowhere to be seen […]",,,,https://internetretailing.net/wp-content/uploads/2025/04/Retail-Media-logo-Black-1-1024x420.png
"Aug 22, 2026 @ 19:50:13.316",62c13aa3d7f89164eabe533116b596d9,https://internetretailing.net/media/retail-media-podcast/,Retail MediaX Podcast Series 2024 - InternetRetailing,"Retail MediaX podcast series In association with SMG Recorded live at the Retail MediaX events in London, these limited edition podcasts – brought to you in partnership with SMG – have experts from across the retail media ecosystem looking at what leading UK retail media networks are doing; how the sector is evolving; and where […]",,,,https://internetretailing.net/wp-content/uploads/2025/06/RMX-Podcast-banner.png
"Aug 22, 2026 @ 19:50:13.328",7d6b78afd0b7d86b8b98a2fc3f6cb47c,https://internetretailing.net/channel/retail-media/#commentary,Retail Media - InternetRetailing,"Sponsored by: Mapping the Retail Media opportunity in D2C. We track the dynamics, opportunities and examplars of the retail media revolution via our insight, analysis, research and events. Commentary Case studies Events Podcasts Research Reports Retail Media Newsletter Retail Media 10 Jun 2025 Retail Media Three years ago, Retail Media was nowhere to be seen […]",,,,https://internetretailing.net/wp-content/uploads/2025/04/Retail-Media-logo-Black-1-1024x420.png
"Aug 22, 2026 @ 19:50:13.345",51974c18a3e68b958099190f676cf771,https://internetretailing.net/channel/retail-media/#casestudies,Retail Media - InternetRetailing,"Sponsored by: Mapping the Retail Media opportunity in D2C. We track the dynamics, opportunities and examplars of the retail media revolution via our insight, analysis, research and events. Commentary Case studies Events Podcasts Research Reports Retail Media Newsletter Retail Media 10 Jun 2025 Retail Media Three years ago, Retail Media was nowhere to be seen […]",,,,https://internetretailing.net/wp-content/uploads/2025/04/Retail-Media-logo-Black-1-1024x420.png
"Aug 22, 2026 @ 19:50:13.362",dea9fd62e2e2eaaa7235938e317031f3,https://internetretailing.net/channel/retail-media/#research,Retail Media - InternetRetailing,"Sponsored by: Mapping the Retail Media opportunity in D2C. We track the dynamics, opportunities and examplars of the retail media revolution via our insight, analysis, research and events. Commentary Case studies Events Podcasts Research Reports Retail Media Newsletter Retail Media 10 Jun 2025 Retail Media Three years ago, Retail Media was nowhere to be seen […]",,,,https://internetretailing.net/wp-content/uploads/2025/04/Retail-Media-logo-Black-1-1024x420.png
"Aug 22, 2026 @ 19:50:13.379",fc0879997c091aadc2a6130b3522c550,https://internetretailing.net/channel/subscriptions/,Subscriptions - InternetRetailing,"Sponsored by: From curated meal boxes to indispensable necessities, discover how the subscription model is growing and becoming a feature of modern ecommerce. Commentary Case studies Events Podcasts Research Reports SubscriptionX Newsletter News 18 Feb 2026 News Epetōme, a British gut health brand, has secured a multi-million-pound investment to accelerate international expansion… 18 Feb 2026 […]",,,,https://internetretailing.net/wp-content/uploads/2025/04/SubscriptionX_Primary-logo_Grey-1024x226.png
"Aug 22, 2026 @ 19:50:13.392",5576d9b58611233e4e1ccdf9bb6f7876,https://internetretailing.net/themes/sustainability/,Sustainability - InternetRetailing,Read our research and review of retail sustainability and how brands are going green to achieve an eco-friendly future.,,,,https://internetretailing.net/wp-content/uploads/2024/07/horizontal-concepts-fw21-GiveBack2021-US-launch-CLP-teaser-img-carousel-card4_tcm143-760528-copy.jpg
"Aug 22, 2026 @ 19:50:13.403",cac949e9402c48cee3226ca6b77a0905,https://internetretailing.net/themes/strategy-and-innovation/,Strategy & Innovation - InternetRetailing,"Strategy and Innovation Focuses on how retailers can stand out from the competition in an ever-changing multichannel retail market. 15 Nov 2023 For the first time ever, H&M is offering a rental service on selected pieces from their latest guest designer collaboration. A curated assortment from the Rabanne H&M collection featuring exclusive colourways is now available for […]",,,,https://internetretailing.net/wp-content/uploads/2023/11/hmgoepprod-1.jpeg
"Aug 22, 2026 @ 19:50:13.412",db1953ca591aef01cddc59f06f99f980,https://internetretailing.net/channel/subscriptions/#commentary,Subscriptions - InternetRetailing,"Sponsored by: From curated meal boxes to indispensable necessities, discover how the subscription model is growing and becoming a feature of modern ecommerce. Commentary Case studies Events Podcasts Research Reports SubscriptionX Newsletter News 18 Feb 2026 News Epetōme, a British gut health brand, has secured a multi-million-pound investment to accelerate international expansion… 18 Feb 2026 […]",,,,https://internetretailing.net/wp-content/uploads/2025/04/SubscriptionX_Primary-logo_Grey-1024x226.png
"Aug 22, 2026 @ 19:50:13.426",ee884dd0f160b6682395d7019441dd31,https://internetretailing.net/media/fmcg-podcast/,FMCG Podcast - InternetRetailing,"FMCG Podcast Season 1 in association with dunnhumby Interviews with the people behind positive retail and brand performance. The RetailX Events Podcasts are recorded live at our events, sharing exclusive insights to help you get ahead. Listen via the online player embedded in each episode, or better still make sure you’re the first to get […]",,,,https://internetretailing.net/wp-content/uploads/2025/05/Mirakle-Podcast-IR-v1-2-1.jpg
"Aug 22, 2026 @ 19:50:13.435",8abf1637f8472a73678adbfa98605dd3,https://internetretailing.net/media/the-retail-media-podcast/,"The Retail Media Podcast, in association with Mirakl - InternetRetailing","The Retail Media Podcast in association with Mirakl The Retail Media Podcast, in association with Mirakl, is a 10-part series detailing the journey from Retail to Media. Starting at NRF’s Big Retail show, this series will traverse to the festival of digital media that is Cannes Lions, with engaging and informative conversations in between. Global […]",,,,https://internetretailing.net/wp-content/uploads/2025/05/Mirakle-Podcast-IR-v1-2-1.jpg
"Aug 22, 2026 @ 19:50:13.448",3497e4ddafb38ff900e7a9600634bf49,https://internetretailing.net/channel/subscriptions/#casestudies,Subscriptions - InternetRetailing,"Sponsored by: From curated meal boxes to indispensable necessities, discover how the subscription model is growing and becoming a feature of modern ecommerce. Commentary Case studies Events Podcasts Research Reports SubscriptionX Newsletter News 18 Feb 2026 News Epetōme, a British gut health brand, has secured a multi-million-pound investment to accelerate international expansion… 18 Feb 2026 […]",,,,https://internetretailing.net/wp-content/uploads/2025/04/SubscriptionX_Primary-logo_Grey-1024x226.png
"Aug 22, 2026 @ 19:50:13.464",6f1cd6ad6065451968deb87e527ccbd3,https://internetretailing.net/media/retailcraft-podcast/,Podcast - InternetRetailing,"The RetailCraft Podcast Interviews with the people behind multichannel performance. The RetailCraft podcast series looks at the who and how behind the performance of our Global Elite 1000 companies, and those who influence and inspire them. Ian Jindal shares the studio with retail leaders, RetailX’s analysts and sector experts, covering topics from commercial performance through […]",,,,https://internetretailing.net/wp-content/uploads/2023/06/US_UK_Apple_Podcasts_Listen_Badge_CMYK.png
"Aug 22, 2026 @ 19:50:13.478",6ec15e5713b9f1bf7a1314e5021a92be,https://internetretailing.net/media/video-channel/,Video Channel - InternetRetailing,"Videos Watch all our interviews, news and past webinars exploring the most pressing topics in retail, on demand 8 Jun 2022 More Information 28 Apr 2022 More Information 20 Apr 2022 More Information 31 Mar 2022 More Information 31 Mar 2022 More Information 23 Mar 2022 More Information View More Videos Subscribe to Newsletter Access […]",,,,
"Aug 22, 2026 @ 19:50:13.491",acc226cf14efbd766cbfe9a9e602848a,https://internetretailing.net/research/retailx-sector-reports/,Sector Reports - InternetRetailing,"Sector Reports Our RetailX Sector reports take an in-depth dive into the companies, strategies and consumers of different sectors across the UK, Europe and the World. Each report aims to give a retailer greater understanding of the complexities of ecommerce by sector by studying the market forces and customer behaviours by product type. The reports […]",,,,https://internetretailing.net/wp-content/uploads/2025/06/prn.png
"Aug 22, 2026 @ 19:50:13.510",03050cf1e45bc33ee0911d731d7b7bca,https://internetretailing.net/research/whitepapers/,Whitepapers - InternetRetailing,Whitepapers Delving into the more niche areas of successful multichannel retailing operations. Read More Read More Read More Read More Read More Read More Read More Read More Read More Read More Read More Read More Read More Read More Read More Read More Read More Read More Read More Read More Read More Read […],,,,https://internetretailing.net/wp-content/uploads/2025/08/simpler.png
"Aug 22, 2026 @ 19:50:13.525",21cb4a02ce91c8f4264fb8ed2029e22e,https://internetretailing.net/research/bluepapers/,Bluepapers - InternetRetailing,Bluepapers Exploring innovative solutions and emerging technologies in retail… Read More Read More Tealium Read More Featuring case studies with: Test 1Test 2 Read More Read More View More Bluepapers Subscribe to Newsletter Access all new InternetRetailing Research via Email Register InternetRetailing European Newsletter News analysis dedicated to helping European retail professionals Register for Newsletter […],,,,
"Aug 22, 2026 @ 19:50:13.537",891a7a39f08b426c5dde6f9dea3b68b6,https://internetretailing.net/research/top500-reports/,Ranking Reports - InternetRetailing,"Ranking Reports The performance of the world’s leading retailers independently-researched, ranked and analysed. Read More Read More Read More Read More Read More Read More Read More Read More Read More Read More Read More Read More View More Reports “Objective, fact-led performance insight for commercial multichannel professionals.” Martin Shaw, Head of Research, InternetRetailing Get […]",,,,https://internetretailing.net/wp-content/uploads/2025/03/Truelayer-logo-300x75.png
"Aug 22, 2026 @ 19:50:13.552",4511cdc4dba357eb5f85d6179e043db3,https://internetretailing.net/research/retailx-country-reports/,Country Reports - InternetRetailing,"RetailX Country Reports The RetailX country reports equip retailers with the best knowledge to succeed, by providing a clear and comprehensive overview of the state of commerce in countries and regions around the world. We cover everything from facts, figures and ecommerce trends, to European government data, exclusive research, analysis and more. Find out all […]",,,,https://internetretailing.net/wp-content/uploads/2025/10/vimeo.png
"Aug 22, 2026 @ 19:50:13.566",cea08703a32c4b6cac04714ddb96e56b,https://internetretailing.net/research/rxeu-marketplace-report/,Marketplace Reports - InternetRetailing,"European Marketplaces Reports Marketplaces have quickly become an essential part of the online retail mix for both consumers and merchants across Europe. The research in our Marketplace Reportsuncovers where marketplaces in Europe are continuing to evolve towards: how mobile is shifting basic customer experience, the rise of smart and voice-controlled devices in shopping, how delivery […]",,,,https://internetretailing.net/wp-content/uploads/2025/10/inventory-sage.png
"Aug 22, 2026 @ 19:50:13.577",c7330e3504aeb29f61d8bf99b9a963cd,https://internetretailing.net/report-hub/internetretailing-returns-2025-report/,InternetRetailing Returns 2025 Report - InternetRetailing,"InternetRetailing Returns Report 2025 delves into the strategies retailers are using to mitigate the impact of returns on their profitability, customer satisfaction, and the planet. The Report highlights how technology, from informed decision-making to AI tools, is enhancing efficiency and improving the overall customer experience in the returns cycle.",,,,https://internetretailing.net/wp-content/uploads/2025/09/returns-report-2025.png
"Aug 22, 2026 @ 19:50:13.590",e767fbc8cf92c56ea51d2e2293b457f3,https://internetretailing.net/report-hub/retailx-europe-luxury-sector-report-2025/,InternetRetailing Europe Luxury Sector Report 2025 - InternetRetailing,"European Luxury 2025 report examines the state of the luxury clothing, jewellery, bags and accessories market amid reports of a slowdown.",,,,https://internetretailing.net/wp-content/uploads/2024/10/ir-euro-lux-2025.png
"Aug 22, 2026 @ 19:50:13.605",ab7c3b032843b9f528496f3099bc4cac,https://internetretailing.net/channel/subscriptions/#research,Subscriptions - InternetRetailing,"Sponsored by: From curated meal boxes to indispensable necessities, discover how the subscription model is growing and becoming a feature of modern ecommerce. Commentary Case studies Events Podcasts Research Reports SubscriptionX Newsletter News 18 Feb 2026 News Epetōme, a British gut health brand, has secured a multi-million-pound investment to accelerate international expansion… 18 Feb 2026 […]",,,,https://internetretailing.net/wp-content/uploads/2025/04/SubscriptionX_Primary-logo_Grey-1024x226.png
"Aug 22, 2026 @ 19:50:13.614",4c4604f440fb54a94f31d6d74b97eb4b,https://internetretailing.net/upcoming-events/past-webinars/,Past Webinars - InternetRetailing,"Past Webinars Watch all our past webinars exploring the most pressing topics in retail, on demand! 16 Dec 2025 by James Pearson 4 Nov 2025 by James Pearson 24 Sep 2025 by James Pearson 26 Mar 2025 by Chris Dinnall 12 Mar 2025 by Chris Dinnall 19 Feb 2025 by Chris Dinnall View More Webinars […]",,,,https://internetretailing.net/wp-content/uploads/2025/10/From-Peak-To-Plan_Ad_Low-res.png
"Aug 22, 2026 @ 19:50:13.622",22830ce64d848d50de67c60c25bc9e18,https://internetretailing.net/about/advertising-opportunities/,Advertising Opportunities - InternetRetailing,"Work with us We’re the leading voice for ecommerce and multichannel retail success “Internet Retailing has been the voice of online and multichannel retail successfor over a decade. With a dedicated news portal, detailed sector reports andcomplementary events, Internet Retailing is dedicated to helping our partners thrive inthe dynamic ecosystem that is ecommerce. A renewed […]",,,,https://internetretailing.net/wp-content/uploads/2026/01/ebfd28d956305720a35425d4867a7ea3-768x768.webp
"Aug 22, 2026 @ 19:50:13.629",7eb474d5c2cb21efc9d679005674d177,https://internetretailing.net/about/contact-us/,Contact Us - InternetRetailing,"Contact Us EDITORIAL For press releases and media announcements please send to: press@internetretailing.net For article proposals and submissions please email: editor@internetretailing.net To see what papers and features we have coming up this year please visit our Editorial Calendar SALES AND MEDIA PACK Contact our Account Directors, they are happy to help with commercial and sales […]",,,,https://internetretailing.net/wp-content/uploads/2026/03/beyond-the-basics.png
"Aug 22, 2026 @ 19:50:13.637",eaa680bd6af711c04853c6e08446813f,https://internetretailing.net/about/press/,Press - InternetRetailing,Latest Articles 6 Sep 2023 6 Sep 2023 6 Sep 2023 5 Sep 2023 Join Our Press List Register to receive our press releases about our latest research and reports. If you have a question about our research or articles please contact marketing@internetretailing.net View Privacy Policy Latest Reports,,,,https://internetretailing.net/wp-content/uploads/2023/09/Hobbycraft-UKST.png
"Aug 22, 2026 @ 19:50:13.645",39b7d2c03adf2cd37927969e8f94399d,https://internetretailing.net/about/terms-and-conditions/,Terms and Conditions - InternetRetailing,"Terms and Conditions Terms of use Use of this site, and its contents, is subject to the following terms and conditions. By using this site you accept these terms and conditions and agree that you are bound by them. Among other things, these terms limit our liability for any loss or damage which might arise […]",,,,https://internetretailing.net/wp-content/uploads/2022/05/RXBEU22RP_Full_1.1PDF_Thumb1.png
"Aug 22, 2026 @ 19:50:13.652",179385e4d1252cccec38ff94a69f3b2b,https://internetretailing.net/about/privacy-policy/,Privacy Policy - InternetRetailing,"Privacy Policy Privacy Policy Introduction This privacy policy forms part of our terms and conditions and provides information on how Internet Retailing Media Services Ltd (We/Us/Our/The Company) processes your data. Definitions Services means our websites, content and any media, channel, application or service operated, created or made available by the Company which may include but […]",,,,
"Aug 22, 2026 @ 19:50:13.664",e74a8ae7d98c74f9801f637d68d1caa7,https://internetretailing.net/views/frontline/,Frontline - InternetRetailing,"Frontline Feedback from the frontline of multichannel retail – allowing our clients and partners to showcase their brand through their own content. 168 13 Mar 2023 2023 forecasts predicted a bumpy ride for retail. The micro-economic factors that impacted the sector throughout 2022 have persisted, threatening to further dent already squeezed profit margins. Frontline 6 […]",,,,https://internetretailing.net/wp-content/uploads/2023/03/iStock-1391824162-scaled.jpg
"Aug 22, 2026 @ 19:50:13.674",1b6f3c45c23cae0240eae24884803a7b,https://internetretailing.net/media/marketing-unlearned/,"Marketing UnLearned, in association with Epsilon - InternetRetailing","Marketing Unlearned in association with Epsilon Marketing UnLearned is a podcast series that explores the challenges the leading-edge digital marketing poses to established and received wisdom. All new initiatives, until proven, are subject to scrutiny and challenge: the ‘waddabouts’, the statements of inertia, the “why bother?”, the deprioritising questions. Within these challenges there is often […]",,,,https://internetretailing.net/wp-content/uploads/2025/04/epsilon-176352.png
"Aug 22, 2026 @ 19:50:13.682",274dfd23438e21f33f30329ddde05744,https://internetretailing.net/upcoming-events/upcoming-webinars/,Upcoming Webinars - InternetRetailing,"Upcoming Webinars We host a wealth of webinars covering the latest topics, trends and technological advancements. See what’s coming up down below… Can’t make the date? All previous webinars are now available to watch on demand, so you can rewind and revisit all your favourite industry guests to your heart’s content! 25 Apr 14:00 26 […]",,,,
"Aug 22, 2026 @ 19:50:13.690",47fee3105e5a84d7b354400920090daa,https://internetretailing.net/report-hub/der-schlussel-zunachhaltigem-wachstum-imdeutschen-e-commerce/,Der Schlüssel zunachhaltigem Wachstum im Deutschen E-Commerce - InternetRetailing,"Entdecken Sie die fünf Fulfilment-Prioritäten, die deutschen Online-Shoppern besonders wichtig sind – und erfahren Sie, wie Händler diese nutzen können, um Loyalität aufzubauen, Reibungspunkte zu reduzieren und den Umsatz zu steigern. Deutschland zählt zu den wertvollsten E-Commerce-Märkten Europas. Bis 2026 soll der Onlineumsatz auf 86,66 Milliarden Euro steigen. Doch wer in diesem Markt erfolgreich sein […]",,,,https://internetretailing.net/wp-content/uploads/2026/07/ir-german-whitepaper.png
"Aug 22, 2026 @ 19:50:13.697",6a75f32040f618949b7716ba4d0f83c0,https://internetretailing.net/report-hub/switzerland-luxury-market-report-2026/,Switzerland Luxury Market Report 2026 - InternetRetailing,"The Switzerland Luxury Market Report 2026 provides an in-depth analysis of this distinctive retail landscape. It explores everything from the strength of the Swiss watch industry to the growth of mobile commerce, personalised customer experiences and sustainable luxury.",,,,https://internetretailing.net/wp-content/uploads/2026/06/switzerland-luxury-2026.png
"Aug 22, 2026 @ 19:50:13.704",b30e51d7432c35173b18d50cc3aa951b,https://internetretailing.net/report-hub/mondi-whitepaper-2026-ai-the-future-of-ecommerce-packaging/,Mondi Whitepaper 2026: AI & The Future of eCommerce Packaging - InternetRetailing,"Discover how Artificial Intelligence, automation and sustainable packaging are reshaping consumer behaviour and driving repeat sales for online retailers. Online retailers are operating in a market defined by rapid technological acceleration, tightening sustainability legislation (such as the EU’s Packaging and Packaging Waste Regulation) and rising operational complexity. Based on a comprehensive survey of 6,000 consumers […]",,,,https://internetretailing.net/wp-content/uploads/2026/06/mondi.png
"Aug 22, 2026 @ 19:50:13.714",efc396681af32755da8b2e8055110230,https://internetretailing.net/report-hub/french-luxury-2026/,France Luxury 2026: Redefining Value in a Changing Market - InternetRetailing,"French Luxury Retail 2026 is an essential guide for global retailers. By examining the dynamics, consumer behaviors and leading players.",,,,https://internetretailing.net/wp-content/uploads/2026/05/france-luxury2026.png
"Aug 22, 2026 @ 19:50:13.720",181e3f01bb83b796a278b1aff53d3b8e,https://internetretailing.net/about/cookie-policy/,Cookie Policy - InternetRetailing,Cookie Policy Cookies are small text files that can be used by websites to make a user’s experience more efficient. The law states that we can store cookies on your device if they are strictly necessary for the operation of this site. For all other types of cookies we need your permission. This site uses […],,,,
"Aug 22, 2026 @ 19:50:13.730",245aaf830806f96dde6234a36fc8279d,https://internetretailing.net/events/category/webinars/,Upcoming Webinars - InternetRetailing,"Upcoming Webinars We host a wealth of webinars covering the latest topics, trends and technological advancements. See what’s coming up down below… Can’t make the date? All previous webinars are now available to watch on demand, so you can rewind and revisit all your favourite industry guests to your heart’s content! 25 Apr 14:00 26 […]",,,,
"Aug 22, 2026 @ 19:50:13.740",9defe1bb573a93beefd0cfb6fdbb3686,https://internetretailing.net/channel/retail-media/,Retail Media - InternetRetailing,"Sponsored by: Mapping the Retail Media opportunity in D2C. We track the dynamics, opportunities and examplars of the retail media revolution via our insight, analysis, research and events. Commentary Case studies Events Podcasts Research Reports Retail Media Newsletter Retail Media 10 Jun 2025 Retail Media Three years ago, Retail Media was nowhere to be seen […]",,,,https://internetretailing.net/wp-content/uploads/2025/04/Retail-Media-logo-Black-1-1024x420.png
"Aug 22, 2026 @ 19:50:13.755",62c13aa3d7f89164eabe533116b596d9,https://internetretailing.net/media/retail-media-podcast/,Retail MediaX Podcast Series 2024 - InternetRetailing,"Retail MediaX podcast series In association with SMG Recorded live at the Retail MediaX events in London, these limited edition podcasts – brought to you in partnership with SMG – have experts from across the retail media ecosystem looking at what leading UK retail media networks are doing; how the sector is evolving; and where […]",,,,https://internetretailing.net/wp-content/uploads/2025/06/RMX-Podcast-banner.png
"Aug 22, 2026 @ 19:50:13.774",7d6b78afd0b7d86b8b98a2fc3f6cb47c,https://internetretailing.net/channel/retail-media/#commentary,Retail Media - InternetRetailing,"Sponsored by: Mapping the Retail Media opportunity in D2C. We track the dynamics, opportunities and examplars of the retail media revolution via our insight, analysis, research and events. Commentary Case studies Events Podcasts Research Reports Retail Media Newsletter Retail Media 10 Jun 2025 Retail Media Three years ago, Retail Media was nowhere to be seen […]",,,,https://internetretailing.net/wp-content/uploads/2025/04/Retail-Media-logo-Black-1-1024x420.png
"Aug 22, 2026 @ 19:50:13.792",51974c18a3e68b958099190f676cf771,https://internetretailing.net/channel/retail-media/#casestudies,Retail Media - InternetRetailing,"Sponsored by: Mapping the Retail Media opportunity in D2C. We track the dynamics, opportunities and examplars of the retail media revolution via our insight, analysis, research and events. Commentary Case studies Events Podcasts Research Reports Retail Media Newsletter Retail Media 10 Jun 2025 Retail Media Three years ago, Retail Media was nowhere to be seen […]",,,,https://internetretailing.net/wp-content/uploads/2025/04/Retail-Media-logo-Black-1-1024x420.png
"Aug 22, 2026 @ 19:50:13.807",dea9fd62e2e2eaaa7235938e317031f3,https://internetretailing.net/channel/retail-media/#research,Retail Media - InternetRetailing,"Sponsored by: Mapping the Retail Media opportunity in D2C. We track the dynamics, opportunities and examplars of the retail media revolution via our insight, analysis, research and events. Commentary Case studies Events Podcasts Research Reports Retail Media Newsletter Retail Media 10 Jun 2025 Retail Media Three years ago, Retail Media was nowhere to be seen […]",,,,https://internetretailing.net/wp-content/uploads/2025/04/Retail-Media-logo-Black-1-1024x420.png
"Aug 22, 2026 @ 19:50:13.820",fc0879997c091aadc2a6130b3522c550,https://internetretailing.net/channel/subscriptions/,Subscriptions - InternetRetailing,"Sponsored by: From curated meal boxes to indispensable necessities, discover how the subscription model is growing and becoming a feature of modern ecommerce. Commentary Case studies Events Podcasts Research Reports SubscriptionX Newsletter News 18 Feb 2026 News Epetōme, a British gut health brand, has secured a multi-million-pound investment to accelerate international expansion… 18 Feb 2026 […]",,,,https://internetretailing.net/wp-content/uploads/2025/04/SubscriptionX_Primary-logo_Grey-1024x226.png
"Aug 22, 2026 @ 19:50:13.834",5576d9b58611233e4e1ccdf9bb6f7876,https://internetretailing.net/themes/sustainability/,Sustainability - InternetRetailing,Read our research and review of retail sustainability and how brands are going green to achieve an eco-friendly future.,,,,https://internetretailing.net/wp-content/uploads/2024/07/horizontal-concepts-fw21-GiveBack2021-US-launch-CLP-teaser-img-carousel-card4_tcm143-760528-copy.jpg
"Aug 22, 2026 @ 19:50:13.846",cac949e9402c48cee3226ca6b77a0905,https://internetretailing.net/themes/strategy-and-innovation/,Strategy & Innovation - InternetRetailing,"Strategy and Innovation Focuses on how retailers can stand out from the competition in an ever-changing multichannel retail market. 15 Nov 2023 For the first time ever, H&M is offering a rental service on selected pieces from their latest guest designer collaboration. A curated assortment from the Rabanne H&M collection featuring exclusive colourways is now available for […]",,,,https://internetretailing.net/wp-content/uploads/2023/11/hmgoepprod-1.jpeg
"Aug 22, 2026 @ 19:50:13.858",db1953ca591aef01cddc59f06f99f980,https://internetretailing.net/channel/subscriptions/#commentary,Subscriptions - InternetRetailing,"Sponsored by: From curated meal boxes to indispensable necessities, discover how the subscription model is growing and becoming a feature of modern ecommerce. Commentary Case studies Events Podcasts Research Reports SubscriptionX Newsletter News 18 Feb 2026 News Epetōme, a British gut health brand, has secured a multi-million-pound investment to accelerate international expansion… 18 Feb 2026 […]",,,,https://internetretailing.net/wp-content/uploads/2025/04/SubscriptionX_Primary-logo_Grey-1024x226.png
"Aug 22, 2026 @ 19:50:13.867",ee884dd0f160b6682395d7019441dd31,https://internetretailing.net/media/fmcg-podcast/,FMCG Podcast - InternetRetailing,"FMCG Podcast Season 1 in association with dunnhumby Interviews with the people behind positive retail and brand performance. The RetailX Events Podcasts are recorded live at our events, sharing exclusive insights to help you get ahead. Listen via the online player embedded in each episode, or better still make sure you’re the first to get […]",,,,https://internetretailing.net/wp-content/uploads/2025/05/Mirakle-Podcast-IR-v1-2-1.jpg
"Aug 22, 2026 @ 19:50:13.874",8abf1637f8472a73678adbfa98605dd3,https://internetretailing.net/media/the-retail-media-podcast/,"The Retail Media Podcast, in association with Mirakl - InternetRetailing","The Retail Media Podcast in association with Mirakl The Retail Media Podcast, in association with Mirakl, is a 10-part series detailing the journey from Retail to Media. Starting at NRF’s Big Retail show, this series will traverse to the festival of digital media that is Cannes Lions, with engaging and informative conversations in between. Global […]",,,,https://internetretailing.net/wp-content/uploads/2025/05/Mirakle-Podcast-IR-v1-2-1.jpg
"Aug 22, 2026 @ 19:50:13.888",3497e4ddafb38ff900e7a9600634bf49,https://internetretailing.net/channel/subscriptions/#casestudies,Subscriptions - InternetRetailing,"Sponsored by: From curated meal boxes to indispensable necessities, discover how the subscription model is growing and becoming a feature of modern ecommerce. Commentary Case studies Events Podcasts Research Reports SubscriptionX Newsletter News 18 Feb 2026 News Epetōme, a British gut health brand, has secured a multi-million-pound investment to accelerate international expansion… 18 Feb 2026 […]",,,,https://internetretailing.net/wp-content/uploads/2025/04/SubscriptionX_Primary-logo_Grey-1024x226.png
"Aug 22, 2026 @ 19:50:13.901",6f1cd6ad6065451968deb87e527ccbd3,https://internetretailing.net/media/retailcraft-podcast/,Podcast - InternetRetailing,"The RetailCraft Podcast Interviews with the people behind multichannel performance. The RetailCraft podcast series looks at the who and how behind the performance of our Global Elite 1000 companies, and those who influence and inspire them. Ian Jindal shares the studio with retail leaders, RetailX’s analysts and sector experts, covering topics from commercial performance through […]",,,,https://internetretailing.net/wp-content/uploads/2023/06/US_UK_Apple_Podcasts_Listen_Badge_CMYK.png
"Aug 22, 2026 @ 19:50:13.910",6ec15e5713b9f1bf7a1314e5021a92be,https://internetretailing.net/media/video-channel/,Video Channel - InternetRetailing,"Videos Watch all our interviews, news and past webinars exploring the most pressing topics in retail, on demand 8 Jun 2022 More Information 28 Apr 2022 More Information 20 Apr 2022 More Information 31 Mar 2022 More Information 31 Mar 2022 More Information 23 Mar 2022 More Information View More Videos Subscribe to Newsletter Access […]",,,,
"Aug 22, 2026 @ 19:50:13.927",ab7c3b032843b9f528496f3099bc4cac,https://internetretailing.net/channel/subscriptions/#research,Subscriptions - InternetRetailing,"Sponsored by: From curated meal boxes to indispensable necessities, discover how the subscription model is growing and becoming a feature of modern ecommerce. Commentary Case studies Events Podcasts Research Reports SubscriptionX Newsletter News 18 Feb 2026 News Epetōme, a British gut health brand, has secured a multi-million-pound investment to accelerate international expansion… 18 Feb 2026 […]",,,,https://internetretailing.net/wp-content/uploads/2025/04/SubscriptionX_Primary-logo_Grey-1024x226.png
"Aug 22, 2026 @ 19:50:13.950",acc226cf14efbd766cbfe9a9e602848a,https://internetretailing.net/research/retailx-sector-reports/,Sector Reports - InternetRetailing,"Sector Reports Our RetailX Sector reports take an in-depth dive into the companies, strategies and consumers of different sectors across the UK, Europe and the World. Each report aims to give a retailer greater understanding of the complexities of ecommerce by sector by studying the market forces and customer behaviours by product type. The reports […]",,,,https://internetretailing.net/wp-content/uploads/2025/06/prn.png
"Aug 22, 2026 @ 19:50:13.970",03050cf1e45bc33ee0911d731d7b7bca,https://internetretailing.net/research/whitepapers/,Whitepapers - InternetRetailing,Whitepapers Delving into the more niche areas of successful multichannel retailing operations. Read More Read More Read More Read More Read More Read More Read More Read More Read More Read More Read More Read More Read More Read More Read More Read More Read More Read More Read More Read More Read More Read […],,,,https://internetretailing.net/wp-content/uploads/2025/08/simpler.png
"Aug 22, 2026 @ 19:50:13.985",21cb4a02ce91c8f4264fb8ed2029e22e,https://internetretailing.net/research/bluepapers/,Bluepapers - InternetRetailing,Bluepapers Exploring innovative solutions and emerging technologies in retail… Read More Read More Tealium Read More Featuring case studies with: Test 1Test 2 Read More Read More View More Bluepapers Subscribe to Newsletter Access all new InternetRetailing Research via Email Register InternetRetailing European Newsletter News analysis dedicated to helping European retail professionals Register for Newsletter […],,,,
"Aug 22, 2026 @ 19:50:14.000",891a7a39f08b426c5dde6f9dea3b68b6,https://internetretailing.net/research/top500-reports/,Ranking Reports - InternetRetailing,"Ranking Reports The performance of the world’s leading retailers independently-researched, ranked and analysed. Read More Read More Read More Read More Read More Read More Read More Read More Read More Read More Read More Read More View More Reports “Objective, fact-led performance insight for commercial multichannel professionals.” Martin Shaw, Head of Research, InternetRetailing Get […]",,,,https://internetretailing.net/wp-content/uploads/2025/03/Truelayer-logo-300x75.png
"Aug 22, 2026 @ 19:50:14.011",4511cdc4dba357eb5f85d6179e043db3,https://internetretailing.net/research/retailx-country-reports/,Country Reports - InternetRetailing,"RetailX Country Reports The RetailX country reports equip retailers with the best knowledge to succeed, by providing a clear and comprehensive overview of the state of commerce in countries and regions around the world. We cover everything from facts, figures and ecommerce trends, to European government data, exclusive research, analysis and more. Find out all […]",,,,https://internetretailing.net/wp-content/uploads/2025/10/vimeo.png
"Aug 22, 2026 @ 19:50:14.026",cea08703a32c4b6cac04714ddb96e56b,https://internetretailing.net/research/rxeu-marketplace-report/,Marketplace Reports - InternetRetailing,"European Marketplaces Reports Marketplaces have quickly become an essential part of the online retail mix for both consumers and merchants across Europe. The research in our Marketplace Reportsuncovers where marketplaces in Europe are continuing to evolve towards: how mobile is shifting basic customer experience, the rise of smart and voice-controlled devices in shopping, how delivery […]",,,,https://internetretailing.net/wp-content/uploads/2025/10/inventory-sage.png
"Aug 22, 2026 @ 19:50:14.033",c7330e3504aeb29f61d8bf99b9a963cd,https://internetretailing.net/report-hub/internetretailing-returns-2025-report/,InternetRetailing Returns 2025 Report - InternetRetailing,"InternetRetailing Returns Report 2025 delves into the strategies retailers are using to mitigate the impact of returns on their profitability, customer satisfaction, and the planet. The Report highlights how technology, from informed decision-making to AI tools, is enhancing efficiency and improving the overall customer experience in the returns cycle.",,,,https://internetretailing.net/wp-content/uploads/2025/09/returns-report-2025.png
"Aug 22, 2026 @ 19:50:14.043",e767fbc8cf92c56ea51d2e2293b457f3,https://internetretailing.net/report-hub/retailx-europe-luxury-sector-report-2025/,InternetRetailing Europe Luxury Sector Report 2025 - InternetRetailing,"European Luxury 2025 report examines the state of the luxury clothing, jewellery, bags and accessories market amid reports of a slowdown.",,,,https://internetretailing.net/wp-content/uploads/2024/10/ir-euro-lux-2025.png
"Aug 22, 2026 @ 19:50:14.055",4c4604f440fb54a94f31d6d74b97eb4b,https://internetretailing.net/upcoming-events/past-webinars/,Past Webinars - InternetRetailing,"Past Webinars Watch all our past webinars exploring the most pressing topics in retail, on demand! 16 Dec 2025 by James Pearson 4 Nov 2025 by James Pearson 24 Sep 2025 by James Pearson 26 Mar 2025 by Chris Dinnall 12 Mar 2025 by Chris Dinnall 19 Feb 2025 by Chris Dinnall View More Webinars […]",,,,https://internetretailing.net/wp-content/uploads/2025/10/From-Peak-To-Plan_Ad_Low-res.png
"Aug 22, 2026 @ 19:50:14.066",22830ce64d848d50de67c60c25bc9e18,https://internetretailing.net/about/advertising-opportunities/,Advertising Opportunities - InternetRetailing,"Work with us We’re the leading voice for ecommerce and multichannel retail success “Internet Retailing has been the voice of online and multichannel retail successfor over a decade. With a dedicated news portal, detailed sector reports andcomplementary events, Internet Retailing is dedicated to helping our partners thrive inthe dynamic ecosystem that is ecommerce. A renewed […]",,,,https://internetretailing.net/wp-content/uploads/2026/01/ebfd28d956305720a35425d4867a7ea3-768x768.webp
"Aug 22, 2026 @ 19:50:14.074",7eb474d5c2cb21efc9d679005674d177,https://internetretailing.net/about/contact-us/,Contact Us - InternetRetailing,"Contact Us EDITORIAL For press releases and media announcements please send to: press@internetretailing.net For article proposals and submissions please email: editor@internetretailing.net To see what papers and features we have coming up this year please visit our Editorial Calendar SALES AND MEDIA PACK Contact our Account Directors, they are happy to help with commercial and sales […]",,,,https://internetretailing.net/wp-content/uploads/2026/03/beyond-the-basics.png
"Aug 22, 2026 @ 19:50:14.086",eaa680bd6af711c04853c6e08446813f,https://internetretailing.net/about/press/,Press - InternetRetailing,Latest Articles 6 Sep 2023 6 Sep 2023 6 Sep 2023 5 Sep 2023 Join Our Press List Register to receive our press releases about our latest research and reports. If you have a question about our research or articles please contact marketing@internetretailing.net View Privacy Policy Latest Reports,,,,https://internetretailing.net/wp-content/uploads/2023/09/Hobbycraft-UKST.png
"Aug 22, 2026 @ 19:50:14.094",39b7d2c03adf2cd37927969e8f94399d,https://internetretailing.net/about/terms-and-conditions/,Terms and Conditions - InternetRetailing,"Terms and Conditions Terms of use Use of this site, and its contents, is subject to the following terms and conditions. By using this site you accept these terms and conditions and agree that you are bound by them. Among other things, these terms limit our liability for any loss or damage which might arise […]",,,,https://internetretailing.net/wp-content/uploads/2022/05/RXBEU22RP_Full_1.1PDF_Thumb1.png
"Aug 22, 2026 @ 19:50:14.102",179385e4d1252cccec38ff94a69f3b2b,https://internetretailing.net/about/privacy-policy/,Privacy Policy - InternetRetailing,"Privacy Policy Privacy Policy Introduction This privacy policy forms part of our terms and conditions and provides information on how Internet Retailing Media Services Ltd (We/Us/Our/The Company) processes your data. Definitions Services means our websites, content and any media, channel, application or service operated, created or made available by the Company which may include but […]",,,,
"Aug 22, 2026 @ 19:50:14.113",e74a8ae7d98c74f9801f637d68d1caa7,https://internetretailing.net/views/frontline/,Frontline - InternetRetailing,"Frontline Feedback from the frontline of multichannel retail – allowing our clients and partners to showcase their brand through their own content. 168 13 Mar 2023 2023 forecasts predicted a bumpy ride for retail. The micro-economic factors that impacted the sector throughout 2022 have persisted, threatening to further dent already squeezed profit margins. Frontline 6 […]",,,,https://internetretailing.net/wp-content/uploads/2023/03/iStock-1391824162-scaled.jpg
"Aug 22, 2026 @ 19:50:14.122",1b6f3c45c23cae0240eae24884803a7b,https://internetretailing.net/media/marketing-unlearned/,"Marketing UnLearned, in association with Epsilon - InternetRetailing","Marketing Unlearned in association with Epsilon Marketing UnLearned is a podcast series that explores the challenges the leading-edge digital marketing poses to established and received wisdom. All new initiatives, until proven, are subject to scrutiny and challenge: the ‘waddabouts’, the statements of inertia, the “why bother?”, the deprioritising questions. Within these challenges there is often […]",,,,https://internetretailing.net/wp-content/uploads/2025/04/epsilon-176352.png
"Aug 22, 2026 @ 19:50:14.134",274dfd23438e21f33f30329ddde05744,https://internetretailing.net/upcoming-events/upcoming-webinars/,Upcoming Webinars - InternetRetailing,"Upcoming Webinars We host a wealth of webinars covering the latest topics, trends and technological advancements. See what’s coming up down below… Can’t make the date? All previous webinars are now available to watch on demand, so you can rewind and revisit all your favourite industry guests to your heart’s content! 25 Apr 14:00 26 […]",,,,
"Aug 22, 2026 @ 19:50:14.141",47fee3105e5a84d7b354400920090daa,https://internetretailing.net/report-hub/der-schlussel-zunachhaltigem-wachstum-imdeutschen-e-commerce/,Der Schlüssel zunachhaltigem Wachstum im Deutschen E-Commerce - InternetRetailing,"Entdecken Sie die fünf Fulfilment-Prioritäten, die deutschen Online-Shoppern besonders wichtig sind – und erfahren Sie, wie Händler diese nutzen können, um Loyalität aufzubauen, Reibungspunkte zu reduzieren und den Umsatz zu steigern. Deutschland zählt zu den wertvollsten E-Commerce-Märkten Europas. Bis 2026 soll der Onlineumsatz auf 86,66 Milliarden Euro steigen. Doch wer in diesem Markt erfolgreich sein […]",,,,https://internetretailing.net/wp-content/uploads/2026/07/ir-german-whitepaper.png
"Aug 22, 2026 @ 19:50:14.146",6a75f32040f618949b7716ba4d0f83c0,https://internetretailing.net/report-hub/switzerland-luxury-market-report-2026/,Switzerland Luxury Market Report 2026 - InternetRetailing,"The Switzerland Luxury Market Report 2026 provides an in-depth analysis of this distinctive retail landscape. It explores everything from the strength of the Swiss watch industry to the growth of mobile commerce, personalised customer experiences and sustainable luxury.",,,,https://internetretailing.net/wp-content/uploads/2026/06/switzerland-luxury-2026.png
"Aug 22, 2026 @ 19:50:14.157",b30e51d7432c35173b18d50cc3aa951b,https://internetretailing.net/report-hub/mondi-whitepaper-2026-ai-the-future-of-ecommerce-packaging/,Mondi Whitepaper 2026: AI & The Future of eCommerce Packaging - InternetRetailing,"Discover how Artificial Intelligence, automation and sustainable packaging are reshaping consumer behaviour and driving repeat sales for online retailers. Online retailers are operating in a market defined by rapid technological acceleration, tightening sustainability legislation (such as the EU’s Packaging and Packaging Waste Regulation) and rising operational complexity. Based on a comprehensive survey of 6,000 consumers […]",,,,https://internetretailing.net/wp-content/uploads/2026/06/mondi.png
"Aug 22, 2026 @ 19:50:14.169",efc396681af32755da8b2e8055110230,https://internetretailing.net/report-hub/french-luxury-2026/,France Luxury 2026: Redefining Value in a Changing Market - InternetRetailing,"French Luxury Retail 2026 is an essential guide for global retailers. By examining the dynamics, consumer behaviors and leading players.",,,,https://internetretailing.net/wp-content/uploads/2026/05/france-luxury2026.png
"Aug 22, 2026 @ 19:50:14.175",181e3f01bb83b796a278b1aff53d3b8e,https://internetretailing.net/about/cookie-policy/,Cookie Policy - InternetRetailing,Cookie Policy Cookies are small text files that can be used by websites to make a user’s experience more efficient. The law states that we can store cookies on your device if they are strictly necessary for the operation of this site. For all other types of cookies we need your permission. This site uses […],,,,
"Aug 22, 2026 @ 19:50:14.184",245aaf830806f96dde6234a36fc8279d,https://internetretailing.net/events/category/webinars/,Upcoming Webinars - InternetRetailing,"Upcoming Webinars We host a wealth of webinars covering the latest topics, trends and technological advancements. See what’s coming up down below… Can’t make the date? All previous webinars are now available to watch on demand, so you can rewind and revisit all your favourite industry guests to your heart’s content! 25 Apr 14:00 26 […]",,,,
"Aug 22, 2026 @ 19:50:14.194",9defe1bb573a93beefd0cfb6fdbb3686,https://internetretailing.net/channel/retail-media/,Retail Media - InternetRetailing,"Sponsored by: Mapping the Retail Media opportunity in D2C. We track the dynamics, opportunities and examplars of the retail media revolution via our insight, analysis, research and events. Commentary Case studies Events Podcasts Research Reports Retail Media Newsletter Retail Media 10 Jun 2025 Retail Media Three years ago, Retail Media was nowhere to be seen […]",,,,https://internetretailing.net/wp-content/uploads/2025/04/Retail-Media-logo-Black-1-1024x420.png
"Aug 22, 2026 @ 19:50:14.204",62c13aa3d7f89164eabe533116b596d9,https://internetretailing.net/media/retail-media-podcast/,Retail MediaX Podcast Series 2024 - InternetRetailing,"Retail MediaX podcast series In association with SMG Recorded live at the Retail MediaX events in London, these limited edition podcasts – brought to you in partnership with SMG – have experts from across the retail media ecosystem looking at what leading UK retail media networks are doing; how the sector is evolving; and where […]",,,,https://internetretailing.net/wp-content/uploads/2025/06/RMX-Podcast-banner.png
"Aug 22, 2026 @ 19:50:14.218",51974c18a3e68b958099190f676cf771,https://internetretailing.net/channel/retail-media/#casestudies,Retail Media - InternetRetailing,"Sponsored by: Mapping the Retail Media opportunity in D2C. We track the dynamics, opportunities and examplars of the retail media revolution via our insight, analysis, research and events. Commentary Case studies Events Podcasts Research Reports Retail Media Newsletter Retail Media 10 Jun 2025 Retail Media Three years ago, Retail Media was nowhere to be seen […]",,,,https://internetretailing.net/wp-content/uploads/2025/04/Retail-Media-logo-Black-1-1024x420.png
"Aug 22, 2026 @ 19:50:14.232",7d6b78afd0b7d86b8b98a2fc3f6cb47c,https://internetretailing.net/channel/retail-media/#commentary,Retail Media - InternetRetailing,"Sponsored by: Mapping the Retail Media opportunity in D2C. We track the dynamics, opportunities and examplars of the retail media revolution via our insight, analysis, research and events. Commentary Case studies Events Podcasts Research Reports Retail Media Newsletter Retail Media 10 Jun 2025 Retail Media Three years ago, Retail Media was nowhere to be seen […]",,,,https://internetretailing.net/wp-content/uploads/2025/04/Retail-Media-logo-Black-1-1024x420.png
"Aug 22, 2026 @ 19:50:14.245",dea9fd62e2e2eaaa7235938e317031f3,https://internetretailing.net/channel/retail-media/#research,Retail Media - InternetRetailing,"Sponsored by: Mapping the Retail Media opportunity in D2C. We track the dynamics, opportunities and examplars of the retail media revolution via our insight, analysis, research and events. Commentary Case studies Events Podcasts Research Reports Retail Media Newsletter Retail Media 10 Jun 2025 Retail Media Three years ago, Retail Media was nowhere to be seen […]",,,,https://internetretailing.net/wp-content/uploads/2025/04/Retail-Media-logo-Black-1-1024x420.png
"Aug 22, 2026 @ 19:50:14.262",fc0879997c091aadc2a6130b3522c550,https://internetretailing.net/channel/subscriptions/,Subscriptions - InternetRetailing,"Sponsored by: From curated meal boxes to indispensable necessities, discover how the subscription model is growing and becoming a feature of modern ecommerce. Commentary Case studies Events Podcasts Research Reports SubscriptionX Newsletter News 18 Feb 2026 News Epetōme, a British gut health brand, has secured a multi-million-pound investment to accelerate international expansion… 18 Feb 2026 […]",,,,https://internetretailing.net/wp-content/uploads/2025/04/SubscriptionX_Primary-logo_Grey-1024x226.png
"Aug 22, 2026 @ 19:50:14.277",5576d9b58611233e4e1ccdf9bb6f7876,https://internetretailing.net/themes/sustainability/,Sustainability - InternetRetailing,Read our research and review of retail sustainability and how brands are going green to achieve an eco-friendly future.,,,,https://internetretailing.net/wp-content/uploads/2024/07/horizontal-concepts-fw21-GiveBack2021-US-launch-CLP-teaser-img-carousel-card4_tcm143-760528-copy.jpg
"Aug 22, 2026 @ 19:50:14.290",cac949e9402c48cee3226ca6b77a0905,https://internetretailing.net/themes/strategy-and-innovation/,Strategy & Innovation - InternetRetailing,"Strategy and Innovation Focuses on how retailers can stand out from the competition in an ever-changing multichannel retail market. 15 Nov 2023 For the first time ever, H&M is offering a rental service on selected pieces from their latest guest designer collaboration. A curated assortment from the Rabanne H&M collection featuring exclusive colourways is now available for […]",,,,https://internetretailing.net/wp-content/uploads/2023/11/hmgoepprod-1.jpeg
"Aug 22, 2026 @ 19:50:14.302",3497e4ddafb38ff900e7a9600634bf49,https://internetretailing.net/channel/subscriptions/#casestudies,Subscriptions - InternetRetailing,"Sponsored by: From curated meal boxes to indispensable necessities, discover how the subscription model is growing and becoming a feature of modern ecommerce. Commentary Case studies Events Podcasts Research Reports SubscriptionX Newsletter News 18 Feb 2026 News Epetōme, a British gut health brand, has secured a multi-million-pound investment to accelerate international expansion… 18 Feb 2026 […]",,,,https://internetretailing.net/wp-content/uploads/2025/04/SubscriptionX_Primary-logo_Grey-1024x226.png
"Aug 22, 2026 @ 19:50:14.323",db1953ca591aef01cddc59f06f99f980,https://internetretailing.net/channel/subscriptions/#commentary,Subscriptions - InternetRetailing,"Sponsored by: From curated meal boxes to indispensable necessities, discover how the subscription model is growing and becoming a feature of modern ecommerce. Commentary Case studies Events Podcasts Research Reports SubscriptionX Newsletter News 18 Feb 2026 News Epetōme, a British gut health brand, has secured a multi-million-pound investment to accelerate international expansion… 18 Feb 2026 […]",,,,https://internetretailing.net/wp-content/uploads/2025/04/SubscriptionX_Primary-logo_Grey-1024x226.png
"Aug 22, 2026 @ 19:50:14.336",ee884dd0f160b6682395d7019441dd31,https://internetretailing.net/media/fmcg-podcast/,FMCG Podcast - InternetRetailing,"FMCG Podcast Season 1 in association with dunnhumby Interviews with the people behind positive retail and brand performance. The RetailX Events Podcasts are recorded live at our events, sharing exclusive insights to help you get ahead. Listen via the online player embedded in each episode, or better still make sure you’re the first to get […]",,,,https://internetretailing.net/wp-content/uploads/2025/05/Mirakle-Podcast-IR-v1-2-1.jpg
"Aug 22, 2026 @ 19:50:14.351",8abf1637f8472a73678adbfa98605dd3,https://internetretailing.net/media/the-retail-media-podcast/,"The Retail Media Podcast, in association with Mirakl - InternetRetailing","The Retail Media Podcast in association with Mirakl The Retail Media Podcast, in association with Mirakl, is a 10-part series detailing the journey from Retail to Media. Starting at NRF’s Big Retail show, this series will traverse to the festival of digital media that is Cannes Lions, with engaging and informative conversations in between. Global […]",,,,https://internetretailing.net/wp-content/uploads/2025/05/Mirakle-Podcast-IR-v1-2-1.jpg
"Aug 22, 2026 @ 19:50:14.362",6f1cd6ad6065451968deb87e527ccbd3,https://internetretailing.net/media/retailcraft-podcast/,Podcast - InternetRetailing,"The RetailCraft Podcast Interviews with the people behind multichannel performance. The RetailCraft podcast series looks at the who and how behind the performance of our Global Elite 1000 companies, and those who influence and inspire them. Ian Jindal shares the studio with retail leaders, RetailX’s analysts and sector experts, covering topics from commercial performance through […]",,,,https://internetretailing.net/wp-content/uploads/2023/06/US_UK_Apple_Podcasts_Listen_Badge_CMYK.png
"Aug 22, 2026 @ 19:50:14.372",6ec15e5713b9f1bf7a1314e5021a92be,https://internetretailing.net/media/video-channel/,Video Channel - InternetRetailing,"Videos Watch all our interviews, news and past webinars exploring the most pressing topics in retail, on demand 8 Jun 2022 More Information 28 Apr 2022 More Information 20 Apr 2022 More Information 31 Mar 2022 More Information 31 Mar 2022 More Information 23 Mar 2022 More Information View More Videos Subscribe to Newsletter Access […]",,,,
"Aug 22, 2026 @ 19:50:14.394",acc226cf14efbd766cbfe9a9e602848a,https://internetretailing.net/research/retailx-sector-reports/,Sector Reports - InternetRetailing,"Sector Reports Our RetailX Sector reports take an in-depth dive into the companies, strategies and consumers of different sectors across the UK, Europe and the World. Each report aims to give a retailer greater understanding of the complexities of ecommerce by sector by studying the market forces and customer behaviours by product type. The reports […]",,,,https://internetretailing.net/wp-content/uploads/2025/06/prn.png
"Aug 22, 2026 @ 19:50:14.411",03050cf1e45bc33ee0911d731d7b7bca,https://internetretailing.net/research/whitepapers/,Whitepapers - InternetRetailing,Whitepapers Delving into the more niche areas of successful multichannel retailing operations. Read More Read More Read More Read More Read More Read More Read More Read More Read More Read More Read More Read More Read More Read More Read More Read More Read More Read More Read More Read More Read More Read […],,,,https://internetretailing.net/wp-content/uploads/2025/08/simpler.png
"Aug 22, 2026 @ 19:50:14.429",21cb4a02ce91c8f4264fb8ed2029e22e,https://internetretailing.net/research/bluepapers/,Bluepapers - InternetRetailing,Bluepapers Exploring innovative solutions and emerging technologies in retail… Read More Read More Tealium Read More Featuring case studies with: Test 1Test 2 Read More Read More View More Bluepapers Subscribe to Newsletter Access all new InternetRetailing Research via Email Register InternetRetailing European Newsletter News analysis dedicated to helping European retail professionals Register for Newsletter […],,,,
"Aug 22, 2026 @ 19:50:14.443",891a7a39f08b426c5dde6f9dea3b68b6,https://internetretailing.net/research/top500-reports/,Ranking Reports - InternetRetailing,"Ranking Reports The performance of the world’s leading retailers independently-researched, ranked and analysed. Read More Read More Read More Read More Read More Read More Read More Read More Read More Read More Read More Read More View More Reports “Objective, fact-led performance insight for commercial multichannel professionals.” Martin Shaw, Head of Research, InternetRetailing Get […]",,,,https://internetretailing.net/wp-content/uploads/2025/03/Truelayer-logo-300x75.png
"Aug 22, 2026 @ 19:50:14.456",4511cdc4dba357eb5f85d6179e043db3,https://internetretailing.net/research/retailx-country-reports/,Country Reports - InternetRetailing,"RetailX Country Reports The RetailX country reports equip retailers with the best knowledge to succeed, by providing a clear and comprehensive overview of the state of commerce in countries and regions around the world. We cover everything from facts, figures and ecommerce trends, to European government data, exclusive research, analysis and more. Find out all […]",,,,https://internetretailing.net/wp-content/uploads/2025/10/vimeo.png
"Aug 22, 2026 @ 19:50:14.472",cea08703a32c4b6cac04714ddb96e56b,https://internetretailing.net/research/rxeu-marketplace-report/,Marketplace Reports - InternetRetailing,"European Marketplaces Reports Marketplaces have quickly become an essential part of the online retail mix for both consumers and merchants across Europe. The research in our Marketplace Reportsuncovers where marketplaces in Europe are continuing to evolve towards: how mobile is shifting basic customer experience, the rise of smart and voice-controlled devices in shopping, how delivery […]",,,,https://internetretailing.net/wp-content/uploads/2025/10/inventory-sage.png
"Aug 22, 2026 @ 19:50:14.480",c7330e3504aeb29f61d8bf99b9a963cd,https://internetretailing.net/report-hub/internetretailing-returns-2025-report/,InternetRetailing Returns 2025 Report - InternetRetailing,"InternetRetailing Returns Report 2025 delves into the strategies retailers are using to mitigate the impact of returns on their profitability, customer satisfaction, and the planet. The Report highlights how technology, from informed decision-making to AI tools, is enhancing efficiency and improving the overall customer experience in the returns cycle.",,,,https://internetretailing.net/wp-content/uploads/2025/09/returns-report-2025.png
"Aug 22, 2026 @ 19:50:14.488",e767fbc8cf92c56ea51d2e2293b457f3,https://internetretailing.net/report-hub/retailx-europe-luxury-sector-report-2025/,InternetRetailing Europe Luxury Sector Report 2025 - InternetRetailing,"European Luxury 2025 report examines the state of the luxury clothing, jewellery, bags and accessories market amid reports of a slowdown.",,,,https://internetretailing.net/wp-content/uploads/2024/10/ir-euro-lux-2025.png
"Aug 22, 2026 @ 19:50:14.500",ab7c3b032843b9f528496f3099bc4cac,https://internetretailing.net/channel/subscriptions/#research,Subscriptions - InternetRetailing,"Sponsored by: From curated meal boxes to indispensable necessities, discover how the subscription model is growing and becoming a feature of modern ecommerce. Commentary Case studies Events Podcasts Research Reports SubscriptionX Newsletter News 18 Feb 2026 News Epetōme, a British gut health brand, has secured a multi-million-pound investment to accelerate international expansion… 18 Feb 2026 […]",,,,https://internetretailing.net/wp-content/uploads/2025/04/SubscriptionX_Primary-logo_Grey-1024x226.png
"Aug 22, 2026 @ 19:50:14.510",4c4604f440fb54a94f31d6d74b97eb4b,https://internetretailing.net/upcoming-events/past-webinars/,Past Webinars - InternetRetailing,"Past Webinars Watch all our past webinars exploring the most pressing topics in retail, on demand! 16 Dec 2025 by James Pearson 4 Nov 2025 by James Pearson 24 Sep 2025 by James Pearson 26 Mar 2025 by Chris Dinnall 12 Mar 2025 by Chris Dinnall 19 Feb 2025 by Chris Dinnall View More Webinars […]",,,,https://internetretailing.net/wp-content/uploads/2025/10/From-Peak-To-Plan_Ad_Low-res.png
"Aug 22, 2026 @ 19:50:14.519",22830ce64d848d50de67c60c25bc9e18,https://internetretailing.net/about/advertising-opportunities/,Advertising Opportunities - InternetRetailing,"Work with us We’re the leading voice for ecommerce and multichannel retail success “Internet Retailing has been the voice of online and multichannel retail successfor over a decade. With a dedicated news portal, detailed sector reports andcomplementary events, Internet Retailing is dedicated to helping our partners thrive inthe dynamic ecosystem that is ecommerce. A renewed […]",,,,https://internetretailing.net/wp-content/uploads/2026/01/ebfd28d956305720a35425d4867a7ea3-768x768.webp
"Aug 22, 2026 @ 19:50:14.530",7eb474d5c2cb21efc9d679005674d177,https://internetretailing.net/about/contact-us/,Contact Us - InternetRetailing,"Contact Us EDITORIAL For press releases and media announcements please send to: press@internetretailing.net For article proposals and submissions please email: editor@internetretailing.net To see what papers and features we have coming up this year please visit our Editorial Calendar SALES AND MEDIA PACK Contact our Account Directors, they are happy to help with commercial and sales […]",,,,https://internetretailing.net/wp-content/uploads/2026/03/beyond-the-basics.png
"Aug 22, 2026 @ 19:50:14.543",eaa680bd6af711c04853c6e08446813f,https://internetretailing.net/about/press/,Press - InternetRetailing,Latest Articles 6 Sep 2023 6 Sep 2023 6 Sep 2023 5 Sep 2023 Join Our Press List Register to receive our press releases about our latest research and reports. If you have a question about our research or articles please contact marketing@internetretailing.net View Privacy Policy Latest Reports,,,,https://internetretailing.net/wp-content/uploads/2023/09/Hobbycraft-UKST.png
"Aug 22, 2026 @ 19:50:14.551",39b7d2c03adf2cd37927969e8f94399d,https://internetretailing.net/about/terms-and-conditions/,Terms and Conditions - InternetRetailing,"Terms and Conditions Terms of use Use of this site, and its contents, is subject to the following terms and conditions. By using this site you accept these terms and conditions and agree that you are bound by them. Among other things, these terms limit our liability for any loss or damage which might arise […]",,,,https://internetretailing.net/wp-content/uploads/2022/05/RXBEU22RP_Full_1.1PDF_Thumb1.png
"Aug 22, 2026 @ 19:50:14.558",179385e4d1252cccec38ff94a69f3b2b,https://internetretailing.net/about/privacy-policy/,Privacy Policy - InternetRetailing,"Privacy Policy Privacy Policy Introduction This privacy policy forms part of our terms and conditions and provides information on how Internet Retailing Media Services Ltd (We/Us/Our/The Company) processes your data. Definitions Services means our websites, content and any media, channel, application or service operated, created or made available by the Company which may include but […]",,,,
"Aug 22, 2026 @ 19:50:14.572",e74a8ae7d98c74f9801f637d68d1caa7,https://internetretailing.net/views/frontline/,Frontline - InternetRetailing,"Frontline Feedback from the frontline of multichannel retail – allowing our clients and partners to showcase their brand through their own content. 168 13 Mar 2023 2023 forecasts predicted a bumpy ride for retail. The micro-economic factors that impacted the sector throughout 2022 have persisted, threatening to further dent already squeezed profit margins. Frontline 6 […]",,,,https://internetretailing.net/wp-content/uploads/2023/03/iStock-1391824162-scaled.jpg
"Aug 22, 2026 @ 19:50:14.581",1b6f3c45c23cae0240eae24884803a7b,https://internetretailing.net/media/marketing-unlearned/,"Marketing UnLearned, in association with Epsilon - InternetRetailing","Marketing Unlearned in association with Epsilon Marketing UnLearned is a podcast series that explores the challenges the leading-edge digital marketing poses to established and received wisdom. All new initiatives, until proven, are subject to scrutiny and challenge: the ‘waddabouts’, the statements of inertia, the “why bother?”, the deprioritising questions. Within these challenges there is often […]",,,,https://internetretailing.net/wp-content/uploads/2025/04/epsilon-176352.png
"Aug 22, 2026 @ 19:50:14.590",274dfd23438e21f33f30329ddde05744,https://internetretailing.net/upcoming-events/upcoming-webinars/,Upcoming Webinars - InternetRetailing,"Upcoming Webinars We host a wealth of webinars covering the latest topics, trends and technological advancements. See what’s coming up down below… Can’t make the date? All previous webinars are now available to watch on demand, so you can rewind and revisit all your favourite industry guests to your heart’s content! 25 Apr 14:00 26 […]",,,,
"Aug 22, 2026 @ 19:50:14.596",47fee3105e5a84d7b354400920090daa,https://internetretailing.net/report-hub/der-schlussel-zunachhaltigem-wachstum-imdeutschen-e-commerce/,Der Schlüssel zunachhaltigem Wachstum im Deutschen E-Commerce - InternetRetailing,"Entdecken Sie die fünf Fulfilment-Prioritäten, die deutschen Online-Shoppern besonders wichtig sind – und erfahren Sie, wie Händler diese nutzen können, um Loyalität aufzubauen, Reibungspunkte zu reduzieren und den Umsatz zu steigern. Deutschland zählt zu den wertvollsten E-Commerce-Märkten Europas. Bis 2026 soll der Onlineumsatz auf 86,66 Milliarden Euro steigen. Doch wer in diesem Markt erfolgreich sein […]",,,,https://internetretailing.net/wp-content/uploads/2026/07/ir-german-whitepaper.png
"Aug 22, 2026 @ 19:50:14.603",6a75f32040f618949b7716ba4d0f83c0,https://internetretailing.net/report-hub/switzerland-luxury-market-report-2026/,Switzerland Luxury Market Report 2026 - InternetRetailing,"The Switzerland Luxury Market Report 2026 provides an in-depth analysis of this distinctive retail landscape. It explores everything from the strength of the Swiss watch industry to the growth of mobile commerce, personalised customer experiences and sustainable luxury.",,,,https://internetretailing.net/wp-content/uploads/2026/06/switzerland-luxury-2026.png
"Aug 22, 2026 @ 19:50:14.610",b30e51d7432c35173b18d50cc3aa951b,https://internetretailing.net/report-hub/mondi-whitepaper-2026-ai-the-future-of-ecommerce-packaging/,Mondi Whitepaper 2026: AI & The Future of eCommerce Packaging - InternetRetailing,"Discover how Artificial Intelligence, automation and sustainable packaging are reshaping consumer behaviour and driving repeat sales for online retailers. Online retailers are operating in a market defined by rapid technological acceleration, tightening sustainability legislation (such as the EU’s Packaging and Packaging Waste Regulation) and rising operational complexity. Based on a comprehensive survey of 6,000 consumers […]",,,,https://internetretailing.net/wp-content/uploads/2026/06/mondi.png
"Aug 22, 2026 @ 19:50:14.618",efc396681af32755da8b2e8055110230,https://internetretailing.net/report-hub/french-luxury-2026/,France Luxury 2026: Redefining Value in a Changing Market - InternetRetailing,"French Luxury Retail 2026 is an essential guide for global retailers. By examining the dynamics, consumer behaviors and leading players.",,,,https://internetretailing.net/wp-content/uploads/2026/05/france-luxury2026.png
"Aug 22, 2026 @ 19:50:14.626",181e3f01bb83b796a278b1aff53d3b8e,https://internetretailing.net/about/cookie-policy/,Cookie Policy - InternetRetailing,Cookie Policy Cookies are small text files that can be used by websites to make a user’s experience more efficient. The law states that we can store cookies on your device if they are strictly necessary for the operation of this site. For all other types of cookies we need your permission. This site uses […],,,,
"Aug 22, 2026 @ 19:50:14.635",245aaf830806f96dde6234a36fc8279d,https://internetretailing.net/events/category/webinars/,Upcoming Webinars - InternetRetailing,"Upcoming Webinars We host a wealth of webinars covering the latest topics, trends and technological advancements. See what’s coming up down below… Can’t make the date? All previous webinars are now available to watch on demand, so you can rewind and revisit all your favourite industry guests to your heart’s content! 25 Apr 14:00 26 […]",,,,
"Aug 22, 2026 @ 19:50:14.650",9defe1bb573a93beefd0cfb6fdbb3686,https://internetretailing.net/channel/retail-media/,Retail Media - InternetRetailing,"Sponsored by: Mapping the Retail Media opportunity in D2C. We track the dynamics, opportunities and examplars of the retail media revolution via our insight, analysis, research and events. Commentary Case studies Events Podcasts Research Reports Retail Media Newsletter Retail Media 10 Jun 2025 Retail Media Three years ago, Retail Media was nowhere to be seen […]",,,,https://internetretailing.net/wp-content/uploads/2025/04/Retail-Media-logo-Black-1-1024x420.png
"Aug 22, 2026 @ 19:50:14.660",62c13aa3d7f89164eabe533116b596d9,https://internetretailing.net/media/retail-media-podcast/,Retail MediaX Podcast Series 2024 - InternetRetailing,"Retail MediaX podcast series In association with SMG Recorded live at the Retail MediaX events in London, these limited edition podcasts – brought to you in partnership with SMG – have experts from across the retail media ecosystem looking at what leading UK retail media networks are doing; how the sector is evolving; and where […]",,,,https://internetretailing.net/wp-content/uploads/2025/06/RMX-Podcast-banner.png
"Aug 22, 2026 @ 19:50:14.678",7d6b78afd0b7d86b8b98a2fc3f6cb47c,https://internetretailing.net/channel/retail-media/#commentary,Retail Media - InternetRetailing,"Sponsored by: Mapping the Retail Media opportunity in D2C. We track the dynamics, opportunities and examplars of the retail media revolution via our insight, analysis, research and events. Commentary Case studies Events Podcasts Research Reports Retail Media Newsletter Retail Media 10 Jun 2025 Retail Media Three years ago, Retail Media was nowhere to be seen […]",,,,https://internetretailing.net/wp-content/uploads/2025/04/Retail-Media-logo-Black-1-1024x420.png
"Aug 22, 2026 @ 19:50:14.691",51974c18a3e68b958099190f676cf771,https://internetretailing.net/channel/retail-media/#casestudies,Retail Media - InternetRetailing,"Sponsored by: Mapping the Retail Media opportunity in D2C. We track the dynamics, opportunities and examplars of the retail media revolution via our insight, analysis, research and events. Commentary Case studies Events Podcasts Research Reports Retail Media Newsletter Retail Media 10 Jun 2025 Retail Media Three years ago, Retail Media was nowhere to be seen […]",,,,https://internetretailing.net/wp-content/uploads/2025/04/Retail-Media-logo-Black-1-1024x420.png
"Aug 22, 2026 @ 19:50:14.704",dea9fd62e2e2eaaa7235938e317031f3,https://internetretailing.net/channel/retail-media/#research,Retail Media - InternetRetailing,"Sponsored by: Mapping the Retail Media opportunity in D2C. We track the dynamics, opportunities and examplars of the retail media revolution via our insight, analysis, research and events. Commentary Case studies Events Podcasts Research Reports Retail Media Newsletter Retail Media 10 Jun 2025 Retail Media Three years ago, Retail Media was nowhere to be seen […]",,,,https://internetretailing.net/wp-content/uploads/2025/04/Retail-Media-logo-Black-1-1024x420.png
"Aug 22, 2026 @ 19:50:14.720",fc0879997c091aadc2a6130b3522c550,https://internetretailing.net/channel/subscriptions/,Subscriptions - InternetRetailing,"Sponsored by: From curated meal boxes to indispensable necessities, discover how the subscription model is growing and becoming a feature of modern ecommerce. Commentary Case studies Events Podcasts Research Reports SubscriptionX Newsletter News 18 Feb 2026 News Epetōme, a British gut health brand, has secured a multi-million-pound investment to accelerate international expansion… 18 Feb 2026 […]",,,,https://internetretailing.net/wp-content/uploads/2025/04/SubscriptionX_Primary-logo_Grey-1024x226.png
"Aug 22, 2026 @ 19:50:14.736",5576d9b58611233e4e1ccdf9bb6f7876,https://internetretailing.net/themes/sustainability/,Sustainability - InternetRetailing,Read our research and review of retail sustainability and how brands are going green to achieve an eco-friendly future.,,,,https://internetretailing.net/wp-content/uploads/2024/07/horizontal-concepts-fw21-GiveBack2021-US-launch-CLP-teaser-img-carousel-card4_tcm143-760528-copy.jpg
"Aug 22, 2026 @ 19:50:14.747",cac949e9402c48cee3226ca6b77a0905,https://internetretailing.net/themes/strategy-and-innovation/,Strategy & Innovation - InternetRetailing,"Strategy and Innovation Focuses on how retailers can stand out from the competition in an ever-changing multichannel retail market. 15 Nov 2023 For the first time ever, H&M is offering a rental service on selected pieces from their latest guest designer collaboration. A curated assortment from the Rabanne H&M collection featuring exclusive colourways is now available for […]",,,,https://internetretailing.net/wp-content/uploads/2023/11/hmgoepprod-1.jpeg
"Aug 22, 2026 @ 19:50:14.766",db1953ca591aef01cddc59f06f99f980,https://internetretailing.net/channel/subscriptions/#commentary,Subscriptions - InternetRetailing,"Sponsored by: From curated meal boxes to indispensable necessities, discover how the subscription model is growing and becoming a feature of modern ecommerce. Commentary Case studies Events Podcasts Research Reports SubscriptionX Newsletter News 18 Feb 2026 News Epetōme, a British gut health brand, has secured a multi-million-pound investment to accelerate international expansion… 18 Feb 2026 […]",,,,https://internetretailing.net/wp-content/uploads/2025/04/SubscriptionX_Primary-logo_Grey-1024x226.png
"Aug 22, 2026 @ 19:50:14.793",ee884dd0f160b6682395d7019441dd31,https://internetretailing.net/media/fmcg-podcast/,FMCG Podcast - InternetRetailing,"FMCG Podcast Season 1 in association with dunnhumby Interviews with the people behind positive retail and brand performance. The RetailX Events Podcasts are recorded live at our events, sharing exclusive insights to help you get ahead. Listen via the online player embedded in each episode, or better still make sure you’re the first to get […]",,,,https://internetretailing.net/wp-content/uploads/2025/05/Mirakle-Podcast-IR-v1-2-1.jpg
"Aug 22, 2026 @ 19:50:14.801",8abf1637f8472a73678adbfa98605dd3,https://internetretailing.net/media/the-retail-media-podcast/,"The Retail Media Podcast, in association with Mirakl - InternetRetailing","The Retail Media Podcast in association with Mirakl The Retail Media Podcast, in association with Mirakl, is a 10-part series detailing the journey from Retail to Media. Starting at NRF’s Big Retail show, this series will traverse to the festival of digital media that is Cannes Lions, with engaging and informative conversations in between. Global […]",,,,https://internetretailing.net/wp-content/uploads/2025/05/Mirakle-Podcast-IR-v1-2-1.jpg
"Aug 22, 2026 @ 19:50:14.814",3497e4ddafb38ff900e7a9600634bf49,https://internetretailing.net/channel/subscriptions/#casestudies,Subscriptions - InternetRetailing,"Sponsored by: From curated meal boxes to indispensable necessities, discover how the subscription model is growing and becoming a feature of modern ecommerce. Commentary Case studies Events Podcasts Research Reports SubscriptionX Newsletter News 18 Feb 2026 News Epetōme, a British gut health brand, has secured a multi-million-pound investment to accelerate international expansion… 18 Feb 2026 […]",,,,https://internetretailing.net/wp-content/uploads/2025/04/SubscriptionX_Primary-logo_Grey-1024x226.png
"Aug 22, 2026 @ 19:50:14.827",6f1cd6ad6065451968deb87e527ccbd3,https://internetretailing.net/media/retailcraft-podcast/,Podcast - InternetRetailing,"The RetailCraft Podcast Interviews with the people behind multichannel performance. The RetailCraft podcast series looks at the who and how behind the performance of our Global Elite 1000 companies, and those who influence and inspire them. Ian Jindal shares the studio with retail leaders, RetailX’s analysts and sector experts, covering topics from commercial performance through […]",,,,https://internetretailing.net/wp-content/uploads/2023/06/US_UK_Apple_Podcasts_Listen_Badge_CMYK.png
"Aug 22, 2026 @ 19:50:14.840",6ec15e5713b9f1bf7a1314e5021a92be,https://internetretailing.net/media/video-channel/,Video Channel - InternetRetailing,"Videos Watch all our interviews, news and past webinars exploring the most pressing topics in retail, on demand 8 Jun 2022 More Information 28 Apr 2022 More Information 20 Apr 2022 More Information 31 Mar 2022 More Information 31 Mar 2022 More Information 23 Mar 2022 More Information View More Videos Subscribe to Newsletter Access […]",,,,
"Aug 22, 2026 @ 19:50:14.854",acc226cf14efbd766cbfe9a9e602848a,https://internetretailing.net/research/retailx-sector-reports/,Sector Reports - InternetRetailing,"Sector Reports Our RetailX Sector reports take an in-depth dive into the companies, strategies and consumers of different sectors across the UK, Europe and the World. Each report aims to give a retailer greater understanding of the complexities of ecommerce by sector by studying the market forces and customer behaviours by product type. The reports […]",,,,https://internetretailing.net/wp-content/uploads/2025/06/prn.png
"Aug 22, 2026 @ 19:50:14.871",03050cf1e45bc33ee0911d731d7b7bca,https://internetretailing.net/research/whitepapers/,Whitepapers - InternetRetailing,Whitepapers Delving into the more niche areas of successful multichannel retailing operations. Read More Read More Read More Read More Read More Read More Read More Read More Read More Read More Read More Read More Read More Read More Read More Read More Read More Read More Read More Read More Read More Read […],,,,https://internetretailing.net/wp-content/uploads/2025/08/simpler.png
"Aug 22, 2026 @ 19:50:14.889",21cb4a02ce91c8f4264fb8ed2029e22e,https://internetretailing.net/research/bluepapers/,Bluepapers - InternetRetailing,Bluepapers Exploring innovative solutions and emerging technologies in retail… Read More Read More Tealium Read More Featuring case studies with: Test 1Test 2 Read More Read More View More Bluepapers Subscribe to Newsletter Access all new InternetRetailing Research via Email Register InternetRetailing European Newsletter News analysis dedicated to helping European retail professionals Register for Newsletter […],,,,
"Aug 22, 2026 @ 19:50:14.904",891a7a39f08b426c5dde6f9dea3b68b6,https://internetretailing.net/research/top500-reports/,Ranking Reports - InternetRetailing,"Ranking Reports The performance of the world’s leading retailers independently-researched, ranked and analysed. Read More Read More Read More Read More Read More Read More Read More Read More Read More Read More Read More Read More View More Reports “Objective, fact-led performance insight for commercial multichannel professionals.” Martin Shaw, Head of Research, InternetRetailing Get […]",,,,https://internetretailing.net/wp-content/uploads/2025/03/Truelayer-logo-300x75.png
"Aug 22, 2026 @ 19:50:14.918",4511cdc4dba357eb5f85d6179e043db3,https://internetretailing.net/research/retailx-country-reports/,Country Reports - InternetRetailing,"RetailX Country Reports The RetailX country reports equip retailers with the best knowledge to succeed, by providing a clear and comprehensive overview of the state of commerce in countries and regions around the world. We cover everything from facts, figures and ecommerce trends, to European government data, exclusive research, analysis and more. Find out all […]",,,,https://internetretailing.net/wp-content/uploads/2025/10/vimeo.png
"Aug 22, 2026 @ 19:50:14.932",cea08703a32c4b6cac04714ddb96e56b,https://internetretailing.net/research/rxeu-marketplace-report/,Marketplace Reports - InternetRetailing,"European Marketplaces Reports Marketplaces have quickly become an essential part of the online retail mix for both consumers and merchants across Europe. The research in our Marketplace Reportsuncovers where marketplaces in Europe are continuing to evolve towards: how mobile is shifting basic customer experience, the rise of smart and voice-controlled devices in shopping, how delivery […]",,,,https://internetretailing.net/wp-content/uploads/2025/10/inventory-sage.png
"Aug 22, 2026 @ 19:50:14.941",c7330e3504aeb29f61d8bf99b9a963cd,https://internetretailing.net/report-hub/internetretailing-returns-2025-report/,InternetRetailing Returns 2025 Report - InternetRetailing,"InternetRetailing Returns Report 2025 delves into the strategies retailers are using to mitigate the impact of returns on their profitability, customer satisfaction, and the planet. The Report highlights how technology, from informed decision-making to AI tools, is enhancing efficiency and improving the overall customer experience in the returns cycle.",,,,https://internetretailing.net/wp-content/uploads/2025/09/returns-report-2025.png
"Aug 22, 2026 @ 19:50:14.947",e767fbc8cf92c56ea51d2e2293b457f3,https://internetretailing.net/report-hub/retailx-europe-luxury-sector-report-2025/,InternetRetailing Europe Luxury Sector Report 2025 - InternetRetailing,"European Luxury 2025 report examines the state of the luxury clothing, jewellery, bags and accessories market amid reports of a slowdown.",,,,https://internetretailing.net/wp-content/uploads/2024/10/ir-euro-lux-2025.png
"Aug 22, 2026 @ 19:50:14.960",ab7c3b032843b9f528496f3099bc4cac,https://internetretailing.net/channel/subscriptions/#research,Subscriptions - InternetRetailing,"Sponsored by: From curated meal boxes to indispensable necessities, discover how the subscription model is growing and becoming a feature of modern ecommerce. Commentary Case studies Events Podcasts Research Reports SubscriptionX Newsletter News 18 Feb 2026 News Epetōme, a British gut health brand, has secured a multi-million-pound investment to accelerate international expansion… 18 Feb 2026 […]",,,,https://internetretailing.net/wp-content/uploads/2025/04/SubscriptionX_Primary-logo_Grey-1024x226.png
"Aug 22, 2026 @ 19:50:14.969",4c4604f440fb54a94f31d6d74b97eb4b,https://internetretailing.net/upcoming-events/past-webinars/,Past Webinars - InternetRetailing,"Past Webinars Watch all our past webinars exploring the most pressing topics in retail, on demand! 16 Dec 2025 by James Pearson 4 Nov 2025 by James Pearson 24 Sep 2025 by James Pearson 26 Mar 2025 by Chris Dinnall 12 Mar 2025 by Chris Dinnall 19 Feb 2025 by Chris Dinnall View More Webinars […]",,,,https://internetretailing.net/wp-content/uploads/2025/10/From-Peak-To-Plan_Ad_Low-res.png
"Aug 22, 2026 @ 19:50:14.976",22830ce64d848d50de67c60c25bc9e18,https://internetretailing.net/about/advertising-opportunities/,Advertising Opportunities - InternetRetailing,"Work with us We’re the leading voice for ecommerce and multichannel retail success “Internet Retailing has been the voice of online and multichannel retail successfor over a decade. With a dedicated news portal, detailed sector reports andcomplementary events, Internet Retailing is dedicated to helping our partners thrive inthe dynamic ecosystem that is ecommerce. A renewed […]",,,,https://internetretailing.net/wp-content/uploads/2026/01/ebfd28d956305720a35425d4867a7ea3-768x768.webp
"Aug 22, 2026 @ 19:50:14.984",7eb474d5c2cb21efc9d679005674d177,https://internetretailing.net/about/contact-us/,Contact Us - InternetRetailing,"Contact Us EDITORIAL For press releases and media announcements please send to: press@internetretailing.net For article proposals and submissions please email: editor@internetretailing.net To see what papers and features we have coming up this year please visit our Editorial Calendar SALES AND MEDIA PACK Contact our Account Directors, they are happy to help with commercial and sales […]",,,,https://internetretailing.net/wp-content/uploads/2026/03/beyond-the-basics.png
"Aug 22, 2026 @ 19:50:14.994",eaa680bd6af711c04853c6e08446813f,https://internetretailing.net/about/press/,Press - InternetRetailing,Latest Articles 6 Sep 2023 6 Sep 2023 6 Sep 2023 5 Sep 2023 Join Our Press List Register to receive our press releases about our latest research and reports. If you have a question about our research or articles please contact marketing@internetretailing.net View Privacy Policy Latest Reports,,,,https://internetretailing.net/wp-content/uploads/2023/09/Hobbycraft-UKST.png
"Aug 22, 2026 @ 19:50:15.002",39b7d2c03adf2cd37927969e8f94399d,https://internetretailing.net/about/terms-and-conditions/,Terms and Conditions - InternetRetailing,"Terms and Conditions Terms of use Use of this site, and its contents, is subject to the following terms and conditions. By using this site you accept these terms and conditions and agree that you are bound by them. Among other things, these terms limit our liability for any loss or damage which might arise […]",,,,https://internetretailing.net/wp-content/uploads/2022/05/RXBEU22RP_Full_1.1PDF_Thumb1.png
"Aug 22, 2026 @ 19:50:15.010",179385e4d1252cccec38ff94a69f3b2b,https://internetretailing.net/about/privacy-policy/,Privacy Policy - InternetRetailing,"Privacy Policy Privacy Policy Introduction This privacy policy forms part of our terms and conditions and provides information on how Internet Retailing Media Services Ltd (We/Us/Our/The Company) processes your data. Definitions Services means our websites, content and any media, channel, application or service operated, created or made available by the Company which may include but […]",,,,
"Aug 22, 2026 @ 19:50:15.022",e74a8ae7d98c74f9801f637d68d1caa7,https://internetretailing.net/views/frontline/,Frontline - InternetRetailing,"Frontline Feedback from the frontline of multichannel retail – allowing our clients and partners to showcase their brand through their own content. 168 13 Mar 2023 2023 forecasts predicted a bumpy ride for retail. The micro-economic factors that impacted the sector throughout 2022 have persisted, threatening to further dent already squeezed profit margins. Frontline 6 […]",,,,https://internetretailing.net/wp-content/uploads/2023/03/iStock-1391824162-scaled.jpg
"Aug 22, 2026 @ 19:50:15.031",1b6f3c45c23cae0240eae24884803a7b,https://internetretailing.net/media/marketing-unlearned/,"Marketing UnLearned, in association with Epsilon - InternetRetailing","Marketing Unlearned in association with Epsilon Marketing UnLearned is a podcast series that explores the challenges the leading-edge digital marketing poses to established and received wisdom. All new initiatives, until proven, are subject to scrutiny and challenge: the ‘waddabouts’, the statements of inertia, the “why bother?”, the deprioritising questions. Within these challenges there is often […]",,,,https://internetretailing.net/wp-content/uploads/2025/04/epsilon-176352.png
"Aug 22, 2026 @ 19:50:15.039",274dfd23438e21f33f30329ddde05744,https://internetretailing.net/upcoming-events/upcoming-webinars/,Upcoming Webinars - InternetRetailing,"Upcoming Webinars We host a wealth of webinars covering the latest topics, trends and technological advancements. See what’s coming up down below… Can’t make the date? All previous webinars are now available to watch on demand, so you can rewind and revisit all your favourite industry guests to your heart’s content! 25 Apr 14:00 26 […]",,,,
"Aug 22, 2026 @ 19:50:15.047",47fee3105e5a84d7b354400920090daa,https://internetretailing.net/report-hub/der-schlussel-zunachhaltigem-wachstum-imdeutschen-e-commerce/,Der Schlüssel zunachhaltigem Wachstum im Deutschen E-Commerce - InternetRetailing,"Entdecken Sie die fünf Fulfilment-Prioritäten, die deutschen Online-Shoppern besonders wichtig sind – und erfahren Sie, wie Händler diese nutzen können, um Loyalität aufzubauen, Reibungspunkte zu reduzieren und den Umsatz zu steigern. Deutschland zählt zu den wertvollsten E-Commerce-Märkten Europas. Bis 2026 soll der Onlineumsatz auf 86,66 Milliarden Euro steigen. Doch wer in diesem Markt erfolgreich sein […]",,,,https://internetretailing.net/wp-content/uploads/2026/07/ir-german-whitepaper.png
"Aug 22, 2026 @ 19:50:15.053",6a75f32040f618949b7716ba4d0f83c0,https://internetretailing.net/report-hub/switzerland-luxury-market-report-2026/,Switzerland Luxury Market Report 2026 - InternetRetailing,"The Switzerland Luxury Market Report 2026 provides an in-depth analysis of this distinctive retail landscape. It explores everything from the strength of the Swiss watch industry to the growth of mobile commerce, personalised customer experiences and sustainable luxury.",,,,https://internetretailing.net/wp-content/uploads/2026/06/switzerland-luxury-2026.png
"Aug 22, 2026 @ 19:50:15.060",b30e51d7432c35173b18d50cc3aa951b,https://internetretailing.net/report-hub/mondi-whitepaper-2026-ai-the-future-of-ecommerce-packaging/,Mondi Whitepaper 2026: AI & The Future of eCommerce Packaging - InternetRetailing,"Discover how Artificial Intelligence, automation and sustainable packaging are reshaping consumer behaviour and driving repeat sales for online retailers. Online retailers are operating in a market defined by rapid technological acceleration, tightening sustainability legislation (such as the EU’s Packaging and Packaging Waste Regulation) and rising operational complexity. Based on a comprehensive survey of 6,000 consumers […]",,,,https://internetretailing.net/wp-content/uploads/2026/06/mondi.png
"Aug 22, 2026 @ 19:50:15.069",efc396681af32755da8b2e8055110230,https://internetretailing.net/report-hub/french-luxury-2026/,France Luxury 2026: Redefining Value in a Changing Market - InternetRetailing,"French Luxury Retail 2026 is an essential guide for global retailers. By examining the dynamics, consumer behaviors and leading players.",,,,https://internetretailing.net/wp-content/uploads/2026/05/france-luxury2026.png
"Aug 22, 2026 @ 19:50:15.077",181e3f01bb83b796a278b1aff53d3b8e,https://internetretailing.net/about/cookie-policy/,Cookie Policy - InternetRetailing,Cookie Policy Cookies are small text files that can be used by websites to make a user’s experience more efficient. The law states that we can store cookies on your device if they are strictly necessary for the operation of this site. For all other types of cookies we need your permission. This site uses […],,,,
"Aug 22, 2026 @ 19:50:15.086",245aaf830806f96dde6234a36fc8279d,https://internetretailing.net/events/category/webinars/,Upcoming Webinars - InternetRetailing,"Upcoming Webinars We host a wealth of webinars covering the latest topics, trends and technological advancements. See what’s coming up down below… Can’t make the date? All previous webinars are now available to watch on demand, so you can rewind and revisit all your favourite industry guests to your heart’s content! 25 Apr 14:00 26 […]",,,,
"Aug 22, 2026 @ 19:50:15.091",9defe1bb573a93beefd0cfb6fdbb3686,https://internetretailing.net/channel/retail-media/,Retail Media - InternetRetailing,"Sponsored by: Mapping the Retail Media opportunity in D2C. We track the dynamics, opportunities and examplars of the retail media revolution via our insight, analysis, research and events. Commentary Case studies Events Podcasts Research Reports Retail Media Newsletter Retail Media 10 Jun 2025 Retail Media Three years ago, Retail Media was nowhere to be seen […]",,,,https://internetretailing.net/wp-content/uploads/2025/04/Retail-Media-logo-Black-1-1024x420.png
"Aug 22, 2026 @ 19:50:15.115",62c13aa3d7f89164eabe533116b596d9,https://internetretailing.net/media/retail-media-podcast/,Retail MediaX Podcast Series 2024 - InternetRetailing,"Retail MediaX podcast series In association with SMG Recorded live at the Retail MediaX events in London, these limited edition podcasts – brought to you in partnership with SMG – have experts from across the retail media ecosystem looking at what leading UK retail media networks are doing; how the sector is evolving; and where […]",,,,https://internetretailing.net/wp-content/uploads/2025/06/RMX-Podcast-banner.png
"Aug 22, 2026 @ 19:50:15.125",51974c18a3e68b958099190f676cf771,https://internetretailing.net/channel/retail-media/#casestudies,Retail Media - InternetRetailing,"Sponsored by: Mapping the Retail Media opportunity in D2C. We track the dynamics, opportunities and examplars of the retail media revolution via our insight, analysis, research and events. Commentary Case studies Events Podcasts Research Reports Retail Media Newsletter Retail Media 10 Jun 2025 Retail Media Three years ago, Retail Media was nowhere to be seen […]",,,,https://internetretailing.net/wp-content/uploads/2025/04/Retail-Media-logo-Black-1-1024x420.png
"Aug 22, 2026 @ 19:50:15.137",7d6b78afd0b7d86b8b98a2fc3f6cb47c,https://internetretailing.net/channel/retail-media/#commentary,Retail Media - InternetRetailing,"Sponsored by: Mapping the Retail Media opportunity in D2C. We track the dynamics, opportunities and examplars of the retail media revolution via our insight, analysis, research and events. Commentary Case studies Events Podcasts Research Reports Retail Media Newsletter Retail Media 10 Jun 2025 Retail Media Three years ago, Retail Media was nowhere to be seen […]",,,,https://internetretailing.net/wp-content/uploads/2025/04/Retail-Media-logo-Black-1-1024x420.png
"Aug 22, 2026 @ 19:50:15.148",dea9fd62e2e2eaaa7235938e317031f3,https://internetretailing.net/channel/retail-media/#research,Retail Media - InternetRetailing,"Sponsored by: Mapping the Retail Media opportunity in D2C. We track the dynamics, opportunities and examplars of the retail media revolution via our insight, analysis, research and events. Commentary Case studies Events Podcasts Research Reports Retail Media Newsletter Retail Media 10 Jun 2025 Retail Media Three years ago, Retail Media was nowhere to be seen […]",,,,https://internetretailing.net/wp-content/uploads/2025/04/Retail-Media-logo-Black-1-1024x420.png
"Aug 22, 2026 @ 19:50:15.163",fc0879997c091aadc2a6130b3522c550,https://internetretailing.net/channel/subscriptions/,Subscriptions - InternetRetailing,"Sponsored by: From curated meal boxes to indispensable necessities, discover how the subscription model is growing and becoming a feature of modern ecommerce. Commentary Case studies Events Podcasts Research Reports SubscriptionX Newsletter News 18 Feb 2026 News Epetōme, a British gut health brand, has secured a multi-million-pound investment to accelerate international expansion… 18 Feb 2026 […]",,,,https://internetretailing.net/wp-content/uploads/2025/04/SubscriptionX_Primary-logo_Grey-1024x226.png
"Aug 22, 2026 @ 19:50:15.174",5576d9b58611233e4e1ccdf9bb6f7876,https://internetretailing.net/themes/sustainability/,Sustainability - InternetRetailing,Read our research and review of retail sustainability and how brands are going green to achieve an eco-friendly future.,,,,https://internetretailing.net/wp-content/uploads/2024/07/horizontal-concepts-fw21-GiveBack2021-US-launch-CLP-teaser-img-carousel-card4_tcm143-760528-copy.jpg
"Aug 22, 2026 @ 19:50:15.187",cac949e9402c48cee3226ca6b77a0905,https://internetretailing.net/themes/strategy-and-innovation/,Strategy & Innovation - InternetRetailing,"Strategy and Innovation Focuses on how retailers can stand out from the competition in an ever-changing multichannel retail market. 15 Nov 2023 For the first time ever, H&M is offering a rental service on selected pieces from their latest guest designer collaboration. A curated assortment from the Rabanne H&M collection featuring exclusive colourways is now available for […]",,,,https://internetretailing.net/wp-content/uploads/2023/11/hmgoepprod-1.jpeg
"Aug 22, 2026 @ 19:50:15.200",db1953ca591aef01cddc59f06f99f980,https://internetretailing.net/channel/subscriptions/#commentary,Subscriptions - InternetRetailing,"Sponsored by: From curated meal boxes to indispensable necessities, discover how the subscription model is growing and becoming a feature of modern ecommerce. Commentary Case studies Events Podcasts Research Reports SubscriptionX Newsletter News 18 Feb 2026 News Epetōme, a British gut health brand, has secured a multi-million-pound investment to accelerate international expansion… 18 Feb 2026 […]",,,,https://internetretailing.net/wp-content/uploads/2025/04/SubscriptionX_Primary-logo_Grey-1024x226.png
"Aug 22, 2026 @ 19:50:15.210",ee884dd0f160b6682395d7019441dd31,https://internetretailing.net/media/fmcg-podcast/,FMCG Podcast - InternetRetailing,"FMCG Podcast Season 1 in association with dunnhumby Interviews with the people behind positive retail and brand performance. The RetailX Events Podcasts are recorded live at our events, sharing exclusive insights to help you get ahead. Listen via the online player embedded in each episode, or better still make sure you’re the first to get […]",,,,https://internetretailing.net/wp-content/uploads/2025/05/Mirakle-Podcast-IR-v1-2-1.jpg
"Aug 22, 2026 @ 19:50:15.212",8abf1637f8472a73678adbfa98605dd3,https://internetretailing.net/media/the-retail-media-podcast/,"The Retail Media Podcast, in association with Mirakl - InternetRetailing","The Retail Media Podcast in association with Mirakl The Retail Media Podcast, in association with Mirakl, is a 10-part series detailing the journey from Retail to Media. Starting at NRF’s Big Retail show, this series will traverse to the festival of digital media that is Cannes Lions, with engaging and informative conversations in between. Global […]",,,,https://internetretailing.net/wp-content/uploads/2025/05/Mirakle-Podcast-IR-v1-2-1.jpg
"Aug 22, 2026 @ 19:50:15.230",3497e4ddafb38ff900e7a9600634bf49,https://internetretailing.net/channel/subscriptions/#casestudies,Subscriptions - InternetRetailing,"Sponsored by: From curated meal boxes to indispensable necessities, discover how the subscription model is growing and becoming a feature of modern ecommerce. Commentary Case studies Events Podcasts Research Reports SubscriptionX Newsletter News 18 Feb 2026 News Epetōme, a British gut health brand, has secured a multi-million-pound investment to accelerate international expansion… 18 Feb 2026 […]",,,,https://internetretailing.net/wp-content/uploads/2025/04/SubscriptionX_Primary-logo_Grey-1024x226.png
"Aug 22, 2026 @ 19:50:15.241",6f1cd6ad6065451968deb87e527ccbd3,https://internetretailing.net/media/retailcraft-podcast/,Podcast - InternetRetailing,"The RetailCraft Podcast Interviews with the people behind multichannel performance. The RetailCraft podcast series looks at the who and how behind the performance of our Global Elite 1000 companies, and those who influence and inspire them. Ian Jindal shares the studio with retail leaders, RetailX’s analysts and sector experts, covering topics from commercial performance through […]",,,,https://internetretailing.net/wp-content/uploads/2023/06/US_UK_Apple_Podcasts_Listen_Badge_CMYK.png
"Aug 22, 2026 @ 19:50:15.250",6ec15e5713b9f1bf7a1314e5021a92be,https://internetretailing.net/media/video-channel/,Video Channel - InternetRetailing,"Videos Watch all our interviews, news and past webinars exploring the most pressing topics in retail, on demand 8 Jun 2022 More Information 28 Apr 2022 More Information 20 Apr 2022 More Information 31 Mar 2022 More Information 31 Mar 2022 More Information 23 Mar 2022 More Information View More Videos Subscribe to Newsletter Access […]",,,,
"Aug 22, 2026 @ 19:50:15.264",acc226cf14efbd766cbfe9a9e602848a,https://internetretailing.net/research/retailx-sector-reports/,Sector Reports - InternetRetailing,"Sector Reports Our RetailX Sector reports take an in-depth dive into the companies, strategies and consumers of different sectors across the UK, Europe and the World. Each report aims to give a retailer greater understanding of the complexities of ecommerce by sector by studying the market forces and customer behaviours by product type. The reports […]",,,,https://internetretailing.net/wp-content/uploads/2025/06/prn.png
"Aug 22, 2026 @ 19:50:15.282",03050cf1e45bc33ee0911d731d7b7bca,https://internetretailing.net/research/whitepapers/,Whitepapers - InternetRetailing,Whitepapers Delving into the more niche areas of successful multichannel retailing operations. Read More Read More Read More Read More Read More Read More Read More Read More Read More Read More Read More Read More Read More Read More Read More Read More Read More Read More Read More Read More Read More Read […],,,,https://internetretailing.net/wp-content/uploads/2025/08/simpler.png
"Aug 22, 2026 @ 19:50:15.294",21cb4a02ce91c8f4264fb8ed2029e22e,https://internetretailing.net/research/bluepapers/,Bluepapers - InternetRetailing,Bluepapers Exploring innovative solutions and emerging technologies in retail… Read More Read More Tealium Read More Featuring case studies with: Test 1Test 2 Read More Read More View More Bluepapers Subscribe to Newsletter Access all new InternetRetailing Research via Email Register InternetRetailing European Newsletter News analysis dedicated to helping European retail professionals Register for Newsletter […],,,,
"Aug 22, 2026 @ 19:50:15.308",891a7a39f08b426c5dde6f9dea3b68b6,https://internetretailing.net/research/top500-reports/,Ranking Reports - InternetRetailing,"Ranking Reports The performance of the world’s leading retailers independently-researched, ranked and analysed. Read More Read More Read More Read More Read More Read More Read More Read More Read More Read More Read More Read More View More Reports “Objective, fact-led performance insight for commercial multichannel professionals.” Martin Shaw, Head of Research, InternetRetailing Get […]",,,,https://internetretailing.net/wp-content/uploads/2025/03/Truelayer-logo-300x75.png
"Aug 22, 2026 @ 19:50:15.322",4511cdc4dba357eb5f85d6179e043db3,https://internetretailing.net/research/retailx-country-reports/,Country Reports - InternetRetailing,"RetailX Country Reports The RetailX country reports equip retailers with the best knowledge to succeed, by providing a clear and comprehensive overview of the state of commerce in countries and regions around the world. We cover everything from facts, figures and ecommerce trends, to European government data, exclusive research, analysis and more. Find out all […]",,,,https://internetretailing.net/wp-content/uploads/2025/10/vimeo.png
"Aug 22, 2026 @ 19:50:15.335",cea08703a32c4b6cac04714ddb96e56b,https://internetretailing.net/research/rxeu-marketplace-report/,Marketplace Reports - InternetRetailing,"European Marketplaces Reports Marketplaces have quickly become an essential part of the online retail mix for both consumers and merchants across Europe. The research in our Marketplace Reportsuncovers where marketplaces in Europe are continuing to evolve towards: how mobile is shifting basic customer experience, the rise of smart and voice-controlled devices in shopping, how delivery […]",,,,https://internetretailing.net/wp-content/uploads/2025/10/inventory-sage.png
"Aug 22, 2026 @ 19:50:15.340",c7330e3504aeb29f61d8bf99b9a963cd,https://internetretailing.net/report-hub/internetretailing-returns-2025-report/,InternetRetailing Returns 2025 Report - InternetRetailing,"InternetRetailing Returns Report 2025 delves into the strategies retailers are using to mitigate the impact of returns on their profitability, customer satisfaction, and the planet. The Report highlights how technology, from informed decision-making to AI tools, is enhancing efficiency and improving the overall customer experience in the returns cycle.",,,,https://internetretailing.net/wp-content/uploads/2025/09/returns-report-2025.png
"Aug 22, 2026 @ 19:50:15.344",e767fbc8cf92c56ea51d2e2293b457f3,https://internetretailing.net/report-hub/retailx-europe-luxury-sector-report-2025/,InternetRetailing Europe Luxury Sector Report 2025 - InternetRetailing,"European Luxury 2025 report examines the state of the luxury clothing, jewellery, bags and accessories market amid reports of a slowdown.",,,,https://internetretailing.net/wp-content/uploads/2024/10/ir-euro-lux-2025.png
"Aug 22, 2026 @ 19:50:15.361",ab7c3b032843b9f528496f3099bc4cac,https://internetretailing.net/channel/subscriptions/#research,Subscriptions - InternetRetailing,"Sponsored by: From curated meal boxes to indispensable necessities, discover how the subscription model is growing and becoming a feature of modern ecommerce. Commentary Case studies Events Podcasts Research Reports SubscriptionX Newsletter News 18 Feb 2026 News Epetōme, a British gut health brand, has secured a multi-million-pound investment to accelerate international expansion… 18 Feb 2026 […]",,,,https://internetretailing.net/wp-content/uploads/2025/04/SubscriptionX_Primary-logo_Grey-1024x226.png
"Aug 22, 2026 @ 19:50:15.370",4c4604f440fb54a94f31d6d74b97eb4b,https://internetretailing.net/upcoming-events/past-webinars/,Past Webinars - InternetRetailing,"Past Webinars Watch all our past webinars exploring the most pressing topics in retail, on demand! 16 Dec 2025 by James Pearson 4 Nov 2025 by James Pearson 24 Sep 2025 by James Pearson 26 Mar 2025 by Chris Dinnall 12 Mar 2025 by Chris Dinnall 19 Feb 2025 by Chris Dinnall View More Webinars […]",,,,https://internetretailing.net/wp-content/uploads/2025/10/From-Peak-To-Plan_Ad_Low-res.png
"Aug 22, 2026 @ 19:50:15.376",22830ce64d848d50de67c60c25bc9e18,https://internetretailing.net/about/advertising-opportunities/,Advertising Opportunities - InternetRetailing,"Work with us We’re the leading voice for ecommerce and multichannel retail success “Internet Retailing has been the voice of online and multichannel retail successfor over a decade. With a dedicated news portal, detailed sector reports andcomplementary events, Internet Retailing is dedicated to helping our partners thrive inthe dynamic ecosystem that is ecommerce. A renewed […]",,,,https://internetretailing.net/wp-content/uploads/2026/01/ebfd28d956305720a35425d4867a7ea3-768x768.webp
"Aug 22, 2026 @ 19:50:15.384",7eb474d5c2cb21efc9d679005674d177,https://internetretailing.net/about/contact-us/,Contact Us - InternetRetailing,"Contact Us EDITORIAL For press releases and media announcements please send to: press@internetretailing.net For article proposals and submissions please email: editor@internetretailing.net To see what papers and features we have coming up this year please visit our Editorial Calendar SALES AND MEDIA PACK Contact our Account Directors, they are happy to help with commercial and sales […]",,,,https://internetretailing.net/wp-content/uploads/2026/03/beyond-the-basics.png
"Aug 22, 2026 @ 19:50:15.394",eaa680bd6af711c04853c6e08446813f,https://internetretailing.net/about/press/,Press - InternetRetailing,Latest Articles 6 Sep 2023 6 Sep 2023 6 Sep 2023 5 Sep 2023 Join Our Press List Register to receive our press releases about our latest research and reports. If you have a question about our research or articles please contact marketing@internetretailing.net View Privacy Policy Latest Reports,,,,https://internetretailing.net/wp-content/uploads/2023/09/Hobbycraft-UKST.png
"Aug 22, 2026 @ 19:50:15.406",39b7d2c03adf2cd37927969e8f94399d,https://internetretailing.net/about/terms-and-conditions/,Terms and Conditions - InternetRetailing,"Terms and Conditions Terms of use Use of this site, and its contents, is subject to the following terms and conditions. By using this site you accept these terms and conditions and agree that you are bound by them. Among other things, these terms limit our liability for any loss or damage which might arise […]",,,,https://internetretailing.net/wp-content/uploads/2022/05/RXBEU22RP_Full_1.1PDF_Thumb1.png
"Aug 22, 2026 @ 19:50:15.411",179385e4d1252cccec38ff94a69f3b2b,https://internetretailing.net/about/privacy-policy/,Privacy Policy - InternetRetailing,"Privacy Policy Privacy Policy Introduction This privacy policy forms part of our terms and conditions and provides information on how Internet Retailing Media Services Ltd (We/Us/Our/The Company) processes your data. Definitions Services means our websites, content and any media, channel, application or service operated, created or made available by the Company which may include but […]",,,,
"Aug 22, 2026 @ 19:50:15.428",e74a8ae7d98c74f9801f637d68d1caa7,https://internetretailing.net/views/frontline/,Frontline - InternetRetailing,"Frontline Feedback from the frontline of multichannel retail – allowing our clients and partners to showcase their brand through their own content. 168 13 Mar 2023 2023 forecasts predicted a bumpy ride for retail. The micro-economic factors that impacted the sector throughout 2022 have persisted, threatening to further dent already squeezed profit margins. Frontline 6 […]",,,,https://internetretailing.net/wp-content/uploads/2023/03/iStock-1391824162-scaled.jpg
"Aug 22, 2026 @ 19:50:15.439",274dfd23438e21f33f30329ddde05744,https://internetretailing.net/upcoming-events/upcoming-webinars/,Upcoming Webinars - InternetRetailing,"Upcoming Webinars We host a wealth of webinars covering the latest topics, trends and technological advancements. See what’s coming up down below… Can’t make the date? All previous webinars are now available to watch on demand, so you can rewind and revisit all your favourite industry guests to your heart’s content! 25 Apr 14:00 26 […]",,,,
"Aug 22, 2026 @ 19:50:15.452",1b6f3c45c23cae0240eae24884803a7b,https://internetretailing.net/media/marketing-unlearned/,"Marketing UnLearned, in association with Epsilon - InternetRetailing","Marketing Unlearned in association with Epsilon Marketing UnLearned is a podcast series that explores the challenges the leading-edge digital marketing poses to established and received wisdom. All new initiatives, until proven, are subject to scrutiny and challenge: the ‘waddabouts’, the statements of inertia, the “why bother?”, the deprioritising questions. Within these challenges there is often […]",,,,https://internetretailing.net/wp-content/uploads/2025/04/epsilon-176352.png
"Aug 22, 2026 @ 19:50:15.459",47fee3105e5a84d7b354400920090daa,https://internetretailing.net/report-hub/der-schlussel-zunachhaltigem-wachstum-imdeutschen-e-commerce/,Der Schlüssel zunachhaltigem Wachstum im Deutschen E-Commerce - InternetRetailing,"Entdecken Sie die fünf Fulfilment-Prioritäten, die deutschen Online-Shoppern besonders wichtig sind – und erfahren Sie, wie Händler diese nutzen können, um Loyalität aufzubauen, Reibungspunkte zu reduzieren und den Umsatz zu steigern. Deutschland zählt zu den wertvollsten E-Commerce-Märkten Europas. Bis 2026 soll der Onlineumsatz auf 86,66 Milliarden Euro steigen. Doch wer in diesem Markt erfolgreich sein […]",,,,https://internetretailing.net/wp-content/uploads/2026/07/ir-german-whitepaper.png
"Aug 22, 2026 @ 19:50:15.470",6a75f32040f618949b7716ba4d0f83c0,https://internetretailing.net/report-hub/switzerland-luxury-market-report-2026/,Switzerland Luxury Market Report 2026 - InternetRetailing,"The Switzerland Luxury Market Report 2026 provides an in-depth analysis of this distinctive retail landscape. It explores everything from the strength of the Swiss watch industry to the growth of mobile commerce, personalised customer experiences and sustainable luxury.",,,,https://internetretailing.net/wp-content/uploads/2026/06/switzerland-luxury-2026.png
"Aug 22, 2026 @ 19:50:15.479",b30e51d7432c35173b18d50cc3aa951b,https://internetretailing.net/report-hub/mondi-whitepaper-2026-ai-the-future-of-ecommerce-packaging/,Mondi Whitepaper 2026: AI & The Future of eCommerce Packaging - InternetRetailing,"Discover how Artificial Intelligence, automation and sustainable packaging are reshaping consumer behaviour and driving repeat sales for online retailers. Online retailers are operating in a market defined by rapid technological acceleration, tightening sustainability legislation (such as the EU’s Packaging and Packaging Waste Regulation) and rising operational complexity. Based on a comprehensive survey of 6,000 consumers […]",,,,https://internetretailing.net/wp-content/uploads/2026/06/mondi.png
"Aug 22, 2026 @ 19:50:15.488",efc396681af32755da8b2e8055110230,https://internetretailing.net/report-hub/french-luxury-2026/,France Luxury 2026: Redefining Value in a Changing Market - InternetRetailing,"French Luxury Retail 2026 is an essential guide for global retailers. By examining the dynamics, consumer behaviors and leading players.",,,,https://internetretailing.net/wp-content/uploads/2026/05/france-luxury2026.png
"Aug 22, 2026 @ 19:50:15.500",181e3f01bb83b796a278b1aff53d3b8e,https://internetretailing.net/about/cookie-policy/,Cookie Policy - InternetRetailing,Cookie Policy Cookies are small text files that can be used by websites to make a user’s experience more efficient. The law states that we can store cookies on your device if they are strictly necessary for the operation of this site. For all other types of cookies we need your permission. This site uses […],,,,
"Aug 22, 2026 @ 19:50:15.511",245aaf830806f96dde6234a36fc8279d,https://internetretailing.net/events/category/webinars/,Upcoming Webinars - InternetRetailing,"Upcoming Webinars We host a wealth of webinars covering the latest topics, trends and technological advancements. See what’s coming up down below… Can’t make the date? All previous webinars are now available to watch on demand, so you can rewind and revisit all your favourite industry guests to your heart’s content! 25 Apr 14:00 26 […]",,,,
"Aug 22, 2026 @ 19:50:15.537",9defe1bb573a93beefd0cfb6fdbb3686,https://internetretailing.net/channel/retail-media/,Retail Media - InternetRetailing,"Sponsored by: Mapping the Retail Media opportunity in D2C. We track the dynamics, opportunities and examplars of the retail media revolution via our insight, analysis, research and events. Commentary Case studies Events Podcasts Research Reports Retail Media Newsletter Retail Media 10 Jun 2025 Retail Media Three years ago, Retail Media was nowhere to be seen […]",,,,https://internetretailing.net/wp-content/uploads/2025/04/Retail-Media-logo-Black-1-1024x420.png
"Aug 22, 2026 @ 19:50:15.550",62c13aa3d7f89164eabe533116b596d9,https://internetretailing.net/media/retail-media-podcast/,Retail MediaX Podcast Series 2024 - InternetRetailing,"Retail MediaX podcast series In association with SMG Recorded live at the Retail MediaX events in London, these limited edition podcasts – brought to you in partnership with SMG – have experts from across the retail media ecosystem looking at what leading UK retail media networks are doing; how the sector is evolving; and where […]",,,,https://internetretailing.net/wp-content/uploads/2025/06/RMX-Podcast-banner.png
"Aug 22, 2026 @ 19:50:15.569",7d6b78afd0b7d86b8b98a2fc3f6cb47c,https://internetretailing.net/channel/retail-media/#commentary,Retail Media - InternetRetailing,"Sponsored by: Mapping the Retail Media opportunity in D2C. We track the dynamics, opportunities and examplars of the retail media revolution via our insight, analysis, research and events. Commentary Case studies Events Podcasts Research Reports Retail Media Newsletter Retail Media 10 Jun 2025 Retail Media Three years ago, Retail Media was nowhere to be seen […]",,,,https://internetretailing.net/wp-content/uploads/2025/04/Retail-Media-logo-Black-1-1024x420.png
"Aug 22, 2026 @ 19:50:15.586",51974c18a3e68b958099190f676cf771,https://internetretailing.net/channel/retail-media/#casestudies,Retail Media - InternetRetailing,"Sponsored by: Mapping the Retail Media opportunity in D2C. We track the dynamics, opportunities and examplars of the retail media revolution via our insight, analysis, research and events. Commentary Case studies Events Podcasts Research Reports Retail Media Newsletter Retail Media 10 Jun 2025 Retail Media Three years ago, Retail Media was nowhere to be seen […]",,,,https://internetretailing.net/wp-content/uploads/2025/04/Retail-Media-logo-Black-1-1024x420.png
"Aug 22, 2026 @ 19:50:15.614",dea9fd62e2e2eaaa7235938e317031f3,https://internetretailing.net/channel/retail-media/#research,Retail Media - InternetRetailing,"Sponsored by: Mapping the Retail Media opportunity in D2C. We track the dynamics, opportunities and examplars of the retail media revolution via our insight, analysis, research and events. Commentary Case studies Events Podcasts Research Reports Retail Media Newsletter Retail Media 10 Jun 2025 Retail Media Three years ago, Retail Media was nowhere to be seen […]",,,,https://internetretailing.net/wp-content/uploads/2025/04/Retail-Media-logo-Black-1-1024x420.png
"Aug 22, 2026 @ 19:50:15.634",fc0879997c091aadc2a6130b3522c550,https://internetretailing.net/channel/subscriptions/,Subscriptions - InternetRetailing,"Sponsored by: From curated meal boxes to indispensable necessities, discover how the subscription model is growing and becoming a feature of modern ecommerce. Commentary Case studies Events Podcasts Research Reports SubscriptionX Newsletter News 18 Feb 2026 News Epetōme, a British gut health brand, has secured a multi-million-pound investment to accelerate international expansion… 18 Feb 2026 […]",,,,https://internetretailing.net/wp-content/uploads/2025/04/SubscriptionX_Primary-logo_Grey-1024x226.png
"Aug 22, 2026 @ 19:50:15.646",5576d9b58611233e4e1ccdf9bb6f7876,https://internetretailing.net/themes/sustainability/,Sustainability - InternetRetailing,Read our research and review of retail sustainability and how brands are going green to achieve an eco-friendly future.,,,,https://internetretailing.net/wp-content/uploads/2024/07/horizontal-concepts-fw21-GiveBack2021-US-launch-CLP-teaser-img-carousel-card4_tcm143-760528-copy.jpg
"Aug 22, 2026 @ 19:50:15.665",cac949e9402c48cee3226ca6b77a0905,https://internetretailing.net/themes/strategy-and-innovation/,Strategy & Innovation - InternetRetailing,"Strategy and Innovation Focuses on how retailers can stand out from the competition in an ever-changing multichannel retail market. 15 Nov 2023 For the first time ever, H&M is offering a rental service on selected pieces from their latest guest designer collaboration. A curated assortment from the Rabanne H&M collection featuring exclusive colourways is now available for […]",,,,https://internetretailing.net/wp-content/uploads/2023/11/hmgoepprod-1.jpeg
"Aug 22, 2026 @ 19:50:15.677",db1953ca591aef01cddc59f06f99f980,https://internetretailing.net/channel/subscriptions/#commentary,Subscriptions - InternetRetailing,"Sponsored by: From curated meal boxes to indispensable necessities, discover how the subscription model is growing and becoming a feature of modern ecommerce. Commentary Case studies Events Podcasts Research Reports SubscriptionX Newsletter News 18 Feb 2026 News Epetōme, a British gut health brand, has secured a multi-million-pound investment to accelerate international expansion… 18 Feb 2026 […]",,,,https://internetretailing.net/wp-content/uploads/2025/04/SubscriptionX_Primary-logo_Grey-1024x226.png
"Aug 22, 2026 @ 19:50:15.686",ee884dd0f160b6682395d7019441dd31,https://internetretailing.net/media/fmcg-podcast/,FMCG Podcast - InternetRetailing,"FMCG Podcast Season 1 in association with dunnhumby Interviews with the people behind positive retail and brand performance. The RetailX Events Podcasts are recorded live at our events, sharing exclusive insights to help you get ahead. Listen via the online player embedded in each episode, or better still make sure you’re the first to get […]",,,,https://internetretailing.net/wp-content/uploads/2025/05/Mirakle-Podcast-IR-v1-2-1.jpg
"Aug 22, 2026 @ 19:50:15.699",8abf1637f8472a73678adbfa98605dd3,https://internetretailing.net/media/the-retail-media-podcast/,"The Retail Media Podcast, in association with Mirakl - InternetRetailing","The Retail Media Podcast in association with Mirakl The Retail Media Podcast, in association with Mirakl, is a 10-part series detailing the journey from Retail to Media. Starting at NRF’s Big Retail show, this series will traverse to the festival of digital media that is Cannes Lions, with engaging and informative conversations in between. Global […]",,,,https://internetretailing.net/wp-content/uploads/2025/05/Mirakle-Podcast-IR-v1-2-1.jpg
"Aug 22, 2026 @ 19:50:15.712",3497e4ddafb38ff900e7a9600634bf49,https://internetretailing.net/channel/subscriptions/#casestudies,Subscriptions - InternetRetailing,"Sponsored by: From curated meal boxes to indispensable necessities, discover how the subscription model is growing and becoming a feature of modern ecommerce. Commentary Case studies Events Podcasts Research Reports SubscriptionX Newsletter News 18 Feb 2026 News Epetōme, a British gut health brand, has secured a multi-million-pound investment to accelerate international expansion… 18 Feb 2026 […]",,,,https://internetretailing.net/wp-content/uploads/2025/04/SubscriptionX_Primary-logo_Grey-1024x226.png
"Aug 22, 2026 @ 19:50:15.732",6f1cd6ad6065451968deb87e527ccbd3,https://internetretailing.net/media/retailcraft-podcast/,Podcast - InternetRetailing,"The RetailCraft Podcast Interviews with the people behind multichannel performance. The RetailCraft podcast series looks at the who and how behind the performance of our Global Elite 1000 companies, and those who influence and inspire them. Ian Jindal shares the studio with retail leaders, RetailX’s analysts and sector experts, covering topics from commercial performance through […]",,,,https://internetretailing.net/wp-content/uploads/2023/06/US_UK_Apple_Podcasts_Listen_Badge_CMYK.png
"Aug 22, 2026 @ 19:50:15.741",6ec15e5713b9f1bf7a1314e5021a92be,https://internetretailing.net/media/video-channel/,Video Channel - InternetRetailing,"Videos Watch all our interviews, news and past webinars exploring the most pressing topics in retail, on demand 8 Jun 2022 More Information 28 Apr 2022 More Information 20 Apr 2022 More Information 31 Mar 2022 More Information 31 Mar 2022 More Information 23 Mar 2022 More Information View More Videos Subscribe to Newsletter Access […]",,,,
"Aug 22, 2026 @ 19:50:15.764",acc226cf14efbd766cbfe9a9e602848a,https://internetretailing.net/research/retailx-sector-reports/,Sector Reports - InternetRetailing,"Sector Reports Our RetailX Sector reports take an in-depth dive into the companies, strategies and consumers of different sectors across the UK, Europe and the World. Each report aims to give a retailer greater understanding of the complexities of ecommerce by sector by studying the market forces and customer behaviours by product type. The reports […]",,,,https://internetretailing.net/wp-content/uploads/2025/06/prn.png
"Aug 22, 2026 @ 19:50:15.780",03050cf1e45bc33ee0911d731d7b7bca,https://internetretailing.net/research/whitepapers/,Whitepapers - InternetRetailing,Whitepapers Delving into the more niche areas of successful multichannel retailing operations. Read More Read More Read More Read More Read More Read More Read More Read More Read More Read More Read More Read More Read More Read More Read More Read More Read More Read More Read More Read More Read More Read […],,,,https://internetretailing.net/wp-content/uploads/2025/08/simpler.png
"Aug 22, 2026 @ 19:50:15.798",21cb4a02ce91c8f4264fb8ed2029e22e,https://internetretailing.net/research/bluepapers/,Bluepapers - InternetRetailing,Bluepapers Exploring innovative solutions and emerging technologies in retail… Read More Read More Tealium Read More Featuring case studies with: Test 1Test 2 Read More Read More View More Bluepapers Subscribe to Newsletter Access all new InternetRetailing Research via Email Register InternetRetailing European Newsletter News analysis dedicated to helping European retail professionals Register for Newsletter […],,,,
"Aug 22, 2026 @ 19:50:15.810",891a7a39f08b426c5dde6f9dea3b68b6,https://internetretailing.net/research/top500-reports/,Ranking Reports - InternetRetailing,"Ranking Reports The performance of the world’s leading retailers independently-researched, ranked and analysed. Read More Read More Read More Read More Read More Read More Read More Read More Read More Read More Read More Read More View More Reports “Objective, fact-led performance insight for commercial multichannel professionals.” Martin Shaw, Head of Research, InternetRetailing Get […]",,,,https://internetretailing.net/wp-content/uploads/2025/03/Truelayer-logo-300x75.png
"Aug 22, 2026 @ 19:50:15.825",4511cdc4dba357eb5f85d6179e043db3,https://internetretailing.net/research/retailx-country-reports/,Country Reports - InternetRetailing,"RetailX Country Reports The RetailX country reports equip retailers with the best knowledge to succeed, by providing a clear and comprehensive overview of the state of commerce in countries and regions around the world. We cover everything from facts, figures and ecommerce trends, to European government data, exclusive research, analysis and more. Find out all […]",,,,https://internetretailing.net/wp-content/uploads/2025/10/vimeo.png
"Aug 22, 2026 @ 19:50:15.841",cea08703a32c4b6cac04714ddb96e56b,https://internetretailing.net/research/rxeu-marketplace-report/,Marketplace Reports - InternetRetailing,"European Marketplaces Reports Marketplaces have quickly become an essential part of the online retail mix for both consumers and merchants across Europe. The research in our Marketplace Reportsuncovers where marketplaces in Europe are continuing to evolve towards: how mobile is shifting basic customer experience, the rise of smart and voice-controlled devices in shopping, how delivery […]",,,,https://internetretailing.net/wp-content/uploads/2025/10/inventory-sage.png
"Aug 22, 2026 @ 19:50:15.855",c7330e3504aeb29f61d8bf99b9a963cd,https://internetretailing.net/report-hub/internetretailing-returns-2025-report/,InternetRetailing Returns 2025 Report - InternetRetailing,"InternetRetailing Returns Report 2025 delves into the strategies retailers are using to mitigate the impact of returns on their profitability, customer satisfaction, and the planet. The Report highlights how technology, from informed decision-making to AI tools, is enhancing efficiency and improving the overall customer experience in the returns cycle.",,,,https://internetretailing.net/wp-content/uploads/2025/09/returns-report-2025.png
"Aug 22, 2026 @ 19:50:15.865",ab7c3b032843b9f528496f3099bc4cac,https://internetretailing.net/channel/subscriptions/#research,Subscriptions - InternetRetailing,"Sponsored by: From curated meal boxes to indispensable necessities, discover how the subscription model is growing and becoming a feature of modern ecommerce. Commentary Case studies Events Podcasts Research Reports SubscriptionX Newsletter News 18 Feb 2026 News Epetōme, a British gut health brand, has secured a multi-million-pound investment to accelerate international expansion… 18 Feb 2026 […]",,,,https://internetretailing.net/wp-content/uploads/2025/04/SubscriptionX_Primary-logo_Grey-1024x226.png
"Aug 22, 2026 @ 19:50:15.875",e767fbc8cf92c56ea51d2e2293b457f3,https://internetretailing.net/report-hub/retailx-europe-luxury-sector-report-2025/,InternetRetailing Europe Luxury Sector Report 2025 - InternetRetailing,"European Luxury 2025 report examines the state of the luxury clothing, jewellery, bags and accessories market amid reports of a slowdown.",,,,https://internetretailing.net/wp-content/uploads/2024/10/ir-euro-lux-2025.png
"Aug 22, 2026 @ 19:50:15.883",4c4604f440fb54a94f31d6d74b97eb4b,https://internetretailing.net/upcoming-events/past-webinars/,Past Webinars - InternetRetailing,"Past Webinars Watch all our past webinars exploring the most pressing topics in retail, on demand! 16 Dec 2025 by James Pearson 4 Nov 2025 by James Pearson 24 Sep 2025 by James Pearson 26 Mar 2025 by Chris Dinnall 12 Mar 2025 by Chris Dinnall 19 Feb 2025 by Chris Dinnall View More Webinars […]",,,,https://internetretailing.net/wp-content/uploads/2025/10/From-Peak-To-Plan_Ad_Low-res.png
"Aug 22, 2026 @ 19:50:15.892",22830ce64d848d50de67c60c25bc9e18,https://internetretailing.net/about/advertising-opportunities/,Advertising Opportunities - InternetRetailing,"Work with us We’re the leading voice for ecommerce and multichannel retail success “Internet Retailing has been the voice of online and multichannel retail successfor over a decade. With a dedicated news portal, detailed sector reports andcomplementary events, Internet Retailing is dedicated to helping our partners thrive inthe dynamic ecosystem that is ecommerce. A renewed […]",,,,https://internetretailing.net/wp-content/uploads/2026/01/ebfd28d956305720a35425d4867a7ea3-768x768.webp
"Aug 22, 2026 @ 19:50:15.900",7eb474d5c2cb21efc9d679005674d177,https://internetretailing.net/about/contact-us/,Contact Us - InternetRetailing,"Contact Us EDITORIAL For press releases and media announcements please send to: press@internetretailing.net For article proposals and submissions please email: editor@internetretailing.net To see what papers and features we have coming up this year please visit our Editorial Calendar SALES AND MEDIA PACK Contact our Account Directors, they are happy to help with commercial and sales […]",,,,https://internetretailing.net/wp-content/uploads/2026/03/beyond-the-basics.png
"Aug 22, 2026 @ 19:50:15.910",eaa680bd6af711c04853c6e08446813f,https://internetretailing.net/about/press/,Press - InternetRetailing,Latest Articles 6 Sep 2023 6 Sep 2023 6 Sep 2023 5 Sep 2023 Join Our Press List Register to receive our press releases about our latest research and reports. If you have a question about our research or articles please contact marketing@internetretailing.net View Privacy Policy Latest Reports,,,,https://internetretailing.net/wp-content/uploads/2023/09/Hobbycraft-UKST.png
"Aug 22, 2026 @ 19:50:15.926",39b7d2c03adf2cd37927969e8f94399d,https://internetretailing.net/about/terms-and-conditions/,Terms and Conditions - InternetRetailing,"Terms and Conditions Terms of use Use of this site, and its contents, is subject to the following terms and conditions. By using this site you accept these terms and conditions and agree that you are bound by them. Among other things, these terms limit our liability for any loss or damage which might arise […]",,,,https://internetretailing.net/wp-content/uploads/2022/05/RXBEU22RP_Full_1.1PDF_Thumb1.png
"Aug 22, 2026 @ 19:50:15.935",179385e4d1252cccec38ff94a69f3b2b,https://internetretailing.net/about/privacy-policy/,Privacy Policy - InternetRetailing,"Privacy Policy Privacy Policy Introduction This privacy policy forms part of our terms and conditions and provides information on how Internet Retailing Media Services Ltd (We/Us/Our/The Company) processes your data. Definitions Services means our websites, content and any media, channel, application or service operated, created or made available by the Company which may include but […]",,,,
"Aug 22, 2026 @ 19:50:15.944",181e3f01bb83b796a278b1aff53d3b8e,https://internetretailing.net/about/cookie-policy/,Cookie Policy - InternetRetailing,Cookie Policy Cookies are small text files that can be used by websites to make a user’s experience more efficient. The law states that we can store cookies on your device if they are strictly necessary for the operation of this site. For all other types of cookies we need your permission. This site uses […],,,,
"Aug 22, 2026 @ 19:50:15.964",e74a8ae7d98c74f9801f637d68d1caa7,https://internetretailing.net/views/frontline/,Frontline - InternetRetailing,"Frontline Feedback from the frontline of multichannel retail – allowing our clients and partners to showcase their brand through their own content. 168 13 Mar 2023 2023 forecasts predicted a bumpy ride for retail. The micro-economic factors that impacted the sector throughout 2022 have persisted, threatening to further dent already squeezed profit margins. Frontline 6 […]",,,,https://internetretailing.net/wp-content/uploads/2023/03/iStock-1391824162-scaled.jpg
"Aug 22, 2026 @ 19:50:15.978",1b6f3c45c23cae0240eae24884803a7b,https://internetretailing.net/media/marketing-unlearned/,"Marketing UnLearned, in association with Epsilon - InternetRetailing","Marketing Unlearned in association with Epsilon Marketing UnLearned is a podcast series that explores the challenges the leading-edge digital marketing poses to established and received wisdom. All new initiatives, until proven, are subject to scrutiny and challenge: the ‘waddabouts’, the statements of inertia, the “why bother?”, the deprioritising questions. Within these challenges there is often […]",,,,https://internetretailing.net/wp-content/uploads/2025/04/epsilon-176352.png
"Aug 22, 2026 @ 19:50:15.989",274dfd23438e21f33f30329ddde05744,https://internetretailing.net/upcoming-events/upcoming-webinars/,Upcoming Webinars - InternetRetailing,"Upcoming Webinars We host a wealth of webinars covering the latest topics, trends and technological advancements. See what’s coming up down below… Can’t make the date? All previous webinars are now available to watch on demand, so you can rewind and revisit all your favourite industry guests to your heart’s content! 25 Apr 14:00 26 […]",,,,
"Aug 22, 2026 @ 19:50:16.001",9defe1bb573a93beefd0cfb6fdbb3686,https://internetretailing.net/channel/retail-media/,Retail Media - InternetRetailing,"Sponsored by: Mapping the Retail Media opportunity in D2C. We track the dynamics, opportunities and examplars of the retail media revolution via our insight, analysis, research and events. Commentary Case studies Events Podcasts Research Reports Retail Media Newsletter Retail Media 10 Jun 2025 Retail Media Three years ago, Retail Media was nowhere to be seen […]",,,,https://internetretailing.net/wp-content/uploads/2025/04/Retail-Media-logo-Black-1-1024x420.png
"Aug 22, 2026 @ 19:50:16.013",62c13aa3d7f89164eabe533116b596d9,https://internetretailing.net/media/retail-media-podcast/,Retail MediaX Podcast Series 2024 - InternetRetailing,"Retail MediaX podcast series In association with SMG Recorded live at the Retail MediaX events in London, these limited edition podcasts – brought to you in partnership with SMG – have experts from across the retail media ecosystem looking at what leading UK retail media networks are doing; how the sector is evolving; and where […]",,,,https://internetretailing.net/wp-content/uploads/2025/06/RMX-Podcast-banner.png
"Aug 22, 2026 @ 19:50:16.026",7d6b78afd0b7d86b8b98a2fc3f6cb47c,https://internetretailing.net/channel/retail-media/#commentary,Retail Media - InternetRetailing,"Sponsored by: Mapping the Retail Media opportunity in D2C. We track the dynamics, opportunities and examplars of the retail media revolution via our insight, analysis, research and events. Commentary Case studies Events Podcasts Research Reports Retail Media Newsletter Retail Media 10 Jun 2025 Retail Media Three years ago, Retail Media was nowhere to be seen […]",,,,https://internetretailing.net/wp-content/uploads/2025/04/Retail-Media-logo-Black-1-1024x420.png
"Aug 22, 2026 @ 19:50:16.041",51974c18a3e68b958099190f676cf771,https://internetretailing.net/channel/retail-media/#casestudies,Retail Media - InternetRetailing,"Sponsored by: Mapping the Retail Media opportunity in D2C. We track the dynamics, opportunities and examplars of the retail media revolution via our insight, analysis, research and events. Commentary Case studies Events Podcasts Research Reports Retail Media Newsletter Retail Media 10 Jun 2025 Retail Media Three years ago, Retail Media was nowhere to be seen […]",,,,https://internetretailing.net/wp-content/uploads/2025/04/Retail-Media-logo-Black-1-1024x420.png
"Aug 22, 2026 @ 19:50:16.061",dea9fd62e2e2eaaa7235938e317031f3,https://internetretailing.net/channel/retail-media/#research,Retail Media - InternetRetailing,"Sponsored by: Mapping the Retail Media opportunity in D2C. We track the dynamics, opportunities and examplars of the retail media revolution via our insight, analysis, research and events. Commentary Case studies Events Podcasts Research Reports Retail Media Newsletter Retail Media 10 Jun 2025 Retail Media Three years ago, Retail Media was nowhere to be seen […]",,,,https://internetretailing.net/wp-content/uploads/2025/04/Retail-Media-logo-Black-1-1024x420.png
"Aug 22, 2026 @ 19:50:16.074",fc0879997c091aadc2a6130b3522c550,https://internetretailing.net/channel/subscriptions/,Subscriptions - InternetRetailing,"Sponsored by: From curated meal boxes to indispensable necessities, discover how the subscription model is growing and becoming a feature of modern ecommerce. Commentary Case studies Events Podcasts Research Reports SubscriptionX Newsletter News 18 Feb 2026 News Epetōme, a British gut health brand, has secured a multi-million-pound investment to accelerate international expansion… 18 Feb 2026 […]",,,,https://internetretailing.net/wp-content/uploads/2025/04/SubscriptionX_Primary-logo_Grey-1024x226.png
"Aug 22, 2026 @ 19:50:16.090",5576d9b58611233e4e1ccdf9bb6f7876,https://internetretailing.net/themes/sustainability/,Sustainability - InternetRetailing,Read our research and review of retail sustainability and how brands are going green to achieve an eco-friendly future.,,,,https://internetretailing.net/wp-content/uploads/2024/07/horizontal-concepts-fw21-GiveBack2021-US-launch-CLP-teaser-img-carousel-card4_tcm143-760528-copy.jpg
"Aug 22, 2026 @ 19:50:16.109",db1953ca591aef01cddc59f06f99f980,https://internetretailing.net/channel/subscriptions/#commentary,Subscriptions - InternetRetailing,"Sponsored by: From curated meal boxes to indispensable necessities, discover how the subscription model is growing and becoming a feature of modern ecommerce. Commentary Case studies Events Podcasts Research Reports SubscriptionX Newsletter News 18 Feb 2026 News Epetōme, a British gut health brand, has secured a multi-million-pound investment to accelerate international expansion… 18 Feb 2026 […]",,,,https://internetretailing.net/wp-content/uploads/2025/04/SubscriptionX_Primary-logo_Grey-1024x226.png
"Aug 22, 2026 @ 19:50:16.141",cac949e9402c48cee3226ca6b77a0905,https://internetretailing.net/themes/strategy-and-innovation/,Strategy & Innovation - InternetRetailing,"Strategy and Innovation Focuses on how retailers can stand out from the competition in an ever-changing multichannel retail market. 15 Nov 2023 For the first time ever, H&M is offering a rental service on selected pieces from their latest guest designer collaboration. A curated assortment from the Rabanne H&M collection featuring exclusive colourways is now available for […]",,,,https://internetretailing.net/wp-content/uploads/2023/11/hmgoepprod-1.jpeg
"Aug 22, 2026 @ 19:50:16.159",ee884dd0f160b6682395d7019441dd31,https://internetretailing.net/media/fmcg-podcast/,FMCG Podcast - InternetRetailing,"FMCG Podcast Season 1 in association with dunnhumby Interviews with the people behind positive retail and brand performance. The RetailX Events Podcasts are recorded live at our events, sharing exclusive insights to help you get ahead. Listen via the online player embedded in each episode, or better still make sure you’re the first to get […]",,,,https://internetretailing.net/wp-content/uploads/2025/05/Mirakle-Podcast-IR-v1-2-1.jpg
"Aug 22, 2026 @ 19:50:16.180",8abf1637f8472a73678adbfa98605dd3,https://internetretailing.net/media/the-retail-media-podcast/,"The Retail Media Podcast, in association with Mirakl - InternetRetailing","The Retail Media Podcast in association with Mirakl The Retail Media Podcast, in association with Mirakl, is a 10-part series detailing the journey from Retail to Media. Starting at NRF’s Big Retail show, this series will traverse to the festival of digital media that is Cannes Lions, with engaging and informative conversations in between. Global […]",,,,https://internetretailing.net/wp-content/uploads/2025/05/Mirakle-Podcast-IR-v1-2-1.jpg
"Aug 22, 2026 @ 19:50:16.199",3497e4ddafb38ff900e7a9600634bf49,https://internetretailing.net/channel/subscriptions/#casestudies,Subscriptions - InternetRetailing,"Sponsored by: From curated meal boxes to indispensable necessities, discover how the subscription model is growing and becoming a feature of modern ecommerce. Commentary Case studies Events Podcasts Research Reports SubscriptionX Newsletter News 18 Feb 2026 News Epetōme, a British gut health brand, has secured a multi-million-pound investment to accelerate international expansion… 18 Feb 2026 […]",,,,https://internetretailing.net/wp-content/uploads/2025/04/SubscriptionX_Primary-logo_Grey-1024x226.png
"Aug 22, 2026 @ 19:50:16.217",6f1cd6ad6065451968deb87e527ccbd3,https://internetretailing.net/media/retailcraft-podcast/,Podcast - InternetRetailing,"The RetailCraft Podcast Interviews with the people behind multichannel performance. The RetailCraft podcast series looks at the who and how behind the performance of our Global Elite 1000 companies, and those who influence and inspire them. Ian Jindal shares the studio with retail leaders, RetailX’s analysts and sector experts, covering topics from commercial performance through […]",,,,https://internetretailing.net/wp-content/uploads/2023/06/US_UK_Apple_Podcasts_Listen_Badge_CMYK.png
"Aug 22, 2026 @ 19:50:16.228",6ec15e5713b9f1bf7a1314e5021a92be,https://internetretailing.net/media/video-channel/,Video Channel - InternetRetailing,"Videos Watch all our interviews, news and past webinars exploring the most pressing topics in retail, on demand 8 Jun 2022 More Information 28 Apr 2022 More Information 20 Apr 2022 More Information 31 Mar 2022 More Information 31 Mar 2022 More Information 23 Mar 2022 More Information View More Videos Subscribe to Newsletter Access […]",,,,
"Aug 22, 2026 @ 19:50:16.252",acc226cf14efbd766cbfe9a9e602848a,https://internetretailing.net/research/retailx-sector-reports/,Sector Reports - InternetRetailing,"Sector Reports Our RetailX Sector reports take an in-depth dive into the companies, strategies and consumers of different sectors across the UK, Europe and the World. Each report aims to give a retailer greater understanding of the complexities of ecommerce by sector by studying the market forces and customer behaviours by product type. The reports […]",,,,https://internetretailing.net/wp-content/uploads/2025/06/prn.png
"Aug 22, 2026 @ 19:50:16.270",03050cf1e45bc33ee0911d731d7b7bca,https://internetretailing.net/research/whitepapers/,Whitepapers - InternetRetailing,Whitepapers Delving into the more niche areas of successful multichannel retailing operations. Read More Read More Read More Read More Read More Read More Read More Read More Read More Read More Read More Read More Read More Read More Read More Read More Read More Read More Read More Read More Read More Read […],,,,https://internetretailing.net/wp-content/uploads/2025/08/simpler.png
"Aug 22, 2026 @ 19:50:16.282",aa742d0638edbde59c58eed0e3bc317d,https://internetretailing.net/reports/section/magazine-articles/,Reports Archive - InternetRetailing,,,,,
"Aug 22, 2026 @ 19:50:16.300",21cb4a02ce91c8f4264fb8ed2029e22e,https://internetretailing.net/research/bluepapers/,Bluepapers - InternetRetailing,Bluepapers Exploring innovative solutions and emerging technologies in retail… Read More Read More Tealium Read More Featuring case studies with: Test 1Test 2 Read More Read More View More Bluepapers Subscribe to Newsletter Access all new InternetRetailing Research via Email Register InternetRetailing European Newsletter News analysis dedicated to helping European retail professionals Register for Newsletter […],,,,
"Aug 22, 2026 @ 19:50:16.315",437abc0a350d6a9117c6277c293de085,https://internetretailing.net/magazine-article/section/magazine-articles/,Magazine Articles Archive - InternetRetailing,,,,,
"Aug 22, 2026 @ 19:50:16.330",891a7a39f08b426c5dde6f9dea3b68b6,https://internetretailing.net/research/top500-reports/,Ranking Reports - InternetRetailing,"Ranking Reports The performance of the world’s leading retailers independently-researched, ranked and analysed. Read More Read More Read More Read More Read More Read More Read More Read More Read More Read More Read More Read More View More Reports “Objective, fact-led performance insight for commercial multichannel professionals.” Martin Shaw, Head of Research, InternetRetailing Get […]",,,,https://internetretailing.net/wp-content/uploads/2025/03/Truelayer-logo-300x75.png
"Aug 22, 2026 @ 19:50:16.348",4511cdc4dba357eb5f85d6179e043db3,https://internetretailing.net/research/retailx-country-reports/,Country Reports - InternetRetailing,"RetailX Country Reports The RetailX country reports equip retailers with the best knowledge to succeed, by providing a clear and comprehensive overview of the state of commerce in countries and regions around the world. We cover everything from facts, figures and ecommerce trends, to European government data, exclusive research, analysis and more. Find out all […]",,,,https://internetretailing.net/wp-content/uploads/2025/10/vimeo.png
"Aug 22, 2026 @ 19:50:16.366",cea08703a32c4b6cac04714ddb96e56b,https://internetretailing.net/research/rxeu-marketplace-report/,Marketplace Reports - InternetRetailing,"European Marketplaces Reports Marketplaces have quickly become an essential part of the online retail mix for both consumers and merchants across Europe. The research in our Marketplace Reportsuncovers where marketplaces in Europe are continuing to evolve towards: how mobile is shifting basic customer experience, the rise of smart and voice-controlled devices in shopping, how delivery […]",,,,https://internetretailing.net/wp-content/uploads/2025/10/inventory-sage.png
"Aug 22, 2026 @ 19:50:16.375",c7330e3504aeb29f61d8bf99b9a963cd,https://internetretailing.net/report-hub/internetretailing-returns-2025-report/,InternetRetailing Returns 2025 Report - InternetRetailing,"InternetRetailing Returns Report 2025 delves into the strategies retailers are using to mitigate the impact of returns on their profitability, customer satisfaction, and the planet. The Report highlights how technology, from informed decision-making to AI tools, is enhancing efficiency and improving the overall customer experience in the returns cycle.",,,,https://internetretailing.net/wp-content/uploads/2025/09/returns-report-2025.png
"Aug 22, 2026 @ 19:50:16.382",e767fbc8cf92c56ea51d2e2293b457f3,https://internetretailing.net/report-hub/retailx-europe-luxury-sector-report-2025/,InternetRetailing Europe Luxury Sector Report 2025 - InternetRetailing,"European Luxury 2025 report examines the state of the luxury clothing, jewellery, bags and accessories market amid reports of a slowdown.",,,,https://internetretailing.net/wp-content/uploads/2024/10/ir-euro-lux-2025.png
"Aug 22, 2026 @ 19:50:16.395",ab7c3b032843b9f528496f3099bc4cac,https://internetretailing.net/channel/subscriptions/#research,Subscriptions - InternetRetailing,"Sponsored by: From curated meal boxes to indispensable necessities, discover how the subscription model is growing and becoming a feature of modern ecommerce. Commentary Case studies Events Podcasts Research Reports SubscriptionX Newsletter News 18 Feb 2026 News Epetōme, a British gut health brand, has secured a multi-million-pound investment to accelerate international expansion… 18 Feb 2026 […]",,,,https://internetretailing.net/wp-content/uploads/2025/04/SubscriptionX_Primary-logo_Grey-1024x226.png
"Aug 22, 2026 @ 19:50:16.406",4c4604f440fb54a94f31d6d74b97eb4b,https://internetretailing.net/upcoming-events/past-webinars/,Past Webinars - InternetRetailing,"Past Webinars Watch all our past webinars exploring the most pressing topics in retail, on demand! 16 Dec 2025 by James Pearson 4 Nov 2025 by James Pearson 24 Sep 2025 by James Pearson 26 Mar 2025 by Chris Dinnall 12 Mar 2025 by Chris Dinnall 19 Feb 2025 by Chris Dinnall View More Webinars […]",,,,https://internetretailing.net/wp-content/uploads/2025/10/From-Peak-To-Plan_Ad_Low-res.png
"Aug 22, 2026 @ 19:50:16.417",22830ce64d848d50de67c60c25bc9e18,https://internetretailing.net/about/advertising-opportunities/,Advertising Opportunities - InternetRetailing,"Work with us We’re the leading voice for ecommerce and multichannel retail success “Internet Retailing has been the voice of online and multichannel retail successfor over a decade. With a dedicated news portal, detailed sector reports andcomplementary events, Internet Retailing is dedicated to helping our partners thrive inthe dynamic ecosystem that is ecommerce. A renewed […]",,,,https://internetretailing.net/wp-content/uploads/2026/01/ebfd28d956305720a35425d4867a7ea3-768x768.webp
"Aug 22, 2026 @ 19:50:16.428",7eb474d5c2cb21efc9d679005674d177,https://internetretailing.net/about/contact-us/,Contact Us - InternetRetailing,"Contact Us EDITORIAL For press releases and media announcements please send to: press@internetretailing.net For article proposals and submissions please email: editor@internetretailing.net To see what papers and features we have coming up this year please visit our Editorial Calendar SALES AND MEDIA PACK Contact our Account Directors, they are happy to help with commercial and sales […]",,,,https://internetretailing.net/wp-content/uploads/2026/03/beyond-the-basics.png
"Aug 22, 2026 @ 19:50:16.449",eaa680bd6af711c04853c6e08446813f,https://internetretailing.net/about/press/,Press - InternetRetailing,Latest Articles 6 Sep 2023 6 Sep 2023 6 Sep 2023 5 Sep 2023 Join Our Press List Register to receive our press releases about our latest research and reports. If you have a question about our research or articles please contact marketing@internetretailing.net View Privacy Policy Latest Reports,,,,https://internetretailing.net/wp-content/uploads/2023/09/Hobbycraft-UKST.png
"Aug 22, 2026 @ 19:50:16.471",39b7d2c03adf2cd37927969e8f94399d,https://internetretailing.net/about/terms-and-conditions/,Terms and Conditions - InternetRetailing,"Terms and Conditions Terms of use Use of this site, and its contents, is subject to the following terms and conditions. By using this site you accept these terms and conditions and agree that you are bound by them. Among other things, these terms limit our liability for any loss or damage which might arise […]",,,,https://internetretailing.net/wp-content/uploads/2022/05/RXBEU22RP_Full_1.1PDF_Thumb1.png
"Aug 22, 2026 @ 19:50:16.488",179385e4d1252cccec38ff94a69f3b2b,https://internetretailing.net/about/privacy-policy/,Privacy Policy - InternetRetailing,"Privacy Policy Privacy Policy Introduction This privacy policy forms part of our terms and conditions and provides information on how Internet Retailing Media Services Ltd (We/Us/Our/The Company) processes your data. Definitions Services means our websites, content and any media, channel, application or service operated, created or made available by the Company which may include but […]",,,,
"Aug 22, 2026 @ 19:50:16.511",e74a8ae7d98c74f9801f637d68d1caa7,https://internetretailing.net/views/frontline/,Frontline - InternetRetailing,"Frontline Feedback from the frontline of multichannel retail – allowing our clients and partners to showcase their brand through their own content. 168 13 Mar 2023 2023 forecasts predicted a bumpy ride for retail. The micro-economic factors that impacted the sector throughout 2022 have persisted, threatening to further dent already squeezed profit margins. Frontline 6 […]",,,,https://internetretailing.net/wp-content/uploads/2023/03/iStock-1391824162-scaled.jpg
"Aug 22, 2026 @ 19:50:16.525",1b6f3c45c23cae0240eae24884803a7b,https://internetretailing.net/media/marketing-unlearned/,"Marketing UnLearned, in association with Epsilon - InternetRetailing","Marketing Unlearned in association with Epsilon Marketing UnLearned is a podcast series that explores the challenges the leading-edge digital marketing poses to established and received wisdom. All new initiatives, until proven, are subject to scrutiny and challenge: the ‘waddabouts’, the statements of inertia, the “why bother?”, the deprioritising questions. Within these challenges there is often […]",,,,https://internetretailing.net/wp-content/uploads/2025/04/epsilon-176352.png
"Aug 22, 2026 @ 19:50:16.534",274dfd23438e21f33f30329ddde05744,https://internetretailing.net/upcoming-events/upcoming-webinars/,Upcoming Webinars - InternetRetailing,"Upcoming Webinars We host a wealth of webinars covering the latest topics, trends and technological advancements. See what’s coming up down below… Can’t make the date? All previous webinars are now available to watch on demand, so you can rewind and revisit all your favourite industry guests to your heart’s content! 25 Apr 14:00 26 […]",,,,
"Aug 22, 2026 @ 19:50:16.546",7d6b78afd0b7d86b8b98a2fc3f6cb47c,https://internetretailing.net/channel/retail-media/#commentary,Retail Media - InternetRetailing,"Sponsored by: Mapping the Retail Media opportunity in D2C. We track the dynamics, opportunities and examplars of the retail media revolution via our insight, analysis, research and events. Commentary Case studies Events Podcasts Research Reports Retail Media Newsletter Retail Media 10 Jun 2025 Retail Media Three years ago, Retail Media was nowhere to be seen […]",,,,https://internetretailing.net/wp-content/uploads/2025/04/Retail-Media-logo-Black-1-1024x420.png
"Aug 22, 2026 @ 19:50:16.558",9defe1bb573a93beefd0cfb6fdbb3686,https://internetretailing.net/channel/retail-media/,Retail Media - InternetRetailing,"Sponsored by: Mapping the Retail Media opportunity in D2C. We track the dynamics, opportunities and examplars of the retail media revolution via our insight, analysis, research and events. Commentary Case studies Events Podcasts Research Reports Retail Media Newsletter Retail Media 10 Jun 2025 Retail Media Three years ago, Retail Media was nowhere to be seen […]",,,,https://internetretailing.net/wp-content/uploads/2025/04/Retail-Media-logo-Black-1-1024x420.png
"Aug 22, 2026 @ 19:50:16.566",62c13aa3d7f89164eabe533116b596d9,https://internetretailing.net/media/retail-media-podcast/,Retail MediaX Podcast Series 2024 - InternetRetailing,"Retail MediaX podcast series In association with SMG Recorded live at the Retail MediaX events in London, these limited edition podcasts – brought to you in partnership with SMG – have experts from across the retail media ecosystem looking at what leading UK retail media networks are doing; how the sector is evolving; and where […]",,,,https://internetretailing.net/wp-content/uploads/2025/06/RMX-Podcast-banner.png
"Aug 22, 2026 @ 19:50:16.588",dea9fd62e2e2eaaa7235938e317031f3,https://internetretailing.net/channel/retail-media/#research,Retail Media - InternetRetailing,"Sponsored by: Mapping the Retail Media opportunity in D2C. We track the dynamics, opportunities and examplars of the retail media revolution via our insight, analysis, research and events. Commentary Case studies Events Podcasts Research Reports Retail Media Newsletter Retail Media 10 Jun 2025 Retail Media Three years ago, Retail Media was nowhere to be seen […]",,,,https://internetretailing.net/wp-content/uploads/2025/04/Retail-Media-logo-Black-1-1024x420.png
"Aug 22, 2026 @ 19:50:16.603",51974c18a3e68b958099190f676cf771,https://internetretailing.net/channel/retail-media/#casestudies,Retail Media - InternetRetailing,"Sponsored by: Mapping the Retail Media opportunity in D2C. We track the dynamics, opportunities and examplars of the retail media revolution via our insight, analysis, research and events. Commentary Case studies Events Podcasts Research Reports Retail Media Newsletter Retail Media 10 Jun 2025 Retail Media Three years ago, Retail Media was nowhere to be seen […]",,,,https://internetretailing.net/wp-content/uploads/2025/04/Retail-Media-logo-Black-1-1024x420.png
"Aug 22, 2026 @ 19:50:16.617",3497e4ddafb38ff900e7a9600634bf49,https://internetretailing.net/channel/subscriptions/#casestudies,Subscriptions - InternetRetailing,"Sponsored by: From curated meal boxes to indispensable necessities, discover how the subscription model is growing and becoming a feature of modern ecommerce. Commentary Case studies Events Podcasts Research Reports SubscriptionX Newsletter News 18 Feb 2026 News Epetōme, a British gut health brand, has secured a multi-million-pound investment to accelerate international expansion… 18 Feb 2026 […]",,,,https://internetretailing.net/wp-content/uploads/2025/04/SubscriptionX_Primary-logo_Grey-1024x226.png
"Aug 22, 2026 @ 19:50:16.630",5576d9b58611233e4e1ccdf9bb6f7876,https://internetretailing.net/themes/sustainability/,Sustainability - InternetRetailing,Read our research and review of retail sustainability and how brands are going green to achieve an eco-friendly future.,,,,https://internetretailing.net/wp-content/uploads/2024/07/horizontal-concepts-fw21-GiveBack2021-US-launch-CLP-teaser-img-carousel-card4_tcm143-760528-copy.jpg
"Aug 22, 2026 @ 19:50:16.648",cac949e9402c48cee3226ca6b77a0905,https://internetretailing.net/themes/strategy-and-innovation/,Strategy & Innovation - InternetRetailing,"Strategy and Innovation Focuses on how retailers can stand out from the competition in an ever-changing multichannel retail market. 15 Nov 2023 For the first time ever, H&M is offering a rental service on selected pieces from their latest guest designer collaboration. A curated assortment from the Rabanne H&M collection featuring exclusive colourways is now available for […]",,,,https://internetretailing.net/wp-content/uploads/2023/11/hmgoepprod-1.jpeg
"Aug 22, 2026 @ 19:50:16.664",fc0879997c091aadc2a6130b3522c550,https://internetretailing.net/channel/subscriptions/,Subscriptions - InternetRetailing,"Sponsored by: From curated meal boxes to indispensable necessities, discover how the subscription model is growing and becoming a feature of modern ecommerce. Commentary Case studies Events Podcasts Research Reports SubscriptionX Newsletter News 18 Feb 2026 News Epetōme, a British gut health brand, has secured a multi-million-pound investment to accelerate international expansion… 18 Feb 2026 […]",,,,https://internetretailing.net/wp-content/uploads/2025/04/SubscriptionX_Primary-logo_Grey-1024x226.png
"Aug 22, 2026 @ 19:50:16.678",ee884dd0f160b6682395d7019441dd31,https://internetretailing.net/media/fmcg-podcast/,FMCG Podcast - InternetRetailing,"FMCG Podcast Season 1 in association with dunnhumby Interviews with the people behind positive retail and brand performance. The RetailX Events Podcasts are recorded live at our events, sharing exclusive insights to help you get ahead. Listen via the online player embedded in each episode, or better still make sure you’re the first to get […]",,,,https://internetretailing.net/wp-content/uploads/2025/05/Mirakle-Podcast-IR-v1-2-1.jpg
"Aug 22, 2026 @ 19:50:16.690",8abf1637f8472a73678adbfa98605dd3,https://internetretailing.net/media/the-retail-media-podcast/,"The Retail Media Podcast, in association with Mirakl - InternetRetailing","The Retail Media Podcast in association with Mirakl The Retail Media Podcast, in association with Mirakl, is a 10-part series detailing the journey from Retail to Media. Starting at NRF’s Big Retail show, this series will traverse to the festival of digital media that is Cannes Lions, with engaging and informative conversations in between. Global […]",,,,https://internetretailing.net/wp-content/uploads/2025/05/Mirakle-Podcast-IR-v1-2-1.jpg
"Aug 22, 2026 @ 19:50:16.709",db1953ca591aef01cddc59f06f99f980,https://internetretailing.net/channel/subscriptions/#commentary,Subscriptions - InternetRetailing,"Sponsored by: From curated meal boxes to indispensable necessities, discover how the subscription model is growing and becoming a feature of modern ecommerce. Commentary Case studies Events Podcasts Research Reports SubscriptionX Newsletter News 18 Feb 2026 News Epetōme, a British gut health brand, has secured a multi-million-pound investment to accelerate international expansion… 18 Feb 2026 […]",,,,https://internetretailing.net/wp-content/uploads/2025/04/SubscriptionX_Primary-logo_Grey-1024x226.png
"Aug 22, 2026 @ 19:50:16.720",6f1cd6ad6065451968deb87e527ccbd3,https://internetretailing.net/media/retailcraft-podcast/,Podcast - InternetRetailing,"The RetailCraft Podcast Interviews with the people behind multichannel performance. The RetailCraft podcast series looks at the who and how behind the performance of our Global Elite 1000 companies, and those who influence and inspire them. Ian Jindal shares the studio with retail leaders, RetailX’s analysts and sector experts, covering topics from commercial performance through […]",,,,https://internetretailing.net/wp-content/uploads/2023/06/US_UK_Apple_Podcasts_Listen_Badge_CMYK.png
"Aug 22, 2026 @ 19:50:16.732",6ec15e5713b9f1bf7a1314e5021a92be,https://internetretailing.net/media/video-channel/,Video Channel - InternetRetailing,"Videos Watch all our interviews, news and past webinars exploring the most pressing topics in retail, on demand 8 Jun 2022 More Information 28 Apr 2022 More Information 20 Apr 2022 More Information 31 Mar 2022 More Information 31 Mar 2022 More Information 23 Mar 2022 More Information View More Videos Subscribe to Newsletter Access […]",,,,
"Aug 22, 2026 @ 19:50:16.753",acc226cf14efbd766cbfe9a9e602848a,https://internetretailing.net/research/retailx-sector-reports/,Sector Reports - InternetRetailing,"Sector Reports Our RetailX Sector reports take an in-depth dive into the companies, strategies and consumers of different sectors across the UK, Europe and the World. Each report aims to give a retailer greater understanding of the complexities of ecommerce by sector by studying the market forces and customer behaviours by product type. The reports […]",,,,https://internetretailing.net/wp-content/uploads/2025/06/prn.png
"Aug 22, 2026 @ 19:50:16.771",ab7c3b032843b9f528496f3099bc4cac,https://internetretailing.net/channel/subscriptions/#research,Subscriptions - InternetRetailing,"Sponsored by: From curated meal boxes to indispensable necessities, discover how the subscription model is growing and becoming a feature of modern ecommerce. Commentary Case studies Events Podcasts Research Reports SubscriptionX Newsletter News 18 Feb 2026 News Epetōme, a British gut health brand, has secured a multi-million-pound investment to accelerate international expansion… 18 Feb 2026 […]",,,,https://internetretailing.net/wp-content/uploads/2025/04/SubscriptionX_Primary-logo_Grey-1024x226.png
"Aug 22, 2026 @ 19:50:16.793",03050cf1e45bc33ee0911d731d7b7bca,https://internetretailing.net/research/whitepapers/,Whitepapers - InternetRetailing,Whitepapers Delving into the more niche areas of successful multichannel retailing operations. Read More Read More Read More Read More Read More Read More Read More Read More Read More Read More Read More Read More Read More Read More Read More Read More Read More Read More Read More Read More Read More Read […],,,,https://internetretailing.net/wp-content/uploads/2025/08/simpler.png
"Aug 22, 2026 @ 19:50:16.812",21cb4a02ce91c8f4264fb8ed2029e22e,https://internetretailing.net/research/bluepapers/,Bluepapers - InternetRetailing,Bluepapers Exploring innovative solutions and emerging technologies in retail… Read More Read More Tealium Read More Featuring case studies with: Test 1Test 2 Read More Read More View More Bluepapers Subscribe to Newsletter Access all new InternetRetailing Research via Email Register InternetRetailing European Newsletter News analysis dedicated to helping European retail professionals Register for Newsletter […],,,,
"Aug 22, 2026 @ 19:50:16.832",891a7a39f08b426c5dde6f9dea3b68b6,https://internetretailing.net/research/top500-reports/,Ranking Reports - InternetRetailing,"Ranking Reports The performance of the world’s leading retailers independently-researched, ranked and analysed. Read More Read More Read More Read More Read More Read More Read More Read More Read More Read More Read More Read More View More Reports “Objective, fact-led performance insight for commercial multichannel professionals.” Martin Shaw, Head of Research, InternetRetailing Get […]",,,,https://internetretailing.net/wp-content/uploads/2025/03/Truelayer-logo-300x75.png
"Aug 22, 2026 @ 19:50:16.851",4511cdc4dba357eb5f85d6179e043db3,https://internetretailing.net/research/retailx-country-reports/,Country Reports - InternetRetailing,"RetailX Country Reports The RetailX country reports equip retailers with the best knowledge to succeed, by providing a clear and comprehensive overview of the state of commerce in countries and regions around the world. We cover everything from facts, figures and ecommerce trends, to European government data, exclusive research, analysis and more. Find out all […]",,,,https://internetretailing.net/wp-content/uploads/2025/10/vimeo.png
"Aug 22, 2026 @ 19:50:16.865",cea08703a32c4b6cac04714ddb96e56b,https://internetretailing.net/research/rxeu-marketplace-report/,Marketplace Reports - InternetRetailing,"European Marketplaces Reports Marketplaces have quickly become an essential part of the online retail mix for both consumers and merchants across Europe. The research in our Marketplace Reportsuncovers where marketplaces in Europe are continuing to evolve towards: how mobile is shifting basic customer experience, the rise of smart and voice-controlled devices in shopping, how delivery […]",,,,https://internetretailing.net/wp-content/uploads/2025/10/inventory-sage.png
"Aug 22, 2026 @ 19:50:16.875",c7330e3504aeb29f61d8bf99b9a963cd,https://internetretailing.net/report-hub/internetretailing-returns-2025-report/,InternetRetailing Returns 2025 Report - InternetRetailing,"InternetRetailing Returns Report 2025 delves into the strategies retailers are using to mitigate the impact of returns on their profitability, customer satisfaction, and the planet. The Report highlights how technology, from informed decision-making to AI tools, is enhancing efficiency and improving the overall customer experience in the returns cycle.",,,,https://internetretailing.net/wp-content/uploads/2025/09/returns-report-2025.png
"Aug 22, 2026 @ 19:50:16.882",e767fbc8cf92c56ea51d2e2293b457f3,https://internetretailing.net/report-hub/retailx-europe-luxury-sector-report-2025/,InternetRetailing Europe Luxury Sector Report 2025 - InternetRetailing,"European Luxury 2025 report examines the state of the luxury clothing, jewellery, bags and accessories market amid reports of a slowdown.",,,,https://internetretailing.net/wp-content/uploads/2024/10/ir-euro-lux-2025.png
"Aug 22, 2026 @ 19:50:16.889",4c4604f440fb54a94f31d6d74b97eb4b,https://internetretailing.net/upcoming-events/past-webinars/,Past Webinars - InternetRetailing,"Past Webinars Watch all our past webinars exploring the most pressing topics in retail, on demand! 16 Dec 2025 by James Pearson 4 Nov 2025 by James Pearson 24 Sep 2025 by James Pearson 26 Mar 2025 by Chris Dinnall 12 Mar 2025 by Chris Dinnall 19 Feb 2025 by Chris Dinnall View More Webinars […]",,,,https://internetretailing.net/wp-content/uploads/2025/10/From-Peak-To-Plan_Ad_Low-res.png
"Aug 22, 2026 @ 19:50:16.899",22830ce64d848d50de67c60c25bc9e18,https://internetretailing.net/about/advertising-opportunities/,Advertising Opportunities - InternetRetailing,"Work with us We’re the leading voice for ecommerce and multichannel retail success “Internet Retailing has been the voice of online and multichannel retail successfor over a decade. With a dedicated news portal, detailed sector reports andcomplementary events, Internet Retailing is dedicated to helping our partners thrive inthe dynamic ecosystem that is ecommerce. A renewed […]",,,,https://internetretailing.net/wp-content/uploads/2026/01/ebfd28d956305720a35425d4867a7ea3-768x768.webp
"Aug 22, 2026 @ 19:50:16.908",7eb474d5c2cb21efc9d679005674d177,https://internetretailing.net/about/contact-us/,Contact Us - InternetRetailing,"Contact Us EDITORIAL For press releases and media announcements please send to: press@internetretailing.net For article proposals and submissions please email: editor@internetretailing.net To see what papers and features we have coming up this year please visit our Editorial Calendar SALES AND MEDIA PACK Contact our Account Directors, they are happy to help with commercial and sales […]",,,,https://internetretailing.net/wp-content/uploads/2026/03/beyond-the-basics.png
"Aug 22, 2026 @ 19:50:16.917",eaa680bd6af711c04853c6e08446813f,https://internetretailing.net/about/press/,Press - InternetRetailing,Latest Articles 6 Sep 2023 6 Sep 2023 6 Sep 2023 5 Sep 2023 Join Our Press List Register to receive our press releases about our latest research and reports. If you have a question about our research or articles please contact marketing@internetretailing.net View Privacy Policy Latest Reports,,,,https://internetretailing.net/wp-content/uploads/2023/09/Hobbycraft-UKST.png
"Aug 22, 2026 @ 19:50:16.925",39b7d2c03adf2cd37927969e8f94399d,https://internetretailing.net/about/terms-and-conditions/,Terms and Conditions - InternetRetailing,"Terms and Conditions Terms of use Use of this site, and its contents, is subject to the following terms and conditions. By using this site you accept these terms and conditions and agree that you are bound by them. Among other things, these terms limit our liability for any loss or damage which might arise […]",,,,https://internetretailing.net/wp-content/uploads/2022/05/RXBEU22RP_Full_1.1PDF_Thumb1.png
"Aug 22, 2026 @ 19:50:16.933",179385e4d1252cccec38ff94a69f3b2b,https://internetretailing.net/about/privacy-policy/,Privacy Policy - InternetRetailing,"Privacy Policy Privacy Policy Introduction This privacy policy forms part of our terms and conditions and provides information on how Internet Retailing Media Services Ltd (We/Us/Our/The Company) processes your data. Definitions Services means our websites, content and any media, channel, application or service operated, created or made available by the Company which may include but […]",,,,
"Aug 22, 2026 @ 19:50:16.952",e74a8ae7d98c74f9801f637d68d1caa7,https://internetretailing.net/views/frontline/,Frontline - InternetRetailing,"Frontline Feedback from the frontline of multichannel retail – allowing our clients and partners to showcase their brand through their own content. 168 13 Mar 2023 2023 forecasts predicted a bumpy ride for retail. The micro-economic factors that impacted the sector throughout 2022 have persisted, threatening to further dent already squeezed profit margins. Frontline 6 […]",,,,https://internetretailing.net/wp-content/uploads/2023/03/iStock-1391824162-scaled.jpg
"Aug 22, 2026 @ 19:50:16.965",274dfd23438e21f33f30329ddde05744,https://internetretailing.net/upcoming-events/upcoming-webinars/,Upcoming Webinars - InternetRetailing,"Upcoming Webinars We host a wealth of webinars covering the latest topics, trends and technological advancements. See what’s coming up down below… Can’t make the date? All previous webinars are now available to watch on demand, so you can rewind and revisit all your favourite industry guests to your heart’s content! 25 Apr 14:00 26 […]",,,,
"Aug 22, 2026 @ 19:50:16.979",1b6f3c45c23cae0240eae24884803a7b,https://internetretailing.net/media/marketing-unlearned/,"Marketing UnLearned, in association with Epsilon - InternetRetailing","Marketing Unlearned in association with Epsilon Marketing UnLearned is a podcast series that explores the challenges the leading-edge digital marketing poses to established and received wisdom. All new initiatives, until proven, are subject to scrutiny and challenge: the ‘waddabouts’, the statements of inertia, the “why bother?”, the deprioritising questions. Within these challenges there is often […]",,,,https://internetretailing.net/wp-content/uploads/2025/04/epsilon-176352.png
"Aug 22, 2026 @ 19:50:16.989",47fee3105e5a84d7b354400920090daa,https://internetretailing.net/report-hub/der-schlussel-zunachhaltigem-wachstum-imdeutschen-e-commerce/,Der Schlüssel zunachhaltigem Wachstum im Deutschen E-Commerce - InternetRetailing,"Entdecken Sie die fünf Fulfilment-Prioritäten, die deutschen Online-Shoppern besonders wichtig sind – und erfahren Sie, wie Händler diese nutzen können, um Loyalität aufzubauen, Reibungspunkte zu reduzieren und den Umsatz zu steigern. Deutschland zählt zu den wertvollsten E-Commerce-Märkten Europas. Bis 2026 soll der Onlineumsatz auf 86,66 Milliarden Euro steigen. Doch wer in diesem Markt erfolgreich sein […]",,,,https://internetretailing.net/wp-content/uploads/2026/07/ir-german-whitepaper.png
"Aug 22, 2026 @ 19:50:16.998",6a75f32040f618949b7716ba4d0f83c0,https://internetretailing.net/report-hub/switzerland-luxury-market-report-2026/,Switzerland Luxury Market Report 2026 - InternetRetailing,"The Switzerland Luxury Market Report 2026 provides an in-depth analysis of this distinctive retail landscape. It explores everything from the strength of the Swiss watch industry to the growth of mobile commerce, personalised customer experiences and sustainable luxury.",,,,https://internetretailing.net/wp-content/uploads/2026/06/switzerland-luxury-2026.png
"Aug 22, 2026 @ 19:50:17.008",b30e51d7432c35173b18d50cc3aa951b,https://internetretailing.net/report-hub/mondi-whitepaper-2026-ai-the-future-of-ecommerce-packaging/,Mondi Whitepaper 2026: AI & The Future of eCommerce Packaging - InternetRetailing,"Discover how Artificial Intelligence, automation and sustainable packaging are reshaping consumer behaviour and driving repeat sales for online retailers. Online retailers are operating in a market defined by rapid technological acceleration, tightening sustainability legislation (such as the EU’s Packaging and Packaging Waste Regulation) and rising operational complexity. Based on a comprehensive survey of 6,000 consumers […]",,,,https://internetretailing.net/wp-content/uploads/2026/06/mondi.png
"Aug 22, 2026 @ 19:50:17.020",efc396681af32755da8b2e8055110230,https://internetretailing.net/report-hub/french-luxury-2026/,France Luxury 2026: Redefining Value in a Changing Market - InternetRetailing,"French Luxury Retail 2026 is an essential guide for global retailers. By examining the dynamics, consumer behaviors and leading players.",,,,https://internetretailing.net/wp-content/uploads/2026/05/france-luxury2026.png
"Aug 22, 2026 @ 19:50:17.030",181e3f01bb83b796a278b1aff53d3b8e,https://internetretailing.net/about/cookie-policy/,Cookie Policy - InternetRetailing,Cookie Policy Cookies are small text files that can be used by websites to make a user’s experience more efficient. The law states that we can store cookies on your device if they are strictly necessary for the operation of this site. For all other types of cookies we need your permission. This site uses […],,,,
"Aug 22, 2026 @ 19:50:17.039",245aaf830806f96dde6234a36fc8279d,https://internetretailing.net/events/category/webinars/,Upcoming Webinars - InternetRetailing,"Upcoming Webinars We host a wealth of webinars covering the latest topics, trends and technological advancements. See what’s coming up down below… Can’t make the date? All previous webinars are now available to watch on demand, so you can rewind and revisit all your favourite industry guests to your heart’s content! 25 Apr 14:00 26 […]",,,,
"Aug 22, 2026 @ 19:50:17.049",9defe1bb573a93beefd0cfb6fdbb3686,https://internetretailing.net/channel/retail-media/,Retail Media - InternetRetailing,"Sponsored by: Mapping the Retail Media opportunity in D2C. We track the dynamics, opportunities and examplars of the retail media revolution via our insight, analysis, research and events. Commentary Case studies Events Podcasts Research Reports Retail Media Newsletter Retail Media 10 Jun 2025 Retail Media Three years ago, Retail Media was nowhere to be seen […]",,,,https://internetretailing.net/wp-content/uploads/2025/04/Retail-Media-logo-Black-1-1024x420.png
"Aug 22, 2026 @ 19:50:17.068",7d6b78afd0b7d86b8b98a2fc3f6cb47c,https://internetretailing.net/channel/retail-media/#commentary,Retail Media - InternetRetailing,"Sponsored by: Mapping the Retail Media opportunity in D2C. We track the dynamics, opportunities and examplars of the retail media revolution via our insight, analysis, research and events. Commentary Case studies Events Podcasts Research Reports Retail Media Newsletter Retail Media 10 Jun 2025 Retail Media Three years ago, Retail Media was nowhere to be seen […]",,,,https://internetretailing.net/wp-content/uploads/2025/04/Retail-Media-logo-Black-1-1024x420.png
"Aug 22, 2026 @ 19:50:17.088",51974c18a3e68b958099190f676cf771,https://internetretailing.net/channel/retail-media/#casestudies,Retail Media - InternetRetailing,"Sponsored by: Mapping the Retail Media opportunity in D2C. We track the dynamics, opportunities and examplars of the retail media revolution via our insight, analysis, research and events. Commentary Case studies Events Podcasts Research Reports Retail Media Newsletter Retail Media 10 Jun 2025 Retail Media Three years ago, Retail Media was nowhere to be seen […]",,,,https://internetretailing.net/wp-content/uploads/2025/04/Retail-Media-logo-Black-1-1024x420.png
"Aug 22, 2026 @ 19:50:17.098",62c13aa3d7f89164eabe533116b596d9,https://internetretailing.net/media/retail-media-podcast/,Retail MediaX Podcast Series 2024 - InternetRetailing,"Retail MediaX podcast series In association with SMG Recorded live at the Retail MediaX events in London, these limited edition podcasts – brought to you in partnership with SMG – have experts from across the retail media ecosystem looking at what leading UK retail media networks are doing; how the sector is evolving; and where […]",,,,https://internetretailing.net/wp-content/uploads/2025/06/RMX-Podcast-banner.png
"Aug 22, 2026 @ 19:50:17.110",dea9fd62e2e2eaaa7235938e317031f3,https://internetretailing.net/channel/retail-media/#research,Retail Media - InternetRetailing,"Sponsored by: Mapping the Retail Media opportunity in D2C. We track the dynamics, opportunities and examplars of the retail media revolution via our insight, analysis, research and events. Commentary Case studies Events Podcasts Research Reports Retail Media Newsletter Retail Media 10 Jun 2025 Retail Media Three years ago, Retail Media was nowhere to be seen […]",,,,https://internetretailing.net/wp-content/uploads/2025/04/Retail-Media-logo-Black-1-1024x420.png
"Aug 22, 2026 @ 19:50:17.124",fc0879997c091aadc2a6130b3522c550,https://internetretailing.net/channel/subscriptions/,Subscriptions - InternetRetailing,"Sponsored by: From curated meal boxes to indispensable necessities, discover how the subscription model is growing and becoming a feature of modern ecommerce. Commentary Case studies Events Podcasts Research Reports SubscriptionX Newsletter News 18 Feb 2026 News Epetōme, a British gut health brand, has secured a multi-million-pound investment to accelerate international expansion… 18 Feb 2026 […]",,,,https://internetretailing.net/wp-content/uploads/2025/04/SubscriptionX_Primary-logo_Grey-1024x226.png
"Aug 22, 2026 @ 19:50:17.139",5576d9b58611233e4e1ccdf9bb6f7876,https://internetretailing.net/themes/sustainability/,Sustainability - InternetRetailing,Read our research and review of retail sustainability and how brands are going green to achieve an eco-friendly future.,,,,https://internetretailing.net/wp-content/uploads/2024/07/horizontal-concepts-fw21-GiveBack2021-US-launch-CLP-teaser-img-carousel-card4_tcm143-760528-copy.jpg
"Aug 22, 2026 @ 19:50:17.160",cac949e9402c48cee3226ca6b77a0905,https://internetretailing.net/themes/strategy-and-innovation/,Strategy & Innovation - InternetRetailing,"Strategy and Innovation Focuses on how retailers can stand out from the competition in an ever-changing multichannel retail market. 15 Nov 2023 For the first time ever, H&M is offering a rental service on selected pieces from their latest guest designer collaboration. A curated assortment from the Rabanne H&M collection featuring exclusive colourways is now available for […]",,,,https://internetretailing.net/wp-content/uploads/2023/11/hmgoepprod-1.jpeg
"Aug 22, 2026 @ 19:50:17.198",db1953ca591aef01cddc59f06f99f980,https://internetretailing.net/channel/subscriptions/#commentary,Subscriptions - InternetRetailing,"Sponsored by: From curated meal boxes to indispensable necessities, discover how the subscription model is growing and becoming a feature of modern ecommerce. Commentary Case studies Events Podcasts Research Reports SubscriptionX Newsletter News 18 Feb 2026 News Epetōme, a British gut health brand, has secured a multi-million-pound investment to accelerate international expansion… 18 Feb 2026 […]",,,,https://internetretailing.net/wp-content/uploads/2025/04/SubscriptionX_Primary-logo_Grey-1024x226.png
"Aug 22, 2026 @ 19:50:17.209",ee884dd0f160b6682395d7019441dd31,https://internetretailing.net/media/fmcg-podcast/,FMCG Podcast - InternetRetailing,"FMCG Podcast Season 1 in association with dunnhumby Interviews with the people behind positive retail and brand performance. The RetailX Events Podcasts are recorded live at our events, sharing exclusive insights to help you get ahead. Listen via the online player embedded in each episode, or better still make sure you’re the first to get […]",,,,https://internetretailing.net/wp-content/uploads/2025/05/Mirakle-Podcast-IR-v1-2-1.jpg
"Aug 22, 2026 @ 19:50:17.219",8abf1637f8472a73678adbfa98605dd3,https://internetretailing.net/media/the-retail-media-podcast/,"The Retail Media Podcast, in association with Mirakl - InternetRetailing","The Retail Media Podcast in association with Mirakl The Retail Media Podcast, in association with Mirakl, is a 10-part series detailing the journey from Retail to Media. Starting at NRF’s Big Retail show, this series will traverse to the festival of digital media that is Cannes Lions, with engaging and informative conversations in between. Global […]",,,,https://internetretailing.net/wp-content/uploads/2025/05/Mirakle-Podcast-IR-v1-2-1.jpg
"Aug 22, 2026 @ 19:50:17.238",3497e4ddafb38ff900e7a9600634bf49,https://internetretailing.net/channel/subscriptions/#casestudies,Subscriptions - InternetRetailing,"Sponsored by: From curated meal boxes to indispensable necessities, discover how the subscription model is growing and becoming a feature of modern ecommerce. Commentary Case studies Events Podcasts Research Reports SubscriptionX Newsletter News 18 Feb 2026 News Epetōme, a British gut health brand, has secured a multi-million-pound investment to accelerate international expansion… 18 Feb 2026 […]",,,,https://internetretailing.net/wp-content/uploads/2025/04/SubscriptionX_Primary-logo_Grey-1024x226.png
"Aug 22, 2026 @ 19:50:17.255",6f1cd6ad6065451968deb87e527ccbd3,https://internetretailing.net/media/retailcraft-podcast/,Podcast - InternetRetailing,"The RetailCraft Podcast Interviews with the people behind multichannel performance. The RetailCraft podcast series looks at the who and how behind the performance of our Global Elite 1000 companies, and those who influence and inspire them. Ian Jindal shares the studio with retail leaders, RetailX’s analysts and sector experts, covering topics from commercial performance through […]",,,,https://internetretailing.net/wp-content/uploads/2023/06/US_UK_Apple_Podcasts_Listen_Badge_CMYK.png
"Aug 22, 2026 @ 19:50:17.274",6ec15e5713b9f1bf7a1314e5021a92be,https://internetretailing.net/media/video-channel/,Video Channel - InternetRetailing,"Videos Watch all our interviews, news and past webinars exploring the most pressing topics in retail, on demand 8 Jun 2022 More Information 28 Apr 2022 More Information 20 Apr 2022 More Information 31 Mar 2022 More Information 31 Mar 2022 More Information 23 Mar 2022 More Information View More Videos Subscribe to Newsletter Access […]",,,,
"Aug 22, 2026 @ 19:50:17.295",acc226cf14efbd766cbfe9a9e602848a,https://internetretailing.net/research/retailx-sector-reports/,Sector Reports - InternetRetailing,"Sector Reports Our RetailX Sector reports take an in-depth dive into the companies, strategies and consumers of different sectors across the UK, Europe and the World. Each report aims to give a retailer greater understanding of the complexities of ecommerce by sector by studying the market forces and customer behaviours by product type. The reports […]",,,,https://internetretailing.net/wp-content/uploads/2025/06/prn.png
"Aug 22, 2026 @ 19:50:17.312",03050cf1e45bc33ee0911d731d7b7bca,https://internetretailing.net/research/whitepapers/,Whitepapers - InternetRetailing,Whitepapers Delving into the more niche areas of successful multichannel retailing operations. Read More Read More Read More Read More Read More Read More Read More Read More Read More Read More Read More Read More Read More Read More Read More Read More Read More Read More Read More Read More Read More Read […],,,,https://internetretailing.net/wp-content/uploads/2025/08/simpler.png
"Aug 22, 2026 @ 19:50:17.336",21cb4a02ce91c8f4264fb8ed2029e22e,https://internetretailing.net/research/bluepapers/,Bluepapers - InternetRetailing,Bluepapers Exploring innovative solutions and emerging technologies in retail… Read More Read More Tealium Read More Featuring case studies with: Test 1Test 2 Read More Read More View More Bluepapers Subscribe to Newsletter Access all new InternetRetailing Research via Email Register InternetRetailing European Newsletter News analysis dedicated to helping European retail professionals Register for Newsletter […],,,,
"Aug 22, 2026 @ 19:50:17.354",891a7a39f08b426c5dde6f9dea3b68b6,https://internetretailing.net/research/top500-reports/,Ranking Reports - InternetRetailing,"Ranking Reports The performance of the world’s leading retailers independently-researched, ranked and analysed. Read More Read More Read More Read More Read More Read More Read More Read More Read More Read More Read More Read More View More Reports “Objective, fact-led performance insight for commercial multichannel professionals.” Martin Shaw, Head of Research, InternetRetailing Get […]",,,,https://internetretailing.net/wp-content/uploads/2025/03/Truelayer-logo-300x75.png
"Aug 22, 2026 @ 19:50:17.375",4511cdc4dba357eb5f85d6179e043db3,https://internetretailing.net/research/retailx-country-reports/,Country Reports - InternetRetailing,"RetailX Country Reports The RetailX country reports equip retailers with the best knowledge to succeed, by providing a clear and comprehensive overview of the state of commerce in countries and regions around the world. We cover everything from facts, figures and ecommerce trends, to European government data, exclusive research, analysis and more. Find out all […]",,,,https://internetretailing.net/wp-content/uploads/2025/10/vimeo.png
"Aug 22, 2026 @ 19:50:17.388",cea08703a32c4b6cac04714ddb96e56b,https://internetretailing.net/research/rxeu-marketplace-report/,Marketplace Reports - InternetRetailing,"European Marketplaces Reports Marketplaces have quickly become an essential part of the online retail mix for both consumers and merchants across Europe. The research in our Marketplace Reportsuncovers where marketplaces in Europe are continuing to evolve towards: how mobile is shifting basic customer experience, the rise of smart and voice-controlled devices in shopping, how delivery […]",,,,https://internetretailing.net/wp-content/uploads/2025/10/inventory-sage.png
"Aug 22, 2026 @ 19:50:17.400",c7330e3504aeb29f61d8bf99b9a963cd,https://internetretailing.net/report-hub/internetretailing-returns-2025-report/,InternetRetailing Returns 2025 Report - InternetRetailing,"InternetRetailing Returns Report 2025 delves into the strategies retailers are using to mitigate the impact of returns on their profitability, customer satisfaction, and the planet. The Report highlights how technology, from informed decision-making to AI tools, is enhancing efficiency and improving the overall customer experience in the returns cycle.",,,,https://internetretailing.net/wp-content/uploads/2025/09/returns-report-2025.png
"Aug 22, 2026 @ 19:50:17.407",e767fbc8cf92c56ea51d2e2293b457f3,https://internetretailing.net/report-hub/retailx-europe-luxury-sector-report-2025/,InternetRetailing Europe Luxury Sector Report 2025 - InternetRetailing,"European Luxury 2025 report examines the state of the luxury clothing, jewellery, bags and accessories market amid reports of a slowdown.",,,,https://internetretailing.net/wp-content/uploads/2024/10/ir-euro-lux-2025.png
"Aug 22, 2026 @ 19:50:17.425",ab7c3b032843b9f528496f3099bc4cac,https://internetretailing.net/channel/subscriptions/#research,Subscriptions - InternetRetailing,"Sponsored by: From curated meal boxes to indispensable necessities, discover how the subscription model is growing and becoming a feature of modern ecommerce. Commentary Case studies Events Podcasts Research Reports SubscriptionX Newsletter News 18 Feb 2026 News Epetōme, a British gut health brand, has secured a multi-million-pound investment to accelerate international expansion… 18 Feb 2026 […]",,,,https://internetretailing.net/wp-content/uploads/2025/04/SubscriptionX_Primary-logo_Grey-1024x226.png
"Aug 22, 2026 @ 19:50:17.436",4c4604f440fb54a94f31d6d74b97eb4b,https://internetretailing.net/upcoming-events/past-webinars/,Past Webinars - InternetRetailing,"Past Webinars Watch all our past webinars exploring the most pressing topics in retail, on demand! 16 Dec 2025 by James Pearson 4 Nov 2025 by James Pearson 24 Sep 2025 by James Pearson 26 Mar 2025 by Chris Dinnall 12 Mar 2025 by Chris Dinnall 19 Feb 2025 by Chris Dinnall View More Webinars […]",,,,https://internetretailing.net/wp-content/uploads/2025/10/From-Peak-To-Plan_Ad_Low-res.png
"Aug 22, 2026 @ 19:50:17.445",22830ce64d848d50de67c60c25bc9e18,https://internetretailing.net/about/advertising-opportunities/,Advertising Opportunities - InternetRetailing,"Work with us We’re the leading voice for ecommerce and multichannel retail success “Internet Retailing has been the voice of online and multichannel retail successfor over a decade. With a dedicated news portal, detailed sector reports andcomplementary events, Internet Retailing is dedicated to helping our partners thrive inthe dynamic ecosystem that is ecommerce. A renewed […]",,,,https://internetretailing.net/wp-content/uploads/2026/01/ebfd28d956305720a35425d4867a7ea3-768x768.webp
"Aug 22, 2026 @ 19:50:17.452",7eb474d5c2cb21efc9d679005674d177,https://internetretailing.net/about/contact-us/,Contact Us - InternetRetailing,"Contact Us EDITORIAL For press releases and media announcements please send to: press@internetretailing.net For article proposals and submissions please email: editor@internetretailing.net To see what papers and features we have coming up this year please visit our Editorial Calendar SALES AND MEDIA PACK Contact our Account Directors, they are happy to help with commercial and sales […]",,,,https://internetretailing.net/wp-content/uploads/2026/03/beyond-the-basics.png
"Aug 22, 2026 @ 19:50:17.465",eaa680bd6af711c04853c6e08446813f,https://internetretailing.net/about/press/,Press - InternetRetailing,Latest Articles 6 Sep 2023 6 Sep 2023 6 Sep 2023 5 Sep 2023 Join Our Press List Register to receive our press releases about our latest research and reports. If you have a question about our research or articles please contact marketing@internetretailing.net View Privacy Policy Latest Reports,,,,https://internetretailing.net/wp-content/uploads/2023/09/Hobbycraft-UKST.png
"Aug 22, 2026 @ 19:50:17.480",39b7d2c03adf2cd37927969e8f94399d,https://internetretailing.net/about/terms-and-conditions/,Terms and Conditions - InternetRetailing,"Terms and Conditions Terms of use Use of this site, and its contents, is subject to the following terms and conditions. By using this site you accept these terms and conditions and agree that you are bound by them. Among other things, these terms limit our liability for any loss or damage which might arise […]",,,,https://internetretailing.net/wp-content/uploads/2022/05/RXBEU22RP_Full_1.1PDF_Thumb1.png
"Aug 22, 2026 @ 19:50:17.488",179385e4d1252cccec38ff94a69f3b2b,https://internetretailing.net/about/privacy-policy/,Privacy Policy - InternetRetailing,"Privacy Policy Privacy Policy Introduction This privacy policy forms part of our terms and conditions and provides information on how Internet Retailing Media Services Ltd (We/Us/Our/The Company) processes your data. Definitions Services means our websites, content and any media, channel, application or service operated, created or made available by the Company which may include but […]",,,,
"Aug 22, 2026 @ 19:50:17.498",274dfd23438e21f33f30329ddde05744,https://internetretailing.net/upcoming-events/upcoming-webinars/,Upcoming Webinars - InternetRetailing,"Upcoming Webinars We host a wealth of webinars covering the latest topics, trends and technological advancements. See what’s coming up down below… Can’t make the date? All previous webinars are now available to watch on demand, so you can rewind and revisit all your favourite industry guests to your heart’s content! 25 Apr 14:00 26 […]",,,,
"Aug 22, 2026 @ 19:50:17.507",47fee3105e5a84d7b354400920090daa,https://internetretailing.net/report-hub/der-schlussel-zunachhaltigem-wachstum-imdeutschen-e-commerce/,Der Schlüssel zunachhaltigem Wachstum im Deutschen E-Commerce - InternetRetailing,"Entdecken Sie die fünf Fulfilment-Prioritäten, die deutschen Online-Shoppern besonders wichtig sind – und erfahren Sie, wie Händler diese nutzen können, um Loyalität aufzubauen, Reibungspunkte zu reduzieren und den Umsatz zu steigern. Deutschland zählt zu den wertvollsten E-Commerce-Märkten Europas. Bis 2026 soll der Onlineumsatz auf 86,66 Milliarden Euro steigen. Doch wer in diesem Markt erfolgreich sein […]",,,,https://internetretailing.net/wp-content/uploads/2026/07/ir-german-whitepaper.png
"Aug 22, 2026 @ 19:50:17.514",6a75f32040f618949b7716ba4d0f83c0,https://internetretailing.net/report-hub/switzerland-luxury-market-report-2026/,Switzerland Luxury Market Report 2026 - InternetRetailing,"The Switzerland Luxury Market Report 2026 provides an in-depth analysis of this distinctive retail landscape. It explores everything from the strength of the Swiss watch industry to the growth of mobile commerce, personalised customer experiences and sustainable luxury.",,,,https://internetretailing.net/wp-content/uploads/2026/06/switzerland-luxury-2026.png
"Aug 22, 2026 @ 19:50:17.521",b30e51d7432c35173b18d50cc3aa951b,https://internetretailing.net/report-hub/mondi-whitepaper-2026-ai-the-future-of-ecommerce-packaging/,Mondi Whitepaper 2026: AI & The Future of eCommerce Packaging - InternetRetailing,"Discover how Artificial Intelligence, automation and sustainable packaging are reshaping consumer behaviour and driving repeat sales for online retailers. Online retailers are operating in a market defined by rapid technological acceleration, tightening sustainability legislation (such as the EU’s Packaging and Packaging Waste Regulation) and rising operational complexity. Based on a comprehensive survey of 6,000 consumers […]",,,,https://internetretailing.net/wp-content/uploads/2026/06/mondi.png
"Aug 22, 2026 @ 19:50:17.533",efc396681af32755da8b2e8055110230,https://internetretailing.net/report-hub/french-luxury-2026/,France Luxury 2026: Redefining Value in a Changing Market - InternetRetailing,"French Luxury Retail 2026 is an essential guide for global retailers. By examining the dynamics, consumer behaviors and leading players.",,,,https://internetretailing.net/wp-content/uploads/2026/05/france-luxury2026.png
"Aug 22, 2026 @ 19:50:17.542",181e3f01bb83b796a278b1aff53d3b8e,https://internetretailing.net/about/cookie-policy/,Cookie Policy - InternetRetailing,Cookie Policy Cookies are small text files that can be used by websites to make a user’s experience more efficient. The law states that we can store cookies on your device if they are strictly necessary for the operation of this site. For all other types of cookies we need your permission. This site uses […],,,,
"Aug 22, 2026 @ 19:50:17.550",245aaf830806f96dde6234a36fc8279d,https://internetretailing.net/events/category/webinars/,Upcoming Webinars - InternetRetailing,"Upcoming Webinars We host a wealth of webinars covering the latest topics, trends and technological advancements. See what’s coming up down below… Can’t make the date? All previous webinars are now available to watch on demand, so you can rewind and revisit all your favourite industry guests to your heart’s content! 25 Apr 14:00 26 […]",,,,
"Aug 22, 2026 @ 19:50:17.569",9defe1bb573a93beefd0cfb6fdbb3686,https://internetretailing.net/channel/retail-media/,Retail Media - InternetRetailing,"Sponsored by: Mapping the Retail Media opportunity in D2C. We track the dynamics, opportunities and examplars of the retail media revolution via our insight, analysis, research and events. Commentary Case studies Events Podcasts Research Reports Retail Media Newsletter Retail Media 10 Jun 2025 Retail Media Three years ago, Retail Media was nowhere to be seen […]",,,,https://internetretailing.net/wp-content/uploads/2025/04/Retail-Media-logo-Black-1-1024x420.png
"Aug 22, 2026 @ 19:50:17.586",7d6b78afd0b7d86b8b98a2fc3f6cb47c,https://internetretailing.net/channel/retail-media/#commentary,Retail Media - InternetRetailing,"Sponsored by: Mapping the Retail Media opportunity in D2C. We track the dynamics, opportunities and examplars of the retail media revolution via our insight, analysis, research and events. Commentary Case studies Events Podcasts Research Reports Retail Media Newsletter Retail Media 10 Jun 2025 Retail Media Three years ago, Retail Media was nowhere to be seen […]",,,,https://internetretailing.net/wp-content/uploads/2025/04/Retail-Media-logo-Black-1-1024x420.png
"Aug 22, 2026 @ 19:50:17.602",51974c18a3e68b958099190f676cf771,https://internetretailing.net/channel/retail-media/#casestudies,Retail Media - InternetRetailing,"Sponsored by: Mapping the Retail Media opportunity in D2C. We track the dynamics, opportunities and examplars of the retail media revolution via our insight, analysis, research and events. Commentary Case studies Events Podcasts Research Reports Retail Media Newsletter Retail Media 10 Jun 2025 Retail Media Three years ago, Retail Media was nowhere to be seen […]",,,,https://internetretailing.net/wp-content/uploads/2025/04/Retail-Media-logo-Black-1-1024x420.png
"Aug 22, 2026 @ 19:50:17.611",62c13aa3d7f89164eabe533116b596d9,https://internetretailing.net/media/retail-media-podcast/,Retail MediaX Podcast Series 2024 - InternetRetailing,"Retail MediaX podcast series In association with SMG Recorded live at the Retail MediaX events in London, these limited edition podcasts – brought to you in partnership with SMG – have experts from across the retail media ecosystem looking at what leading UK retail media networks are doing; how the sector is evolving; and where […]",,,,https://internetretailing.net/wp-content/uploads/2025/06/RMX-Podcast-banner.png
"Aug 22, 2026 @ 19:50:17.629",dea9fd62e2e2eaaa7235938e317031f3,https://internetretailing.net/channel/retail-media/#research,Retail Media - InternetRetailing,"Sponsored by: Mapping the Retail Media opportunity in D2C. We track the dynamics, opportunities and examplars of the retail media revolution via our insight, analysis, research and events. Commentary Case studies Events Podcasts Research Reports Retail Media Newsletter Retail Media 10 Jun 2025 Retail Media Three years ago, Retail Media was nowhere to be seen […]",,,,https://internetretailing.net/wp-content/uploads/2025/04/Retail-Media-logo-Black-1-1024x420.png
"Aug 22, 2026 @ 19:50:17.641",e74a8ae7d98c74f9801f637d68d1caa7,https://internetretailing.net/views/frontline/,Frontline - InternetRetailing,"Frontline Feedback from the frontline of multichannel retail – allowing our clients and partners to showcase their brand through their own content. 168 13 Mar 2023 2023 forecasts predicted a bumpy ride for retail. The micro-economic factors that impacted the sector throughout 2022 have persisted, threatening to further dent already squeezed profit margins. Frontline 6 […]",,,,https://internetretailing.net/wp-content/uploads/2023/03/iStock-1391824162-scaled.jpg
"Aug 22, 2026 @ 19:50:17.655",1b6f3c45c23cae0240eae24884803a7b,https://internetretailing.net/media/marketing-unlearned/,"Marketing UnLearned, in association with Epsilon - InternetRetailing","Marketing Unlearned in association with Epsilon Marketing UnLearned is a podcast series that explores the challenges the leading-edge digital marketing poses to established and received wisdom. All new initiatives, until proven, are subject to scrutiny and challenge: the ‘waddabouts’, the statements of inertia, the “why bother?”, the deprioritising questions. Within these challenges there is often […]",,,,https://internetretailing.net/wp-content/uploads/2025/04/epsilon-176352.png
"Aug 22, 2026 @ 19:50:17.667",fc0879997c091aadc2a6130b3522c550,https://internetretailing.net/channel/subscriptions/,Subscriptions - InternetRetailing,"Sponsored by: From curated meal boxes to indispensable necessities, discover how the subscription model is growing and becoming a feature of modern ecommerce. Commentary Case studies Events Podcasts Research Reports SubscriptionX Newsletter News 18 Feb 2026 News Epetōme, a British gut health brand, has secured a multi-million-pound investment to accelerate international expansion… 18 Feb 2026 […]",,,,https://internetretailing.net/wp-content/uploads/2025/04/SubscriptionX_Primary-logo_Grey-1024x226.png
"Aug 22, 2026 @ 19:50:17.685",5576d9b58611233e4e1ccdf9bb6f7876,https://internetretailing.net/themes/sustainability/,Sustainability - InternetRetailing,Read our research and review of retail sustainability and how brands are going green to achieve an eco-friendly future.,,,,https://internetretailing.net/wp-content/uploads/2024/07/horizontal-concepts-fw21-GiveBack2021-US-launch-CLP-teaser-img-carousel-card4_tcm143-760528-copy.jpg
"Aug 22, 2026 @ 19:50:17.702",cac949e9402c48cee3226ca6b77a0905,https://internetretailing.net/themes/strategy-and-innovation/,Strategy & Innovation - InternetRetailing,"Strategy and Innovation Focuses on how retailers can stand out from the competition in an ever-changing multichannel retail market. 15 Nov 2023 For the first time ever, H&M is offering a rental service on selected pieces from their latest guest designer collaboration. A curated assortment from the Rabanne H&M collection featuring exclusive colourways is now available for […]",,,,https://internetretailing.net/wp-content/uploads/2023/11/hmgoepprod-1.jpeg
"Aug 22, 2026 @ 19:50:17.716",db1953ca591aef01cddc59f06f99f980,https://internetretailing.net/channel/subscriptions/#commentary,Subscriptions - InternetRetailing,"Sponsored by: From curated meal boxes to indispensable necessities, discover how the subscription model is growing and becoming a feature of modern ecommerce. Commentary Case studies Events Podcasts Research Reports SubscriptionX Newsletter News 18 Feb 2026 News Epetōme, a British gut health brand, has secured a multi-million-pound investment to accelerate international expansion… 18 Feb 2026 […]",,,,https://internetretailing.net/wp-content/uploads/2025/04/SubscriptionX_Primary-logo_Grey-1024x226.png
"Aug 22, 2026 @ 19:50:17.728",ee884dd0f160b6682395d7019441dd31,https://internetretailing.net/media/fmcg-podcast/,FMCG Podcast - InternetRetailing,"FMCG Podcast Season 1 in association with dunnhumby Interviews with the people behind positive retail and brand performance. The RetailX Events Podcasts are recorded live at our events, sharing exclusive insights to help you get ahead. Listen via the online player embedded in each episode, or better still make sure you’re the first to get […]",,,,https://internetretailing.net/wp-content/uploads/2025/05/Mirakle-Podcast-IR-v1-2-1.jpg
"Aug 22, 2026 @ 19:50:17.738",8abf1637f8472a73678adbfa98605dd3,https://internetretailing.net/media/the-retail-media-podcast/,"The Retail Media Podcast, in association with Mirakl - InternetRetailing","The Retail Media Podcast in association with Mirakl The Retail Media Podcast, in association with Mirakl, is a 10-part series detailing the journey from Retail to Media. Starting at NRF’s Big Retail show, this series will traverse to the festival of digital media that is Cannes Lions, with engaging and informative conversations in between. Global […]",,,,https://internetretailing.net/wp-content/uploads/2025/05/Mirakle-Podcast-IR-v1-2-1.jpg
"Aug 22, 2026 @ 19:50:17.848",3497e4ddafb38ff900e7a9600634bf49,https://internetretailing.net/channel/subscriptions/#casestudies,Subscriptions - InternetRetailing,"Sponsored by: From curated meal boxes to indispensable necessities, discover how the subscription model is growing and becoming a feature of modern ecommerce. Commentary Case studies Events Podcasts Research Reports SubscriptionX Newsletter News 18 Feb 2026 News Epetōme, a British gut health brand, has secured a multi-million-pound investment to accelerate international expansion… 18 Feb 2026 […]",,,,https://internetretailing.net/wp-content/uploads/2025/04/SubscriptionX_Primary-logo_Grey-1024x226.png
"Aug 22, 2026 @ 19:50:17.867",6f1cd6ad6065451968deb87e527ccbd3,https://internetretailing.net/media/retailcraft-podcast/,Podcast - InternetRetailing,"The RetailCraft Podcast Interviews with the people behind multichannel performance. The RetailCraft podcast series looks at the who and how behind the performance of our Global Elite 1000 companies, and those who influence and inspire them. Ian Jindal shares the studio with retail leaders, RetailX’s analysts and sector experts, covering topics from commercial performance through […]",,,,https://internetretailing.net/wp-content/uploads/2023/06/US_UK_Apple_Podcasts_Listen_Badge_CMYK.png
"Aug 22, 2026 @ 19:50:17.878",6ec15e5713b9f1bf7a1314e5021a92be,https://internetretailing.net/media/video-channel/,Video Channel - InternetRetailing,"Videos Watch all our interviews, news and past webinars exploring the most pressing topics in retail, on demand 8 Jun 2022 More Information 28 Apr 2022 More Information 20 Apr 2022 More Information 31 Mar 2022 More Information 31 Mar 2022 More Information 23 Mar 2022 More Information View More Videos Subscribe to Newsletter Access […]",,,,
"Aug 22, 2026 @ 19:50:17.897",acc226cf14efbd766cbfe9a9e602848a,https://internetretailing.net/research/retailx-sector-reports/,Sector Reports - InternetRetailing,"Sector Reports Our RetailX Sector reports take an in-depth dive into the companies, strategies and consumers of different sectors across the UK, Europe and the World. Each report aims to give a retailer greater understanding of the complexities of ecommerce by sector by studying the market forces and customer behaviours by product type. The reports […]",,,,https://internetretailing.net/wp-content/uploads/2025/06/prn.png
"Aug 22, 2026 @ 19:50:17.919",03050cf1e45bc33ee0911d731d7b7bca,https://internetretailing.net/research/whitepapers/,Whitepapers - InternetRetailing,Whitepapers Delving into the more niche areas of successful multichannel retailing operations. Read More Read More Read More Read More Read More Read More Read More Read More Read More Read More Read More Read More Read More Read More Read More Read More Read More Read More Read More Read More Read More Read […],,,,https://internetretailing.net/wp-content/uploads/2025/08/simpler.png
"Aug 22, 2026 @ 19:50:17.933",ab7c3b032843b9f528496f3099bc4cac,https://internetretailing.net/channel/subscriptions/#research,Subscriptions - InternetRetailing,"Sponsored by: From curated meal boxes to indispensable necessities, discover how the subscription model is growing and becoming a feature of modern ecommerce. Commentary Case studies Events Podcasts Research Reports SubscriptionX Newsletter News 18 Feb 2026 News Epetōme, a British gut health brand, has secured a multi-million-pound investment to accelerate international expansion… 18 Feb 2026 […]",,,,https://internetretailing.net/wp-content/uploads/2025/04/SubscriptionX_Primary-logo_Grey-1024x226.png
"Aug 22, 2026 @ 19:50:17.947",e74a8ae7d98c74f9801f637d68d1caa7,https://internetretailing.net/views/frontline/,Frontline - InternetRetailing,"Frontline Feedback from the frontline of multichannel retail – allowing our clients and partners to showcase their brand through their own content. 168 13 Mar 2023 2023 forecasts predicted a bumpy ride for retail. The micro-economic factors that impacted the sector throughout 2022 have persisted, threatening to further dent already squeezed profit margins. Frontline 6 […]",,,,https://internetretailing.net/wp-content/uploads/2023/03/iStock-1391824162-scaled.jpg
"Aug 22, 2026 @ 19:50:17.961",891a7a39f08b426c5dde6f9dea3b68b6,https://internetretailing.net/research/top500-reports/,Ranking Reports - InternetRetailing,"Ranking Reports The performance of the world’s leading retailers independently-researched, ranked and analysed. Read More Read More Read More Read More Read More Read More Read More Read More Read More Read More Read More Read More View More Reports “Objective, fact-led performance insight for commercial multichannel professionals.” Martin Shaw, Head of Research, InternetRetailing Get […]",,,,https://internetretailing.net/wp-content/uploads/2025/03/Truelayer-logo-300x75.png
"Aug 22, 2026 @ 19:50:17.975",21cb4a02ce91c8f4264fb8ed2029e22e,https://internetretailing.net/research/bluepapers/,Bluepapers - InternetRetailing,Bluepapers Exploring innovative solutions and emerging technologies in retail… Read More Read More Tealium Read More Featuring case studies with: Test 1Test 2 Read More Read More View More Bluepapers Subscribe to Newsletter Access all new InternetRetailing Research via Email Register InternetRetailing European Newsletter News analysis dedicated to helping European retail professionals Register for Newsletter […],,,,
"Aug 22, 2026 @ 19:50:17.988",4511cdc4dba357eb5f85d6179e043db3,https://internetretailing.net/research/retailx-country-reports/,Country Reports - InternetRetailing,"RetailX Country Reports The RetailX country reports equip retailers with the best knowledge to succeed, by providing a clear and comprehensive overview of the state of commerce in countries and regions around the world. We cover everything from facts, figures and ecommerce trends, to European government data, exclusive research, analysis and more. Find out all […]",,,,https://internetretailing.net/wp-content/uploads/2025/10/vimeo.png
"Aug 22, 2026 @ 19:50:18.000",cea08703a32c4b6cac04714ddb96e56b,https://internetretailing.net/research/rxeu-marketplace-report/,Marketplace Reports - InternetRetailing,"European Marketplaces Reports Marketplaces have quickly become an essential part of the online retail mix for both consumers and merchants across Europe. The research in our Marketplace Reportsuncovers where marketplaces in Europe are continuing to evolve towards: how mobile is shifting basic customer experience, the rise of smart and voice-controlled devices in shopping, how delivery […]",,,,https://internetretailing.net/wp-content/uploads/2025/10/inventory-sage.png
"Aug 22, 2026 @ 19:50:18.009",e767fbc8cf92c56ea51d2e2293b457f3,https://internetretailing.net/report-hub/retailx-europe-luxury-sector-report-2025/,InternetRetailing Europe Luxury Sector Report 2025 - InternetRetailing,"European Luxury 2025 report examines the state of the luxury clothing, jewellery, bags and accessories market amid reports of a slowdown.",,,,https://internetretailing.net/wp-content/uploads/2024/10/ir-euro-lux-2025.png
"Aug 22, 2026 @ 19:50:18.019",4c4604f440fb54a94f31d6d74b97eb4b,https://internetretailing.net/upcoming-events/past-webinars/,Past Webinars - InternetRetailing,"Past Webinars Watch all our past webinars exploring the most pressing topics in retail, on demand! 16 Dec 2025 by James Pearson 4 Nov 2025 by James Pearson 24 Sep 2025 by James Pearson 26 Mar 2025 by Chris Dinnall 12 Mar 2025 by Chris Dinnall 19 Feb 2025 by Chris Dinnall View More Webinars […]",,,,https://internetretailing.net/wp-content/uploads/2025/10/From-Peak-To-Plan_Ad_Low-res.png
"Aug 22, 2026 @ 19:50:18.028",c7330e3504aeb29f61d8bf99b9a963cd,https://internetretailing.net/report-hub/internetretailing-returns-2025-report/,InternetRetailing Returns 2025 Report - InternetRetailing,"InternetRetailing Returns Report 2025 delves into the strategies retailers are using to mitigate the impact of returns on their profitability, customer satisfaction, and the planet. The Report highlights how technology, from informed decision-making to AI tools, is enhancing efficiency and improving the overall customer experience in the returns cycle.",,,,https://internetretailing.net/wp-content/uploads/2025/09/returns-report-2025.png
"Aug 22, 2026 @ 19:50:18.035",22830ce64d848d50de67c60c25bc9e18,https://internetretailing.net/about/advertising-opportunities/,Advertising Opportunities - InternetRetailing,"Work with us We’re the leading voice for ecommerce and multichannel retail success “Internet Retailing has been the voice of online and multichannel retail successfor over a decade. With a dedicated news portal, detailed sector reports andcomplementary events, Internet Retailing is dedicated to helping our partners thrive inthe dynamic ecosystem that is ecommerce. A renewed […]",,,,https://internetretailing.net/wp-content/uploads/2026/01/ebfd28d956305720a35425d4867a7ea3-768x768.webp
"Aug 22, 2026 @ 19:50:18.043",7eb474d5c2cb21efc9d679005674d177,https://internetretailing.net/about/contact-us/,Contact Us - InternetRetailing,"Contact Us EDITORIAL For press releases and media announcements please send to: press@internetretailing.net For article proposals and submissions please email: editor@internetretailing.net To see what papers and features we have coming up this year please visit our Editorial Calendar SALES AND MEDIA PACK Contact our Account Directors, they are happy to help with commercial and sales […]",,,,https://internetretailing.net/wp-content/uploads/2026/03/beyond-the-basics.png
"Aug 22, 2026 @ 19:50:18.051",eaa680bd6af711c04853c6e08446813f,https://internetretailing.net/about/press/,Press - InternetRetailing,Latest Articles 6 Sep 2023 6 Sep 2023 6 Sep 2023 5 Sep 2023 Join Our Press List Register to receive our press releases about our latest research and reports. If you have a question about our research or articles please contact marketing@internetretailing.net View Privacy Policy Latest Reports,,,,https://internetretailing.net/wp-content/uploads/2023/09/Hobbycraft-UKST.png
"Aug 22, 2026 @ 19:50:18.058",179385e4d1252cccec38ff94a69f3b2b,https://internetretailing.net/about/privacy-policy/,Privacy Policy - InternetRetailing,"Privacy Policy Privacy Policy Introduction This privacy policy forms part of our terms and conditions and provides information on how Internet Retailing Media Services Ltd (We/Us/Our/The Company) processes your data. Definitions Services means our websites, content and any media, channel, application or service operated, created or made available by the Company which may include but […]",,,,
"Aug 22, 2026 @ 19:50:18.069",39b7d2c03adf2cd37927969e8f94399d,https://internetretailing.net/about/terms-and-conditions/,Terms and Conditions - InternetRetailing,"Terms and Conditions Terms of use Use of this site, and its contents, is subject to the following terms and conditions. By using this site you accept these terms and conditions and agree that you are bound by them. Among other things, these terms limit our liability for any loss or damage which might arise […]",,,,https://internetretailing.net/wp-content/uploads/2022/05/RXBEU22RP_Full_1.1PDF_Thumb1.png
"Aug 22, 2026 @ 19:50:18.077",1b6f3c45c23cae0240eae24884803a7b,https://internetretailing.net/media/marketing-unlearned/,"Marketing UnLearned, in association with Epsilon - InternetRetailing","Marketing Unlearned in association with Epsilon Marketing UnLearned is a podcast series that explores the challenges the leading-edge digital marketing poses to established and received wisdom. All new initiatives, until proven, are subject to scrutiny and challenge: the ‘waddabouts’, the statements of inertia, the “why bother?”, the deprioritising questions. Within these challenges there is often […]",,,,https://internetretailing.net/wp-content/uploads/2025/04/epsilon-176352.png
"Aug 22, 2026 @ 19:50:18.085",274dfd23438e21f33f30329ddde05744,https://internetretailing.net/upcoming-events/upcoming-webinars/,Upcoming Webinars - InternetRetailing,"Upcoming Webinars We host a wealth of webinars covering the latest topics, trends and technological advancements. See what’s coming up down below… Can’t make the date? All previous webinars are now available to watch on demand, so you can rewind and revisit all your favourite industry guests to your heart’s content! 25 Apr 14:00 26 […]",,,,
"Aug 22, 2026 @ 19:50:18.092",47fee3105e5a84d7b354400920090daa,https://internetretailing.net/report-hub/der-schlussel-zunachhaltigem-wachstum-imdeutschen-e-commerce/,Der Schlüssel zunachhaltigem Wachstum im Deutschen E-Commerce - InternetRetailing,"Entdecken Sie die fünf Fulfilment-Prioritäten, die deutschen Online-Shoppern besonders wichtig sind – und erfahren Sie, wie Händler diese nutzen können, um Loyalität aufzubauen, Reibungspunkte zu reduzieren und den Umsatz zu steigern. Deutschland zählt zu den wertvollsten E-Commerce-Märkten Europas. Bis 2026 soll der Onlineumsatz auf 86,66 Milliarden Euro steigen. Doch wer in diesem Markt erfolgreich sein […]",,,,https://internetretailing.net/wp-content/uploads/2026/07/ir-german-whitepaper.png
"Aug 22, 2026 @ 19:50:18.098",6a75f32040f618949b7716ba4d0f83c0,https://internetretailing.net/report-hub/switzerland-luxury-market-report-2026/,Switzerland Luxury Market Report 2026 - InternetRetailing,"The Switzerland Luxury Market Report 2026 provides an in-depth analysis of this distinctive retail landscape. It explores everything from the strength of the Swiss watch industry to the growth of mobile commerce, personalised customer experiences and sustainable luxury.",,,,https://internetretailing.net/wp-content/uploads/2026/06/switzerland-luxury-2026.png
"Aug 22, 2026 @ 19:50:18.107",b30e51d7432c35173b18d50cc3aa951b,https://internetretailing.net/report-hub/mondi-whitepaper-2026-ai-the-future-of-ecommerce-packaging/,Mondi Whitepaper 2026: AI & The Future of eCommerce Packaging - InternetRetailing,"Discover how Artificial Intelligence, automation and sustainable packaging are reshaping consumer behaviour and driving repeat sales for online retailers. Online retailers are operating in a market defined by rapid technological acceleration, tightening sustainability legislation (such as the EU’s Packaging and Packaging Waste Regulation) and rising operational complexity. Based on a comprehensive survey of 6,000 consumers […]",,,,https://internetretailing.net/wp-content/uploads/2026/06/mondi.png
"Aug 22, 2026 @ 19:50:18.118",efc396681af32755da8b2e8055110230,https://internetretailing.net/report-hub/french-luxury-2026/,France Luxury 2026: Redefining Value in a Changing Market - InternetRetailing,"French Luxury Retail 2026 is an essential guide for global retailers. By examining the dynamics, consumer behaviors and leading players.",,,,https://internetretailing.net/wp-content/uploads/2026/05/france-luxury2026.png
"Aug 22, 2026 @ 19:50:18.126",181e3f01bb83b796a278b1aff53d3b8e,https://internetretailing.net/about/cookie-policy/,Cookie Policy - InternetRetailing,Cookie Policy Cookies are small text files that can be used by websites to make a user’s experience more efficient. The law states that we can store cookies on your device if they are strictly necessary for the operation of this site. For all other types of cookies we need your permission. This site uses […],,,,
"Aug 22, 2026 @ 19:50:18.137",245aaf830806f96dde6234a36fc8279d,https://internetretailing.net/events/category/webinars/,Upcoming Webinars - InternetRetailing,"Upcoming Webinars We host a wealth of webinars covering the latest topics, trends and technological advancements. See what’s coming up down below… Can’t make the date? All previous webinars are now available to watch on demand, so you can rewind and revisit all your favourite industry guests to your heart’s content! 25 Apr 14:00 26 […]",,,,
"Aug 22, 2026 @ 19:50:18.153",9defe1bb573a93beefd0cfb6fdbb3686,https://internetretailing.net/channel/retail-media/,Retail Media - InternetRetailing,"Sponsored by: Mapping the Retail Media opportunity in D2C. We track the dynamics, opportunities and examplars of the retail media revolution via our insight, analysis, research and events. Commentary Case studies Events Podcasts Research Reports Retail Media Newsletter Retail Media 10 Jun 2025 Retail Media Three years ago, Retail Media was nowhere to be seen […]",,,,https://internetretailing.net/wp-content/uploads/2025/04/Retail-Media-logo-Black-1-1024x420.png
"Aug 22, 2026 @ 19:50:18.169",62c13aa3d7f89164eabe533116b596d9,https://internetretailing.net/media/retail-media-podcast/,Retail MediaX Podcast Series 2024 - InternetRetailing,"Retail MediaX podcast series In association with SMG Recorded live at the Retail MediaX events in London, these limited edition podcasts – brought to you in partnership with SMG – have experts from across the retail media ecosystem looking at what leading UK retail media networks are doing; how the sector is evolving; and where […]",,,,https://internetretailing.net/wp-content/uploads/2025/06/RMX-Podcast-banner.png
"Aug 22, 2026 @ 19:50:18.189",7d6b78afd0b7d86b8b98a2fc3f6cb47c,https://internetretailing.net/channel/retail-media/#commentary,Retail Media - InternetRetailing,"Sponsored by: Mapping the Retail Media opportunity in D2C. We track the dynamics, opportunities and examplars of the retail media revolution via our insight, analysis, research and events. Commentary Case studies Events Podcasts Research Reports Retail Media Newsletter Retail Media 10 Jun 2025 Retail Media Three years ago, Retail Media was nowhere to be seen […]",,,,https://internetretailing.net/wp-content/uploads/2025/04/Retail-Media-logo-Black-1-1024x420.png
"Aug 22, 2026 @ 19:50:18.203",51974c18a3e68b958099190f676cf771,https://internetretailing.net/channel/retail-media/#casestudies,Retail Media - InternetRetailing,"Sponsored by: Mapping the Retail Media opportunity in D2C. We track the dynamics, opportunities and examplars of the retail media revolution via our insight, analysis, research and events. Commentary Case studies Events Podcasts Research Reports Retail Media Newsletter Retail Media 10 Jun 2025 Retail Media Three years ago, Retail Media was nowhere to be seen […]",,,,https://internetretailing.net/wp-content/uploads/2025/04/Retail-Media-logo-Black-1-1024x420.png
"Aug 22, 2026 @ 19:50:18.218",db1953ca591aef01cddc59f06f99f980,https://internetretailing.net/channel/subscriptions/#commentary,Subscriptions - InternetRetailing,"Sponsored by: From curated meal boxes to indispensable necessities, discover how the subscription model is growing and becoming a feature of modern ecommerce. Commentary Case studies Events Podcasts Research Reports SubscriptionX Newsletter News 18 Feb 2026 News Epetōme, a British gut health brand, has secured a multi-million-pound investment to accelerate international expansion… 18 Feb 2026 […]",,,,https://internetretailing.net/wp-content/uploads/2025/04/SubscriptionX_Primary-logo_Grey-1024x226.png
"Aug 22, 2026 @ 19:50:18.231",fc0879997c091aadc2a6130b3522c550,https://internetretailing.net/channel/subscriptions/,Subscriptions - InternetRetailing,"Sponsored by: From curated meal boxes to indispensable necessities, discover how the subscription model is growing and becoming a feature of modern ecommerce. Commentary Case studies Events Podcasts Research Reports SubscriptionX Newsletter News 18 Feb 2026 News Epetōme, a British gut health brand, has secured a multi-million-pound investment to accelerate international expansion… 18 Feb 2026 […]",,,,https://internetretailing.net/wp-content/uploads/2025/04/SubscriptionX_Primary-logo_Grey-1024x226.png
"Aug 22, 2026 @ 19:50:18.242",5576d9b58611233e4e1ccdf9bb6f7876,https://internetretailing.net/themes/sustainability/,Sustainability - InternetRetailing,Read our research and review of retail sustainability and how brands are going green to achieve an eco-friendly future.,,,,https://internetretailing.net/wp-content/uploads/2024/07/horizontal-concepts-fw21-GiveBack2021-US-launch-CLP-teaser-img-carousel-card4_tcm143-760528-copy.jpg
"Aug 22, 2026 @ 19:50:18.254",dea9fd62e2e2eaaa7235938e317031f3,https://internetretailing.net/channel/retail-media/#research,Retail Media - InternetRetailing,"Sponsored by: Mapping the Retail Media opportunity in D2C. We track the dynamics, opportunities and examplars of the retail media revolution via our insight, analysis, research and events. Commentary Case studies Events Podcasts Research Reports Retail Media Newsletter Retail Media 10 Jun 2025 Retail Media Three years ago, Retail Media was nowhere to be seen […]",,,,https://internetretailing.net/wp-content/uploads/2025/04/Retail-Media-logo-Black-1-1024x420.png
"Aug 22, 2026 @ 19:50:18.268",cac949e9402c48cee3226ca6b77a0905,https://internetretailing.net/themes/strategy-and-innovation/,Strategy & Innovation - InternetRetailing,"Strategy and Innovation Focuses on how retailers can stand out from the competition in an ever-changing multichannel retail market. 15 Nov 2023 For the first time ever, H&M is offering a rental service on selected pieces from their latest guest designer collaboration. A curated assortment from the Rabanne H&M collection featuring exclusive colourways is now available for […]",,,,https://internetretailing.net/wp-content/uploads/2023/11/hmgoepprod-1.jpeg
"Aug 22, 2026 @ 19:50:18.277",ee884dd0f160b6682395d7019441dd31,https://internetretailing.net/media/fmcg-podcast/,FMCG Podcast - InternetRetailing,"FMCG Podcast Season 1 in association with dunnhumby Interviews with the people behind positive retail and brand performance. The RetailX Events Podcasts are recorded live at our events, sharing exclusive insights to help you get ahead. Listen via the online player embedded in each episode, or better still make sure you’re the first to get […]",,,,https://internetretailing.net/wp-content/uploads/2025/05/Mirakle-Podcast-IR-v1-2-1.jpg
"Aug 22, 2026 @ 19:50:18.289",8abf1637f8472a73678adbfa98605dd3,https://internetretailing.net/media/the-retail-media-podcast/,"The Retail Media Podcast, in association with Mirakl - InternetRetailing","The Retail Media Podcast in association with Mirakl The Retail Media Podcast, in association with Mirakl, is a 10-part series detailing the journey from Retail to Media. Starting at NRF’s Big Retail show, this series will traverse to the festival of digital media that is Cannes Lions, with engaging and informative conversations in between. Global […]",,,,https://internetretailing.net/wp-content/uploads/2025/05/Mirakle-Podcast-IR-v1-2-1.jpg
"Aug 22, 2026 @ 19:50:18.304",3497e4ddafb38ff900e7a9600634bf49,https://internetretailing.net/channel/subscriptions/#casestudies,Subscriptions - InternetRetailing,"Sponsored by: From curated meal boxes to indispensable necessities, discover how the subscription model is growing and becoming a feature of modern ecommerce. Commentary Case studies Events Podcasts Research Reports SubscriptionX Newsletter News 18 Feb 2026 News Epetōme, a British gut health brand, has secured a multi-million-pound investment to accelerate international expansion… 18 Feb 2026 […]",,,,https://internetretailing.net/wp-content/uploads/2025/04/SubscriptionX_Primary-logo_Grey-1024x226.png
"Aug 22, 2026 @ 19:50:18.311",6f1cd6ad6065451968deb87e527ccbd3,https://internetretailing.net/media/retailcraft-podcast/,Podcast - InternetRetailing,"The RetailCraft Podcast Interviews with the people behind multichannel performance. The RetailCraft podcast series looks at the who and how behind the performance of our Global Elite 1000 companies, and those who influence and inspire them. Ian Jindal shares the studio with retail leaders, RetailX’s analysts and sector experts, covering topics from commercial performance through […]",,,,https://internetretailing.net/wp-content/uploads/2023/06/US_UK_Apple_Podcasts_Listen_Badge_CMYK.png
"Aug 22, 2026 @ 19:50:18.331",6ec15e5713b9f1bf7a1314e5021a92be,https://internetretailing.net/media/video-channel/,Video Channel - InternetRetailing,"Videos Watch all our interviews, news and past webinars exploring the most pressing topics in retail, on demand 8 Jun 2022 More Information 28 Apr 2022 More Information 20 Apr 2022 More Information 31 Mar 2022 More Information 31 Mar 2022 More Information 23 Mar 2022 More Information View More Videos Subscribe to Newsletter Access […]",,,,
"Aug 22, 2026 @ 19:50:18.354",acc226cf14efbd766cbfe9a9e602848a,https://internetretailing.net/research/retailx-sector-reports/,Sector Reports - InternetRetailing,"Sector Reports Our RetailX Sector reports take an in-depth dive into the companies, strategies and consumers of different sectors across the UK, Europe and the World. Each report aims to give a retailer greater understanding of the complexities of ecommerce by sector by studying the market forces and customer behaviours by product type. The reports […]",,,,https://internetretailing.net/wp-content/uploads/2025/06/prn.png
"Aug 22, 2026 @ 19:50:18.372",03050cf1e45bc33ee0911d731d7b7bca,https://internetretailing.net/research/whitepapers/,Whitepapers - InternetRetailing,Whitepapers Delving into the more niche areas of successful multichannel retailing operations. Read More Read More Read More Read More Read More Read More Read More Read More Read More Read More Read More Read More Read More Read More Read More Read More Read More Read More Read More Read More Read More Read […],,,,https://internetretailing.net/wp-content/uploads/2025/08/simpler.png
"Aug 22, 2026 @ 19:50:18.386",21cb4a02ce91c8f4264fb8ed2029e22e,https://internetretailing.net/research/bluepapers/,Bluepapers - InternetRetailing,Bluepapers Exploring innovative solutions and emerging technologies in retail… Read More Read More Tealium Read More Featuring case studies with: Test 1Test 2 Read More Read More View More Bluepapers Subscribe to Newsletter Access all new InternetRetailing Research via Email Register InternetRetailing European Newsletter News analysis dedicated to helping European retail professionals Register for Newsletter […],,,,
"Aug 22, 2026 @ 19:50:18.402",891a7a39f08b426c5dde6f9dea3b68b6,https://internetretailing.net/research/top500-reports/,Ranking Reports - InternetRetailing,"Ranking Reports The performance of the world’s leading retailers independently-researched, ranked and analysed. Read More Read More Read More Read More Read More Read More Read More Read More Read More Read More Read More Read More View More Reports “Objective, fact-led performance insight for commercial multichannel professionals.” Martin Shaw, Head of Research, InternetRetailing Get […]",,,,https://internetretailing.net/wp-content/uploads/2025/03/Truelayer-logo-300x75.png
"Aug 22, 2026 @ 19:50:18.415",4511cdc4dba357eb5f85d6179e043db3,https://internetretailing.net/research/retailx-country-reports/,Country Reports - InternetRetailing,"RetailX Country Reports The RetailX country reports equip retailers with the best knowledge to succeed, by providing a clear and comprehensive overview of the state of commerce in countries and regions around the world. We cover everything from facts, figures and ecommerce trends, to European government data, exclusive research, analysis and more. Find out all […]",,,,https://internetretailing.net/wp-content/uploads/2025/10/vimeo.png
"Aug 22, 2026 @ 19:50:18.429",e74a8ae7d98c74f9801f637d68d1caa7,https://internetretailing.net/views/frontline/,Frontline - InternetRetailing,"Frontline Feedback from the frontline of multichannel retail – allowing our clients and partners to showcase their brand through their own content. 168 13 Mar 2023 2023 forecasts predicted a bumpy ride for retail. The micro-economic factors that impacted the sector throughout 2022 have persisted, threatening to further dent already squeezed profit margins. Frontline 6 […]",,,,https://internetretailing.net/wp-content/uploads/2023/03/iStock-1391824162-scaled.jpg
"Aug 22, 2026 @ 19:50:18.446",cea08703a32c4b6cac04714ddb96e56b,https://internetretailing.net/research/rxeu-marketplace-report/,Marketplace Reports - InternetRetailing,"European Marketplaces Reports Marketplaces have quickly become an essential part of the online retail mix for both consumers and merchants across Europe. The research in our Marketplace Reportsuncovers where marketplaces in Europe are continuing to evolve towards: how mobile is shifting basic customer experience, the rise of smart and voice-controlled devices in shopping, how delivery […]",,,,https://internetretailing.net/wp-content/uploads/2025/10/inventory-sage.png
"Aug 22, 2026 @ 19:50:18.454",e767fbc8cf92c56ea51d2e2293b457f3,https://internetretailing.net/report-hub/retailx-europe-luxury-sector-report-2025/,InternetRetailing Europe Luxury Sector Report 2025 - InternetRetailing,"European Luxury 2025 report examines the state of the luxury clothing, jewellery, bags and accessories market amid reports of a slowdown.",,,,https://internetretailing.net/wp-content/uploads/2024/10/ir-euro-lux-2025.png
"Aug 22, 2026 @ 19:50:18.482",c7330e3504aeb29f61d8bf99b9a963cd,https://internetretailing.net/report-hub/internetretailing-returns-2025-report/,InternetRetailing Returns 2025 Report - InternetRetailing,"InternetRetailing Returns Report 2025 delves into the strategies retailers are using to mitigate the impact of returns on their profitability, customer satisfaction, and the planet. The Report highlights how technology, from informed decision-making to AI tools, is enhancing efficiency and improving the overall customer experience in the returns cycle.",,,,https://internetretailing.net/wp-content/uploads/2025/09/returns-report-2025.png
"Aug 22, 2026 @ 19:50:18.494",4c4604f440fb54a94f31d6d74b97eb4b,https://internetretailing.net/upcoming-events/past-webinars/,Past Webinars - InternetRetailing,"Past Webinars Watch all our past webinars exploring the most pressing topics in retail, on demand! 16 Dec 2025 by James Pearson 4 Nov 2025 by James Pearson 24 Sep 2025 by James Pearson 26 Mar 2025 by Chris Dinnall 12 Mar 2025 by Chris Dinnall 19 Feb 2025 by Chris Dinnall View More Webinars […]",,,,https://internetretailing.net/wp-content/uploads/2025/10/From-Peak-To-Plan_Ad_Low-res.png
"Aug 22, 2026 @ 19:50:18.504",22830ce64d848d50de67c60c25bc9e18,https://internetretailing.net/about/advertising-opportunities/,Advertising Opportunities - InternetRetailing,"Work with us We’re the leading voice for ecommerce and multichannel retail success “Internet Retailing has been the voice of online and multichannel retail successfor over a decade. With a dedicated news portal, detailed sector reports andcomplementary events, Internet Retailing is dedicated to helping our partners thrive inthe dynamic ecosystem that is ecommerce. A renewed […]",,,,https://internetretailing.net/wp-content/uploads/2026/01/ebfd28d956305720a35425d4867a7ea3-768x768.webp
"Aug 22, 2026 @ 19:50:18.511",7eb474d5c2cb21efc9d679005674d177,https://internetretailing.net/about/contact-us/,Contact Us - InternetRetailing,"Contact Us EDITORIAL For press releases and media announcements please send to: press@internetretailing.net For article proposals and submissions please email: editor@internetretailing.net To see what papers and features we have coming up this year please visit our Editorial Calendar SALES AND MEDIA PACK Contact our Account Directors, they are happy to help with commercial and sales […]",,,,https://internetretailing.net/wp-content/uploads/2026/03/beyond-the-basics.png
"Aug 22, 2026 @ 19:50:18.521",eaa680bd6af711c04853c6e08446813f,https://internetretailing.net/about/press/,Press - InternetRetailing,Latest Articles 6 Sep 2023 6 Sep 2023 6 Sep 2023 5 Sep 2023 Join Our Press List Register to receive our press releases about our latest research and reports. If you have a question about our research or articles please contact marketing@internetretailing.net View Privacy Policy Latest Reports,,,,https://internetretailing.net/wp-content/uploads/2023/09/Hobbycraft-UKST.png
"Aug 22, 2026 @ 19:50:18.530",39b7d2c03adf2cd37927969e8f94399d,https://internetretailing.net/about/terms-and-conditions/,Terms and Conditions - InternetRetailing,"Terms and Conditions Terms of use Use of this site, and its contents, is subject to the following terms and conditions. By using this site you accept these terms and conditions and agree that you are bound by them. Among other things, these terms limit our liability for any loss or damage which might arise […]",,,,https://internetretailing.net/wp-content/uploads/2022/05/RXBEU22RP_Full_1.1PDF_Thumb1.png
"Aug 22, 2026 @ 19:50:18.542",179385e4d1252cccec38ff94a69f3b2b,https://internetretailing.net/about/privacy-policy/,Privacy Policy - InternetRetailing,"Privacy Policy Privacy Policy Introduction This privacy policy forms part of our terms and conditions and provides information on how Internet Retailing Media Services Ltd (We/Us/Our/The Company) processes your data. Definitions Services means our websites, content and any media, channel, application or service operated, created or made available by the Company which may include but […]",,,,
"Aug 22, 2026 @ 19:50:18.555",1b6f3c45c23cae0240eae24884803a7b,https://internetretailing.net/media/marketing-unlearned/,"Marketing UnLearned, in association with Epsilon - InternetRetailing","Marketing Unlearned in association with Epsilon Marketing UnLearned is a podcast series that explores the challenges the leading-edge digital marketing poses to established and received wisdom. All new initiatives, until proven, are subject to scrutiny and challenge: the ‘waddabouts’, the statements of inertia, the “why bother?”, the deprioritising questions. Within these challenges there is often […]",,,,https://internetretailing.net/wp-content/uploads/2025/04/epsilon-176352.png
"Aug 22, 2026 @ 19:50:18.573",ab7c3b032843b9f528496f3099bc4cac,https://internetretailing.net/channel/subscriptions/#research,Subscriptions - InternetRetailing,"Sponsored by: From curated meal boxes to indispensable necessities, discover how the subscription model is growing and becoming a feature of modern ecommerce. Commentary Case studies Events Podcasts Research Reports SubscriptionX Newsletter News 18 Feb 2026 News Epetōme, a British gut health brand, has secured a multi-million-pound investment to accelerate international expansion… 18 Feb 2026 […]",,,,https://internetretailing.net/wp-content/uploads/2025/04/SubscriptionX_Primary-logo_Grey-1024x226.png
"Aug 22, 2026 @ 19:50:18.583",274dfd23438e21f33f30329ddde05744,https://internetretailing.net/upcoming-events/upcoming-webinars/,Upcoming Webinars - InternetRetailing,"Upcoming Webinars We host a wealth of webinars covering the latest topics, trends and technological advancements. See what’s coming up down below… Can’t make the date? All previous webinars are now available to watch on demand, so you can rewind and revisit all your favourite industry guests to your heart’s content! 25 Apr 14:00 26 […]",,,,
"Aug 22, 2026 @ 19:50:18.591",47fee3105e5a84d7b354400920090daa,https://internetretailing.net/report-hub/der-schlussel-zunachhaltigem-wachstum-imdeutschen-e-commerce/,Der Schlüssel zunachhaltigem Wachstum im Deutschen E-Commerce - InternetRetailing,"Entdecken Sie die fünf Fulfilment-Prioritäten, die deutschen Online-Shoppern besonders wichtig sind – und erfahren Sie, wie Händler diese nutzen können, um Loyalität aufzubauen, Reibungspunkte zu reduzieren und den Umsatz zu steigern. Deutschland zählt zu den wertvollsten E-Commerce-Märkten Europas. Bis 2026 soll der Onlineumsatz auf 86,66 Milliarden Euro steigen. Doch wer in diesem Markt erfolgreich sein […]",,,,https://internetretailing.net/wp-content/uploads/2026/07/ir-german-whitepaper.png
"Aug 22, 2026 @ 19:50:18.601",6a75f32040f618949b7716ba4d0f83c0,https://internetretailing.net/report-hub/switzerland-luxury-market-report-2026/,Switzerland Luxury Market Report 2026 - InternetRetailing,"The Switzerland Luxury Market Report 2026 provides an in-depth analysis of this distinctive retail landscape. It explores everything from the strength of the Swiss watch industry to the growth of mobile commerce, personalised customer experiences and sustainable luxury.",,,,https://internetretailing.net/wp-content/uploads/2026/06/switzerland-luxury-2026.png
"Aug 22, 2026 @ 19:50:18.609",b30e51d7432c35173b18d50cc3aa951b,https://internetretailing.net/report-hub/mondi-whitepaper-2026-ai-the-future-of-ecommerce-packaging/,Mondi Whitepaper 2026: AI & The Future of eCommerce Packaging - InternetRetailing,"Discover how Artificial Intelligence, automation and sustainable packaging are reshaping consumer behaviour and driving repeat sales for online retailers. Online retailers are operating in a market defined by rapid technological acceleration, tightening sustainability legislation (such as the EU’s Packaging and Packaging Waste Regulation) and rising operational complexity. Based on a comprehensive survey of 6,000 consumers […]",,,,https://internetretailing.net/wp-content/uploads/2026/06/mondi.png
"Aug 22, 2026 @ 19:50:18.620",efc396681af32755da8b2e8055110230,https://internetretailing.net/report-hub/french-luxury-2026/,France Luxury 2026: Redefining Value in a Changing Market - InternetRetailing,"French Luxury Retail 2026 is an essential guide for global retailers. By examining the dynamics, consumer behaviors and leading players.",,,,https://internetretailing.net/wp-content/uploads/2026/05/france-luxury2026.png
"Aug 22, 2026 @ 19:50:18.631",181e3f01bb83b796a278b1aff53d3b8e,https://internetretailing.net/about/cookie-policy/,Cookie Policy - InternetRetailing,Cookie Policy Cookies are small text files that can be used by websites to make a user’s experience more efficient. The law states that we can store cookies on your device if they are strictly necessary for the operation of this site. For all other types of cookies we need your permission. This site uses […],,,,
"Aug 22, 2026 @ 19:50:18.642",245aaf830806f96dde6234a36fc8279d,https://internetretailing.net/events/category/webinars/,Upcoming Webinars - InternetRetailing,"Upcoming Webinars We host a wealth of webinars covering the latest topics, trends and technological advancements. See what’s coming up down below… Can’t make the date? All previous webinars are now available to watch on demand, so you can rewind and revisit all your favourite industry guests to your heart’s content! 25 Apr 14:00 26 […]",,,,
"Aug 22, 2026 @ 19:50:18.663",9defe1bb573a93beefd0cfb6fdbb3686,https://internetretailing.net/channel/retail-media/,Retail Media - InternetRetailing,"Sponsored by: Mapping the Retail Media opportunity in D2C. We track the dynamics, opportunities and examplars of the retail media revolution via our insight, analysis, research and events. Commentary Case studies Events Podcasts Research Reports Retail Media Newsletter Retail Media 10 Jun 2025 Retail Media Three years ago, Retail Media was nowhere to be seen […]",,,,https://internetretailing.net/wp-content/uploads/2025/04/Retail-Media-logo-Black-1-1024x420.png
"Aug 22, 2026 @ 19:50:18.675",7d6b78afd0b7d86b8b98a2fc3f6cb47c,https://internetretailing.net/channel/retail-media/#commentary,Retail Media - InternetRetailing,"Sponsored by: Mapping the Retail Media opportunity in D2C. We track the dynamics, opportunities and examplars of the retail media revolution via our insight, analysis, research and events. Commentary Case studies Events Podcasts Research Reports Retail Media Newsletter Retail Media 10 Jun 2025 Retail Media Three years ago, Retail Media was nowhere to be seen […]",,,,https://internetretailing.net/wp-content/uploads/2025/04/Retail-Media-logo-Black-1-1024x420.png
"Aug 22, 2026 @ 19:50:18.688",62c13aa3d7f89164eabe533116b596d9,https://internetretailing.net/media/retail-media-podcast/,Retail MediaX Podcast Series 2024 - InternetRetailing,"Retail MediaX podcast series In association with SMG Recorded live at the Retail MediaX events in London, these limited edition podcasts – brought to you in partnership with SMG – have experts from across the retail media ecosystem looking at what leading UK retail media networks are doing; how the sector is evolving; and where […]",,,,https://internetretailing.net/wp-content/uploads/2025/06/RMX-Podcast-banner.png
"Aug 22, 2026 @ 19:50:18.701",51974c18a3e68b958099190f676cf771,https://internetretailing.net/channel/retail-media/#casestudies,Retail Media - InternetRetailing,"Sponsored by: Mapping the Retail Media opportunity in D2C. We track the dynamics, opportunities and examplars of the retail media revolution via our insight, analysis, research and events. Commentary Case studies Events Podcasts Research Reports Retail Media Newsletter Retail Media 10 Jun 2025 Retail Media Three years ago, Retail Media was nowhere to be seen […]",,,,https://internetretailing.net/wp-content/uploads/2025/04/Retail-Media-logo-Black-1-1024x420.png
"Aug 22, 2026 @ 19:50:18.713",dea9fd62e2e2eaaa7235938e317031f3,https://internetretailing.net/channel/retail-media/#research,Retail Media - InternetRetailing,"Sponsored by: Mapping the Retail Media opportunity in D2C. We track the dynamics, opportunities and examplars of the retail media revolution via our insight, analysis, research and events. Commentary Case studies Events Podcasts Research Reports Retail Media Newsletter Retail Media 10 Jun 2025 Retail Media Three years ago, Retail Media was nowhere to be seen […]",,,,https://internetretailing.net/wp-content/uploads/2025/04/Retail-Media-logo-Black-1-1024x420.png
"Aug 22, 2026 @ 19:50:18.725",fc0879997c091aadc2a6130b3522c550,https://internetretailing.net/channel/subscriptions/,Subscriptions - InternetRetailing,"Sponsored by: From curated meal boxes to indispensable necessities, discover how the subscription model is growing and becoming a feature of modern ecommerce. Commentary Case studies Events Podcasts Research Reports SubscriptionX Newsletter News 18 Feb 2026 News Epetōme, a British gut health brand, has secured a multi-million-pound investment to accelerate international expansion… 18 Feb 2026 […]",,,,https://internetretailing.net/wp-content/uploads/2025/04/SubscriptionX_Primary-logo_Grey-1024x226.png
"Aug 22, 2026 @ 19:50:18.737",5576d9b58611233e4e1ccdf9bb6f7876,https://internetretailing.net/themes/sustainability/,Sustainability - InternetRetailing,Read our research and review of retail sustainability and how brands are going green to achieve an eco-friendly future.,,,,https://internetretailing.net/wp-content/uploads/2024/07/horizontal-concepts-fw21-GiveBack2021-US-launch-CLP-teaser-img-carousel-card4_tcm143-760528-copy.jpg
"Aug 22, 2026 @ 19:50:18.749",db1953ca591aef01cddc59f06f99f980,https://internetretailing.net/channel/subscriptions/#commentary,Subscriptions - InternetRetailing,"Sponsored by: From curated meal boxes to indispensable necessities, discover how the subscription model is growing and becoming a feature of modern ecommerce. Commentary Case studies Events Podcasts Research Reports SubscriptionX Newsletter News 18 Feb 2026 News Epetōme, a British gut health brand, has secured a multi-million-pound investment to accelerate international expansion… 18 Feb 2026 […]",,,,https://internetretailing.net/wp-content/uploads/2025/04/SubscriptionX_Primary-logo_Grey-1024x226.png
"Aug 22, 2026 @ 19:50:18.760",cac949e9402c48cee3226ca6b77a0905,https://internetretailing.net/themes/strategy-and-innovation/,Strategy & Innovation - InternetRetailing,"Strategy and Innovation Focuses on how retailers can stand out from the competition in an ever-changing multichannel retail market. 15 Nov 2023 For the first time ever, H&M is offering a rental service on selected pieces from their latest guest designer collaboration. A curated assortment from the Rabanne H&M collection featuring exclusive colourways is now available for […]",,,,https://internetretailing.net/wp-content/uploads/2023/11/hmgoepprod-1.jpeg
"Aug 22, 2026 @ 19:50:18.771",ee884dd0f160b6682395d7019441dd31,https://internetretailing.net/media/fmcg-podcast/,FMCG Podcast - InternetRetailing,"FMCG Podcast Season 1 in association with dunnhumby Interviews with the people behind positive retail and brand performance. The RetailX Events Podcasts are recorded live at our events, sharing exclusive insights to help you get ahead. Listen via the online player embedded in each episode, or better still make sure you’re the first to get […]",,,,https://internetretailing.net/wp-content/uploads/2025/05/Mirakle-Podcast-IR-v1-2-1.jpg
"Aug 22, 2026 @ 19:50:18.779",8abf1637f8472a73678adbfa98605dd3,https://internetretailing.net/media/the-retail-media-podcast/,"The Retail Media Podcast, in association with Mirakl - InternetRetailing","The Retail Media Podcast in association with Mirakl The Retail Media Podcast, in association with Mirakl, is a 10-part series detailing the journey from Retail to Media. Starting at NRF’s Big Retail show, this series will traverse to the festival of digital media that is Cannes Lions, with engaging and informative conversations in between. Global […]",,,,https://internetretailing.net/wp-content/uploads/2025/05/Mirakle-Podcast-IR-v1-2-1.jpg
"Aug 22, 2026 @ 19:50:18.792",3497e4ddafb38ff900e7a9600634bf49,https://internetretailing.net/channel/subscriptions/#casestudies,Subscriptions - InternetRetailing,"Sponsored by: From curated meal boxes to indispensable necessities, discover how the subscription model is growing and becoming a feature of modern ecommerce. Commentary Case studies Events Podcasts Research Reports SubscriptionX Newsletter News 18 Feb 2026 News Epetōme, a British gut health brand, has secured a multi-million-pound investment to accelerate international expansion… 18 Feb 2026 […]",,,,https://internetretailing.net/wp-content/uploads/2025/04/SubscriptionX_Primary-logo_Grey-1024x226.png
"Aug 22, 2026 @ 19:50:18.802",6f1cd6ad6065451968deb87e527ccbd3,https://internetretailing.net/media/retailcraft-podcast/,Podcast - InternetRetailing,"The RetailCraft Podcast Interviews with the people behind multichannel performance. The RetailCraft podcast series looks at the who and how behind the performance of our Global Elite 1000 companies, and those who influence and inspire them. Ian Jindal shares the studio with retail leaders, RetailX’s analysts and sector experts, covering topics from commercial performance through […]",,,,https://internetretailing.net/wp-content/uploads/2023/06/US_UK_Apple_Podcasts_Listen_Badge_CMYK.png
"Aug 22, 2026 @ 19:50:18.811",6ec15e5713b9f1bf7a1314e5021a92be,https://internetretailing.net/media/video-channel/,Video Channel - InternetRetailing,"Videos Watch all our interviews, news and past webinars exploring the most pressing topics in retail, on demand 8 Jun 2022 More Information 28 Apr 2022 More Information 20 Apr 2022 More Information 31 Mar 2022 More Information 31 Mar 2022 More Information 23 Mar 2022 More Information View More Videos Subscribe to Newsletter Access […]",,,,
"Aug 22, 2026 @ 19:50:18.828",acc226cf14efbd766cbfe9a9e602848a,https://internetretailing.net/research/retailx-sector-reports/,Sector Reports - InternetRetailing,"Sector Reports Our RetailX Sector reports take an in-depth dive into the companies, strategies and consumers of different sectors across the UK, Europe and the World. Each report aims to give a retailer greater understanding of the complexities of ecommerce by sector by studying the market forces and customer behaviours by product type. The reports […]",,,,https://internetretailing.net/wp-content/uploads/2025/06/prn.png
"Aug 22, 2026 @ 19:50:18.844",03050cf1e45bc33ee0911d731d7b7bca,https://internetretailing.net/research/whitepapers/,Whitepapers - InternetRetailing,Whitepapers Delving into the more niche areas of successful multichannel retailing operations. Read More Read More Read More Read More Read More Read More Read More Read More Read More Read More Read More Read More Read More Read More Read More Read More Read More Read More Read More Read More Read More Read […],,,,https://internetretailing.net/wp-content/uploads/2025/08/simpler.png
"Aug 22, 2026 @ 19:50:18.860",21cb4a02ce91c8f4264fb8ed2029e22e,https://internetretailing.net/research/bluepapers/,Bluepapers - InternetRetailing,Bluepapers Exploring innovative solutions and emerging technologies in retail… Read More Read More Tealium Read More Featuring case studies with: Test 1Test 2 Read More Read More View More Bluepapers Subscribe to Newsletter Access all new InternetRetailing Research via Email Register InternetRetailing European Newsletter News analysis dedicated to helping European retail professionals Register for Newsletter […],,,,
"Aug 22, 2026 @ 19:50:18.872",891a7a39f08b426c5dde6f9dea3b68b6,https://internetretailing.net/research/top500-reports/,Ranking Reports - InternetRetailing,"Ranking Reports The performance of the world’s leading retailers independently-researched, ranked and analysed. Read More Read More Read More Read More Read More Read More Read More Read More Read More Read More Read More Read More View More Reports “Objective, fact-led performance insight for commercial multichannel professionals.” Martin Shaw, Head of Research, InternetRetailing Get […]",,,,https://internetretailing.net/wp-content/uploads/2025/03/Truelayer-logo-300x75.png
"Aug 22, 2026 @ 19:50:18.885",4511cdc4dba357eb5f85d6179e043db3,https://internetretailing.net/research/retailx-country-reports/,Country Reports - InternetRetailing,"RetailX Country Reports The RetailX country reports equip retailers with the best knowledge to succeed, by providing a clear and comprehensive overview of the state of commerce in countries and regions around the world. We cover everything from facts, figures and ecommerce trends, to European government data, exclusive research, analysis and more. Find out all […]",,,,https://internetretailing.net/wp-content/uploads/2025/10/vimeo.png
"Aug 22, 2026 @ 19:50:18.899",cea08703a32c4b6cac04714ddb96e56b,https://internetretailing.net/research/rxeu-marketplace-report/,Marketplace Reports - InternetRetailing,"European Marketplaces Reports Marketplaces have quickly become an essential part of the online retail mix for both consumers and merchants across Europe. The research in our Marketplace Reportsuncovers where marketplaces in Europe are continuing to evolve towards: how mobile is shifting basic customer experience, the rise of smart and voice-controlled devices in shopping, how delivery […]",,,,https://internetretailing.net/wp-content/uploads/2025/10/inventory-sage.png
"Aug 22, 2026 @ 19:50:18.908",c7330e3504aeb29f61d8bf99b9a963cd,https://internetretailing.net/report-hub/internetretailing-returns-2025-report/,InternetRetailing Returns 2025 Report - InternetRetailing,"InternetRetailing Returns Report 2025 delves into the strategies retailers are using to mitigate the impact of returns on their profitability, customer satisfaction, and the planet. The Report highlights how technology, from informed decision-making to AI tools, is enhancing efficiency and improving the overall customer experience in the returns cycle.",,,,https://internetretailing.net/wp-content/uploads/2025/09/returns-report-2025.png
"Aug 22, 2026 @ 19:50:18.915",e767fbc8cf92c56ea51d2e2293b457f3,https://internetretailing.net/report-hub/retailx-europe-luxury-sector-report-2025/,InternetRetailing Europe Luxury Sector Report 2025 - InternetRetailing,"European Luxury 2025 report examines the state of the luxury clothing, jewellery, bags and accessories market amid reports of a slowdown.",,,,https://internetretailing.net/wp-content/uploads/2024/10/ir-euro-lux-2025.png
"Aug 22, 2026 @ 19:50:18.927",ab7c3b032843b9f528496f3099bc4cac,https://internetretailing.net/channel/subscriptions/#research,Subscriptions - InternetRetailing,"Sponsored by: From curated meal boxes to indispensable necessities, discover how the subscription model is growing and becoming a feature of modern ecommerce. Commentary Case studies Events Podcasts Research Reports SubscriptionX Newsletter News 18 Feb 2026 News Epetōme, a British gut health brand, has secured a multi-million-pound investment to accelerate international expansion… 18 Feb 2026 […]",,,,https://internetretailing.net/wp-content/uploads/2025/04/SubscriptionX_Primary-logo_Grey-1024x226.png
"Aug 22, 2026 @ 19:50:18.937",4c4604f440fb54a94f31d6d74b97eb4b,https://internetretailing.net/upcoming-events/past-webinars/,Past Webinars - InternetRetailing,"Past Webinars Watch all our past webinars exploring the most pressing topics in retail, on demand! 16 Dec 2025 by James Pearson 4 Nov 2025 by James Pearson 24 Sep 2025 by James Pearson 26 Mar 2025 by Chris Dinnall 12 Mar 2025 by Chris Dinnall 19 Feb 2025 by Chris Dinnall View More Webinars […]",,,,https://internetretailing.net/wp-content/uploads/2025/10/From-Peak-To-Plan_Ad_Low-res.png
"Aug 22, 2026 @ 19:50:18.945",22830ce64d848d50de67c60c25bc9e18,https://internetretailing.net/about/advertising-opportunities/,Advertising Opportunities - InternetRetailing,"Work with us We’re the leading voice for ecommerce and multichannel retail success “Internet Retailing has been the voice of online and multichannel retail successfor over a decade. With a dedicated news portal, detailed sector reports andcomplementary events, Internet Retailing is dedicated to helping our partners thrive inthe dynamic ecosystem that is ecommerce. A renewed […]",,,,https://internetretailing.net/wp-content/uploads/2026/01/ebfd28d956305720a35425d4867a7ea3-768x768.webp
"Aug 22, 2026 @ 19:50:18.953",7eb474d5c2cb21efc9d679005674d177,https://internetretailing.net/about/contact-us/,Contact Us - InternetRetailing,"Contact Us EDITORIAL For press releases and media announcements please send to: press@internetretailing.net For article proposals and submissions please email: editor@internetretailing.net To see what papers and features we have coming up this year please visit our Editorial Calendar SALES AND MEDIA PACK Contact our Account Directors, they are happy to help with commercial and sales […]",,,,https://internetretailing.net/wp-content/uploads/2026/03/beyond-the-basics.png
"Aug 22, 2026 @ 19:50:18.962",eaa680bd6af711c04853c6e08446813f,https://internetretailing.net/about/press/,Press - InternetRetailing,Latest Articles 6 Sep 2023 6 Sep 2023 6 Sep 2023 5 Sep 2023 Join Our Press List Register to receive our press releases about our latest research and reports. If you have a question about our research or articles please contact marketing@internetretailing.net View Privacy Policy Latest Reports,,,,https://internetretailing.net/wp-content/uploads/2023/09/Hobbycraft-UKST.png
"Aug 22, 2026 @ 19:50:18.969",39b7d2c03adf2cd37927969e8f94399d,https://internetretailing.net/about/terms-and-conditions/,Terms and Conditions - InternetRetailing,"Terms and Conditions Terms of use Use of this site, and its contents, is subject to the following terms and conditions. By using this site you accept these terms and conditions and agree that you are bound by them. Among other things, these terms limit our liability for any loss or damage which might arise […]",,,,https://internetretailing.net/wp-content/uploads/2022/05/RXBEU22RP_Full_1.1PDF_Thumb1.png
"Aug 22, 2026 @ 19:50:18.978",179385e4d1252cccec38ff94a69f3b2b,https://internetretailing.net/about/privacy-policy/,Privacy Policy - InternetRetailing,"Privacy Policy Privacy Policy Introduction This privacy policy forms part of our terms and conditions and provides information on how Internet Retailing Media Services Ltd (We/Us/Our/The Company) processes your data. Definitions Services means our websites, content and any media, channel, application or service operated, created or made available by the Company which may include but […]",,,,
"Aug 22, 2026 @ 19:50:18.996",e74a8ae7d98c74f9801f637d68d1caa7,https://internetretailing.net/views/frontline/,Frontline - InternetRetailing,"Frontline Feedback from the frontline of multichannel retail – allowing our clients and partners to showcase their brand through their own content. 168 13 Mar 2023 2023 forecasts predicted a bumpy ride for retail. The micro-economic factors that impacted the sector throughout 2022 have persisted, threatening to further dent already squeezed profit margins. Frontline 6 […]",,,,https://internetretailing.net/wp-content/uploads/2023/03/iStock-1391824162-scaled.jpg
"Aug 22, 2026 @ 19:50:19.007",1b6f3c45c23cae0240eae24884803a7b,https://internetretailing.net/media/marketing-unlearned/,"Marketing UnLearned, in association with Epsilon - InternetRetailing","Marketing Unlearned in association with Epsilon Marketing UnLearned is a podcast series that explores the challenges the leading-edge digital marketing poses to established and received wisdom. All new initiatives, until proven, are subject to scrutiny and challenge: the ‘waddabouts’, the statements of inertia, the “why bother?”, the deprioritising questions. Within these challenges there is often […]",,,,https://internetretailing.net/wp-content/uploads/2025/04/epsilon-176352.png
"Aug 22, 2026 @ 19:50:19.016",274dfd23438e21f33f30329ddde05744,https://internetretailing.net/upcoming-events/upcoming-webinars/,Upcoming Webinars - InternetRetailing,"Upcoming Webinars We host a wealth of webinars covering the latest topics, trends and technological advancements. See what’s coming up down below… Can’t make the date? All previous webinars are now available to watch on demand, so you can rewind and revisit all your favourite industry guests to your heart’s content! 25 Apr 14:00 26 […]",,,,
"Aug 22, 2026 @ 19:50:19.021",47fee3105e5a84d7b354400920090daa,https://internetretailing.net/report-hub/der-schlussel-zunachhaltigem-wachstum-imdeutschen-e-commerce/,Der Schlüssel zunachhaltigem Wachstum im Deutschen E-Commerce - InternetRetailing,"Entdecken Sie die fünf Fulfilment-Prioritäten, die deutschen Online-Shoppern besonders wichtig sind – und erfahren Sie, wie Händler diese nutzen können, um Loyalität aufzubauen, Reibungspunkte zu reduzieren und den Umsatz zu steigern. Deutschland zählt zu den wertvollsten E-Commerce-Märkten Europas. Bis 2026 soll der Onlineumsatz auf 86,66 Milliarden Euro steigen. Doch wer in diesem Markt erfolgreich sein […]",,,,https://internetretailing.net/wp-content/uploads/2026/07/ir-german-whitepaper.png
"Aug 22, 2026 @ 19:50:19.033",6a75f32040f618949b7716ba4d0f83c0,https://internetretailing.net/report-hub/switzerland-luxury-market-report-2026/,Switzerland Luxury Market Report 2026 - InternetRetailing,"The Switzerland Luxury Market Report 2026 provides an in-depth analysis of this distinctive retail landscape. It explores everything from the strength of the Swiss watch industry to the growth of mobile commerce, personalised customer experiences and sustainable luxury.",,,,https://internetretailing.net/wp-content/uploads/2026/06/switzerland-luxury-2026.png
"Aug 22, 2026 @ 19:50:19.042",b30e51d7432c35173b18d50cc3aa951b,https://internetretailing.net/report-hub/mondi-whitepaper-2026-ai-the-future-of-ecommerce-packaging/,Mondi Whitepaper 2026: AI & The Future of eCommerce Packaging - InternetRetailing,"Discover how Artificial Intelligence, automation and sustainable packaging are reshaping consumer behaviour and driving repeat sales for online retailers. Online retailers are operating in a market defined by rapid technological acceleration, tightening sustainability legislation (such as the EU’s Packaging and Packaging Waste Regulation) and rising operational complexity. Based on a comprehensive survey of 6,000 consumers […]",,,,https://internetretailing.net/wp-content/uploads/2026/06/mondi.png
"Aug 22, 2026 @ 19:50:19.051",efc396681af32755da8b2e8055110230,https://internetretailing.net/report-hub/french-luxury-2026/,France Luxury 2026: Redefining Value in a Changing Market - InternetRetailing,"French Luxury Retail 2026 is an essential guide for global retailers. By examining the dynamics, consumer behaviors and leading players.",,,,https://internetretailing.net/wp-content/uploads/2026/05/france-luxury2026.png
"Aug 22, 2026 @ 19:50:19.063",181e3f01bb83b796a278b1aff53d3b8e,https://internetretailing.net/about/cookie-policy/,Cookie Policy - InternetRetailing,Cookie Policy Cookies are small text files that can be used by websites to make a user’s experience more efficient. The law states that we can store cookies on your device if they are strictly necessary for the operation of this site. For all other types of cookies we need your permission. This site uses […],,,,
"Aug 22, 2026 @ 19:50:19.075",245aaf830806f96dde6234a36fc8279d,https://internetretailing.net/events/category/webinars/,Upcoming Webinars - InternetRetailing,"Upcoming Webinars We host a wealth of webinars covering the latest topics, trends and technological advancements. See what’s coming up down below… Can’t make the date? All previous webinars are now available to watch on demand, so you can rewind and revisit all your favourite industry guests to your heart’s content! 25 Apr 14:00 26 […]",,,,
"Aug 22, 2026 @ 19:50:19.087",9defe1bb573a93beefd0cfb6fdbb3686,https://internetretailing.net/channel/retail-media/,Retail Media - InternetRetailing,"Sponsored by: Mapping the Retail Media opportunity in D2C. We track the dynamics, opportunities and examplars of the retail media revolution via our insight, analysis, research and events. Commentary Case studies Events Podcasts Research Reports Retail Media Newsletter Retail Media 10 Jun 2025 Retail Media Three years ago, Retail Media was nowhere to be seen […]",,,,https://internetretailing.net/wp-content/uploads/2025/04/Retail-Media-logo-Black-1-1024x420.png
"Aug 22, 2026 @ 19:50:19.096",62c13aa3d7f89164eabe533116b596d9,https://internetretailing.net/media/retail-media-podcast/,Retail MediaX Podcast Series 2024 - InternetRetailing,"Retail MediaX podcast series In association with SMG Recorded live at the Retail MediaX events in London, these limited edition podcasts – brought to you in partnership with SMG – have experts from across the retail media ecosystem looking at what leading UK retail media networks are doing; how the sector is evolving; and where […]",,,,https://internetretailing.net/wp-content/uploads/2025/06/RMX-Podcast-banner.png
"Aug 22, 2026 @ 19:50:19.114",7d6b78afd0b7d86b8b98a2fc3f6cb47c,https://internetretailing.net/channel/retail-media/#commentary,Retail Media - InternetRetailing,"Sponsored by: Mapping the Retail Media opportunity in D2C. We track the dynamics, opportunities and examplars of the retail media revolution via our insight, analysis, research and events. Commentary Case studies Events Podcasts Research Reports Retail Media Newsletter Retail Media 10 Jun 2025 Retail Media Three years ago, Retail Media was nowhere to be seen […]",,,,https://internetretailing.net/wp-content/uploads/2025/04/Retail-Media-logo-Black-1-1024x420.png
"Aug 22, 2026 @ 19:50:19.132",51974c18a3e68b958099190f676cf771,https://internetretailing.net/channel/retail-media/#casestudies,Retail Media - InternetRetailing,"Sponsored by: Mapping the Retail Media opportunity in D2C. We track the dynamics, opportunities and examplars of the retail media revolution via our insight, analysis, research and events. Commentary Case studies Events Podcasts Research Reports Retail Media Newsletter Retail Media 10 Jun 2025 Retail Media Three years ago, Retail Media was nowhere to be seen […]",,,,https://internetretailing.net/wp-content/uploads/2025/04/Retail-Media-logo-Black-1-1024x420.png
"Aug 22, 2026 @ 19:50:19.144",dea9fd62e2e2eaaa7235938e317031f3,https://internetretailing.net/channel/retail-media/#research,Retail Media - InternetRetailing,"Sponsored by: Mapping the Retail Media opportunity in D2C. We track the dynamics, opportunities and examplars of the retail media revolution via our insight, analysis, research and events. Commentary Case studies Events Podcasts Research Reports Retail Media Newsletter Retail Media 10 Jun 2025 Retail Media Three years ago, Retail Media was nowhere to be seen […]",,,,https://internetretailing.net/wp-content/uploads/2025/04/Retail-Media-logo-Black-1-1024x420.png
"Aug 22, 2026 @ 19:50:19.168",fc0879997c091aadc2a6130b3522c550,https://internetretailing.net/channel/subscriptions/,Subscriptions - InternetRetailing,"Sponsored by: From curated meal boxes to indispensable necessities, discover how the subscription model is growing and becoming a feature of modern ecommerce. Commentary Case studies Events Podcasts Research Reports SubscriptionX Newsletter News 18 Feb 2026 News Epetōme, a British gut health brand, has secured a multi-million-pound investment to accelerate international expansion… 18 Feb 2026 […]",,,,https://internetretailing.net/wp-content/uploads/2025/04/SubscriptionX_Primary-logo_Grey-1024x226.png
"Aug 22, 2026 @ 19:50:19.183",5576d9b58611233e4e1ccdf9bb6f7876,https://internetretailing.net/themes/sustainability/,Sustainability - InternetRetailing,Read our research and review of retail sustainability and how brands are going green to achieve an eco-friendly future.,,,,https://internetretailing.net/wp-content/uploads/2024/07/horizontal-concepts-fw21-GiveBack2021-US-launch-CLP-teaser-img-carousel-card4_tcm143-760528-copy.jpg
"Aug 22, 2026 @ 19:50:19.195",cac949e9402c48cee3226ca6b77a0905,https://internetretailing.net/themes/strategy-and-innovation/,Strategy & Innovation - InternetRetailing,"Strategy and Innovation Focuses on how retailers can stand out from the competition in an ever-changing multichannel retail market. 15 Nov 2023 For the first time ever, H&M is offering a rental service on selected pieces from their latest guest designer collaboration. A curated assortment from the Rabanne H&M collection featuring exclusive colourways is now available for […]",,,,https://internetretailing.net/wp-content/uploads/2023/11/hmgoepprod-1.jpeg
"Aug 22, 2026 @ 19:50:19.213",3497e4ddafb38ff900e7a9600634bf49,https://internetretailing.net/channel/subscriptions/#casestudies,Subscriptions - InternetRetailing,"Sponsored by: From curated meal boxes to indispensable necessities, discover how the subscription model is growing and becoming a feature of modern ecommerce. Commentary Case studies Events Podcasts Research Reports SubscriptionX Newsletter News 18 Feb 2026 News Epetōme, a British gut health brand, has secured a multi-million-pound investment to accelerate international expansion… 18 Feb 2026 […]",,,,https://internetretailing.net/wp-content/uploads/2025/04/SubscriptionX_Primary-logo_Grey-1024x226.png
"Aug 22, 2026 @ 19:50:19.225",ee884dd0f160b6682395d7019441dd31,https://internetretailing.net/media/fmcg-podcast/,FMCG Podcast - InternetRetailing,"FMCG Podcast Season 1 in association with dunnhumby Interviews with the people behind positive retail and brand performance. The RetailX Events Podcasts are recorded live at our events, sharing exclusive insights to help you get ahead. Listen via the online player embedded in each episode, or better still make sure you’re the first to get […]",,,,https://internetretailing.net/wp-content/uploads/2025/05/Mirakle-Podcast-IR-v1-2-1.jpg
"Aug 22, 2026 @ 19:50:19.236",db1953ca591aef01cddc59f06f99f980,https://internetretailing.net/channel/subscriptions/#commentary,Subscriptions - InternetRetailing,"Sponsored by: From curated meal boxes to indispensable necessities, discover how the subscription model is growing and becoming a feature of modern ecommerce. Commentary Case studies Events Podcasts Research Reports SubscriptionX Newsletter News 18 Feb 2026 News Epetōme, a British gut health brand, has secured a multi-million-pound investment to accelerate international expansion… 18 Feb 2026 […]",,,,https://internetretailing.net/wp-content/uploads/2025/04/SubscriptionX_Primary-logo_Grey-1024x226.png
"Aug 22, 2026 @ 19:50:19.250",8abf1637f8472a73678adbfa98605dd3,https://internetretailing.net/media/the-retail-media-podcast/,"The Retail Media Podcast, in association with Mirakl - InternetRetailing","The Retail Media Podcast in association with Mirakl The Retail Media Podcast, in association with Mirakl, is a 10-part series detailing the journey from Retail to Media. Starting at NRF’s Big Retail show, this series will traverse to the festival of digital media that is Cannes Lions, with engaging and informative conversations in between. Global […]",,,,https://internetretailing.net/wp-content/uploads/2025/05/Mirakle-Podcast-IR-v1-2-1.jpg
"Aug 22, 2026 @ 19:50:19.262",6f1cd6ad6065451968deb87e527ccbd3,https://internetretailing.net/media/retailcraft-podcast/,Podcast - InternetRetailing,"The RetailCraft Podcast Interviews with the people behind multichannel performance. The RetailCraft podcast series looks at the who and how behind the performance of our Global Elite 1000 companies, and those who influence and inspire them. Ian Jindal shares the studio with retail leaders, RetailX’s analysts and sector experts, covering topics from commercial performance through […]",,,,https://internetretailing.net/wp-content/uploads/2023/06/US_UK_Apple_Podcasts_Listen_Badge_CMYK.png
"Aug 22, 2026 @ 19:50:19.273",6ec15e5713b9f1bf7a1314e5021a92be,https://internetretailing.net/media/video-channel/,Video Channel - InternetRetailing,"Videos Watch all our interviews, news and past webinars exploring the most pressing topics in retail, on demand 8 Jun 2022 More Information 28 Apr 2022 More Information 20 Apr 2022 More Information 31 Mar 2022 More Information 31 Mar 2022 More Information 23 Mar 2022 More Information View More Videos Subscribe to Newsletter Access […]",,,,
"Aug 22, 2026 @ 19:50:19.293",acc226cf14efbd766cbfe9a9e602848a,https://internetretailing.net/research/retailx-sector-reports/,Sector Reports - InternetRetailing,"Sector Reports Our RetailX Sector reports take an in-depth dive into the companies, strategies and consumers of different sectors across the UK, Europe and the World. Each report aims to give a retailer greater understanding of the complexities of ecommerce by sector by studying the market forces and customer behaviours by product type. The reports […]",,,,https://internetretailing.net/wp-content/uploads/2025/06/prn.png
"Aug 22, 2026 @ 19:50:19.309",03050cf1e45bc33ee0911d731d7b7bca,https://internetretailing.net/research/whitepapers/,Whitepapers - InternetRetailing,Whitepapers Delving into the more niche areas of successful multichannel retailing operations. Read More Read More Read More Read More Read More Read More Read More Read More Read More Read More Read More Read More Read More Read More Read More Read More Read More Read More Read More Read More Read More Read […],,,,https://internetretailing.net/wp-content/uploads/2025/08/simpler.png
"Aug 22, 2026 @ 19:50:19.327",21cb4a02ce91c8f4264fb8ed2029e22e,https://internetretailing.net/research/bluepapers/,Bluepapers - InternetRetailing,Bluepapers Exploring innovative solutions and emerging technologies in retail… Read More Read More Tealium Read More Featuring case studies with: Test 1Test 2 Read More Read More View More Bluepapers Subscribe to Newsletter Access all new InternetRetailing Research via Email Register InternetRetailing European Newsletter News analysis dedicated to helping European retail professionals Register for Newsletter […],,,,
"Aug 22, 2026 @ 19:50:19.345",891a7a39f08b426c5dde6f9dea3b68b6,https://internetretailing.net/research/top500-reports/,Ranking Reports - InternetRetailing,"Ranking Reports The performance of the world’s leading retailers independently-researched, ranked and analysed. Read More Read More Read More Read More Read More Read More Read More Read More Read More Read More Read More Read More View More Reports “Objective, fact-led performance insight for commercial multichannel professionals.” Martin Shaw, Head of Research, InternetRetailing Get […]",,,,https://internetretailing.net/wp-content/uploads/2025/03/Truelayer-logo-300x75.png
"Aug 22, 2026 @ 19:50:19.365",4511cdc4dba357eb5f85d6179e043db3,https://internetretailing.net/research/retailx-country-reports/,Country Reports - InternetRetailing,"RetailX Country Reports The RetailX country reports equip retailers with the best knowledge to succeed, by providing a clear and comprehensive overview of the state of commerce in countries and regions around the world. We cover everything from facts, figures and ecommerce trends, to European government data, exclusive research, analysis and more. Find out all […]",,,,https://internetretailing.net/wp-content/uploads/2025/10/vimeo.png
"Aug 22, 2026 @ 19:50:19.379",cea08703a32c4b6cac04714ddb96e56b,https://internetretailing.net/research/rxeu-marketplace-report/,Marketplace Reports - InternetRetailing,"European Marketplaces Reports Marketplaces have quickly become an essential part of the online retail mix for both consumers and merchants across Europe. The research in our Marketplace Reportsuncovers where marketplaces in Europe are continuing to evolve towards: how mobile is shifting basic customer experience, the rise of smart and voice-controlled devices in shopping, how delivery […]",,,,https://internetretailing.net/wp-content/uploads/2025/10/inventory-sage.png
"Aug 22, 2026 @ 19:50:19.386",c7330e3504aeb29f61d8bf99b9a963cd,https://internetretailing.net/report-hub/internetretailing-returns-2025-report/,InternetRetailing Returns 2025 Report - InternetRetailing,"InternetRetailing Returns Report 2025 delves into the strategies retailers are using to mitigate the impact of returns on their profitability, customer satisfaction, and the planet. The Report highlights how technology, from informed decision-making to AI tools, is enhancing efficiency and improving the overall customer experience in the returns cycle.",,,,https://internetretailing.net/wp-content/uploads/2025/09/returns-report-2025.png
"Aug 22, 2026 @ 19:50:19.396",e767fbc8cf92c56ea51d2e2293b457f3,https://internetretailing.net/report-hub/retailx-europe-luxury-sector-report-2025/,InternetRetailing Europe Luxury Sector Report 2025 - InternetRetailing,"European Luxury 2025 report examines the state of the luxury clothing, jewellery, bags and accessories market amid reports of a slowdown.",,,,https://internetretailing.net/wp-content/uploads/2024/10/ir-euro-lux-2025.png
"Aug 22, 2026 @ 19:50:19.414",ab7c3b032843b9f528496f3099bc4cac,https://internetretailing.net/channel/subscriptions/#research,Subscriptions - InternetRetailing,"Sponsored by: From curated meal boxes to indispensable necessities, discover how the subscription model is growing and becoming a feature of modern ecommerce. Commentary Case studies Events Podcasts Research Reports SubscriptionX Newsletter News 18 Feb 2026 News Epetōme, a British gut health brand, has secured a multi-million-pound investment to accelerate international expansion… 18 Feb 2026 […]",,,,https://internetretailing.net/wp-content/uploads/2025/04/SubscriptionX_Primary-logo_Grey-1024x226.png
"Aug 22, 2026 @ 19:50:19.424",4c4604f440fb54a94f31d6d74b97eb4b,https://internetretailing.net/upcoming-events/past-webinars/,Past Webinars - InternetRetailing,"Past Webinars Watch all our past webinars exploring the most pressing topics in retail, on demand! 16 Dec 2025 by James Pearson 4 Nov 2025 by James Pearson 24 Sep 2025 by James Pearson 26 Mar 2025 by Chris Dinnall 12 Mar 2025 by Chris Dinnall 19 Feb 2025 by Chris Dinnall View More Webinars […]",,,,https://internetretailing.net/wp-content/uploads/2025/10/From-Peak-To-Plan_Ad_Low-res.png
"Aug 22, 2026 @ 19:50:19.432",22830ce64d848d50de67c60c25bc9e18,https://internetretailing.net/about/advertising-opportunities/,Advertising Opportunities - InternetRetailing,"Work with us We’re the leading voice for ecommerce and multichannel retail success “Internet Retailing has been the voice of online and multichannel retail successfor over a decade. With a dedicated news portal, detailed sector reports andcomplementary events, Internet Retailing is dedicated to helping our partners thrive inthe dynamic ecosystem that is ecommerce. A renewed […]",,,,https://internetretailing.net/wp-content/uploads/2026/01/ebfd28d956305720a35425d4867a7ea3-768x768.webp
"Aug 22, 2026 @ 19:50:19.442",7eb474d5c2cb21efc9d679005674d177,https://internetretailing.net/about/contact-us/,Contact Us - InternetRetailing,"Contact Us EDITORIAL For press releases and media announcements please send to: press@internetretailing.net For article proposals and submissions please email: editor@internetretailing.net To see what papers and features we have coming up this year please visit our Editorial Calendar SALES AND MEDIA PACK Contact our Account Directors, they are happy to help with commercial and sales […]",,,,https://internetretailing.net/wp-content/uploads/2026/03/beyond-the-basics.png
"Aug 22, 2026 @ 19:50:19.454",eaa680bd6af711c04853c6e08446813f,https://internetretailing.net/about/press/,Press - InternetRetailing,Latest Articles 6 Sep 2023 6 Sep 2023 6 Sep 2023 5 Sep 2023 Join Our Press List Register to receive our press releases about our latest research and reports. If you have a question about our research or articles please contact marketing@internetretailing.net View Privacy Policy Latest Reports,,,,https://internetretailing.net/wp-content/uploads/2023/09/Hobbycraft-UKST.png
"Aug 22, 2026 @ 19:50:19.466",39b7d2c03adf2cd37927969e8f94399d,https://internetretailing.net/about/terms-and-conditions/,Terms and Conditions - InternetRetailing,"Terms and Conditions Terms of use Use of this site, and its contents, is subject to the following terms and conditions. By using this site you accept these terms and conditions and agree that you are bound by them. Among other things, these terms limit our liability for any loss or damage which might arise […]",,,,https://internetretailing.net/wp-content/uploads/2022/05/RXBEU22RP_Full_1.1PDF_Thumb1.png
"Aug 22, 2026 @ 19:50:19.475",179385e4d1252cccec38ff94a69f3b2b,https://internetretailing.net/about/privacy-policy/,Privacy Policy - InternetRetailing,"Privacy Policy Privacy Policy Introduction This privacy policy forms part of our terms and conditions and provides information on how Internet Retailing Media Services Ltd (We/Us/Our/The Company) processes your data. Definitions Services means our websites, content and any media, channel, application or service operated, created or made available by the Company which may include but […]",,,,
"Aug 22, 2026 @ 19:50:19.493",e74a8ae7d98c74f9801f637d68d1caa7,https://internetretailing.net/views/frontline/,Frontline - InternetRetailing,"Frontline Feedback from the frontline of multichannel retail – allowing our clients and partners to showcase their brand through their own content. 168 13 Mar 2023 2023 forecasts predicted a bumpy ride for retail. The micro-economic factors that impacted the sector throughout 2022 have persisted, threatening to further dent already squeezed profit margins. Frontline 6 […]",,,,https://internetretailing.net/wp-content/uploads/2023/03/iStock-1391824162-scaled.jpg
"Aug 22, 2026 @ 19:50:19.502",274dfd23438e21f33f30329ddde05744,https://internetretailing.net/upcoming-events/upcoming-webinars/,Upcoming Webinars - InternetRetailing,"Upcoming Webinars We host a wealth of webinars covering the latest topics, trends and technological advancements. See what’s coming up down below… Can’t make the date? All previous webinars are now available to watch on demand, so you can rewind and revisit all your favourite industry guests to your heart’s content! 25 Apr 14:00 26 […]",,,,
"Aug 22, 2026 @ 19:50:19.514",1b6f3c45c23cae0240eae24884803a7b,https://internetretailing.net/media/marketing-unlearned/,"Marketing UnLearned, in association with Epsilon - InternetRetailing","Marketing Unlearned in association with Epsilon Marketing UnLearned is a podcast series that explores the challenges the leading-edge digital marketing poses to established and received wisdom. All new initiatives, until proven, are subject to scrutiny and challenge: the ‘waddabouts’, the statements of inertia, the “why bother?”, the deprioritising questions. Within these challenges there is often […]",,,,https://internetretailing.net/wp-content/uploads/2025/04/epsilon-176352.png
"Aug 22, 2026 @ 19:50:19.522",47fee3105e5a84d7b354400920090daa,https://internetretailing.net/report-hub/der-schlussel-zunachhaltigem-wachstum-imdeutschen-e-commerce/,Der Schlüssel zunachhaltigem Wachstum im Deutschen E-Commerce - InternetRetailing,"Entdecken Sie die fünf Fulfilment-Prioritäten, die deutschen Online-Shoppern besonders wichtig sind – und erfahren Sie, wie Händler diese nutzen können, um Loyalität aufzubauen, Reibungspunkte zu reduzieren und den Umsatz zu steigern. Deutschland zählt zu den wertvollsten E-Commerce-Märkten Europas. Bis 2026 soll der Onlineumsatz auf 86,66 Milliarden Euro steigen. Doch wer in diesem Markt erfolgreich sein […]",,,,https://internetretailing.net/wp-content/uploads/2026/07/ir-german-whitepaper.png
"Aug 22, 2026 @ 19:50:19.528",6a75f32040f618949b7716ba4d0f83c0,https://internetretailing.net/report-hub/switzerland-luxury-market-report-2026/,Switzerland Luxury Market Report 2026 - InternetRetailing,"The Switzerland Luxury Market Report 2026 provides an in-depth analysis of this distinctive retail landscape. It explores everything from the strength of the Swiss watch industry to the growth of mobile commerce, personalised customer experiences and sustainable luxury.",,,,https://internetretailing.net/wp-content/uploads/2026/06/switzerland-luxury-2026.png
"Aug 22, 2026 @ 19:50:19.535",b30e51d7432c35173b18d50cc3aa951b,https://internetretailing.net/report-hub/mondi-whitepaper-2026-ai-the-future-of-ecommerce-packaging/,Mondi Whitepaper 2026: AI & The Future of eCommerce Packaging - InternetRetailing,"Discover how Artificial Intelligence, automation and sustainable packaging are reshaping consumer behaviour and driving repeat sales for online retailers. Online retailers are operating in a market defined by rapid technological acceleration, tightening sustainability legislation (such as the EU’s Packaging and Packaging Waste Regulation) and rising operational complexity. Based on a comprehensive survey of 6,000 consumers […]",,,,https://internetretailing.net/wp-content/uploads/2026/06/mondi.png
"Aug 22, 2026 @ 19:50:19.543",efc396681af32755da8b2e8055110230,https://internetretailing.net/report-hub/french-luxury-2026/,France Luxury 2026: Redefining Value in a Changing Market - InternetRetailing,"French Luxury Retail 2026 is an essential guide for global retailers. By examining the dynamics, consumer behaviors and leading players.",,,,https://internetretailing.net/wp-content/uploads/2026/05/france-luxury2026.png
"Aug 22, 2026 @ 19:50:19.555",181e3f01bb83b796a278b1aff53d3b8e,https://internetretailing.net/about/cookie-policy/,Cookie Policy - InternetRetailing,Cookie Policy Cookies are small text files that can be used by websites to make a user’s experience more efficient. The law states that we can store cookies on your device if they are strictly necessary for the operation of this site. For all other types of cookies we need your permission. This site uses […],,,,
"Aug 22, 2026 @ 19:50:19.566",245aaf830806f96dde6234a36fc8279d,https://internetretailing.net/events/category/webinars/,Upcoming Webinars - InternetRetailing,"Upcoming Webinars We host a wealth of webinars covering the latest topics, trends and technological advancements. See what’s coming up down below… Can’t make the date? All previous webinars are now available to watch on demand, so you can rewind and revisit all your favourite industry guests to your heart’s content! 25 Apr 14:00 26 […]",,,,
"Aug 22, 2026 @ 19:50:19.584",9defe1bb573a93beefd0cfb6fdbb3686,https://internetretailing.net/channel/retail-media/,Retail Media - InternetRetailing,"Sponsored by: Mapping the Retail Media opportunity in D2C. We track the dynamics, opportunities and examplars of the retail media revolution via our insight, analysis, research and events. Commentary Case studies Events Podcasts Research Reports Retail Media Newsletter Retail Media 10 Jun 2025 Retail Media Three years ago, Retail Media was nowhere to be seen […]",,,,https://internetretailing.net/wp-content/uploads/2025/04/Retail-Media-logo-Black-1-1024x420.png
"Aug 22, 2026 @ 19:50:19.600",7d6b78afd0b7d86b8b98a2fc3f6cb47c,https://internetretailing.net/channel/retail-media/#commentary,Retail Media - InternetRetailing,"Sponsored by: Mapping the Retail Media opportunity in D2C. We track the dynamics, opportunities and examplars of the retail media revolution via our insight, analysis, research and events. Commentary Case studies Events Podcasts Research Reports Retail Media Newsletter Retail Media 10 Jun 2025 Retail Media Three years ago, Retail Media was nowhere to be seen […]",,,,https://internetretailing.net/wp-content/uploads/2025/04/Retail-Media-logo-Black-1-1024x420.png
"Aug 22, 2026 @ 19:50:19.612",62c13aa3d7f89164eabe533116b596d9,https://internetretailing.net/media/retail-media-podcast/,Retail MediaX Podcast Series 2024 - InternetRetailing,"Retail MediaX podcast series In association with SMG Recorded live at the Retail MediaX events in London, these limited edition podcasts – brought to you in partnership with SMG – have experts from across the retail media ecosystem looking at what leading UK retail media networks are doing; how the sector is evolving; and where […]",,,,https://internetretailing.net/wp-content/uploads/2025/06/RMX-Podcast-banner.png
"Aug 22, 2026 @ 19:50:19.625",51974c18a3e68b958099190f676cf771,https://internetretailing.net/channel/retail-media/#casestudies,Retail Media - InternetRetailing,"Sponsored by: Mapping the Retail Media opportunity in D2C. We track the dynamics, opportunities and examplars of the retail media revolution via our insight, analysis, research and events. Commentary Case studies Events Podcasts Research Reports Retail Media Newsletter Retail Media 10 Jun 2025 Retail Media Three years ago, Retail Media was nowhere to be seen […]",,,,https://internetretailing.net/wp-content/uploads/2025/04/Retail-Media-logo-Black-1-1024x420.png
"Aug 22, 2026 @ 19:50:19.643",fc0879997c091aadc2a6130b3522c550,https://internetretailing.net/channel/subscriptions/,Subscriptions - InternetRetailing,"Sponsored by: From curated meal boxes to indispensable necessities, discover how the subscription model is growing and becoming a feature of modern ecommerce. Commentary Case studies Events Podcasts Research Reports SubscriptionX Newsletter News 18 Feb 2026 News Epetōme, a British gut health brand, has secured a multi-million-pound investment to accelerate international expansion… 18 Feb 2026 […]",,,,https://internetretailing.net/wp-content/uploads/2025/04/SubscriptionX_Primary-logo_Grey-1024x226.png
"Aug 22, 2026 @ 19:50:19.657",dea9fd62e2e2eaaa7235938e317031f3,https://internetretailing.net/channel/retail-media/#research,Retail Media - InternetRetailing,"Sponsored by: Mapping the Retail Media opportunity in D2C. We track the dynamics, opportunities and examplars of the retail media revolution via our insight, analysis, research and events. Commentary Case studies Events Podcasts Research Reports Retail Media Newsletter Retail Media 10 Jun 2025 Retail Media Three years ago, Retail Media was nowhere to be seen […]",,,,https://internetretailing.net/wp-content/uploads/2025/04/Retail-Media-logo-Black-1-1024x420.png
"Aug 22, 2026 @ 19:50:19.674",5576d9b58611233e4e1ccdf9bb6f7876,https://internetretailing.net/themes/sustainability/,Sustainability - InternetRetailing,Read our research and review of retail sustainability and how brands are going green to achieve an eco-friendly future.,,,,https://internetretailing.net/wp-content/uploads/2024/07/horizontal-concepts-fw21-GiveBack2021-US-launch-CLP-teaser-img-carousel-card4_tcm143-760528-copy.jpg
"Aug 22, 2026 @ 19:50:19.692",cac949e9402c48cee3226ca6b77a0905,https://internetretailing.net/themes/strategy-and-innovation/,Strategy & Innovation - InternetRetailing,"Strategy and Innovation Focuses on how retailers can stand out from the competition in an ever-changing multichannel retail market. 15 Nov 2023 For the first time ever, H&M is offering a rental service on selected pieces from their latest guest designer collaboration. A curated assortment from the Rabanne H&M collection featuring exclusive colourways is now available for […]",,,,https://internetretailing.net/wp-content/uploads/2023/11/hmgoepprod-1.jpeg
"Aug 22, 2026 @ 19:50:19.711",db1953ca591aef01cddc59f06f99f980,https://internetretailing.net/channel/subscriptions/#commentary,Subscriptions - InternetRetailing,"Sponsored by: From curated meal boxes to indispensable necessities, discover how the subscription model is growing and becoming a feature of modern ecommerce. Commentary Case studies Events Podcasts Research Reports SubscriptionX Newsletter News 18 Feb 2026 News Epetōme, a British gut health brand, has secured a multi-million-pound investment to accelerate international expansion… 18 Feb 2026 […]",,,,https://internetretailing.net/wp-content/uploads/2025/04/SubscriptionX_Primary-logo_Grey-1024x226.png
"Aug 22, 2026 @ 19:50:19.723",ee884dd0f160b6682395d7019441dd31,https://internetretailing.net/media/fmcg-podcast/,FMCG Podcast - InternetRetailing,"FMCG Podcast Season 1 in association with dunnhumby Interviews with the people behind positive retail and brand performance. The RetailX Events Podcasts are recorded live at our events, sharing exclusive insights to help you get ahead. Listen via the online player embedded in each episode, or better still make sure you’re the first to get […]",,,,https://internetretailing.net/wp-content/uploads/2025/05/Mirakle-Podcast-IR-v1-2-1.jpg
"Aug 22, 2026 @ 19:50:19.733",8abf1637f8472a73678adbfa98605dd3,https://internetretailing.net/media/the-retail-media-podcast/,"The Retail Media Podcast, in association with Mirakl - InternetRetailing","The Retail Media Podcast in association with Mirakl The Retail Media Podcast, in association with Mirakl, is a 10-part series detailing the journey from Retail to Media. Starting at NRF’s Big Retail show, this series will traverse to the festival of digital media that is Cannes Lions, with engaging and informative conversations in between. Global […]",,,,https://internetretailing.net/wp-content/uploads/2025/05/Mirakle-Podcast-IR-v1-2-1.jpg
"Aug 22, 2026 @ 19:50:19.753",3497e4ddafb38ff900e7a9600634bf49,https://internetretailing.net/channel/subscriptions/#casestudies,Subscriptions - InternetRetailing,"Sponsored by: From curated meal boxes to indispensable necessities, discover how the subscription model is growing and becoming a feature of modern ecommerce. Commentary Case studies Events Podcasts Research Reports SubscriptionX Newsletter News 18 Feb 2026 News Epetōme, a British gut health brand, has secured a multi-million-pound investment to accelerate international expansion… 18 Feb 2026 […]",,,,https://internetretailing.net/wp-content/uploads/2025/04/SubscriptionX_Primary-logo_Grey-1024x226.png
"Aug 22, 2026 @ 19:50:19.768",6f1cd6ad6065451968deb87e527ccbd3,https://internetretailing.net/media/retailcraft-podcast/,Podcast - InternetRetailing,"The RetailCraft Podcast Interviews with the people behind multichannel performance. The RetailCraft podcast series looks at the who and how behind the performance of our Global Elite 1000 companies, and those who influence and inspire them. Ian Jindal shares the studio with retail leaders, RetailX’s analysts and sector experts, covering topics from commercial performance through […]",,,,https://internetretailing.net/wp-content/uploads/2023/06/US_UK_Apple_Podcasts_Listen_Badge_CMYK.png
"Aug 22, 2026 @ 19:50:19.780",6ec15e5713b9f1bf7a1314e5021a92be,https://internetretailing.net/media/video-channel/,Video Channel - InternetRetailing,"Videos Watch all our interviews, news and past webinars exploring the most pressing topics in retail, on demand 8 Jun 2022 More Information 28 Apr 2022 More Information 20 Apr 2022 More Information 31 Mar 2022 More Information 31 Mar 2022 More Information 23 Mar 2022 More Information View More Videos Subscribe to Newsletter Access […]",,,,
"Aug 22, 2026 @ 19:50:19.793",acc226cf14efbd766cbfe9a9e602848a,https://internetretailing.net/research/retailx-sector-reports/,Sector Reports - InternetRetailing,"Sector Reports Our RetailX Sector reports take an in-depth dive into the companies, strategies and consumers of different sectors across the UK, Europe and the World. Each report aims to give a retailer greater understanding of the complexities of ecommerce by sector by studying the market forces and customer behaviours by product type. The reports […]",,,,https://internetretailing.net/wp-content/uploads/2025/06/prn.png
"Aug 22, 2026 @ 19:50:19.810",03050cf1e45bc33ee0911d731d7b7bca,https://internetretailing.net/research/whitepapers/,Whitepapers - InternetRetailing,Whitepapers Delving into the more niche areas of successful multichannel retailing operations. Read More Read More Read More Read More Read More Read More Read More Read More Read More Read More Read More Read More Read More Read More Read More Read More Read More Read More Read More Read More Read More Read […],,,,https://internetretailing.net/wp-content/uploads/2025/08/simpler.png
"Aug 22, 2026 @ 19:50:19.829",21cb4a02ce91c8f4264fb8ed2029e22e,https://internetretailing.net/research/bluepapers/,Bluepapers - InternetRetailing,Bluepapers Exploring innovative solutions and emerging technologies in retail… Read More Read More Tealium Read More Featuring case studies with: Test 1Test 2 Read More Read More View More Bluepapers Subscribe to Newsletter Access all new InternetRetailing Research via Email Register InternetRetailing European Newsletter News analysis dedicated to helping European retail professionals Register for Newsletter […],,,,
"Aug 22, 2026 @ 19:50:19.844",891a7a39f08b426c5dde6f9dea3b68b6,https://internetretailing.net/research/top500-reports/,Ranking Reports - InternetRetailing,"Ranking Reports The performance of the world’s leading retailers independently-researched, ranked and analysed. Read More Read More Read More Read More Read More Read More Read More Read More Read More Read More Read More Read More View More Reports “Objective, fact-led performance insight for commercial multichannel professionals.” Martin Shaw, Head of Research, InternetRetailing Get […]",,,,https://internetretailing.net/wp-content/uploads/2025/03/Truelayer-logo-300x75.png
"Aug 22, 2026 @ 19:50:19.858",4511cdc4dba357eb5f85d6179e043db3,https://internetretailing.net/research/retailx-country-reports/,Country Reports - InternetRetailing,"RetailX Country Reports The RetailX country reports equip retailers with the best knowledge to succeed, by providing a clear and comprehensive overview of the state of commerce in countries and regions around the world. We cover everything from facts, figures and ecommerce trends, to European government data, exclusive research, analysis and more. Find out all […]",,,,https://internetretailing.net/wp-content/uploads/2025/10/vimeo.png
"Aug 22, 2026 @ 19:50:19.871",cea08703a32c4b6cac04714ddb96e56b,https://internetretailing.net/research/rxeu-marketplace-report/,Marketplace Reports - InternetRetailing,"European Marketplaces Reports Marketplaces have quickly become an essential part of the online retail mix for both consumers and merchants across Europe. The research in our Marketplace Reportsuncovers where marketplaces in Europe are continuing to evolve towards: how mobile is shifting basic customer experience, the rise of smart and voice-controlled devices in shopping, how delivery […]",,,,https://internetretailing.net/wp-content/uploads/2025/10/inventory-sage.png
"Aug 22, 2026 @ 19:50:19.884",e74a8ae7d98c74f9801f637d68d1caa7,https://internetretailing.net/views/frontline/,Frontline - InternetRetailing,"Frontline Feedback from the frontline of multichannel retail – allowing our clients and partners to showcase their brand through their own content. 168 13 Mar 2023 2023 forecasts predicted a bumpy ride for retail. The micro-economic factors that impacted the sector throughout 2022 have persisted, threatening to further dent already squeezed profit margins. Frontline 6 […]",,,,https://internetretailing.net/wp-content/uploads/2023/03/iStock-1391824162-scaled.jpg
"Aug 22, 2026 @ 19:50:19.891",c7330e3504aeb29f61d8bf99b9a963cd,https://internetretailing.net/report-hub/internetretailing-returns-2025-report/,InternetRetailing Returns 2025 Report - InternetRetailing,"InternetRetailing Returns Report 2025 delves into the strategies retailers are using to mitigate the impact of returns on their profitability, customer satisfaction, and the planet. The Report highlights how technology, from informed decision-making to AI tools, is enhancing efficiency and improving the overall customer experience in the returns cycle.",,,,https://internetretailing.net/wp-content/uploads/2025/09/returns-report-2025.png
"Aug 22, 2026 @ 19:50:19.898",e767fbc8cf92c56ea51d2e2293b457f3,https://internetretailing.net/report-hub/retailx-europe-luxury-sector-report-2025/,InternetRetailing Europe Luxury Sector Report 2025 - InternetRetailing,"European Luxury 2025 report examines the state of the luxury clothing, jewellery, bags and accessories market amid reports of a slowdown.",,,,https://internetretailing.net/wp-content/uploads/2024/10/ir-euro-lux-2025.png
"Aug 22, 2026 @ 19:50:19.910",ab7c3b032843b9f528496f3099bc4cac,https://internetretailing.net/channel/subscriptions/#research,Subscriptions - InternetRetailing,"Sponsored by: From curated meal boxes to indispensable necessities, discover how the subscription model is growing and becoming a feature of modern ecommerce. Commentary Case studies Events Podcasts Research Reports SubscriptionX Newsletter News 18 Feb 2026 News Epetōme, a British gut health brand, has secured a multi-million-pound investment to accelerate international expansion… 18 Feb 2026 […]",,,,https://internetretailing.net/wp-content/uploads/2025/04/SubscriptionX_Primary-logo_Grey-1024x226.png
"Aug 22, 2026 @ 19:50:19.918",4c4604f440fb54a94f31d6d74b97eb4b,https://internetretailing.net/upcoming-events/past-webinars/,Past Webinars - InternetRetailing,"Past Webinars Watch all our past webinars exploring the most pressing topics in retail, on demand! 16 Dec 2025 by James Pearson 4 Nov 2025 by James Pearson 24 Sep 2025 by James Pearson 26 Mar 2025 by Chris Dinnall 12 Mar 2025 by Chris Dinnall 19 Feb 2025 by Chris Dinnall View More Webinars […]",,,,https://internetretailing.net/wp-content/uploads/2025/10/From-Peak-To-Plan_Ad_Low-res.png
"Aug 22, 2026 @ 19:50:19.927",22830ce64d848d50de67c60c25bc9e18,https://internetretailing.net/about/advertising-opportunities/,Advertising Opportunities - InternetRetailing,"Work with us We’re the leading voice for ecommerce and multichannel retail success “Internet Retailing has been the voice of online and multichannel retail successfor over a decade. With a dedicated news portal, detailed sector reports andcomplementary events, Internet Retailing is dedicated to helping our partners thrive inthe dynamic ecosystem that is ecommerce. A renewed […]",,,,https://internetretailing.net/wp-content/uploads/2026/01/ebfd28d956305720a35425d4867a7ea3-768x768.webp
"Aug 22, 2026 @ 19:50:19.935",7eb474d5c2cb21efc9d679005674d177,https://internetretailing.net/about/contact-us/,Contact Us - InternetRetailing,"Contact Us EDITORIAL For press releases and media announcements please send to: press@internetretailing.net For article proposals and submissions please email: editor@internetretailing.net To see what papers and features we have coming up this year please visit our Editorial Calendar SALES AND MEDIA PACK Contact our Account Directors, they are happy to help with commercial and sales […]",,,,https://internetretailing.net/wp-content/uploads/2026/03/beyond-the-basics.png
"Aug 22, 2026 @ 19:50:19.943",eaa680bd6af711c04853c6e08446813f,https://internetretailing.net/about/press/,Press - InternetRetailing,Latest Articles 6 Sep 2023 6 Sep 2023 6 Sep 2023 5 Sep 2023 Join Our Press List Register to receive our press releases about our latest research and reports. If you have a question about our research or articles please contact marketing@internetretailing.net View Privacy Policy Latest Reports,,,,https://internetretailing.net/wp-content/uploads/2023/09/Hobbycraft-UKST.png
"Aug 22, 2026 @ 19:50:19.951",39b7d2c03adf2cd37927969e8f94399d,https://internetretailing.net/about/terms-and-conditions/,Terms and Conditions - InternetRetailing,"Terms and Conditions Terms of use Use of this site, and its contents, is subject to the following terms and conditions. By using this site you accept these terms and conditions and agree that you are bound by them. Among other things, these terms limit our liability for any loss or damage which might arise […]",,,,https://internetretailing.net/wp-content/uploads/2022/05/RXBEU22RP_Full_1.1PDF_Thumb1.png
"Aug 22, 2026 @ 19:50:19.966",179385e4d1252cccec38ff94a69f3b2b,https://internetretailing.net/about/privacy-policy/,Privacy Policy - InternetRetailing,"Privacy Policy Privacy Policy Introduction This privacy policy forms part of our terms and conditions and provides information on how Internet Retailing Media Services Ltd (We/Us/Our/The Company) processes your data. Definitions Services means our websites, content and any media, channel, application or service operated, created or made available by the Company which may include but […]",,,,
"Aug 22, 2026 @ 19:50:19.973",274dfd23438e21f33f30329ddde05744,https://internetretailing.net/upcoming-events/upcoming-webinars/,Upcoming Webinars - InternetRetailing,"Upcoming Webinars We host a wealth of webinars covering the latest topics, trends and technological advancements. See what’s coming up down below… Can’t make the date? All previous webinars are now available to watch on demand, so you can rewind and revisit all your favourite industry guests to your heart’s content! 25 Apr 14:00 26 […]",,,,
"Aug 22, 2026 @ 19:50:19.982",1b6f3c45c23cae0240eae24884803a7b,https://internetretailing.net/media/marketing-unlearned/,"Marketing UnLearned, in association with Epsilon - InternetRetailing","Marketing Unlearned in association with Epsilon Marketing UnLearned is a podcast series that explores the challenges the leading-edge digital marketing poses to established and received wisdom. All new initiatives, until proven, are subject to scrutiny and challenge: the ‘waddabouts’, the statements of inertia, the “why bother?”, the deprioritising questions. Within these challenges there is often […]",,,,https://internetretailing.net/wp-content/uploads/2025/04/epsilon-176352.png
"Aug 22, 2026 @ 19:50:19.990",47fee3105e5a84d7b354400920090daa,https://internetretailing.net/report-hub/der-schlussel-zunachhaltigem-wachstum-imdeutschen-e-commerce/,Der Schlüssel zunachhaltigem Wachstum im Deutschen E-Commerce - InternetRetailing,"Entdecken Sie die fünf Fulfilment-Prioritäten, die deutschen Online-Shoppern besonders wichtig sind – und erfahren Sie, wie Händler diese nutzen können, um Loyalität aufzubauen, Reibungspunkte zu reduzieren und den Umsatz zu steigern. Deutschland zählt zu den wertvollsten E-Commerce-Märkten Europas. Bis 2026 soll der Onlineumsatz auf 86,66 Milliarden Euro steigen. Doch wer in diesem Markt erfolgreich sein […]",,,,https://internetretailing.net/wp-content/uploads/2026/07/ir-german-whitepaper.png
"Aug 22, 2026 @ 19:50:19.997",6a75f32040f618949b7716ba4d0f83c0,https://internetretailing.net/report-hub/switzerland-luxury-market-report-2026/,Switzerland Luxury Market Report 2026 - InternetRetailing,"The Switzerland Luxury Market Report 2026 provides an in-depth analysis of this distinctive retail landscape. It explores everything from the strength of the Swiss watch industry to the growth of mobile commerce, personalised customer experiences and sustainable luxury.",,,,https://internetretailing.net/wp-content/uploads/2026/06/switzerland-luxury-2026.png
"Aug 22, 2026 @ 19:50:20.003",b30e51d7432c35173b18d50cc3aa951b,https://internetretailing.net/report-hub/mondi-whitepaper-2026-ai-the-future-of-ecommerce-packaging/,Mondi Whitepaper 2026: AI & The Future of eCommerce Packaging - InternetRetailing,"Discover how Artificial Intelligence, automation and sustainable packaging are reshaping consumer behaviour and driving repeat sales for online retailers. Online retailers are operating in a market defined by rapid technological acceleration, tightening sustainability legislation (such as the EU’s Packaging and Packaging Waste Regulation) and rising operational complexity. Based on a comprehensive survey of 6,000 consumers […]",,,,https://internetretailing.net/wp-content/uploads/2026/06/mondi.png
"Aug 22, 2026 @ 19:50:20.011",efc396681af32755da8b2e8055110230,https://internetretailing.net/report-hub/french-luxury-2026/,France Luxury 2026: Redefining Value in a Changing Market - InternetRetailing,"French Luxury Retail 2026 is an essential guide for global retailers. By examining the dynamics, consumer behaviors and leading players.",,,,https://internetretailing.net/wp-content/uploads/2026/05/france-luxury2026.png
"Aug 22, 2026 @ 19:50:20.020",181e3f01bb83b796a278b1aff53d3b8e,https://internetretailing.net/about/cookie-policy/,Cookie Policy - InternetRetailing,Cookie Policy Cookies are small text files that can be used by websites to make a user’s experience more efficient. The law states that we can store cookies on your device if they are strictly necessary for the operation of this site. For all other types of cookies we need your permission. This site uses […],,,,
"Aug 22, 2026 @ 19:50:20.031",245aaf830806f96dde6234a36fc8279d,https://internetretailing.net/events/category/webinars/,Upcoming Webinars - InternetRetailing,"Upcoming Webinars We host a wealth of webinars covering the latest topics, trends and technological advancements. See what’s coming up down below… Can’t make the date? All previous webinars are now available to watch on demand, so you can rewind and revisit all your favourite industry guests to your heart’s content! 25 Apr 14:00 26 […]",,,,
"Aug 22, 2026 @ 19:50:20.050",9defe1bb573a93beefd0cfb6fdbb3686,https://internetretailing.net/channel/retail-media/,Retail Media - InternetRetailing,"Sponsored by: Mapping the Retail Media opportunity in D2C. We track the dynamics, opportunities and examplars of the retail media revolution via our insight, analysis, research and events. Commentary Case studies Events Podcasts Research Reports Retail Media Newsletter Retail Media 10 Jun 2025 Retail Media Three years ago, Retail Media was nowhere to be seen […]",,,,https://internetretailing.net/wp-content/uploads/2025/04/Retail-Media-logo-Black-1-1024x420.png
"Aug 22, 2026 @ 19:50:20.062",62c13aa3d7f89164eabe533116b596d9,https://internetretailing.net/media/retail-media-podcast/,Retail MediaX Podcast Series 2024 - InternetRetailing,"Retail MediaX podcast series In association with SMG Recorded live at the Retail MediaX events in London, these limited edition podcasts – brought to you in partnership with SMG – have experts from across the retail media ecosystem looking at what leading UK retail media networks are doing; how the sector is evolving; and where […]",,,,https://internetretailing.net/wp-content/uploads/2025/06/RMX-Podcast-banner.png
"Aug 22, 2026 @ 19:50:20.075",7d6b78afd0b7d86b8b98a2fc3f6cb47c,https://internetretailing.net/channel/retail-media/#commentary,Retail Media - InternetRetailing,"Sponsored by: Mapping the Retail Media opportunity in D2C. We track the dynamics, opportunities and examplars of the retail media revolution via our insight, analysis, research and events. Commentary Case studies Events Podcasts Research Reports Retail Media Newsletter Retail Media 10 Jun 2025 Retail Media Three years ago, Retail Media was nowhere to be seen […]",,,,https://internetretailing.net/wp-content/uploads/2025/04/Retail-Media-logo-Black-1-1024x420.png
"Aug 22, 2026 @ 19:50:20.093",51974c18a3e68b958099190f676cf771,https://internetretailing.net/channel/retail-media/#casestudies,Retail Media - InternetRetailing,"Sponsored by: Mapping the Retail Media opportunity in D2C. We track the dynamics, opportunities and examplars of the retail media revolution via our insight, analysis, research and events. Commentary Case studies Events Podcasts Research Reports Retail Media Newsletter Retail Media 10 Jun 2025 Retail Media Three years ago, Retail Media was nowhere to be seen […]",,,,https://internetretailing.net/wp-content/uploads/2025/04/Retail-Media-logo-Black-1-1024x420.png
"Aug 22, 2026 @ 19:50:20.108",dea9fd62e2e2eaaa7235938e317031f3,https://internetretailing.net/channel/retail-media/#research,Retail Media - InternetRetailing,"Sponsored by: Mapping the Retail Media opportunity in D2C. We track the dynamics, opportunities and examplars of the retail media revolution via our insight, analysis, research and events. Commentary Case studies Events Podcasts Research Reports Retail Media Newsletter Retail Media 10 Jun 2025 Retail Media Three years ago, Retail Media was nowhere to be seen […]",,,,https://internetretailing.net/wp-content/uploads/2025/04/Retail-Media-logo-Black-1-1024x420.png
"Aug 22, 2026 @ 19:50:20.127",fc0879997c091aadc2a6130b3522c550,https://internetretailing.net/channel/subscriptions/,Subscriptions - InternetRetailing,"Sponsored by: From curated meal boxes to indispensable necessities, discover how the subscription model is growing and becoming a feature of modern ecommerce. Commentary Case studies Events Podcasts Research Reports SubscriptionX Newsletter News 18 Feb 2026 News Epetōme, a British gut health brand, has secured a multi-million-pound investment to accelerate international expansion… 18 Feb 2026 […]",,,,https://internetretailing.net/wp-content/uploads/2025/04/SubscriptionX_Primary-logo_Grey-1024x226.png
"Aug 22, 2026 @ 19:50:20.143",5576d9b58611233e4e1ccdf9bb6f7876,https://internetretailing.net/themes/sustainability/,Sustainability - InternetRetailing,Read our research and review of retail sustainability and how brands are going green to achieve an eco-friendly future.,,,,https://internetretailing.net/wp-content/uploads/2024/07/horizontal-concepts-fw21-GiveBack2021-US-launch-CLP-teaser-img-carousel-card4_tcm143-760528-copy.jpg
"Aug 22, 2026 @ 19:50:20.162",cac949e9402c48cee3226ca6b77a0905,https://internetretailing.net/themes/strategy-and-innovation/,Strategy & Innovation - InternetRetailing,"Strategy and Innovation Focuses on how retailers can stand out from the competition in an ever-changing multichannel retail market. 15 Nov 2023 For the first time ever, H&M is offering a rental service on selected pieces from their latest guest designer collaboration. A curated assortment from the Rabanne H&M collection featuring exclusive colourways is now available for […]",,,,https://internetretailing.net/wp-content/uploads/2023/11/hmgoepprod-1.jpeg
"Aug 22, 2026 @ 19:50:20.175",db1953ca591aef01cddc59f06f99f980,https://internetretailing.net/channel/subscriptions/#commentary,Subscriptions - InternetRetailing,"Sponsored by: From curated meal boxes to indispensable necessities, discover how the subscription model is growing and becoming a feature of modern ecommerce. Commentary Case studies Events Podcasts Research Reports SubscriptionX Newsletter News 18 Feb 2026 News Epetōme, a British gut health brand, has secured a multi-million-pound investment to accelerate international expansion… 18 Feb 2026 […]",,,,https://internetretailing.net/wp-content/uploads/2025/04/SubscriptionX_Primary-logo_Grey-1024x226.png
"Aug 22, 2026 @ 19:50:20.188",ee884dd0f160b6682395d7019441dd31,https://internetretailing.net/media/fmcg-podcast/,FMCG Podcast - InternetRetailing,"FMCG Podcast Season 1 in association with dunnhumby Interviews with the people behind positive retail and brand performance. The RetailX Events Podcasts are recorded live at our events, sharing exclusive insights to help you get ahead. Listen via the online player embedded in each episode, or better still make sure you’re the first to get […]",,,,https://internetretailing.net/wp-content/uploads/2025/05/Mirakle-Podcast-IR-v1-2-1.jpg
"Aug 22, 2026 @ 19:50:20.219",8abf1637f8472a73678adbfa98605dd3,https://internetretailing.net/media/the-retail-media-podcast/,"The Retail Media Podcast, in association with Mirakl - InternetRetailing","The Retail Media Podcast in association with Mirakl The Retail Media Podcast, in association with Mirakl, is a 10-part series detailing the journey from Retail to Media. Starting at NRF’s Big Retail show, this series will traverse to the festival of digital media that is Cannes Lions, with engaging and informative conversations in between. Global […]",,,,https://internetretailing.net/wp-content/uploads/2025/05/Mirakle-Podcast-IR-v1-2-1.jpg
"Aug 22, 2026 @ 19:50:20.238",3497e4ddafb38ff900e7a9600634bf49,https://internetretailing.net/channel/subscriptions/#casestudies,Subscriptions - InternetRetailing,"Sponsored by: From curated meal boxes to indispensable necessities, discover how the subscription model is growing and becoming a feature of modern ecommerce. Commentary Case studies Events Podcasts Research Reports SubscriptionX Newsletter News 18 Feb 2026 News Epetōme, a British gut health brand, has secured a multi-million-pound investment to accelerate international expansion… 18 Feb 2026 […]",,,,https://internetretailing.net/wp-content/uploads/2025/04/SubscriptionX_Primary-logo_Grey-1024x226.png
"Aug 22, 2026 @ 19:50:20.252",6f1cd6ad6065451968deb87e527ccbd3,https://internetretailing.net/media/retailcraft-podcast/,Podcast - InternetRetailing,"The RetailCraft Podcast Interviews with the people behind multichannel performance. The RetailCraft podcast series looks at the who and how behind the performance of our Global Elite 1000 companies, and those who influence and inspire them. Ian Jindal shares the studio with retail leaders, RetailX’s analysts and sector experts, covering topics from commercial performance through […]",,,,https://internetretailing.net/wp-content/uploads/2023/06/US_UK_Apple_Podcasts_Listen_Badge_CMYK.png
"Aug 22, 2026 @ 19:50:20.262",6ec15e5713b9f1bf7a1314e5021a92be,https://internetretailing.net/media/video-channel/,Video Channel - InternetRetailing,"Videos Watch all our interviews, news and past webinars exploring the most pressing topics in retail, on demand 8 Jun 2022 More Information 28 Apr 2022 More Information 20 Apr 2022 More Information 31 Mar 2022 More Information 31 Mar 2022 More Information 23 Mar 2022 More Information View More Videos Subscribe to Newsletter Access […]",,,,
"Aug 22, 2026 @ 19:50:20.283",ab7c3b032843b9f528496f3099bc4cac,https://internetretailing.net/channel/subscriptions/#research,Subscriptions - InternetRetailing,"Sponsored by: From curated meal boxes to indispensable necessities, discover how the subscription model is growing and becoming a feature of modern ecommerce. Commentary Case studies Events Podcasts Research Reports SubscriptionX Newsletter News 18 Feb 2026 News Epetōme, a British gut health brand, has secured a multi-million-pound investment to accelerate international expansion… 18 Feb 2026 […]",,,,https://internetretailing.net/wp-content/uploads/2025/04/SubscriptionX_Primary-logo_Grey-1024x226.png
"Aug 22, 2026 @ 19:50:20.296",acc226cf14efbd766cbfe9a9e602848a,https://internetretailing.net/research/retailx-sector-reports/,Sector Reports - InternetRetailing,"Sector Reports Our RetailX Sector reports take an in-depth dive into the companies, strategies and consumers of different sectors across the UK, Europe and the World. Each report aims to give a retailer greater understanding of the complexities of ecommerce by sector by studying the market forces and customer behaviours by product type. The reports […]",,,,https://internetretailing.net/wp-content/uploads/2025/06/prn.png
"Aug 22, 2026 @ 19:50:20.320",03050cf1e45bc33ee0911d731d7b7bca,https://internetretailing.net/research/whitepapers/,Whitepapers - InternetRetailing,Whitepapers Delving into the more niche areas of successful multichannel retailing operations. Read More Read More Read More Read More Read More Read More Read More Read More Read More Read More Read More Read More Read More Read More Read More Read More Read More Read More Read More Read More Read More Read […],,,,https://internetretailing.net/wp-content/uploads/2025/08/simpler.png
"Aug 22, 2026 @ 19:50:20.337",21cb4a02ce91c8f4264fb8ed2029e22e,https://internetretailing.net/research/bluepapers/,Bluepapers - InternetRetailing,Bluepapers Exploring innovative solutions and emerging technologies in retail… Read More Read More Tealium Read More Featuring case studies with: Test 1Test 2 Read More Read More View More Bluepapers Subscribe to Newsletter Access all new InternetRetailing Research via Email Register InternetRetailing European Newsletter News analysis dedicated to helping European retail professionals Register for Newsletter […],,,,
"Aug 22, 2026 @ 19:50:20.354",891a7a39f08b426c5dde6f9dea3b68b6,https://internetretailing.net/research/top500-reports/,Ranking Reports - InternetRetailing,"Ranking Reports The performance of the world’s leading retailers independently-researched, ranked and analysed. Read More Read More Read More Read More Read More Read More Read More Read More Read More Read More Read More Read More View More Reports “Objective, fact-led performance insight for commercial multichannel professionals.” Martin Shaw, Head of Research, InternetRetailing Get […]",,,,https://internetretailing.net/wp-content/uploads/2025/03/Truelayer-logo-300x75.png
"Aug 22, 2026 @ 19:50:20.369",4511cdc4dba357eb5f85d6179e043db3,https://internetretailing.net/research/retailx-country-reports/,Country Reports - InternetRetailing,"RetailX Country Reports The RetailX country reports equip retailers with the best knowledge to succeed, by providing a clear and comprehensive overview of the state of commerce in countries and regions around the world. We cover everything from facts, figures and ecommerce trends, to European government data, exclusive research, analysis and more. Find out all […]",,,,https://internetretailing.net/wp-content/uploads/2025/10/vimeo.png
"Aug 22, 2026 @ 19:50:20.386",cea08703a32c4b6cac04714ddb96e56b,https://internetretailing.net/research/rxeu-marketplace-report/,Marketplace Reports - InternetRetailing,"European Marketplaces Reports Marketplaces have quickly become an essential part of the online retail mix for both consumers and merchants across Europe. The research in our Marketplace Reportsuncovers where marketplaces in Europe are continuing to evolve towards: how mobile is shifting basic customer experience, the rise of smart and voice-controlled devices in shopping, how delivery […]",,,,https://internetretailing.net/wp-content/uploads/2025/10/inventory-sage.png
"Aug 22, 2026 @ 19:50:20.395",c7330e3504aeb29f61d8bf99b9a963cd,https://internetretailing.net/report-hub/internetretailing-returns-2025-report/,InternetRetailing Returns 2025 Report - InternetRetailing,"InternetRetailing Returns Report 2025 delves into the strategies retailers are using to mitigate the impact of returns on their profitability, customer satisfaction, and the planet. The Report highlights how technology, from informed decision-making to AI tools, is enhancing efficiency and improving the overall customer experience in the returns cycle.",,,,https://internetretailing.net/wp-content/uploads/2025/09/returns-report-2025.png
"Aug 22, 2026 @ 19:50:20.404",e767fbc8cf92c56ea51d2e2293b457f3,https://internetretailing.net/report-hub/retailx-europe-luxury-sector-report-2025/,InternetRetailing Europe Luxury Sector Report 2025 - InternetRetailing,"European Luxury 2025 report examines the state of the luxury clothing, jewellery, bags and accessories market amid reports of a slowdown.",,,,https://internetretailing.net/wp-content/uploads/2024/10/ir-euro-lux-2025.png
"Aug 22, 2026 @ 19:50:20.411",4c4604f440fb54a94f31d6d74b97eb4b,https://internetretailing.net/upcoming-events/past-webinars/,Past Webinars - InternetRetailing,"Past Webinars Watch all our past webinars exploring the most pressing topics in retail, on demand! 16 Dec 2025 by James Pearson 4 Nov 2025 by James Pearson 24 Sep 2025 by James Pearson 26 Mar 2025 by Chris Dinnall 12 Mar 2025 by Chris Dinnall 19 Feb 2025 by Chris Dinnall View More Webinars […]",,,,https://internetretailing.net/wp-content/uploads/2025/10/From-Peak-To-Plan_Ad_Low-res.png
"Aug 22, 2026 @ 19:50:20.420",22830ce64d848d50de67c60c25bc9e18,https://internetretailing.net/about/advertising-opportunities/,Advertising Opportunities - InternetRetailing,"Work with us We’re the leading voice for ecommerce and multichannel retail success “Internet Retailing has been the voice of online and multichannel retail successfor over a decade. With a dedicated news portal, detailed sector reports andcomplementary events, Internet Retailing is dedicated to helping our partners thrive inthe dynamic ecosystem that is ecommerce. A renewed […]",,,,https://internetretailing.net/wp-content/uploads/2026/01/ebfd28d956305720a35425d4867a7ea3-768x768.webp
"Aug 22, 2026 @ 19:50:20.428",7eb474d5c2cb21efc9d679005674d177,https://internetretailing.net/about/contact-us/,Contact Us - InternetRetailing,"Contact Us EDITORIAL For press releases and media announcements please send to: press@internetretailing.net For article proposals and submissions please email: editor@internetretailing.net To see what papers and features we have coming up this year please visit our Editorial Calendar SALES AND MEDIA PACK Contact our Account Directors, they are happy to help with commercial and sales […]",,,,https://internetretailing.net/wp-content/uploads/2026/03/beyond-the-basics.png
"Aug 22, 2026 @ 19:50:20.441",eaa680bd6af711c04853c6e08446813f,https://internetretailing.net/about/press/,Press - InternetRetailing,Latest Articles 6 Sep 2023 6 Sep 2023 6 Sep 2023 5 Sep 2023 Join Our Press List Register to receive our press releases about our latest research and reports. If you have a question about our research or articles please contact marketing@internetretailing.net View Privacy Policy Latest Reports,,,,https://internetretailing.net/wp-content/uploads/2023/09/Hobbycraft-UKST.png
"Aug 22, 2026 @ 19:50:20.449",39b7d2c03adf2cd37927969e8f94399d,https://internetretailing.net/about/terms-and-conditions/,Terms and Conditions - InternetRetailing,"Terms and Conditions Terms of use Use of this site, and its contents, is subject to the following terms and conditions. By using this site you accept these terms and conditions and agree that you are bound by them. Among other things, these terms limit our liability for any loss or damage which might arise […]",,,,https://internetretailing.net/wp-content/uploads/2022/05/RXBEU22RP_Full_1.1PDF_Thumb1.png
"Aug 22, 2026 @ 19:50:20.457",179385e4d1252cccec38ff94a69f3b2b,https://internetretailing.net/about/privacy-policy/,Privacy Policy - InternetRetailing,"Privacy Policy Privacy Policy Introduction This privacy policy forms part of our terms and conditions and provides information on how Internet Retailing Media Services Ltd (We/Us/Our/The Company) processes your data. Definitions Services means our websites, content and any media, channel, application or service operated, created or made available by the Company which may include but […]",,,,
"Aug 22, 2026 @ 19:50:20.474",e74a8ae7d98c74f9801f637d68d1caa7,https://internetretailing.net/views/frontline/,Frontline - InternetRetailing,"Frontline Feedback from the frontline of multichannel retail – allowing our clients and partners to showcase their brand through their own content. 168 13 Mar 2023 2023 forecasts predicted a bumpy ride for retail. The micro-economic factors that impacted the sector throughout 2022 have persisted, threatening to further dent already squeezed profit margins. Frontline 6 […]",,,,https://internetretailing.net/wp-content/uploads/2023/03/iStock-1391824162-scaled.jpg
"Aug 22, 2026 @ 19:50:20.488",1b6f3c45c23cae0240eae24884803a7b,https://internetretailing.net/media/marketing-unlearned/,"Marketing UnLearned, in association with Epsilon - InternetRetailing","Marketing Unlearned in association with Epsilon Marketing UnLearned is a podcast series that explores the challenges the leading-edge digital marketing poses to established and received wisdom. All new initiatives, until proven, are subject to scrutiny and challenge: the ‘waddabouts’, the statements of inertia, the “why bother?”, the deprioritising questions. Within these challenges there is often […]",,,,https://internetretailing.net/wp-content/uploads/2025/04/epsilon-176352.png
"Aug 22, 2026 @ 19:50:20.496",274dfd23438e21f33f30329ddde05744,https://internetretailing.net/upcoming-events/upcoming-webinars/,Upcoming Webinars - InternetRetailing,"Upcoming Webinars We host a wealth of webinars covering the latest topics, trends and technological advancements. See what’s coming up down below… Can’t make the date? All previous webinars are now available to watch on demand, so you can rewind and revisit all your favourite industry guests to your heart’s content! 25 Apr 14:00 26 […]",,,,
"Aug 22, 2026 @ 19:50:20.503",47fee3105e5a84d7b354400920090daa,https://internetretailing.net/report-hub/der-schlussel-zunachhaltigem-wachstum-imdeutschen-e-commerce/,Der Schlüssel zunachhaltigem Wachstum im Deutschen E-Commerce - InternetRetailing,"Entdecken Sie die fünf Fulfilment-Prioritäten, die deutschen Online-Shoppern besonders wichtig sind – und erfahren Sie, wie Händler diese nutzen können, um Loyalität aufzubauen, Reibungspunkte zu reduzieren und den Umsatz zu steigern. Deutschland zählt zu den wertvollsten E-Commerce-Märkten Europas. Bis 2026 soll der Onlineumsatz auf 86,66 Milliarden Euro steigen. Doch wer in diesem Markt erfolgreich sein […]",,,,https://internetretailing.net/wp-content/uploads/2026/07/ir-german-whitepaper.png
"Aug 22, 2026 @ 19:50:20.510",6a75f32040f618949b7716ba4d0f83c0,https://internetretailing.net/report-hub/switzerland-luxury-market-report-2026/,Switzerland Luxury Market Report 2026 - InternetRetailing,"The Switzerland Luxury Market Report 2026 provides an in-depth analysis of this distinctive retail landscape. It explores everything from the strength of the Swiss watch industry to the growth of mobile commerce, personalised customer experiences and sustainable luxury.",,,,https://internetretailing.net/wp-content/uploads/2026/06/switzerland-luxury-2026.png
"Aug 22, 2026 @ 19:50:20.520",b30e51d7432c35173b18d50cc3aa951b,https://internetretailing.net/report-hub/mondi-whitepaper-2026-ai-the-future-of-ecommerce-packaging/,Mondi Whitepaper 2026: AI & The Future of eCommerce Packaging - InternetRetailing,"Discover how Artificial Intelligence, automation and sustainable packaging are reshaping consumer behaviour and driving repeat sales for online retailers. Online retailers are operating in a market defined by rapid technological acceleration, tightening sustainability legislation (such as the EU’s Packaging and Packaging Waste Regulation) and rising operational complexity. Based on a comprehensive survey of 6,000 consumers […]",,,,https://internetretailing.net/wp-content/uploads/2026/06/mondi.png
"Aug 22, 2026 @ 19:50:20.529",efc396681af32755da8b2e8055110230,https://internetretailing.net/report-hub/french-luxury-2026/,France Luxury 2026: Redefining Value in a Changing Market - InternetRetailing,"French Luxury Retail 2026 is an essential guide for global retailers. By examining the dynamics, consumer behaviors and leading players.",,,,https://internetretailing.net/wp-content/uploads/2026/05/france-luxury2026.png
"Aug 22, 2026 @ 19:50:20.537",181e3f01bb83b796a278b1aff53d3b8e,https://internetretailing.net/about/cookie-policy/,Cookie Policy - InternetRetailing,Cookie Policy Cookies are small text files that can be used by websites to make a user’s experience more efficient. The law states that we can store cookies on your device if they are strictly necessary for the operation of this site. For all other types of cookies we need your permission. This site uses […],,,,
"Aug 22, 2026 @ 19:50:20.545",245aaf830806f96dde6234a36fc8279d,https://internetretailing.net/events/category/webinars/,Upcoming Webinars - InternetRetailing,"Upcoming Webinars We host a wealth of webinars covering the latest topics, trends and technological advancements. See what’s coming up down below… Can’t make the date? All previous webinars are now available to watch on demand, so you can rewind and revisit all your favourite industry guests to your heart’s content! 25 Apr 14:00 26 […]",,,,
"Aug 22, 2026 @ 19:50:20.562",9defe1bb573a93beefd0cfb6fdbb3686,https://internetretailing.net/channel/retail-media/,Retail Media - InternetRetailing,"Sponsored by: Mapping the Retail Media opportunity in D2C. We track the dynamics, opportunities and examplars of the retail media revolution via our insight, analysis, research and events. Commentary Case studies Events Podcasts Research Reports Retail Media Newsletter Retail Media 10 Jun 2025 Retail Media Three years ago, Retail Media was nowhere to be seen […]",,,,https://internetretailing.net/wp-content/uploads/2025/04/Retail-Media-logo-Black-1-1024x420.png
"Aug 22, 2026 @ 19:50:20.575",62c13aa3d7f89164eabe533116b596d9,https://internetretailing.net/media/retail-media-podcast/,Retail MediaX Podcast Series 2024 - InternetRetailing,"Retail MediaX podcast series In association with SMG Recorded live at the Retail MediaX events in London, these limited edition podcasts – brought to you in partnership with SMG – have experts from across the retail media ecosystem looking at what leading UK retail media networks are doing; how the sector is evolving; and where […]",,,,https://internetretailing.net/wp-content/uploads/2025/06/RMX-Podcast-banner.png
"Aug 22, 2026 @ 19:50:20.587",7d6b78afd0b7d86b8b98a2fc3f6cb47c,https://internetretailing.net/channel/retail-media/#commentary,Retail Media - InternetRetailing,"Sponsored by: Mapping the Retail Media opportunity in D2C. We track the dynamics, opportunities and examplars of the retail media revolution via our insight, analysis, research and events. Commentary Case studies Events Podcasts Research Reports Retail Media Newsletter Retail Media 10 Jun 2025 Retail Media Three years ago, Retail Media was nowhere to be seen […]",,,,https://internetretailing.net/wp-content/uploads/2025/04/Retail-Media-logo-Black-1-1024x420.png
"Aug 22, 2026 @ 19:50:20.598",51974c18a3e68b958099190f676cf771,https://internetretailing.net/channel/retail-media/#casestudies,Retail Media - InternetRetailing,"Sponsored by: Mapping the Retail Media opportunity in D2C. We track the dynamics, opportunities and examplars of the retail media revolution via our insight, analysis, research and events. Commentary Case studies Events Podcasts Research Reports Retail Media Newsletter Retail Media 10 Jun 2025 Retail Media Three years ago, Retail Media was nowhere to be seen […]",,,,https://internetretailing.net/wp-content/uploads/2025/04/Retail-Media-logo-Black-1-1024x420.png
"Aug 22, 2026 @ 19:50:20.617",fc0879997c091aadc2a6130b3522c550,https://internetretailing.net/channel/subscriptions/,Subscriptions - InternetRetailing,"Sponsored by: From curated meal boxes to indispensable necessities, discover how the subscription model is growing and becoming a feature of modern ecommerce. Commentary Case studies Events Podcasts Research Reports SubscriptionX Newsletter News 18 Feb 2026 News Epetōme, a British gut health brand, has secured a multi-million-pound investment to accelerate international expansion… 18 Feb 2026 […]",,,,https://internetretailing.net/wp-content/uploads/2025/04/SubscriptionX_Primary-logo_Grey-1024x226.png
"Aug 22, 2026 @ 19:50:20.631",db1953ca591aef01cddc59f06f99f980,https://internetretailing.net/channel/subscriptions/#commentary,Subscriptions - InternetRetailing,"Sponsored by: From curated meal boxes to indispensable necessities, discover how the subscription model is growing and becoming a feature of modern ecommerce. Commentary Case studies Events Podcasts Research Reports SubscriptionX Newsletter News 18 Feb 2026 News Epetōme, a British gut health brand, has secured a multi-million-pound investment to accelerate international expansion… 18 Feb 2026 […]",,,,https://internetretailing.net/wp-content/uploads/2025/04/SubscriptionX_Primary-logo_Grey-1024x226.png
"Aug 22, 2026 @ 19:50:20.642",5576d9b58611233e4e1ccdf9bb6f7876,https://internetretailing.net/themes/sustainability/,Sustainability - InternetRetailing,Read our research and review of retail sustainability and how brands are going green to achieve an eco-friendly future.,,,,https://internetretailing.net/wp-content/uploads/2024/07/horizontal-concepts-fw21-GiveBack2021-US-launch-CLP-teaser-img-carousel-card4_tcm143-760528-copy.jpg
"Aug 22, 2026 @ 19:50:20.660",dea9fd62e2e2eaaa7235938e317031f3,https://internetretailing.net/channel/retail-media/#research,Retail Media - InternetRetailing,"Sponsored by: Mapping the Retail Media opportunity in D2C. We track the dynamics, opportunities and examplars of the retail media revolution via our insight, analysis, research and events. Commentary Case studies Events Podcasts Research Reports Retail Media Newsletter Retail Media 10 Jun 2025 Retail Media Three years ago, Retail Media was nowhere to be seen […]",,,,https://internetretailing.net/wp-content/uploads/2025/04/Retail-Media-logo-Black-1-1024x420.png
"Aug 22, 2026 @ 19:50:20.683",cac949e9402c48cee3226ca6b77a0905,https://internetretailing.net/themes/strategy-and-innovation/,Strategy & Innovation - InternetRetailing,"Strategy and Innovation Focuses on how retailers can stand out from the competition in an ever-changing multichannel retail market. 15 Nov 2023 For the first time ever, H&M is offering a rental service on selected pieces from their latest guest designer collaboration. A curated assortment from the Rabanne H&M collection featuring exclusive colourways is now available for […]",,,,https://internetretailing.net/wp-content/uploads/2023/11/hmgoepprod-1.jpeg
"Aug 22, 2026 @ 19:50:20.694",ee884dd0f160b6682395d7019441dd31,https://internetretailing.net/media/fmcg-podcast/,FMCG Podcast - InternetRetailing,"FMCG Podcast Season 1 in association with dunnhumby Interviews with the people behind positive retail and brand performance. The RetailX Events Podcasts are recorded live at our events, sharing exclusive insights to help you get ahead. Listen via the online player embedded in each episode, or better still make sure you’re the first to get […]",,,,https://internetretailing.net/wp-content/uploads/2025/05/Mirakle-Podcast-IR-v1-2-1.jpg
"Aug 22, 2026 @ 19:50:20.702",8abf1637f8472a73678adbfa98605dd3,https://internetretailing.net/media/the-retail-media-podcast/,"The Retail Media Podcast, in association with Mirakl - InternetRetailing","The Retail Media Podcast in association with Mirakl The Retail Media Podcast, in association with Mirakl, is a 10-part series detailing the journey from Retail to Media. Starting at NRF’s Big Retail show, this series will traverse to the festival of digital media that is Cannes Lions, with engaging and informative conversations in between. Global […]",,,,https://internetretailing.net/wp-content/uploads/2025/05/Mirakle-Podcast-IR-v1-2-1.jpg
"Aug 22, 2026 @ 19:50:20.711",e74a8ae7d98c74f9801f637d68d1caa7,https://internetretailing.net/views/frontline/,Frontline - InternetRetailing,"Frontline Feedback from the frontline of multichannel retail – allowing our clients and partners to showcase their brand through their own content. 168 13 Mar 2023 2023 forecasts predicted a bumpy ride for retail. The micro-economic factors that impacted the sector throughout 2022 have persisted, threatening to further dent already squeezed profit margins. Frontline 6 […]",,,,https://internetretailing.net/wp-content/uploads/2023/03/iStock-1391824162-scaled.jpg
"Aug 22, 2026 @ 19:50:20.726",3497e4ddafb38ff900e7a9600634bf49,https://internetretailing.net/channel/subscriptions/#casestudies,Subscriptions - InternetRetailing,"Sponsored by: From curated meal boxes to indispensable necessities, discover how the subscription model is growing and becoming a feature of modern ecommerce. Commentary Case studies Events Podcasts Research Reports SubscriptionX Newsletter News 18 Feb 2026 News Epetōme, a British gut health brand, has secured a multi-million-pound investment to accelerate international expansion… 18 Feb 2026 […]",,,,https://internetretailing.net/wp-content/uploads/2025/04/SubscriptionX_Primary-logo_Grey-1024x226.png
"Aug 22, 2026 @ 19:50:20.740",6f1cd6ad6065451968deb87e527ccbd3,https://internetretailing.net/media/retailcraft-podcast/,Podcast - InternetRetailing,"The RetailCraft Podcast Interviews with the people behind multichannel performance. The RetailCraft podcast series looks at the who and how behind the performance of our Global Elite 1000 companies, and those who influence and inspire them. Ian Jindal shares the studio with retail leaders, RetailX’s analysts and sector experts, covering topics from commercial performance through […]",,,,https://internetretailing.net/wp-content/uploads/2023/06/US_UK_Apple_Podcasts_Listen_Badge_CMYK.png
"Aug 22, 2026 @ 19:50:20.751",6ec15e5713b9f1bf7a1314e5021a92be,https://internetretailing.net/media/video-channel/,Video Channel - InternetRetailing,"Videos Watch all our interviews, news and past webinars exploring the most pressing topics in retail, on demand 8 Jun 2022 More Information 28 Apr 2022 More Information 20 Apr 2022 More Information 31 Mar 2022 More Information 31 Mar 2022 More Information 23 Mar 2022 More Information View More Videos Subscribe to Newsletter Access […]",,,,
"Aug 22, 2026 @ 19:50:20.766",acc226cf14efbd766cbfe9a9e602848a,https://internetretailing.net/research/retailx-sector-reports/,Sector Reports - InternetRetailing,"Sector Reports Our RetailX Sector reports take an in-depth dive into the companies, strategies and consumers of different sectors across the UK, Europe and the World. Each report aims to give a retailer greater understanding of the complexities of ecommerce by sector by studying the market forces and customer behaviours by product type. The reports […]",,,,https://internetretailing.net/wp-content/uploads/2025/06/prn.png
"Aug 22, 2026 @ 19:50:20.786",03050cf1e45bc33ee0911d731d7b7bca,https://internetretailing.net/research/whitepapers/,Whitepapers - InternetRetailing,Whitepapers Delving into the more niche areas of successful multichannel retailing operations. Read More Read More Read More Read More Read More Read More Read More Read More Read More Read More Read More Read More Read More Read More Read More Read More Read More Read More Read More Read More Read More Read […],,,,https://internetretailing.net/wp-content/uploads/2025/08/simpler.png
"Aug 22, 2026 @ 19:50:20.799",21cb4a02ce91c8f4264fb8ed2029e22e,https://internetretailing.net/research/bluepapers/,Bluepapers - InternetRetailing,Bluepapers Exploring innovative solutions and emerging technologies in retail… Read More Read More Tealium Read More Featuring case studies with: Test 1Test 2 Read More Read More View More Bluepapers Subscribe to Newsletter Access all new InternetRetailing Research via Email Register InternetRetailing European Newsletter News analysis dedicated to helping European retail professionals Register for Newsletter […],,,,
"Aug 22, 2026 @ 19:50:20.820",891a7a39f08b426c5dde6f9dea3b68b6,https://internetretailing.net/research/top500-reports/,Ranking Reports - InternetRetailing,"Ranking Reports The performance of the world’s leading retailers independently-researched, ranked and analysed. Read More Read More Read More Read More Read More Read More Read More Read More Read More Read More Read More Read More View More Reports “Objective, fact-led performance insight for commercial multichannel professionals.” Martin Shaw, Head of Research, InternetRetailing Get […]",,,,https://internetretailing.net/wp-content/uploads/2025/03/Truelayer-logo-300x75.png
"Aug 22, 2026 @ 19:50:20.842",4511cdc4dba357eb5f85d6179e043db3,https://internetretailing.net/research/retailx-country-reports/,Country Reports - InternetRetailing,"RetailX Country Reports The RetailX country reports equip retailers with the best knowledge to succeed, by providing a clear and comprehensive overview of the state of commerce in countries and regions around the world. We cover everything from facts, figures and ecommerce trends, to European government data, exclusive research, analysis and more. Find out all […]",,,,https://internetretailing.net/wp-content/uploads/2025/10/vimeo.png
"Aug 22, 2026 @ 19:50:20.861",cea08703a32c4b6cac04714ddb96e56b,https://internetretailing.net/research/rxeu-marketplace-report/,Marketplace Reports - InternetRetailing,"European Marketplaces Reports Marketplaces have quickly become an essential part of the online retail mix for both consumers and merchants across Europe. The research in our Marketplace Reportsuncovers where marketplaces in Europe are continuing to evolve towards: how mobile is shifting basic customer experience, the rise of smart and voice-controlled devices in shopping, how delivery […]",,,,https://internetretailing.net/wp-content/uploads/2025/10/inventory-sage.png
"Aug 22, 2026 @ 19:50:20.869",c7330e3504aeb29f61d8bf99b9a963cd,https://internetretailing.net/report-hub/internetretailing-returns-2025-report/,InternetRetailing Returns 2025 Report - InternetRetailing,"InternetRetailing Returns Report 2025 delves into the strategies retailers are using to mitigate the impact of returns on their profitability, customer satisfaction, and the planet. The Report highlights how technology, from informed decision-making to AI tools, is enhancing efficiency and improving the overall customer experience in the returns cycle.",,,,https://internetretailing.net/wp-content/uploads/2025/09/returns-report-2025.png
"Aug 22, 2026 @ 19:50:20.880",e767fbc8cf92c56ea51d2e2293b457f3,https://internetretailing.net/report-hub/retailx-europe-luxury-sector-report-2025/,InternetRetailing Europe Luxury Sector Report 2025 - InternetRetailing,"European Luxury 2025 report examines the state of the luxury clothing, jewellery, bags and accessories market amid reports of a slowdown.",,,,https://internetretailing.net/wp-content/uploads/2024/10/ir-euro-lux-2025.png
"Aug 22, 2026 @ 19:50:20.891",ab7c3b032843b9f528496f3099bc4cac,https://internetretailing.net/channel/subscriptions/#research,Subscriptions - InternetRetailing,"Sponsored by: From curated meal boxes to indispensable necessities, discover how the subscription model is growing and becoming a feature of modern ecommerce. Commentary Case studies Events Podcasts Research Reports SubscriptionX Newsletter News 18 Feb 2026 News Epetōme, a British gut health brand, has secured a multi-million-pound investment to accelerate international expansion… 18 Feb 2026 […]",,,,https://internetretailing.net/wp-content/uploads/2025/04/SubscriptionX_Primary-logo_Grey-1024x226.png
"Aug 22, 2026 @ 19:50:20.907",4c4604f440fb54a94f31d6d74b97eb4b,https://internetretailing.net/upcoming-events/past-webinars/,Past Webinars - InternetRetailing,"Past Webinars Watch all our past webinars exploring the most pressing topics in retail, on demand! 16 Dec 2025 by James Pearson 4 Nov 2025 by James Pearson 24 Sep 2025 by James Pearson 26 Mar 2025 by Chris Dinnall 12 Mar 2025 by Chris Dinnall 19 Feb 2025 by Chris Dinnall View More Webinars […]",,,,https://internetretailing.net/wp-content/uploads/2025/10/From-Peak-To-Plan_Ad_Low-res.png
"Aug 22, 2026 @ 19:50:20.916",7eb474d5c2cb21efc9d679005674d177,https://internetretailing.net/about/contact-us/,Contact Us - InternetRetailing,"Contact Us EDITORIAL For press releases and media announcements please send to: press@internetretailing.net For article proposals and submissions please email: editor@internetretailing.net To see what papers and features we have coming up this year please visit our Editorial Calendar SALES AND MEDIA PACK Contact our Account Directors, they are happy to help with commercial and sales […]",,,,https://internetretailing.net/wp-content/uploads/2026/03/beyond-the-basics.png
"Aug 22, 2026 @ 19:50:20.925",22830ce64d848d50de67c60c25bc9e18,https://internetretailing.net/about/advertising-opportunities/,Advertising Opportunities - InternetRetailing,"Work with us We’re the leading voice for ecommerce and multichannel retail success “Internet Retailing has been the voice of online and multichannel retail successfor over a decade. With a dedicated news portal, detailed sector reports andcomplementary events, Internet Retailing is dedicated to helping our partners thrive inthe dynamic ecosystem that is ecommerce. A renewed […]",,,,https://internetretailing.net/wp-content/uploads/2026/01/ebfd28d956305720a35425d4867a7ea3-768x768.webp
"Aug 22, 2026 @ 19:50:20.933",eaa680bd6af711c04853c6e08446813f,https://internetretailing.net/about/press/,Press - InternetRetailing,Latest Articles 6 Sep 2023 6 Sep 2023 6 Sep 2023 5 Sep 2023 Join Our Press List Register to receive our press releases about our latest research and reports. If you have a question about our research or articles please contact marketing@internetretailing.net View Privacy Policy Latest Reports,,,,https://internetretailing.net/wp-content/uploads/2023/09/Hobbycraft-UKST.png
"Aug 22, 2026 @ 19:50:20.943",39b7d2c03adf2cd37927969e8f94399d,https://internetretailing.net/about/terms-and-conditions/,Terms and Conditions - InternetRetailing,"Terms and Conditions Terms of use Use of this site, and its contents, is subject to the following terms and conditions. By using this site you accept these terms and conditions and agree that you are bound by them. Among other things, these terms limit our liability for any loss or damage which might arise […]",,,,https://internetretailing.net/wp-content/uploads/2022/05/RXBEU22RP_Full_1.1PDF_Thumb1.png
"Aug 22, 2026 @ 19:50:20.954",179385e4d1252cccec38ff94a69f3b2b,https://internetretailing.net/about/privacy-policy/,Privacy Policy - InternetRetailing,"Privacy Policy Privacy Policy Introduction This privacy policy forms part of our terms and conditions and provides information on how Internet Retailing Media Services Ltd (We/Us/Our/The Company) processes your data. Definitions Services means our websites, content and any media, channel, application or service operated, created or made available by the Company which may include but […]",,,,
"Aug 22, 2026 @ 19:50:20.963",1b6f3c45c23cae0240eae24884803a7b,https://internetretailing.net/media/marketing-unlearned/,"Marketing UnLearned, in association with Epsilon - InternetRetailing","Marketing Unlearned in association with Epsilon Marketing UnLearned is a podcast series that explores the challenges the leading-edge digital marketing poses to established and received wisdom. All new initiatives, until proven, are subject to scrutiny and challenge: the ‘waddabouts’, the statements of inertia, the “why bother?”, the deprioritising questions. Within these challenges there is often […]",,,,https://internetretailing.net/wp-content/uploads/2025/04/epsilon-176352.png
"Aug 22, 2026 @ 19:50:20.973",274dfd23438e21f33f30329ddde05744,https://internetretailing.net/upcoming-events/upcoming-webinars/,Upcoming Webinars - InternetRetailing,"Upcoming Webinars We host a wealth of webinars covering the latest topics, trends and technological advancements. See what’s coming up down below… Can’t make the date? All previous webinars are now available to watch on demand, so you can rewind and revisit all your favourite industry guests to your heart’s content! 25 Apr 14:00 26 […]",,,,
"Aug 22, 2026 @ 19:50:20.982",245aaf830806f96dde6234a36fc8279d,https://internetretailing.net/events/category/webinars/,Upcoming Webinars - InternetRetailing,"Upcoming Webinars We host a wealth of webinars covering the latest topics, trends and technological advancements. See what’s coming up down below… Can’t make the date? All previous webinars are now available to watch on demand, so you can rewind and revisit all your favourite industry guests to your heart’s content! 25 Apr 14:00 26 […]",,,,
"Aug 22, 2026 @ 19:50:20.990",47fee3105e5a84d7b354400920090daa,https://internetretailing.net/report-hub/der-schlussel-zunachhaltigem-wachstum-imdeutschen-e-commerce/,Der Schlüssel zunachhaltigem Wachstum im Deutschen E-Commerce - InternetRetailing,"Entdecken Sie die fünf Fulfilment-Prioritäten, die deutschen Online-Shoppern besonders wichtig sind – und erfahren Sie, wie Händler diese nutzen können, um Loyalität aufzubauen, Reibungspunkte zu reduzieren und den Umsatz zu steigern. Deutschland zählt zu den wertvollsten E-Commerce-Märkten Europas. Bis 2026 soll der Onlineumsatz auf 86,66 Milliarden Euro steigen. Doch wer in diesem Markt erfolgreich sein […]",,,,https://internetretailing.net/wp-content/uploads/2026/07/ir-german-whitepaper.png
"Aug 22, 2026 @ 19:50:20.997",b30e51d7432c35173b18d50cc3aa951b,https://internetretailing.net/report-hub/mondi-whitepaper-2026-ai-the-future-of-ecommerce-packaging/,Mondi Whitepaper 2026: AI & The Future of eCommerce Packaging - InternetRetailing,"Discover how Artificial Intelligence, automation and sustainable packaging are reshaping consumer behaviour and driving repeat sales for online retailers. Online retailers are operating in a market defined by rapid technological acceleration, tightening sustainability legislation (such as the EU’s Packaging and Packaging Waste Regulation) and rising operational complexity. Based on a comprehensive survey of 6,000 consumers […]",,,,https://internetretailing.net/wp-content/uploads/2026/06/mondi.png
"Aug 22, 2026 @ 19:50:21.005",6a75f32040f618949b7716ba4d0f83c0,https://internetretailing.net/report-hub/switzerland-luxury-market-report-2026/,Switzerland Luxury Market Report 2026 - InternetRetailing,"The Switzerland Luxury Market Report 2026 provides an in-depth analysis of this distinctive retail landscape. It explores everything from the strength of the Swiss watch industry to the growth of mobile commerce, personalised customer experiences and sustainable luxury.",,,,https://internetretailing.net/wp-content/uploads/2026/06/switzerland-luxury-2026.png
"Aug 22, 2026 @ 19:50:21.013",efc396681af32755da8b2e8055110230,https://internetretailing.net/report-hub/french-luxury-2026/,France Luxury 2026: Redefining Value in a Changing Market - InternetRetailing,"French Luxury Retail 2026 is an essential guide for global retailers. By examining the dynamics, consumer behaviors and leading players.",,,,https://internetretailing.net/wp-content/uploads/2026/05/france-luxury2026.png
"Aug 22, 2026 @ 19:50:21.021",181e3f01bb83b796a278b1aff53d3b8e,https://internetretailing.net/about/cookie-policy/,Cookie Policy - InternetRetailing,Cookie Policy Cookies are small text files that can be used by websites to make a user’s experience more efficient. The law states that we can store cookies on your device if they are strictly necessary for the operation of this site. For all other types of cookies we need your permission. This site uses […],,,,
"Aug 22, 2026 @ 19:50:21.033",9defe1bb573a93beefd0cfb6fdbb3686,https://internetretailing.net/channel/retail-media/,Retail Media - InternetRetailing,"Sponsored by: Mapping the Retail Media opportunity in D2C. We track the dynamics, opportunities and examplars of the retail media revolution via our insight, analysis, research and events. Commentary Case studies Events Podcasts Research Reports Retail Media Newsletter Retail Media 10 Jun 2025 Retail Media Three years ago, Retail Media was nowhere to be seen […]",,,,https://internetretailing.net/wp-content/uploads/2025/04/Retail-Media-logo-Black-1-1024x420.png
"Aug 22, 2026 @ 19:50:21.043",62c13aa3d7f89164eabe533116b596d9,https://internetretailing.net/media/retail-media-podcast/,Retail MediaX Podcast Series 2024 - InternetRetailing,"Retail MediaX podcast series In association with SMG Recorded live at the Retail MediaX events in London, these limited edition podcasts – brought to you in partnership with SMG – have experts from across the retail media ecosystem looking at what leading UK retail media networks are doing; how the sector is evolving; and where […]",,,,https://internetretailing.net/wp-content/uploads/2025/06/RMX-Podcast-banner.png
"Aug 22, 2026 @ 19:50:21.058",7d6b78afd0b7d86b8b98a2fc3f6cb47c,https://internetretailing.net/channel/retail-media/#commentary,Retail Media - InternetRetailing,"Sponsored by: Mapping the Retail Media opportunity in D2C. We track the dynamics, opportunities and examplars of the retail media revolution via our insight, analysis, research and events. Commentary Case studies Events Podcasts Research Reports Retail Media Newsletter Retail Media 10 Jun 2025 Retail Media Three years ago, Retail Media was nowhere to be seen […]",,,,https://internetretailing.net/wp-content/uploads/2025/04/Retail-Media-logo-Black-1-1024x420.png
"Aug 22, 2026 @ 19:50:21.071",51974c18a3e68b958099190f676cf771,https://internetretailing.net/channel/retail-media/#casestudies,Retail Media - InternetRetailing,"Sponsored by: Mapping the Retail Media opportunity in D2C. We track the dynamics, opportunities and examplars of the retail media revolution via our insight, analysis, research and events. Commentary Case studies Events Podcasts Research Reports Retail Media Newsletter Retail Media 10 Jun 2025 Retail Media Three years ago, Retail Media was nowhere to be seen […]",,,,https://internetretailing.net/wp-content/uploads/2025/04/Retail-Media-logo-Black-1-1024x420.png
"Aug 22, 2026 @ 19:50:21.082",dea9fd62e2e2eaaa7235938e317031f3,https://internetretailing.net/channel/retail-media/#research,Retail Media - InternetRetailing,"Sponsored by: Mapping the Retail Media opportunity in D2C. We track the dynamics, opportunities and examplars of the retail media revolution via our insight, analysis, research and events. Commentary Case studies Events Podcasts Research Reports Retail Media Newsletter Retail Media 10 Jun 2025 Retail Media Three years ago, Retail Media was nowhere to be seen […]",,,,https://internetretailing.net/wp-content/uploads/2025/04/Retail-Media-logo-Black-1-1024x420.png
"Aug 22, 2026 @ 19:50:21.095",db1953ca591aef01cddc59f06f99f980,https://internetretailing.net/channel/subscriptions/#commentary,Subscriptions - InternetRetailing,"Sponsored by: From curated meal boxes to indispensable necessities, discover how the subscription model is growing and becoming a feature of modern ecommerce. Commentary Case studies Events Podcasts Research Reports SubscriptionX Newsletter News 18 Feb 2026 News Epetōme, a British gut health brand, has secured a multi-million-pound investment to accelerate international expansion… 18 Feb 2026 […]",,,,https://internetretailing.net/wp-content/uploads/2025/04/SubscriptionX_Primary-logo_Grey-1024x226.png
"Aug 22, 2026 @ 19:50:21.107",fc0879997c091aadc2a6130b3522c550,https://internetretailing.net/channel/subscriptions/,Subscriptions - InternetRetailing,"Sponsored by: From curated meal boxes to indispensable necessities, discover how the subscription model is growing and becoming a feature of modern ecommerce. Commentary Case studies Events Podcasts Research Reports SubscriptionX Newsletter News 18 Feb 2026 News Epetōme, a British gut health brand, has secured a multi-million-pound investment to accelerate international expansion… 18 Feb 2026 […]",,,,https://internetretailing.net/wp-content/uploads/2025/04/SubscriptionX_Primary-logo_Grey-1024x226.png
"Aug 22, 2026 @ 19:50:21.118",5576d9b58611233e4e1ccdf9bb6f7876,https://internetretailing.net/themes/sustainability/,Sustainability - InternetRetailing,Read our research and review of retail sustainability and how brands are going green to achieve an eco-friendly future.,,,,https://internetretailing.net/wp-content/uploads/2024/07/horizontal-concepts-fw21-GiveBack2021-US-launch-CLP-teaser-img-carousel-card4_tcm143-760528-copy.jpg
"Aug 22, 2026 @ 19:50:21.129",cac949e9402c48cee3226ca6b77a0905,https://internetretailing.net/themes/strategy-and-innovation/,Strategy & Innovation - InternetRetailing,"Strategy and Innovation Focuses on how retailers can stand out from the competition in an ever-changing multichannel retail market. 15 Nov 2023 For the first time ever, H&M is offering a rental service on selected pieces from their latest guest designer collaboration. A curated assortment from the Rabanne H&M collection featuring exclusive colourways is now available for […]",,,,https://internetretailing.net/wp-content/uploads/2023/11/hmgoepprod-1.jpeg
"Aug 22, 2026 @ 19:50:21.140",ee884dd0f160b6682395d7019441dd31,https://internetretailing.net/media/fmcg-podcast/,FMCG Podcast - InternetRetailing,"FMCG Podcast Season 1 in association with dunnhumby Interviews with the people behind positive retail and brand performance. The RetailX Events Podcasts are recorded live at our events, sharing exclusive insights to help you get ahead. Listen via the online player embedded in each episode, or better still make sure you’re the first to get […]",,,,https://internetretailing.net/wp-content/uploads/2025/05/Mirakle-Podcast-IR-v1-2-1.jpg
"Aug 22, 2026 @ 19:50:21.154",8abf1637f8472a73678adbfa98605dd3,https://internetretailing.net/media/the-retail-media-podcast/,"The Retail Media Podcast, in association with Mirakl - InternetRetailing","The Retail Media Podcast in association with Mirakl The Retail Media Podcast, in association with Mirakl, is a 10-part series detailing the journey from Retail to Media. Starting at NRF’s Big Retail show, this series will traverse to the festival of digital media that is Cannes Lions, with engaging and informative conversations in between. Global […]",,,,https://internetretailing.net/wp-content/uploads/2025/05/Mirakle-Podcast-IR-v1-2-1.jpg
"Aug 22, 2026 @ 19:50:21.165",e74a8ae7d98c74f9801f637d68d1caa7,https://internetretailing.net/views/frontline/,Frontline - InternetRetailing,"Frontline Feedback from the frontline of multichannel retail – allowing our clients and partners to showcase their brand through their own content. 168 13 Mar 2023 2023 forecasts predicted a bumpy ride for retail. The micro-economic factors that impacted the sector throughout 2022 have persisted, threatening to further dent already squeezed profit margins. Frontline 6 […]",,,,https://internetretailing.net/wp-content/uploads/2023/03/iStock-1391824162-scaled.jpg
"Aug 22, 2026 @ 19:50:21.177",3497e4ddafb38ff900e7a9600634bf49,https://internetretailing.net/channel/subscriptions/#casestudies,Subscriptions - InternetRetailing,"Sponsored by: From curated meal boxes to indispensable necessities, discover how the subscription model is growing and becoming a feature of modern ecommerce. Commentary Case studies Events Podcasts Research Reports SubscriptionX Newsletter News 18 Feb 2026 News Epetōme, a British gut health brand, has secured a multi-million-pound investment to accelerate international expansion… 18 Feb 2026 […]",,,,https://internetretailing.net/wp-content/uploads/2025/04/SubscriptionX_Primary-logo_Grey-1024x226.png
"Aug 22, 2026 @ 19:50:21.189",6f1cd6ad6065451968deb87e527ccbd3,https://internetretailing.net/media/retailcraft-podcast/,Podcast - InternetRetailing,"The RetailCraft Podcast Interviews with the people behind multichannel performance. The RetailCraft podcast series looks at the who and how behind the performance of our Global Elite 1000 companies, and those who influence and inspire them. Ian Jindal shares the studio with retail leaders, RetailX’s analysts and sector experts, covering topics from commercial performance through […]",,,,https://internetretailing.net/wp-content/uploads/2023/06/US_UK_Apple_Podcasts_Listen_Badge_CMYK.png
"Aug 22, 2026 @ 19:50:21.199",6ec15e5713b9f1bf7a1314e5021a92be,https://internetretailing.net/media/video-channel/,Video Channel - InternetRetailing,"Videos Watch all our interviews, news and past webinars exploring the most pressing topics in retail, on demand 8 Jun 2022 More Information 28 Apr 2022 More Information 20 Apr 2022 More Information 31 Mar 2022 More Information 31 Mar 2022 More Information 23 Mar 2022 More Information View More Videos Subscribe to Newsletter Access […]",,,,
"Aug 22, 2026 @ 19:50:21.212",acc226cf14efbd766cbfe9a9e602848a,https://internetretailing.net/research/retailx-sector-reports/,Sector Reports - InternetRetailing,"Sector Reports Our RetailX Sector reports take an in-depth dive into the companies, strategies and consumers of different sectors across the UK, Europe and the World. Each report aims to give a retailer greater understanding of the complexities of ecommerce by sector by studying the market forces and customer behaviours by product type. The reports […]",,,,https://internetretailing.net/wp-content/uploads/2025/06/prn.png
"Aug 22, 2026 @ 19:50:21.230",03050cf1e45bc33ee0911d731d7b7bca,https://internetretailing.net/research/whitepapers/,Whitepapers - InternetRetailing,Whitepapers Delving into the more niche areas of successful multichannel retailing operations. Read More Read More Read More Read More Read More Read More Read More Read More Read More Read More Read More Read More Read More Read More Read More Read More Read More Read More Read More Read More Read More Read […],,,,https://internetretailing.net/wp-content/uploads/2025/08/simpler.png
"Aug 22, 2026 @ 19:50:21.262",891a7a39f08b426c5dde6f9dea3b68b6,https://internetretailing.net/research/top500-reports/,Ranking Reports - InternetRetailing,"Ranking Reports The performance of the world’s leading retailers independently-researched, ranked and analysed. Read More Read More Read More Read More Read More Read More Read More Read More Read More Read More Read More Read More View More Reports “Objective, fact-led performance insight for commercial multichannel professionals.” Martin Shaw, Head of Research, InternetRetailing Get […]",,,,https://internetretailing.net/wp-content/uploads/2025/03/Truelayer-logo-300x75.png
"Aug 22, 2026 @ 19:50:21.277",21cb4a02ce91c8f4264fb8ed2029e22e,https://internetretailing.net/research/bluepapers/,Bluepapers - InternetRetailing,Bluepapers Exploring innovative solutions and emerging technologies in retail… Read More Read More Tealium Read More Featuring case studies with: Test 1Test 2 Read More Read More View More Bluepapers Subscribe to Newsletter Access all new InternetRetailing Research via Email Register InternetRetailing European Newsletter News analysis dedicated to helping European retail professionals Register for Newsletter […],,,,
"Aug 22, 2026 @ 19:50:21.293",4511cdc4dba357eb5f85d6179e043db3,https://internetretailing.net/research/retailx-country-reports/,Country Reports - InternetRetailing,"RetailX Country Reports The RetailX country reports equip retailers with the best knowledge to succeed, by providing a clear and comprehensive overview of the state of commerce in countries and regions around the world. We cover everything from facts, figures and ecommerce trends, to European government data, exclusive research, analysis and more. Find out all […]",,,,https://internetretailing.net/wp-content/uploads/2025/10/vimeo.png
"Aug 22, 2026 @ 19:50:21.306",cea08703a32c4b6cac04714ddb96e56b,https://internetretailing.net/research/rxeu-marketplace-report/,Marketplace Reports - InternetRetailing,"European Marketplaces Reports Marketplaces have quickly become an essential part of the online retail mix for both consumers and merchants across Europe. The research in our Marketplace Reportsuncovers where marketplaces in Europe are continuing to evolve towards: how mobile is shifting basic customer experience, the rise of smart and voice-controlled devices in shopping, how delivery […]",,,,https://internetretailing.net/wp-content/uploads/2025/10/inventory-sage.png
"Aug 22, 2026 @ 19:50:21.315",c7330e3504aeb29f61d8bf99b9a963cd,https://internetretailing.net/report-hub/internetretailing-returns-2025-report/,InternetRetailing Returns 2025 Report - InternetRetailing,"InternetRetailing Returns Report 2025 delves into the strategies retailers are using to mitigate the impact of returns on their profitability, customer satisfaction, and the planet. The Report highlights how technology, from informed decision-making to AI tools, is enhancing efficiency and improving the overall customer experience in the returns cycle.",,,,https://internetretailing.net/wp-content/uploads/2025/09/returns-report-2025.png
"Aug 22, 2026 @ 19:50:21.327",ab7c3b032843b9f528496f3099bc4cac,https://internetretailing.net/channel/subscriptions/#research,Subscriptions - InternetRetailing,"Sponsored by: From curated meal boxes to indispensable necessities, discover how the subscription model is growing and becoming a feature of modern ecommerce. Commentary Case studies Events Podcasts Research Reports SubscriptionX Newsletter News 18 Feb 2026 News Epetōme, a British gut health brand, has secured a multi-million-pound investment to accelerate international expansion… 18 Feb 2026 […]",,,,https://internetretailing.net/wp-content/uploads/2025/04/SubscriptionX_Primary-logo_Grey-1024x226.png
"Aug 22, 2026 @ 19:50:21.335",e767fbc8cf92c56ea51d2e2293b457f3,https://internetretailing.net/report-hub/retailx-europe-luxury-sector-report-2025/,InternetRetailing Europe Luxury Sector Report 2025 - InternetRetailing,"European Luxury 2025 report examines the state of the luxury clothing, jewellery, bags and accessories market amid reports of a slowdown.",,,,https://internetretailing.net/wp-content/uploads/2024/10/ir-euro-lux-2025.png
"Aug 22, 2026 @ 19:50:21.348",1b6f3c45c23cae0240eae24884803a7b,https://internetretailing.net/media/marketing-unlearned/,"Marketing UnLearned, in association with Epsilon - InternetRetailing","Marketing Unlearned in association with Epsilon Marketing UnLearned is a podcast series that explores the challenges the leading-edge digital marketing poses to established and received wisdom. All new initiatives, until proven, are subject to scrutiny and challenge: the ‘waddabouts’, the statements of inertia, the “why bother?”, the deprioritising questions. Within these challenges there is often […]",,,,https://internetretailing.net/wp-content/uploads/2025/04/epsilon-176352.png
"Aug 22, 2026 @ 19:50:21.355",4c4604f440fb54a94f31d6d74b97eb4b,https://internetretailing.net/upcoming-events/past-webinars/,Past Webinars - InternetRetailing,"Past Webinars Watch all our past webinars exploring the most pressing topics in retail, on demand! 16 Dec 2025 by James Pearson 4 Nov 2025 by James Pearson 24 Sep 2025 by James Pearson 26 Mar 2025 by Chris Dinnall 12 Mar 2025 by Chris Dinnall 19 Feb 2025 by Chris Dinnall View More Webinars […]",,,,https://internetretailing.net/wp-content/uploads/2025/10/From-Peak-To-Plan_Ad_Low-res.png
"Aug 22, 2026 @ 19:50:21.368",22830ce64d848d50de67c60c25bc9e18,https://internetretailing.net/about/advertising-opportunities/,Advertising Opportunities - InternetRetailing,"Work with us We’re the leading voice for ecommerce and multichannel retail success “Internet Retailing has been the voice of online and multichannel retail successfor over a decade. With a dedicated news portal, detailed sector reports andcomplementary events, Internet Retailing is dedicated to helping our partners thrive inthe dynamic ecosystem that is ecommerce. A renewed […]",,,,https://internetretailing.net/wp-content/uploads/2026/01/ebfd28d956305720a35425d4867a7ea3-768x768.webp
"Aug 22, 2026 @ 19:50:21.377",eaa680bd6af711c04853c6e08446813f,https://internetretailing.net/about/press/,Press - InternetRetailing,Latest Articles 6 Sep 2023 6 Sep 2023 6 Sep 2023 5 Sep 2023 Join Our Press List Register to receive our press releases about our latest research and reports. If you have a question about our research or articles please contact marketing@internetretailing.net View Privacy Policy Latest Reports,,,,https://internetretailing.net/wp-content/uploads/2023/09/Hobbycraft-UKST.png
"Aug 22, 2026 @ 19:50:21.388",7eb474d5c2cb21efc9d679005674d177,https://internetretailing.net/about/contact-us/,Contact Us - InternetRetailing,"Contact Us EDITORIAL For press releases and media announcements please send to: press@internetretailing.net For article proposals and submissions please email: editor@internetretailing.net To see what papers and features we have coming up this year please visit our Editorial Calendar SALES AND MEDIA PACK Contact our Account Directors, they are happy to help with commercial and sales […]",,,,https://internetretailing.net/wp-content/uploads/2026/03/beyond-the-basics.png
"Aug 22, 2026 @ 19:50:21.400",39b7d2c03adf2cd37927969e8f94399d,https://internetretailing.net/about/terms-and-conditions/,Terms and Conditions - InternetRetailing,"Terms and Conditions Terms of use Use of this site, and its contents, is subject to the following terms and conditions. By using this site you accept these terms and conditions and agree that you are bound by them. Among other things, these terms limit our liability for any loss or damage which might arise […]",,,,https://internetretailing.net/wp-content/uploads/2022/05/RXBEU22RP_Full_1.1PDF_Thumb1.png
"Aug 22, 2026 @ 19:50:21.408",179385e4d1252cccec38ff94a69f3b2b,https://internetretailing.net/about/privacy-policy/,Privacy Policy - InternetRetailing,"Privacy Policy Privacy Policy Introduction This privacy policy forms part of our terms and conditions and provides information on how Internet Retailing Media Services Ltd (We/Us/Our/The Company) processes your data. Definitions Services means our websites, content and any media, channel, application or service operated, created or made available by the Company which may include but […]",,,,
"Aug 22, 2026 @ 19:50:21.420",274dfd23438e21f33f30329ddde05744,https://internetretailing.net/upcoming-events/upcoming-webinars/,Upcoming Webinars - InternetRetailing,"Upcoming Webinars We host a wealth of webinars covering the latest topics, trends and technological advancements. See what’s coming up down below… Can’t make the date? All previous webinars are now available to watch on demand, so you can rewind and revisit all your favourite industry guests to your heart’s content! 25 Apr 14:00 26 […]",,,,
"Aug 22, 2026 @ 19:50:21.428",47fee3105e5a84d7b354400920090daa,https://internetretailing.net/report-hub/der-schlussel-zunachhaltigem-wachstum-imdeutschen-e-commerce/,Der Schlüssel zunachhaltigem Wachstum im Deutschen E-Commerce - InternetRetailing,"Entdecken Sie die fünf Fulfilment-Prioritäten, die deutschen Online-Shoppern besonders wichtig sind – und erfahren Sie, wie Händler diese nutzen können, um Loyalität aufzubauen, Reibungspunkte zu reduzieren und den Umsatz zu steigern. Deutschland zählt zu den wertvollsten E-Commerce-Märkten Europas. Bis 2026 soll der Onlineumsatz auf 86,66 Milliarden Euro steigen. Doch wer in diesem Markt erfolgreich sein […]",,,,https://internetretailing.net/wp-content/uploads/2026/07/ir-german-whitepaper.png
"Aug 22, 2026 @ 19:50:21.438",6a75f32040f618949b7716ba4d0f83c0,https://internetretailing.net/report-hub/switzerland-luxury-market-report-2026/,Switzerland Luxury Market Report 2026 - InternetRetailing,"The Switzerland Luxury Market Report 2026 provides an in-depth analysis of this distinctive retail landscape. It explores everything from the strength of the Swiss watch industry to the growth of mobile commerce, personalised customer experiences and sustainable luxury.",,,,https://internetretailing.net/wp-content/uploads/2026/06/switzerland-luxury-2026.png
"Aug 22, 2026 @ 19:50:21.446",b30e51d7432c35173b18d50cc3aa951b,https://internetretailing.net/report-hub/mondi-whitepaper-2026-ai-the-future-of-ecommerce-packaging/,Mondi Whitepaper 2026: AI & The Future of eCommerce Packaging - InternetRetailing,"Discover how Artificial Intelligence, automation and sustainable packaging are reshaping consumer behaviour and driving repeat sales for online retailers. Online retailers are operating in a market defined by rapid technological acceleration, tightening sustainability legislation (such as the EU’s Packaging and Packaging Waste Regulation) and rising operational complexity. Based on a comprehensive survey of 6,000 consumers […]",,,,https://internetretailing.net/wp-content/uploads/2026/06/mondi.png
"Aug 22, 2026 @ 19:50:21.459",245aaf830806f96dde6234a36fc8279d,https://internetretailing.net/events/category/webinars/,Upcoming Webinars - InternetRetailing,"Upcoming Webinars We host a wealth of webinars covering the latest topics, trends and technological advancements. See what’s coming up down below… Can’t make the date? All previous webinars are now available to watch on demand, so you can rewind and revisit all your favourite industry guests to your heart’s content! 25 Apr 14:00 26 […]",,,,
"Aug 22, 2026 @ 19:50:21.468",181e3f01bb83b796a278b1aff53d3b8e,https://internetretailing.net/about/cookie-policy/,Cookie Policy - InternetRetailing,Cookie Policy Cookies are small text files that can be used by websites to make a user’s experience more efficient. The law states that we can store cookies on your device if they are strictly necessary for the operation of this site. For all other types of cookies we need your permission. This site uses […],,,,
"Aug 22, 2026 @ 19:50:21.480",efc396681af32755da8b2e8055110230,https://internetretailing.net/report-hub/french-luxury-2026/,France Luxury 2026: Redefining Value in a Changing Market - InternetRetailing,"French Luxury Retail 2026 is an essential guide for global retailers. By examining the dynamics, consumer behaviors and leading players.",,,,https://internetretailing.net/wp-content/uploads/2026/05/france-luxury2026.png
"Aug 22, 2026 @ 19:50:21.498",7d6b78afd0b7d86b8b98a2fc3f6cb47c,https://internetretailing.net/channel/retail-media/#commentary,Retail Media - InternetRetailing,"Sponsored by: Mapping the Retail Media opportunity in D2C. We track the dynamics, opportunities and examplars of the retail media revolution via our insight, analysis, research and events. Commentary Case studies Events Podcasts Research Reports Retail Media Newsletter Retail Media 10 Jun 2025 Retail Media Three years ago, Retail Media was nowhere to be seen […]",,,,https://internetretailing.net/wp-content/uploads/2025/04/Retail-Media-logo-Black-1-1024x420.png
"Aug 22, 2026 @ 19:50:21.510",62c13aa3d7f89164eabe533116b596d9,https://internetretailing.net/media/retail-media-podcast/,Retail MediaX Podcast Series 2024 - InternetRetailing,"Retail MediaX podcast series In association with SMG Recorded live at the Retail MediaX events in London, these limited edition podcasts – brought to you in partnership with SMG – have experts from across the retail media ecosystem looking at what leading UK retail media networks are doing; how the sector is evolving; and where […]",,,,https://internetretailing.net/wp-content/uploads/2025/06/RMX-Podcast-banner.png
"Aug 22, 2026 @ 19:50:21.529",9defe1bb573a93beefd0cfb6fdbb3686,https://internetretailing.net/channel/retail-media/,Retail Media - InternetRetailing,"Sponsored by: Mapping the Retail Media opportunity in D2C. We track the dynamics, opportunities and examplars of the retail media revolution via our insight, analysis, research and events. Commentary Case studies Events Podcasts Research Reports Retail Media Newsletter Retail Media 10 Jun 2025 Retail Media Three years ago, Retail Media was nowhere to be seen […]",,,,https://internetretailing.net/wp-content/uploads/2025/04/Retail-Media-logo-Black-1-1024x420.png
"Aug 22, 2026 @ 19:50:21.546",51974c18a3e68b958099190f676cf771,https://internetretailing.net/channel/retail-media/#casestudies,Retail Media - InternetRetailing,"Sponsored by: Mapping the Retail Media opportunity in D2C. We track the dynamics, opportunities and examplars of the retail media revolution via our insight, analysis, research and events. Commentary Case studies Events Podcasts Research Reports Retail Media Newsletter Retail Media 10 Jun 2025 Retail Media Three years ago, Retail Media was nowhere to be seen […]",,,,https://internetretailing.net/wp-content/uploads/2025/04/Retail-Media-logo-Black-1-1024x420.png
"Aug 22, 2026 @ 19:50:21.563",dea9fd62e2e2eaaa7235938e317031f3,https://internetretailing.net/channel/retail-media/#research,Retail Media - InternetRetailing,"Sponsored by: Mapping the Retail Media opportunity in D2C. We track the dynamics, opportunities and examplars of the retail media revolution via our insight, analysis, research and events. Commentary Case studies Events Podcasts Research Reports Retail Media Newsletter Retail Media 10 Jun 2025 Retail Media Three years ago, Retail Media was nowhere to be seen […]",,,,https://internetretailing.net/wp-content/uploads/2025/04/Retail-Media-logo-Black-1-1024x420.png
"Aug 22, 2026 @ 19:50:21.580",fc0879997c091aadc2a6130b3522c550,https://internetretailing.net/channel/subscriptions/,Subscriptions - InternetRetailing,"Sponsored by: From curated meal boxes to indispensable necessities, discover how the subscription model is growing and becoming a feature of modern ecommerce. Commentary Case studies Events Podcasts Research Reports SubscriptionX Newsletter News 18 Feb 2026 News Epetōme, a British gut health brand, has secured a multi-million-pound investment to accelerate international expansion… 18 Feb 2026 […]",,,,https://internetretailing.net/wp-content/uploads/2025/04/SubscriptionX_Primary-logo_Grey-1024x226.png
"Aug 22, 2026 @ 19:50:21.595",5576d9b58611233e4e1ccdf9bb6f7876,https://internetretailing.net/themes/sustainability/,Sustainability - InternetRetailing,Read our research and review of retail sustainability and how brands are going green to achieve an eco-friendly future.,,,,https://internetretailing.net/wp-content/uploads/2024/07/horizontal-concepts-fw21-GiveBack2021-US-launch-CLP-teaser-img-carousel-card4_tcm143-760528-copy.jpg
"Aug 22, 2026 @ 19:50:21.610",cac949e9402c48cee3226ca6b77a0905,https://internetretailing.net/themes/strategy-and-innovation/,Strategy & Innovation - InternetRetailing,"Strategy and Innovation Focuses on how retailers can stand out from the competition in an ever-changing multichannel retail market. 15 Nov 2023 For the first time ever, H&M is offering a rental service on selected pieces from their latest guest designer collaboration. A curated assortment from the Rabanne H&M collection featuring exclusive colourways is now available for […]",,,,https://internetretailing.net/wp-content/uploads/2023/11/hmgoepprod-1.jpeg
"Aug 22, 2026 @ 19:50:21.626",db1953ca591aef01cddc59f06f99f980,https://internetretailing.net/channel/subscriptions/#commentary,Subscriptions - InternetRetailing,"Sponsored by: From curated meal boxes to indispensable necessities, discover how the subscription model is growing and becoming a feature of modern ecommerce. Commentary Case studies Events Podcasts Research Reports SubscriptionX Newsletter News 18 Feb 2026 News Epetōme, a British gut health brand, has secured a multi-million-pound investment to accelerate international expansion… 18 Feb 2026 […]",,,,https://internetretailing.net/wp-content/uploads/2025/04/SubscriptionX_Primary-logo_Grey-1024x226.png
"Aug 22, 2026 @ 19:50:21.636",ee884dd0f160b6682395d7019441dd31,https://internetretailing.net/media/fmcg-podcast/,FMCG Podcast - InternetRetailing,"FMCG Podcast Season 1 in association with dunnhumby Interviews with the people behind positive retail and brand performance. The RetailX Events Podcasts are recorded live at our events, sharing exclusive insights to help you get ahead. Listen via the online player embedded in each episode, or better still make sure you’re the first to get […]",,,,https://internetretailing.net/wp-content/uploads/2025/05/Mirakle-Podcast-IR-v1-2-1.jpg
"Aug 22, 2026 @ 19:50:21.646",8abf1637f8472a73678adbfa98605dd3,https://internetretailing.net/media/the-retail-media-podcast/,"The Retail Media Podcast, in association with Mirakl - InternetRetailing","The Retail Media Podcast in association with Mirakl The Retail Media Podcast, in association with Mirakl, is a 10-part series detailing the journey from Retail to Media. Starting at NRF’s Big Retail show, this series will traverse to the festival of digital media that is Cannes Lions, with engaging and informative conversations in between. Global […]",,,,https://internetretailing.net/wp-content/uploads/2025/05/Mirakle-Podcast-IR-v1-2-1.jpg
"Aug 22, 2026 @ 19:50:21.657",3497e4ddafb38ff900e7a9600634bf49,https://internetretailing.net/channel/subscriptions/#casestudies,Subscriptions - InternetRetailing,"Sponsored by: From curated meal boxes to indispensable necessities, discover how the subscription model is growing and becoming a feature of modern ecommerce. Commentary Case studies Events Podcasts Research Reports SubscriptionX Newsletter News 18 Feb 2026 News Epetōme, a British gut health brand, has secured a multi-million-pound investment to accelerate international expansion… 18 Feb 2026 […]",,,,https://internetretailing.net/wp-content/uploads/2025/04/SubscriptionX_Primary-logo_Grey-1024x226.png
"Aug 22, 2026 @ 19:50:21.668",6f1cd6ad6065451968deb87e527ccbd3,https://internetretailing.net/media/retailcraft-podcast/,Podcast - InternetRetailing,"The RetailCraft Podcast Interviews with the people behind multichannel performance. The RetailCraft podcast series looks at the who and how behind the performance of our Global Elite 1000 companies, and those who influence and inspire them. Ian Jindal shares the studio with retail leaders, RetailX’s analysts and sector experts, covering topics from commercial performance through […]",,,,https://internetretailing.net/wp-content/uploads/2023/06/US_UK_Apple_Podcasts_Listen_Badge_CMYK.png
"Aug 22, 2026 @ 19:50:21.680",ab7c3b032843b9f528496f3099bc4cac,https://internetretailing.net/channel/subscriptions/#research,Subscriptions - InternetRetailing,"Sponsored by: From curated meal boxes to indispensable necessities, discover how the subscription model is growing and becoming a feature of modern ecommerce. Commentary Case studies Events Podcasts Research Reports SubscriptionX Newsletter News 18 Feb 2026 News Epetōme, a British gut health brand, has secured a multi-million-pound investment to accelerate international expansion… 18 Feb 2026 […]",,,,https://internetretailing.net/wp-content/uploads/2025/04/SubscriptionX_Primary-logo_Grey-1024x226.png
"Aug 22, 2026 @ 19:50:21.696",6ec15e5713b9f1bf7a1314e5021a92be,https://internetretailing.net/media/video-channel/,Video Channel - InternetRetailing,"Videos Watch all our interviews, news and past webinars exploring the most pressing topics in retail, on demand 8 Jun 2022 More Information 28 Apr 2022 More Information 20 Apr 2022 More Information 31 Mar 2022 More Information 31 Mar 2022 More Information 23 Mar 2022 More Information View More Videos Subscribe to Newsletter Access […]",,,,
"Aug 22, 2026 @ 19:50:21.711",e74a8ae7d98c74f9801f637d68d1caa7,https://internetretailing.net/views/frontline/,Frontline - InternetRetailing,"Frontline Feedback from the frontline of multichannel retail – allowing our clients and partners to showcase their brand through their own content. 168 13 Mar 2023 2023 forecasts predicted a bumpy ride for retail. The micro-economic factors that impacted the sector throughout 2022 have persisted, threatening to further dent already squeezed profit margins. Frontline 6 […]",,,,https://internetretailing.net/wp-content/uploads/2023/03/iStock-1391824162-scaled.jpg
"Aug 22, 2026 @ 19:50:21.725",acc226cf14efbd766cbfe9a9e602848a,https://internetretailing.net/research/retailx-sector-reports/,Sector Reports - InternetRetailing,"Sector Reports Our RetailX Sector reports take an in-depth dive into the companies, strategies and consumers of different sectors across the UK, Europe and the World. Each report aims to give a retailer greater understanding of the complexities of ecommerce by sector by studying the market forces and customer behaviours by product type. The reports […]",,,,https://internetretailing.net/wp-content/uploads/2025/06/prn.png
"Aug 22, 2026 @ 19:50:21.747",03050cf1e45bc33ee0911d731d7b7bca,https://internetretailing.net/research/whitepapers/,Whitepapers - InternetRetailing,Whitepapers Delving into the more niche areas of successful multichannel retailing operations. Read More Read More Read More Read More Read More Read More Read More Read More Read More Read More Read More Read More Read More Read More Read More Read More Read More Read More Read More Read More Read More Read […],,,,https://internetretailing.net/wp-content/uploads/2025/08/simpler.png
"Aug 22, 2026 @ 19:50:21.761",21cb4a02ce91c8f4264fb8ed2029e22e,https://internetretailing.net/research/bluepapers/,Bluepapers - InternetRetailing,Bluepapers Exploring innovative solutions and emerging technologies in retail… Read More Read More Tealium Read More Featuring case studies with: Test 1Test 2 Read More Read More View More Bluepapers Subscribe to Newsletter Access all new InternetRetailing Research via Email Register InternetRetailing European Newsletter News analysis dedicated to helping European retail professionals Register for Newsletter […],,,,
"Aug 22, 2026 @ 19:50:21.778",4511cdc4dba357eb5f85d6179e043db3,https://internetretailing.net/research/retailx-country-reports/,Country Reports - InternetRetailing,"RetailX Country Reports The RetailX country reports equip retailers with the best knowledge to succeed, by providing a clear and comprehensive overview of the state of commerce in countries and regions around the world. We cover everything from facts, figures and ecommerce trends, to European government data, exclusive research, analysis and more. Find out all […]",,,,https://internetretailing.net/wp-content/uploads/2025/10/vimeo.png
"Aug 22, 2026 @ 19:50:21.793",891a7a39f08b426c5dde6f9dea3b68b6,https://internetretailing.net/research/top500-reports/,Ranking Reports - InternetRetailing,"Ranking Reports The performance of the world’s leading retailers independently-researched, ranked and analysed. Read More Read More Read More Read More Read More Read More Read More Read More Read More Read More Read More Read More View More Reports “Objective, fact-led performance insight for commercial multichannel professionals.” Martin Shaw, Head of Research, InternetRetailing Get […]",,,,https://internetretailing.net/wp-content/uploads/2025/03/Truelayer-logo-300x75.png
"Aug 22, 2026 @ 19:50:21.803",c7330e3504aeb29f61d8bf99b9a963cd,https://internetretailing.net/report-hub/internetretailing-returns-2025-report/,InternetRetailing Returns 2025 Report - InternetRetailing,"InternetRetailing Returns Report 2025 delves into the strategies retailers are using to mitigate the impact of returns on their profitability, customer satisfaction, and the planet. The Report highlights how technology, from informed decision-making to AI tools, is enhancing efficiency and improving the overall customer experience in the returns cycle.",,,,https://internetretailing.net/wp-content/uploads/2025/09/returns-report-2025.png
"Aug 22, 2026 @ 19:50:21.811",cea08703a32c4b6cac04714ddb96e56b,https://internetretailing.net/research/rxeu-marketplace-report/,Marketplace Reports - InternetRetailing,"European Marketplaces Reports Marketplaces have quickly become an essential part of the online retail mix for both consumers and merchants across Europe. The research in our Marketplace Reportsuncovers where marketplaces in Europe are continuing to evolve towards: how mobile is shifting basic customer experience, the rise of smart and voice-controlled devices in shopping, how delivery […]",,,,https://internetretailing.net/wp-content/uploads/2025/10/inventory-sage.png
"Aug 22, 2026 @ 19:50:21.824",e767fbc8cf92c56ea51d2e2293b457f3,https://internetretailing.net/report-hub/retailx-europe-luxury-sector-report-2025/,InternetRetailing Europe Luxury Sector Report 2025 - InternetRetailing,"European Luxury 2025 report examines the state of the luxury clothing, jewellery, bags and accessories market amid reports of a slowdown.",,,,https://internetretailing.net/wp-content/uploads/2024/10/ir-euro-lux-2025.png
"Aug 22, 2026 @ 19:50:21.833",4c4604f440fb54a94f31d6d74b97eb4b,https://internetretailing.net/upcoming-events/past-webinars/,Past Webinars - InternetRetailing,"Past Webinars Watch all our past webinars exploring the most pressing topics in retail, on demand! 16 Dec 2025 by James Pearson 4 Nov 2025 by James Pearson 24 Sep 2025 by James Pearson 26 Mar 2025 by Chris Dinnall 12 Mar 2025 by Chris Dinnall 19 Feb 2025 by Chris Dinnall View More Webinars […]",,,,https://internetretailing.net/wp-content/uploads/2025/10/From-Peak-To-Plan_Ad_Low-res.png
"Aug 22, 2026 @ 19:50:21.841",22830ce64d848d50de67c60c25bc9e18,https://internetretailing.net/about/advertising-opportunities/,Advertising Opportunities - InternetRetailing,"Work with us We’re the leading voice for ecommerce and multichannel retail success “Internet Retailing has been the voice of online and multichannel retail successfor over a decade. With a dedicated news portal, detailed sector reports andcomplementary events, Internet Retailing is dedicated to helping our partners thrive inthe dynamic ecosystem that is ecommerce. A renewed […]",,,,https://internetretailing.net/wp-content/uploads/2026/01/ebfd28d956305720a35425d4867a7ea3-768x768.webp
"Aug 22, 2026 @ 19:50:21.848",7eb474d5c2cb21efc9d679005674d177,https://internetretailing.net/about/contact-us/,Contact Us - InternetRetailing,"Contact Us EDITORIAL For press releases and media announcements please send to: press@internetretailing.net For article proposals and submissions please email: editor@internetretailing.net To see what papers and features we have coming up this year please visit our Editorial Calendar SALES AND MEDIA PACK Contact our Account Directors, they are happy to help with commercial and sales […]",,,,https://internetretailing.net/wp-content/uploads/2026/03/beyond-the-basics.png
"Aug 22, 2026 @ 19:50:21.856",eaa680bd6af711c04853c6e08446813f,https://internetretailing.net/about/press/,Press - InternetRetailing,Latest Articles 6 Sep 2023 6 Sep 2023 6 Sep 2023 5 Sep 2023 Join Our Press List Register to receive our press releases about our latest research and reports. If you have a question about our research or articles please contact marketing@internetretailing.net View Privacy Policy Latest Reports,,,,https://internetretailing.net/wp-content/uploads/2023/09/Hobbycraft-UKST.png
"Aug 22, 2026 @ 19:50:21.866",39b7d2c03adf2cd37927969e8f94399d,https://internetretailing.net/about/terms-and-conditions/,Terms and Conditions - InternetRetailing,"Terms and Conditions Terms of use Use of this site, and its contents, is subject to the following terms and conditions. By using this site you accept these terms and conditions and agree that you are bound by them. Among other things, these terms limit our liability for any loss or damage which might arise […]",,,,https://internetretailing.net/wp-content/uploads/2022/05/RXBEU22RP_Full_1.1PDF_Thumb1.png
"Aug 22, 2026 @ 19:50:21.894",179385e4d1252cccec38ff94a69f3b2b,https://internetretailing.net/about/privacy-policy/,Privacy Policy - InternetRetailing,"Privacy Policy Privacy Policy Introduction This privacy policy forms part of our terms and conditions and provides information on how Internet Retailing Media Services Ltd (We/Us/Our/The Company) processes your data. Definitions Services means our websites, content and any media, channel, application or service operated, created or made available by the Company which may include but […]",,,,
"Aug 22, 2026 @ 19:50:21.904",1b6f3c45c23cae0240eae24884803a7b,https://internetretailing.net/media/marketing-unlearned/,"Marketing UnLearned, in association with Epsilon - InternetRetailing","Marketing Unlearned in association with Epsilon Marketing UnLearned is a podcast series that explores the challenges the leading-edge digital marketing poses to established and received wisdom. All new initiatives, until proven, are subject to scrutiny and challenge: the ‘waddabouts’, the statements of inertia, the “why bother?”, the deprioritising questions. Within these challenges there is often […]",,,,https://internetretailing.net/wp-content/uploads/2025/04/epsilon-176352.png
"Aug 22, 2026 @ 19:50:21.910",274dfd23438e21f33f30329ddde05744,https://internetretailing.net/upcoming-events/upcoming-webinars/,Upcoming Webinars - InternetRetailing,"Upcoming Webinars We host a wealth of webinars covering the latest topics, trends and technological advancements. See what’s coming up down below… Can’t make the date? All previous webinars are now available to watch on demand, so you can rewind and revisit all your favourite industry guests to your heart’s content! 25 Apr 14:00 26 […]",,,,
"Aug 22, 2026 @ 19:50:21.919",47fee3105e5a84d7b354400920090daa,https://internetretailing.net/report-hub/der-schlussel-zunachhaltigem-wachstum-imdeutschen-e-commerce/,Der Schlüssel zunachhaltigem Wachstum im Deutschen E-Commerce - InternetRetailing,"Entdecken Sie die fünf Fulfilment-Prioritäten, die deutschen Online-Shoppern besonders wichtig sind – und erfahren Sie, wie Händler diese nutzen können, um Loyalität aufzubauen, Reibungspunkte zu reduzieren und den Umsatz zu steigern. Deutschland zählt zu den wertvollsten E-Commerce-Märkten Europas. Bis 2026 soll der Onlineumsatz auf 86,66 Milliarden Euro steigen. Doch wer in diesem Markt erfolgreich sein […]",,,,https://internetretailing.net/wp-content/uploads/2026/07/ir-german-whitepaper.png
"Aug 22, 2026 @ 19:50:21.927",6a75f32040f618949b7716ba4d0f83c0,https://internetretailing.net/report-hub/switzerland-luxury-market-report-2026/,Switzerland Luxury Market Report 2026 - InternetRetailing,"The Switzerland Luxury Market Report 2026 provides an in-depth analysis of this distinctive retail landscape. It explores everything from the strength of the Swiss watch industry to the growth of mobile commerce, personalised customer experiences and sustainable luxury.",,,,https://internetretailing.net/wp-content/uploads/2026/06/switzerland-luxury-2026.png
"Aug 22, 2026 @ 19:50:21.933",b30e51d7432c35173b18d50cc3aa951b,https://internetretailing.net/report-hub/mondi-whitepaper-2026-ai-the-future-of-ecommerce-packaging/,Mondi Whitepaper 2026: AI & The Future of eCommerce Packaging - InternetRetailing,"Discover how Artificial Intelligence, automation and sustainable packaging are reshaping consumer behaviour and driving repeat sales for online retailers. Online retailers are operating in a market defined by rapid technological acceleration, tightening sustainability legislation (such as the EU’s Packaging and Packaging Waste Regulation) and rising operational complexity. Based on a comprehensive survey of 6,000 consumers […]",,,,https://internetretailing.net/wp-content/uploads/2026/06/mondi.png
"Aug 22, 2026 @ 19:50:21.942",efc396681af32755da8b2e8055110230,https://internetretailing.net/report-hub/french-luxury-2026/,France Luxury 2026: Redefining Value in a Changing Market - InternetRetailing,"French Luxury Retail 2026 is an essential guide for global retailers. By examining the dynamics, consumer behaviors and leading players.",,,,https://internetretailing.net/wp-content/uploads/2026/05/france-luxury2026.png
"Aug 22, 2026 @ 19:50:21.955",181e3f01bb83b796a278b1aff53d3b8e,https://internetretailing.net/about/cookie-policy/,Cookie Policy - InternetRetailing,Cookie Policy Cookies are small text files that can be used by websites to make a user’s experience more efficient. The law states that we can store cookies on your device if they are strictly necessary for the operation of this site. For all other types of cookies we need your permission. This site uses […],,,,
"Aug 22, 2026 @ 19:50:21.965",245aaf830806f96dde6234a36fc8279d,https://internetretailing.net/events/category/webinars/,Upcoming Webinars - InternetRetailing,"Upcoming Webinars We host a wealth of webinars covering the latest topics, trends and technological advancements. See what’s coming up down below… Can’t make the date? All previous webinars are now available to watch on demand, so you can rewind and revisit all your favourite industry guests to your heart’s content! 25 Apr 14:00 26 […]",,,,
"Aug 22, 2026 @ 19:50:21.978",9defe1bb573a93beefd0cfb6fdbb3686,https://internetretailing.net/channel/retail-media/,Retail Media - InternetRetailing,"Sponsored by: Mapping the Retail Media opportunity in D2C. We track the dynamics, opportunities and examplars of the retail media revolution via our insight, analysis, research and events. Commentary Case studies Events Podcasts Research Reports Retail Media Newsletter Retail Media 10 Jun 2025 Retail Media Three years ago, Retail Media was nowhere to be seen […]",,,,https://internetretailing.net/wp-content/uploads/2025/04/Retail-Media-logo-Black-1-1024x420.png
"Aug 22, 2026 @ 19:50:21.995",7d6b78afd0b7d86b8b98a2fc3f6cb47c,https://internetretailing.net/channel/retail-media/#commentary,Retail Media - InternetRetailing,"Sponsored by: Mapping the Retail Media opportunity in D2C. We track the dynamics, opportunities and examplars of the retail media revolution via our insight, analysis, research and events. Commentary Case studies Events Podcasts Research Reports Retail Media Newsletter Retail Media 10 Jun 2025 Retail Media Three years ago, Retail Media was nowhere to be seen […]",,,,https://internetretailing.net/wp-content/uploads/2025/04/Retail-Media-logo-Black-1-1024x420.png
"Aug 22, 2026 @ 19:50:22.007",62c13aa3d7f89164eabe533116b596d9,https://internetretailing.net/media/retail-media-podcast/,Retail MediaX Podcast Series 2024 - InternetRetailing,"Retail MediaX podcast series In association with SMG Recorded live at the Retail MediaX events in London, these limited edition podcasts – brought to you in partnership with SMG – have experts from across the retail media ecosystem looking at what leading UK retail media networks are doing; how the sector is evolving; and where […]",,,,https://internetretailing.net/wp-content/uploads/2025/06/RMX-Podcast-banner.png
"Aug 22, 2026 @ 19:50:22.025",51974c18a3e68b958099190f676cf771,https://internetretailing.net/channel/retail-media/#casestudies,Retail Media - InternetRetailing,"Sponsored by: Mapping the Retail Media opportunity in D2C. We track the dynamics, opportunities and examplars of the retail media revolution via our insight, analysis, research and events. Commentary Case studies Events Podcasts Research Reports Retail Media Newsletter Retail Media 10 Jun 2025 Retail Media Three years ago, Retail Media was nowhere to be seen […]",,,,https://internetretailing.net/wp-content/uploads/2025/04/Retail-Media-logo-Black-1-1024x420.png
"Aug 22, 2026 @ 19:50:22.042",dea9fd62e2e2eaaa7235938e317031f3,https://internetretailing.net/channel/retail-media/#research,Retail Media - InternetRetailing,"Sponsored by: Mapping the Retail Media opportunity in D2C. We track the dynamics, opportunities and examplars of the retail media revolution via our insight, analysis, research and events. Commentary Case studies Events Podcasts Research Reports Retail Media Newsletter Retail Media 10 Jun 2025 Retail Media Three years ago, Retail Media was nowhere to be seen […]",,,,https://internetretailing.net/wp-content/uploads/2025/04/Retail-Media-logo-Black-1-1024x420.png
"Aug 22, 2026 @ 19:50:22.056",fc0879997c091aadc2a6130b3522c550,https://internetretailing.net/channel/subscriptions/,Subscriptions - InternetRetailing,"Sponsored by: From curated meal boxes to indispensable necessities, discover how the subscription model is growing and becoming a feature of modern ecommerce. Commentary Case studies Events Podcasts Research Reports SubscriptionX Newsletter News 18 Feb 2026 News Epetōme, a British gut health brand, has secured a multi-million-pound investment to accelerate international expansion… 18 Feb 2026 […]",,,,https://internetretailing.net/wp-content/uploads/2025/04/SubscriptionX_Primary-logo_Grey-1024x226.png
"Aug 22, 2026 @ 19:50:22.074",5576d9b58611233e4e1ccdf9bb6f7876,https://internetretailing.net/themes/sustainability/,Sustainability - InternetRetailing,Read our research and review of retail sustainability and how brands are going green to achieve an eco-friendly future.,,,,https://internetretailing.net/wp-content/uploads/2024/07/horizontal-concepts-fw21-GiveBack2021-US-launch-CLP-teaser-img-carousel-card4_tcm143-760528-copy.jpg
"Aug 22, 2026 @ 19:50:22.088",cac949e9402c48cee3226ca6b77a0905,https://internetretailing.net/themes/strategy-and-innovation/,Strategy & Innovation - InternetRetailing,"Strategy and Innovation Focuses on how retailers can stand out from the competition in an ever-changing multichannel retail market. 15 Nov 2023 For the first time ever, H&M is offering a rental service on selected pieces from their latest guest designer collaboration. A curated assortment from the Rabanne H&M collection featuring exclusive colourways is now available for […]",,,,https://internetretailing.net/wp-content/uploads/2023/11/hmgoepprod-1.jpeg
"Aug 22, 2026 @ 19:50:22.100",db1953ca591aef01cddc59f06f99f980,https://internetretailing.net/channel/subscriptions/#commentary,Subscriptions - InternetRetailing,"Sponsored by: From curated meal boxes to indispensable necessities, discover how the subscription model is growing and becoming a feature of modern ecommerce. Commentary Case studies Events Podcasts Research Reports SubscriptionX Newsletter News 18 Feb 2026 News Epetōme, a British gut health brand, has secured a multi-million-pound investment to accelerate international expansion… 18 Feb 2026 […]",,,,https://internetretailing.net/wp-content/uploads/2025/04/SubscriptionX_Primary-logo_Grey-1024x226.png
"Aug 22, 2026 @ 19:50:22.112",ee884dd0f160b6682395d7019441dd31,https://internetretailing.net/media/fmcg-podcast/,FMCG Podcast - InternetRetailing,"FMCG Podcast Season 1 in association with dunnhumby Interviews with the people behind positive retail and brand performance. The RetailX Events Podcasts are recorded live at our events, sharing exclusive insights to help you get ahead. Listen via the online player embedded in each episode, or better still make sure you’re the first to get […]",,,,https://internetretailing.net/wp-content/uploads/2025/05/Mirakle-Podcast-IR-v1-2-1.jpg
"Aug 22, 2026 @ 19:50:22.128",8abf1637f8472a73678adbfa98605dd3,https://internetretailing.net/media/the-retail-media-podcast/,"The Retail Media Podcast, in association with Mirakl - InternetRetailing","The Retail Media Podcast in association with Mirakl The Retail Media Podcast, in association with Mirakl, is a 10-part series detailing the journey from Retail to Media. Starting at NRF’s Big Retail show, this series will traverse to the festival of digital media that is Cannes Lions, with engaging and informative conversations in between. Global […]",,,,https://internetretailing.net/wp-content/uploads/2025/05/Mirakle-Podcast-IR-v1-2-1.jpg
"Aug 22, 2026 @ 19:50:22.139",ab7c3b032843b9f528496f3099bc4cac,https://internetretailing.net/channel/subscriptions/#research,Subscriptions - InternetRetailing,"Sponsored by: From curated meal boxes to indispensable necessities, discover how the subscription model is growing and becoming a feature of modern ecommerce. Commentary Case studies Events Podcasts Research Reports SubscriptionX Newsletter News 18 Feb 2026 News Epetōme, a British gut health brand, has secured a multi-million-pound investment to accelerate international expansion… 18 Feb 2026 […]",,,,https://internetretailing.net/wp-content/uploads/2025/04/SubscriptionX_Primary-logo_Grey-1024x226.png
"Aug 22, 2026 @ 19:50:22.160",3497e4ddafb38ff900e7a9600634bf49,https://internetretailing.net/channel/subscriptions/#casestudies,Subscriptions - InternetRetailing,"Sponsored by: From curated meal boxes to indispensable necessities, discover how the subscription model is growing and becoming a feature of modern ecommerce. Commentary Case studies Events Podcasts Research Reports SubscriptionX Newsletter News 18 Feb 2026 News Epetōme, a British gut health brand, has secured a multi-million-pound investment to accelerate international expansion… 18 Feb 2026 […]",,,,https://internetretailing.net/wp-content/uploads/2025/04/SubscriptionX_Primary-logo_Grey-1024x226.png
"Aug 22, 2026 @ 19:50:22.173",6f1cd6ad6065451968deb87e527ccbd3,https://internetretailing.net/media/retailcraft-podcast/,Podcast - InternetRetailing,"The RetailCraft Podcast Interviews with the people behind multichannel performance. The RetailCraft podcast series looks at the who and how behind the performance of our Global Elite 1000 companies, and those who influence and inspire them. Ian Jindal shares the studio with retail leaders, RetailX’s analysts and sector experts, covering topics from commercial performance through […]",,,,https://internetretailing.net/wp-content/uploads/2023/06/US_UK_Apple_Podcasts_Listen_Badge_CMYK.png
"Aug 22, 2026 @ 19:50:22.186",6ec15e5713b9f1bf7a1314e5021a92be,https://internetretailing.net/media/video-channel/,Video Channel - InternetRetailing,"Videos Watch all our interviews, news and past webinars exploring the most pressing topics in retail, on demand 8 Jun 2022 More Information 28 Apr 2022 More Information 20 Apr 2022 More Information 31 Mar 2022 More Information 31 Mar 2022 More Information 23 Mar 2022 More Information View More Videos Subscribe to Newsletter Access […]",,,,
"Aug 22, 2026 @ 19:50:22.208",acc226cf14efbd766cbfe9a9e602848a,https://internetretailing.net/research/retailx-sector-reports/,Sector Reports - InternetRetailing,"Sector Reports Our RetailX Sector reports take an in-depth dive into the companies, strategies and consumers of different sectors across the UK, Europe and the World. Each report aims to give a retailer greater understanding of the complexities of ecommerce by sector by studying the market forces and customer behaviours by product type. The reports […]",,,,https://internetretailing.net/wp-content/uploads/2025/06/prn.png
"Aug 22, 2026 @ 19:50:22.223",03050cf1e45bc33ee0911d731d7b7bca,https://internetretailing.net/research/whitepapers/,Whitepapers - InternetRetailing,Whitepapers Delving into the more niche areas of successful multichannel retailing operations. Read More Read More Read More Read More Read More Read More Read More Read More Read More Read More Read More Read More Read More Read More Read More Read More Read More Read More Read More Read More Read More Read […],,,,https://internetretailing.net/wp-content/uploads/2025/08/simpler.png
"Aug 22, 2026 @ 19:50:22.235",e74a8ae7d98c74f9801f637d68d1caa7,https://internetretailing.net/views/frontline/,Frontline - InternetRetailing,"Frontline Feedback from the frontline of multichannel retail – allowing our clients and partners to showcase their brand through their own content. 168 13 Mar 2023 2023 forecasts predicted a bumpy ride for retail. The micro-economic factors that impacted the sector throughout 2022 have persisted, threatening to further dent already squeezed profit margins. Frontline 6 […]",,,,https://internetretailing.net/wp-content/uploads/2023/03/iStock-1391824162-scaled.jpg
"Aug 22, 2026 @ 19:50:22.252",21cb4a02ce91c8f4264fb8ed2029e22e,https://internetretailing.net/research/bluepapers/,Bluepapers - InternetRetailing,Bluepapers Exploring innovative solutions and emerging technologies in retail… Read More Read More Tealium Read More Featuring case studies with: Test 1Test 2 Read More Read More View More Bluepapers Subscribe to Newsletter Access all new InternetRetailing Research via Email Register InternetRetailing European Newsletter News analysis dedicated to helping European retail professionals Register for Newsletter […],,,,
"Aug 22, 2026 @ 19:50:22.271",891a7a39f08b426c5dde6f9dea3b68b6,https://internetretailing.net/research/top500-reports/,Ranking Reports - InternetRetailing,"Ranking Reports The performance of the world’s leading retailers independently-researched, ranked and analysed. Read More Read More Read More Read More Read More Read More Read More Read More Read More Read More Read More Read More View More Reports “Objective, fact-led performance insight for commercial multichannel professionals.” Martin Shaw, Head of Research, InternetRetailing Get […]",,,,https://internetretailing.net/wp-content/uploads/2025/03/Truelayer-logo-300x75.png
"Aug 22, 2026 @ 19:50:22.287",cea08703a32c4b6cac04714ddb96e56b,https://internetretailing.net/research/rxeu-marketplace-report/,Marketplace Reports - InternetRetailing,"European Marketplaces Reports Marketplaces have quickly become an essential part of the online retail mix for both consumers and merchants across Europe. The research in our Marketplace Reportsuncovers where marketplaces in Europe are continuing to evolve towards: how mobile is shifting basic customer experience, the rise of smart and voice-controlled devices in shopping, how delivery […]",,,,https://internetretailing.net/wp-content/uploads/2025/10/inventory-sage.png
"Aug 22, 2026 @ 19:50:22.304",4511cdc4dba357eb5f85d6179e043db3,https://internetretailing.net/research/retailx-country-reports/,Country Reports - InternetRetailing,"RetailX Country Reports The RetailX country reports equip retailers with the best knowledge to succeed, by providing a clear and comprehensive overview of the state of commerce in countries and regions around the world. We cover everything from facts, figures and ecommerce trends, to European government data, exclusive research, analysis and more. Find out all […]",,,,https://internetretailing.net/wp-content/uploads/2025/10/vimeo.png
"Aug 22, 2026 @ 19:50:22.310",c7330e3504aeb29f61d8bf99b9a963cd,https://internetretailing.net/report-hub/internetretailing-returns-2025-report/,InternetRetailing Returns 2025 Report - InternetRetailing,"InternetRetailing Returns Report 2025 delves into the strategies retailers are using to mitigate the impact of returns on their profitability, customer satisfaction, and the planet. The Report highlights how technology, from informed decision-making to AI tools, is enhancing efficiency and improving the overall customer experience in the returns cycle.",,,,https://internetretailing.net/wp-content/uploads/2025/09/returns-report-2025.png
"Aug 22, 2026 @ 19:50:22.322",e767fbc8cf92c56ea51d2e2293b457f3,https://internetretailing.net/report-hub/retailx-europe-luxury-sector-report-2025/,InternetRetailing Europe Luxury Sector Report 2025 - InternetRetailing,"European Luxury 2025 report examines the state of the luxury clothing, jewellery, bags and accessories market amid reports of a slowdown.",,,,https://internetretailing.net/wp-content/uploads/2024/10/ir-euro-lux-2025.png
"Aug 22, 2026 @ 19:50:22.330",4c4604f440fb54a94f31d6d74b97eb4b,https://internetretailing.net/upcoming-events/past-webinars/,Past Webinars - InternetRetailing,"Past Webinars Watch all our past webinars exploring the most pressing topics in retail, on demand! 16 Dec 2025 by James Pearson 4 Nov 2025 by James Pearson 24 Sep 2025 by James Pearson 26 Mar 2025 by Chris Dinnall 12 Mar 2025 by Chris Dinnall 19 Feb 2025 by Chris Dinnall View More Webinars […]",,,,https://internetretailing.net/wp-content/uploads/2025/10/From-Peak-To-Plan_Ad_Low-res.png
"Aug 22, 2026 @ 19:50:22.339",7eb474d5c2cb21efc9d679005674d177,https://internetretailing.net/about/contact-us/,Contact Us - InternetRetailing,"Contact Us EDITORIAL For press releases and media announcements please send to: press@internetretailing.net For article proposals and submissions please email: editor@internetretailing.net To see what papers and features we have coming up this year please visit our Editorial Calendar SALES AND MEDIA PACK Contact our Account Directors, they are happy to help with commercial and sales […]",,,,https://internetretailing.net/wp-content/uploads/2026/03/beyond-the-basics.png
"Aug 22, 2026 @ 19:50:22.349",22830ce64d848d50de67c60c25bc9e18,https://internetretailing.net/about/advertising-opportunities/,Advertising Opportunities - InternetRetailing,"Work with us We’re the leading voice for ecommerce and multichannel retail success “Internet Retailing has been the voice of online and multichannel retail successfor over a decade. With a dedicated news portal, detailed sector reports andcomplementary events, Internet Retailing is dedicated to helping our partners thrive inthe dynamic ecosystem that is ecommerce. A renewed […]",,,,https://internetretailing.net/wp-content/uploads/2026/01/ebfd28d956305720a35425d4867a7ea3-768x768.webp
"Aug 22, 2026 @ 19:50:22.359",eaa680bd6af711c04853c6e08446813f,https://internetretailing.net/about/press/,Press - InternetRetailing,Latest Articles 6 Sep 2023 6 Sep 2023 6 Sep 2023 5 Sep 2023 Join Our Press List Register to receive our press releases about our latest research and reports. If you have a question about our research or articles please contact marketing@internetretailing.net View Privacy Policy Latest Reports,,,,https://internetretailing.net/wp-content/uploads/2023/09/Hobbycraft-UKST.png
"Aug 22, 2026 @ 19:50:22.364",39b7d2c03adf2cd37927969e8f94399d,https://internetretailing.net/about/terms-and-conditions/,Terms and Conditions - InternetRetailing,"Terms and Conditions Terms of use Use of this site, and its contents, is subject to the following terms and conditions. By using this site you accept these terms and conditions and agree that you are bound by them. Among other things, these terms limit our liability for any loss or damage which might arise […]",,,,https://internetretailing.net/wp-content/uploads/2022/05/RXBEU22RP_Full_1.1PDF_Thumb1.png
"Aug 22, 2026 @ 19:50:22.374",179385e4d1252cccec38ff94a69f3b2b,https://internetretailing.net/about/privacy-policy/,Privacy Policy - InternetRetailing,"Privacy Policy Privacy Policy Introduction This privacy policy forms part of our terms and conditions and provides information on how Internet Retailing Media Services Ltd (We/Us/Our/The Company) processes your data. Definitions Services means our websites, content and any media, channel, application or service operated, created or made available by the Company which may include but […]",,,,
"Aug 22, 2026 @ 19:50:22.384",aa742d0638edbde59c58eed0e3bc317d,https://internetretailing.net/reports/section/magazine-articles/,Reports Archive - InternetRetailing,,,,,
"Aug 22, 2026 @ 19:50:22.397",437abc0a350d6a9117c6277c293de085,https://internetretailing.net/magazine-article/section/magazine-articles/,Magazine Articles Archive - InternetRetailing,,,,,
"Aug 22, 2026 @ 19:50:22.406",181e3f01bb83b796a278b1aff53d3b8e,https://internetretailing.net/about/cookie-policy/,Cookie Policy - InternetRetailing,Cookie Policy Cookies are small text files that can be used by websites to make a user’s experience more efficient. The law states that we can store cookies on your device if they are strictly necessary for the operation of this site. For all other types of cookies we need your permission. This site uses […],,,,
"Aug 22, 2026 @ 19:50:22.412",1b6f3c45c23cae0240eae24884803a7b,https://internetretailing.net/media/marketing-unlearned/,"Marketing UnLearned, in association with Epsilon - InternetRetailing","Marketing Unlearned in association with Epsilon Marketing UnLearned is a podcast series that explores the challenges the leading-edge digital marketing poses to established and received wisdom. All new initiatives, until proven, are subject to scrutiny and challenge: the ‘waddabouts’, the statements of inertia, the “why bother?”, the deprioritising questions. Within these challenges there is often […]",,,,https://internetretailing.net/wp-content/uploads/2025/04/epsilon-176352.png
"Aug 22, 2026 @ 19:50:22.424",274dfd23438e21f33f30329ddde05744,https://internetretailing.net/upcoming-events/upcoming-webinars/,Upcoming Webinars - InternetRetailing,"Upcoming Webinars We host a wealth of webinars covering the latest topics, trends and technological advancements. See what’s coming up down below… Can’t make the date? All previous webinars are now available to watch on demand, so you can rewind and revisit all your favourite industry guests to your heart’s content! 25 Apr 14:00 26 […]",,,,
