crawl_timestamp,uniq_id,page_url,product_name,list_price,selling_price,discount_percentage,color,size,description,sku
"Apr 19, 2026 @ 15:58:43.008",0013c5bf50c60c6644701e4c35329fbc,https://styleunion.in/collections/womens-tops/products/structured-boxy-fit-betty-shirt-ywsh00174?variant=47423832129785,Structured Boxy Fit Betty Shirt,699,699,,Cream,XS,"Product Details Fabric Type: Cotton Nylon(95% Cotton, 5% Nylon) Weave Type: Woven Pattern: Solid Length: Regular Length Neck/Collar Type: Shirt Collar Sleeve Type: Short Sleeve Fit: Boxy Fit Description Elevate your wardrobe with the Structured Boxy Fit Betty Shirt, designed for a modern touch on classic style. This versatile piece seamlessly blends comfort with sophistication, making it an essential addition for any occasion. Crafted from a premium blend of 95% cotton and 5% nylon, ensuring breathability and a soft touch against the skin. The woven fabric offers a structured appearance while remaining lightweight and comfortable for all-day wear. Featuring a classic shirt collar and short sleeves, this shirt is perfect for both casual outings and professional settings. The boxy fit provides a contemporary silhouette, allowing for easy layering over your favorite tops. Style it with tailored trousers for the office or denim shorts for a relaxed weekend look. Wash and Care Hand Wash 30°C. Wash Dark Colours Separately. Do Not Bleach. Line Dry. Cool Iron. Do Not Dry Clean Made in India Manufactured and Marketed By:- NEXON OMNIVERSE LIMITED Address: D-202, Synthofine Estate, Off Aarey Road, Behind Virvani Ind.Estate, Goregaon East, Mumbai 400063 Disclaimer Product color may slightly vary due to photographic lighting sources on your monitor setting. Customer Care +91 7304053032 Customer Care Email id – sharewithus@styleunion.in 10:30 am to 6:30 pm from Monday to Friday Legal: compliance@nexonomniverse.com Franchise Enquiry Business Partner Form Style Union is a modern Indian fashion brand bringing everyday dressing a new sense of ease and confidence. We have 160+ stores across the country that offer a wide range of clothing for women, men, and kids, with styles made for real routines and changing days. We keep fashion practical and style-forward with weekly new launches across categories. Our online store makes shopping simple with smooth navigation, quick delivery, and access to the latest drops in one place. You can explore full collections, check availability, and shop comfortably from anywhere. We follow a transparent pricing model with no discounts or inflated tags. With a growing retail presence across India and a customer-first mindset, we focus on making fashion honest, accessible, and effortless for all.",8909404100984
"Apr 19, 2026 @ 15:58:43.123",dcf7a1241dd680f24351be5dcd7c68a1,https://styleunion.in/collections/womens-tops/products/cotton-embroidered-v-neck-top-ywto00409?variant=47423833768185,Cotton Embroidered V-Neck Top,799,799,,Black,XS,"Product Details Fabric Type: Cotton Weave Type: Woven Pattern: Embroidered Length: Short Length Neck/Collar Type: V-Neck Sleeve Type: Sleeveless Fit: Regular Fit Description Elevate your wardrobe with our Cotton Embroidered V-Neck Top, designed for women who appreciate both comfort and style. This sleeveless top features intricate embroidery, adding a touch of elegance to your casual attire. Crafted from high-quality cotton, this top ensures breathable comfort for all-day wear. The woven fabric and regular fit provide a flattering silhouette, perfect for various body types. Featuring a stylish V-neck design, this piece effortlessly transitions from day to night. The short length makes it an ideal pairing with high-waisted bottoms for a chic look. Style it with your favorite jeans or a skirt for a versatile outfit that stands out. Wash and Care Machine Wash 40°C. Wash Dark Colours Separately. Do Not Bleach. Tumble Dry Low. Do Not Iron On Embellishment. Warm Iron. Do Not Dry Clean Made in India Manufactured and Marketed By:- NEXON OMNIVERSE LIMITED Address: D-202, Synthofine Estate, Off Aarey Road, Behind Virvani Ind.Estate, Goregaon East, Mumbai 400063 Disclaimer Product color may slightly vary due to photographic lighting sources on your monitor setting. Customer Care +91 7304053032 Customer Care Email id – sharewithus@styleunion.in 10:30 am to 6:30 pm from Monday to Friday Legal: compliance@nexonomniverse.com Franchise Enquiry Business Partner Form Style Union is a modern Indian fashion brand bringing everyday dressing a new sense of ease and confidence. We have 160+ stores across the country that offer a wide range of clothing for women, men, and kids, with styles made for real routines and changing days. We keep fashion practical and style-forward with weekly new launches across categories. Our online store makes shopping simple with smooth navigation, quick delivery, and access to the latest drops in one place. You can explore full collections, check availability, and shop comfortably from anywhere. We follow a transparent pricing model with no discounts or inflated tags. With a growing retail presence across India and a customer-first mindset, we focus on making fashion honest, accessible, and effortless for all.",8909404090056
"Apr 19, 2026 @ 15:58:43.254",30c8697370a3b985c8bd99d4b74a0428,https://styleunion.in/collections/womens-tops/products/solid-crop-top-with-bow-detail-ywto00395?variant=47423833211129,Solid Crop Top With Bow Detail,699,699,,Red,S,"Product Details Fabric Type: Cotton Weave Type: Woven Pattern: Solid Length: Cropped Neck/Collar Type: Square Neck Sleeve Type: Sleeveless Fit: Regular Fit Description Elevate your wardrobe with our Solid Crop Top With Bow Detail, designed for women who appreciate a blend of style and comfort. This chic piece features a flattering square neck and is crafted from soft, woven cotton for a breathable feel. Stylish cropped length pairs perfectly with high-waisted bottoms, creating a trendy silhouette. Elegant bow detail adds a touch of femininity, making it suitable for both casual and dressy occasions. Regular fit ensures comfort throughout the day while maintaining a polished look. Versatile solid pattern allows for easy mixing and matching with various outfits. Style this crop top with high-waisted jeans and your favorite accessories for a chic ensemble. Wash and Care Machine Wash 40°C. Wash Dark Colours Separately. Do Not Bleach. Tumble Dry Low. Do Not Iron On Embellishment. Warm Iron. Do Not Dry Clean Made in India Manufactured and Marketed By:- NEXON OMNIVERSE LIMITED Address: D-202, Synthofine Estate, Off Aarey Road, Behind Virvani Ind.Estate, Goregaon East, Mumbai 400063 Disclaimer Product color may slightly vary due to photographic lighting sources on your monitor setting. Customer Care +91 7304053032 Customer Care Email id – sharewithus@styleunion.in 10:30 am to 6:30 pm from Monday to Friday Legal: compliance@nexonomniverse.com Franchise Enquiry Business Partner Form Style Union is a modern Indian fashion brand bringing everyday dressing a new sense of ease and confidence. We have 160+ stores across the country that offer a wide range of clothing for women, men, and kids, with styles made for real routines and changing days. We keep fashion practical and style-forward with weekly new launches across categories. Our online store makes shopping simple with smooth navigation, quick delivery, and access to the latest drops in one place. You can explore full collections, check availability, and shop comfortably from anywhere. We follow a transparent pricing model with no discounts or inflated tags. With a growing retail presence across India and a customer-first mindset, we focus on making fashion honest, accessible, and effortless for all.",8909404088992
"Apr 19, 2026 @ 15:58:43.389",1bc7ac7d420d1a7f8eca9e7be6bbe7af,https://styleunion.in/collections/womens-tops/products/oversize-checkered-betty-shirt-ywsh00086?variant=47145846309113,Oversize Checkered Betty Shirt,799,799,,Black,XS,"Product Details Fabric Type: Viscose (100% Viscose) Weave Type: Woven Pattern: Checkered Length: Longline Neck/Collar Type: Shirt Collar Sleeve Type: Full Sleeve Fit: Oversize Description Elevate your style with the Oversize Checkered Betty Shirt. Made from 100% Viscose, this shirt offers unparalleled comfort and quality. The checkered pattern adds a touch of sophistication, while the oversize fit ensures a relaxed and easygoing look. Perfect for casual outings or layering over your favorite outfit, this shirt is a versatile addition to your wardrobe. Comfort: Made from soft and breathable Viscose fabric. Quality: Crafted with attention to detail for long-lasting wear. Versatility: Can be styled in various ways for different occasions. Relaxed Fit: Roomy and comfortable, perfect for a laid-back vibe. Hand wash this shirt in cold water, separately from dark colors. Avoid bleach and direct heat on embellishments. Keep it looking fresh by line drying and cool ironing when needed. Wash and Care Hand Wash 30°C. Wash Dark Colours Separately. Do Not Bleach. Line Dry. Do Not Iron On Embellishment. Cool Iron. Do Not Dry Clean Made in India Manufactured and Marketed By:- NEXON OMNIVERSE LIMITED Address: D-202, Synthofine Estate, Off Aarey Road, Behind Virvani Ind.Estate, Goregaon East, Mumbai 400063 Disclaimer Product color may slightly vary due to photographic lighting sourc Customer Care +91 7304053032 Customer Care Email id – sharewithus@styleunion.in 10:30 am to 6:30 pm from Monday to Friday Legal: compliance@nexonomniverse.com Franchise Enquiry Business Partner Form Style Union is a modern Indian fashion brand bringing everyday dressing a new sense of ease and confidence. We have 160+ stores across the country that offer a wide range of clothing for women, men, and kids, with styles made for real routines and changing days. We keep fashion practical and style-forward with weekly new launches across categories. Our online store makes shopping simple with smooth navigation, quick delivery, and access to the latest drops in one place. You can explore full collections, check availability, and shop comfortably from anywhere. We follow a transparent pricing model with no discounts or inflated tags. With a growing retail presence across India and a customer-first mindset, we focus on making fashion honest, accessible, and effortless for all.",8909001637173
"Apr 19, 2026 @ 15:58:45.454",e53db9e70bb6927d3de21479cb482675,https://styleunion.in/collections/womens-tops/products/printed-crop-top-with-bandana-print-detail-ywto00407?variant=47423833637113,Printed Crop Top With Bandana Print Detail,399,399,,Red,XS,"Product Details Fabric Type: Polyester Elastane(98% , 2% Elastane) Weave Type: Knit Pattern: Printed Length: Cropped Neck/Collar Type: Square Neck Sleeve Type: Sleeveless Fit: Slim Fit Description Elevate your summer wardrobe with our Printed Crop Top featuring a trendy bandana print detail. Designed for the modern woman, this stylish top combines comfort with a fashionable flair, perfect for any casual outing. Crafted from a high-quality blend of 98% polyester and 2% elastane, ensuring a comfortable and flexible fit. The cropped length and slim fit silhouette create a flattering shape, ideal for pairing with high-waisted bottoms. This sleeveless design enhances breathability, making it perfect for warm weather wear or layering. Featuring a chic square neck, this top adds a contemporary touch to your everyday style. Style with high-waisted jeans or a flowy skirt for a chic look that transitions effortlessly from day to night. Wash and Care Machine Wash Cold Gentle Cycle, Wash Dark Colors Separately. Do Not Bleach. Tumble Dry Low. Cool Iron If Required. Do Not Dry Clean Made in India Manufactured and Marketed By:- NEXON OMNIVERSE LIMITED Address: D-202, Synthofine Estate, Off Aarey Road, Behind Virvani Ind.Estate, Goregaon East, Mumbai 400063 Disclaimer Product color may slightly vary due to photographic lighting sources on your monitor setting. Customer Care +91 7304053032 Customer Care Email id – sharewithus@styleunion.in 10:30 am to 6:30 pm from Monday to Friday Legal: compliance@nexonomniverse.com Franchise Enquiry Business Partner Form Style Union is a modern Indian fashion brand bringing everyday dressing a new sense of ease and confidence. We have 160+ stores across the country that offer a wide range of clothing for women, men, and kids, with styles made for real routines and changing days. We keep fashion practical and style-forward with weekly new launches across categories. Our online store makes shopping simple with smooth navigation, quick delivery, and access to the latest drops in one place. You can explore full collections, check availability, and shop comfortably from anywhere. We follow a transparent pricing model with no discounts or inflated tags. With a growing retail presence across India and a customer-first mindset, we focus on making fashion honest, accessible, and effortless for all.",8909404096676
"Apr 19, 2026 @ 15:58:45.611",1ca77a307833edcc424db7302c0a20a5,https://styleunion.in/collections/womens-tops/products/solid-cropped-betty-crop-top-ywto00406?variant=47423833473273,Solid Cropped Betty Crop Top,499,499,,Cream,XS,"Product Details Fabric Type: Cotton Nylon(95% Cotton, 5% Nylon) Weave Type: Woven Pattern: Solid Length: Cropped Neck/Collar Type: Square Neck Sleeve Type: Sleeveless Fit: Slim Fit Description Elevate your wardrobe with the Solid Cropped Betty Crop Top, designed for the modern woman seeking style and comfort. Crafted from a blend of 95% cotton and 5% nylon, this crop top offers a soft feel and breathable fit, perfect for any occasion. Solid pattern provides a versatile look that pairs well with various bottoms, from skirts to high-waisted jeans. The square neck design adds a touch of elegance while enhancing your silhouette for a flattering fit. Sleeveless style ensures breathability and comfort, making it ideal for warm weather or layered outfits. Designed with a slim fit, it accentuates your figure while maintaining ease of movement throughout the day. Style this crop top with high-waisted shorts or layered under a light jacket for a chic, casual look. Wash and Care Hand Wash 30°C. Wash Dark Colours Separately. Do Not Bleach. Line Dry. Cool Iron. Do Not Dry Clean Made in India Manufactured and Marketed By:- NEXON OMNIVERSE LIMITED Address: D-202, Synthofine Estate, Off Aarey Road, Behind Virvani Ind.Estate, Goregaon East, Mumbai 400063 Disclaimer Product color may slightly vary due to photographic lighting sources on your monitor setting. Customer Care +91 7304053032 Customer Care Email id – sharewithus@styleunion.in 10:30 am to 6:30 pm from Monday to Friday Legal: compliance@nexonomniverse.com Franchise Enquiry Business Partner Form Style Union is a modern Indian fashion brand bringing everyday dressing a new sense of ease and confidence. We have 160+ stores across the country that offer a wide range of clothing for women, men, and kids, with styles made for real routines and changing days. We keep fashion practical and style-forward with weekly new launches across categories. Our online store makes shopping simple with smooth navigation, quick delivery, and access to the latest drops in one place. You can explore full collections, check availability, and shop comfortably from anywhere. We follow a transparent pricing model with no discounts or inflated tags. With a growing retail presence across India and a customer-first mindset, we focus on making fashion honest, accessible, and effortless for all.",8909404101561
"Apr 19, 2026 @ 15:58:45.740",dc5bfb798a6b43ec6be24faba867d303,https://styleunion.in/collections/womens-tops/products/printed-full-sleeve-top-wto00194?variant=47130938802425,Printed Full Sleeve Top,299,299,,Off White,XS,"Product Details Fabric Type: 100% Polyester Weave Type: Woven Pattern: Printed Length: Regular Length Neck/Collar Type: Round Neck Sleeve Type: Full Sleeve Fit: Regular Fit Description Discover the perfect blend of style and comfort with our Printed Full Sleeve Top. Crafted from high-quality polyester, this top offers a soft touch against your skin while ensuring durability and easy maintenance. The woven fabric provides a structured look, making it ideal for both casual outings and more formal settings. Comfortable Fabric: The 100% polyester material ensures a lightweight feel, keeping you comfortable throughout the day. Stylish Design: The printed pattern adds a touch of elegance and flair, making it a versatile addition to your wardrobe. Versatile Wear: With its regular length and round neck, this top is perfect for pairing with jeans or skirts for any occasion. Full Sleeves: Provides coverage and warmth, making it suitable for cooler weather. Whether you're heading to a brunch with friends or a casual day at the office, this top is your go-to choice for effortless style and comfort. Wash and Care Hand Wash 30°C. Wash Dark Colours Separately. Do Not Bleach. Line Dry. Do Not Iron On Embellishment. Cool Iron. Do Not Dry Clean. Made in India Manufactured and Marketed By:- NEXON OMNIVERSE LIMITED Address: D-202, Synthofine Estate, Off Aarey Road, Behind Virvani Ind.Estate, Goregaon East, Mumbai 400063 Disclaimer Product color may slightly vary due to photographic lighting sourc Customer Care +91 7304053032 Customer Care Email id – sharewithus@styleunion.in 10:30 am to 6:30 pm from Monday to Friday Legal: compliance@nexonomniverse.com Franchise Enquiry Business Partner Form Style Union is a modern Indian fashion brand bringing everyday dressing a new sense of ease and confidence. We have 160+ stores across the country that offer a wide range of clothing for women, men, and kids, with styles made for real routines and changing days. We keep fashion practical and style-forward with weekly new launches across categories. Our online store makes shopping simple with smooth navigation, quick delivery, and access to the latest drops in one place. You can explore full collections, check availability, and shop comfortably from anywhere. We follow a transparent pricing model with no discounts or inflated tags. With a growing retail presence across India and a customer-first mindset, we focus on making fashion honest, accessible, and effortless for all.",8909001960073
"Apr 19, 2026 @ 15:58:45.890",ddfd2d67e5d646eef5af8acf21b3215f,https://styleunion.in/collections/womens-tops/products/regular-fit-solid-t-shirt-lete00018?variant=43977743761657,Tank Top - Solid - Regular Fit,199,199,,Black,XS,"Product Details Fabric Type: Cotton Lycra (95% Cotton 5% Elastane) Fit Type: Regular Fit Pattern: Solid Weave type: Knit Neck Type/ Collar: Round Neck Sleeve Type: Sleeveless Style: Casual Wear Description Upgrade your wardrobe with this Regular Fit Solid Tank Top , a versatile essential for effortless styling. Designed for comfort and simplicity, this sleeveless top is perfect for layering or wearing on its own. Soft & Breathable : Lightweight knit fabric keeps you cool and comfortable all day. Solid Pattern : Classic solid color for easy pairing with any outfit. Regular Fit with Fitted Silhouette : Combines comfort and a flattering form-enhancing shape. Round Neckline : Timeless and elegant, ideal for versatile styling. Sleeveless Design : Allows for full range of motion—perfect for workouts or lounging. Cropped Length : Adds a modern, trendy touch to your look. Ribbed Texture : Subtle detail for added visual appeal. Highly Stretchable : Adapts to your movement for all-day ease. Casual Versatility : Ideal for gym, lounging, errands, or even as sleepwear. Easy Care : Machine washable for everyday convenience. This Black Solid pattern T-Shirt has a Round Neck and Sleeveless. Made from Cotton Lycra, it is soft and comfortable to wear. Wash and Care Machine Wash Shipping and Delivery This product will be dispatched in 48 hours Made in India Manufactured and Marketed By:- NEXON OMNIVERSE LIMITED Address: D-202, Synthofine Estate, Off Aarey Road, Behind Virvani Ind.Estate, Goregaon East, Mumbai 400063 Disclaimer Product color may slightly vary due to photographic lighting sources on your monitor setting. Customer Care +91 7304053032 Customer Care Email id – sharewithus@styleunion.in 10:30 am to 6:30 pm from Monday to Friday Legal: compliance@nexonomniverse.com Franchise Enquiry Business Partner Form Style Union is a modern Indian fashion brand bringing everyday dressing a new sense of ease and confidence. We have 160+ stores across the country that offer a wide range of clothing for women, men, and kids, with styles made for real routines and changing days. We keep fashion practical and style-forward with weekly new launches across categories. Our online store makes shopping simple with smooth navigation, quick delivery, and access to the latest drops in one place. You can explore full collections, check availability, and shop comfortably from anywhere. We follow a transparent pricing model with no discounts or inflated tags. With a growing retail presence across India and a customer-first mindset, we focus on making fashion honest, accessible, and effortless for all.",8907546811065
"Apr 19, 2026 @ 15:58:47.912",5d0dc2a87a3aeacfdd6944dfa9d38e04,https://styleunion.in/collections/womens-tops/products/cropped-one-shoulder-ruched-top-with-metal-adjuster-ywto00355?variant=47423833047289,Cropped One Shoulder Ruched Top With Metal Adjuster,599,599,,Chocolate,XS,"Product Details Fabric Type: Viscose Nylon Elastane(63% Viscose, 32% Nylon, 5% Elastane) Weave Type: Knit Pattern: Solid Length: Cropped Neck/Collar Type: One Shoulder Sleeve Type: Sleeveless Fit: Slim Fit Description Elevate your wardrobe with our Cropped One Shoulder Ruched Top, designed for the modern woman. This stylish piece combines comfort and sophistication, making it perfect for both casual outings and dressy occasions. Crafted from a premium blend of Viscose, Nylon, and Elastane for a soft, stretchy feel that moves with you. The one-shoulder design adds a touch of elegance, while the ruched details create a flattering silhouette. Featuring a slim fit that accentuates your shape, this top is versatile enough to pair with high-waisted jeans or a sleek skirt. Lightweight knit fabric ensures breathability and comfort, ideal for warm weather or layering in cooler months. Style this top with your favorite accessories for a chic look that transitions effortlessly from day to night. Wash and Care Hand Wash 30°C. Wash Dark Colors Separately. Wash Inside Out. Do Not Bleach. Flat Dry. Cool Iron. Do Not Dryclean. Made in India Manufactured and Marketed By:- NEXON OMNIVERSE LIMITED Address: D-202, Synthofine Estate, Off Aarey Road, Behind Virvani Ind.Estate, Goregaon East, Mumbai 400063 Disclaimer Product color may slightly vary due to photographic lighting sources on your monitor setting. Customer Care +91 7304053032 Customer Care Email id – sharewithus@styleunion.in 10:30 am to 6:30 pm from Monday to Friday Legal: compliance@nexonomniverse.com Franchise Enquiry Business Partner Form Style Union is a modern Indian fashion brand bringing everyday dressing a new sense of ease and confidence. We have 160+ stores across the country that offer a wide range of clothing for women, men, and kids, with styles made for real routines and changing days. We keep fashion practical and style-forward with weekly new launches across categories. Our online store makes shopping simple with smooth navigation, quick delivery, and access to the latest drops in one place. You can explore full collections, check availability, and shop comfortably from anywhere. We follow a transparent pricing model with no discounts or inflated tags. With a growing retail presence across India and a customer-first mindset, we focus on making fashion honest, accessible, and effortless for all.",8909404000062
"Apr 19, 2026 @ 15:58:48.044",574e324da018191ba0ec79872ec130e4,https://styleunion.in/collections/womens-tops/products/cotton-solid-top-wto00263?variant=47477877407993,Cotton Solid Top,599,599,,Pale Pink,XS,"Product Details Fabric Type: Cotton Weave type: Woven Pattern: Solid Length: Regular Length Neck/Collar: Square Neck Sleeve: Puff Sleeve Fit: Regular Fit Description This Cotton Solid Top is designed for the modern woman seeking both style and comfort. The woven fabric ensures breathability, while the solid pattern offers a timeless elegance. With its flattering square neck and puff sleeves, this top provides a regular fit that enhances your silhouette. Highlight fabric quality and comfort. Highlight design and pattern appeal. Explain fit and silhouette benefit. Give styling versatility suggestion. Pair this top with tailored trousers for a chic office look or with denim for a casual outing. Wash and Care Machine Wash 40°C. Wash Dark Colours Separately. Do Not Bleach. Tumble Dry Low. Do Not Iron On Embellishment. Warm Iron. Do Not Dry Clean. Made in India Manufactured and Marketed By:- NEXON OMNIVERSE LIMITED Address: D-202, Synthofine Estate, Off Aarey Road, Behind Virvani Ind.Estate, Goregaon East, Mumbai 400063 Disclaimer Product color may slightly vary due to photographic lighting sources on your monitor setting. Customer Care +91 7304053032 Customer Care Email id – sharewithus@styleunion.in 10:30 am to 6:30 pm from Monday to Friday Legal: compliance@nexonomniverse.com Franchise Enquiry Business Partner Form Style Union is a modern Indian fashion brand bringing everyday dressing a new sense of ease and confidence. We have 160+ stores across the country that offer a wide range of clothing for women, men, and kids, with styles made for real routines and changing days. We keep fashion practical and style-forward with weekly new launches across categories. Our online store makes shopping simple with smooth navigation, quick delivery, and access to the latest drops in one place. You can explore full collections, check availability, and shop comfortably from anywhere. We follow a transparent pricing model with no discounts or inflated tags. With a growing retail presence across India and a customer-first mindset, we focus on making fashion honest, accessible, and effortless for all.",8909404086349
"Apr 19, 2026 @ 15:58:48.228",adcd1768024f20a6aa8cff8b37dbd293,https://styleunion.in/collections/womens-tops/products/v-neck-solid-top-wto00269?variant=47184611934457,V-Neck Solid Top,699,699,,Dusty Purple,XS,"Product Details Fabric Type: Polyester Weave Type: Woven Pattern: Solid Length: Regular Length Neck/Collar Type: V-Neck Sleeve Type: Full Sleeve Fit: Regular Fit Description Elevate your wardrobe with our V-Neck Solid Top, designed specifically for women seeking a blend of comfort and style. Crafted from high-quality woven polyester, this top promises durability and a flattering fit. Features a stylish V-neck collar that enhances your neckline while maintaining a chic look. The full sleeves provide coverage and versatility, making it suitable for various occasions. Regular fit ensures comfort without compromising on style, allowing for easy layering. The solid pattern makes it a timeless piece that pairs well with any bottom, from jeans to skirts. Style this top with tailored trousers for a professional look or with denim for a casual outing. Wash and Care Hand Wash 30°C. Wash Dark Colours Separately. Do Not Bleach. Line Dry For Best Performance We Recommend Not To Iron This Pair Of Trousers Made in India Manufactured and Marketed By:- NEXON OMNIVERSE LIMITED Address: D-202, Synthofine Estate, Off Aarey Road, Behind Virvani Ind.Estate, Goregaon East, Mumbai 400063 Disclaimer Product color may slightly vary due to photographic lighting sourc Customer Care +91 7304053032 Customer Care Email id – sharewithus@styleunion.in 10:30 am to 6:30 pm from Monday to Friday Legal: compliance@nexonomniverse.com Franchise Enquiry Business Partner Form Style Union is a modern Indian fashion brand bringing everyday dressing a new sense of ease and confidence. We have 160+ stores across the country that offer a wide range of clothing for women, men, and kids, with styles made for real routines and changing days. We keep fashion practical and style-forward with weekly new launches across categories. Our online store makes shopping simple with smooth navigation, quick delivery, and access to the latest drops in one place. You can explore full collections, check availability, and shop comfortably from anywhere. We follow a transparent pricing model with no discounts or inflated tags. With a growing retail presence across India and a customer-first mindset, we focus on making fashion honest, accessible, and effortless for all.",8909404072359
"Apr 19, 2026 @ 15:58:48.363",07555c779b9035f153a872f35dd63fb2,https://styleunion.in/collections/womens-tops/products/woven-embroidered-top-wto00271?variant=47484225093881,Woven Embroidered Top,699,699,,Off White,XS,"Product Details Fabric Type: Viscose Weave type: Woven Pattern: Embroidered Length: Regular Length Neck/Collar: Round Neck Sleeve: Elbow Sleeve Fit: Regular Fit Description This Woven Embroidered Top is crafted from premium viscose, offering a soft and breathable feel that keeps you comfortable throughout the day. The intricate embroidered pattern adds a touch of elegance, enhancing the overall aesthetic and making it perfect for both casual outings and more polished looks. With its regular fit and flattering round neck, this top beautifully complements your silhouette while providing ease of movement. Pair it effortlessly with jeans or tailored trousers for a chic, everyday ensemble. The quality viscose fabric ensures breathability and a luxurious touch against the skin. The embroidered pattern elevates the garment, making it a standout piece in your wardrobe. The regular fit and flattering silhouette work harmoniously to enhance your natural shape. This versatile top can be styled with jeans, shorts, or casual skirts for a trendy look. Complete your outfit with statement accessories for added flair. Wash and Care Made in India Manufactured and Marketed By:- NEXON OMNIVERSE LIMITED Address: D-202, Synthofine Estate, Off Aarey Road, Behind Virvani Ind.Estate, Goregaon East, Mumbai 400063 Disclaimer Product color may slightly vary due to photographic lighting sources on your monitor setting. Customer Care +91 7304053032 Customer Care Email id – sharewithus@styleunion.in 10:30 am to 6:30 pm from Monday to Friday Legal: compliance@nexonomniverse.com Franchise Enquiry Business Partner Form Style Union is a modern Indian fashion brand bringing everyday dressing a new sense of ease and confidence. We have 160+ stores across the country that offer a wide range of clothing for women, men, and kids, with styles made for real routines and changing days. We keep fashion practical and style-forward with weekly new launches across categories. Our online store makes shopping simple with smooth navigation, quick delivery, and access to the latest drops in one place. You can explore full collections, check availability, and shop comfortably from anywhere. We follow a transparent pricing model with no discounts or inflated tags. With a growing retail presence across India and a customer-first mindset, we focus on making fashion honest, accessible, and effortless for all.",8909404080569
"Apr 19, 2026 @ 15:58:50.230",9e9b4779b1ddd62a5a74651242981628,https://styleunion.in/collections/womens-tops/products/cotton-embroidered-full-sleeve-shirt-wsh00192?variant=47330917613817,Cotton Embroidered Full Sleeve Shirt,799,799,,Blue Indigo,XS,"Product Details Fabric Type: Cotton Weave Type: Woven Pattern: Embroidered Length: Regular Length Neck/Collar Type: Shirt Collar Sleeve Type: Full Sleeve Fit: Regular Fit Description Introducing our Cotton Embroidered Full Sleeve Shirt, designed for women who appreciate both style and comfort. This shirt features a beautiful embroidered pattern, perfect for adding a touch of elegance to your everyday wardrobe. Crafted from high-quality cotton, ensuring breathability and softness against the skin for all-day comfort. The woven fabric offers durability while maintaining a refined appearance, making it ideal for both casual and semi-formal occasions. Regular length and fit provide a flattering silhouette that complements various body types effortlessly. Full sleeves and a classic shirt collar enhance the shirt’s versatility, allowing for easy layering or wearing on its own. Pair this shirt with tailored pants or your favorite jeans for a chic, polished look that transitions seamlessly from day to night. Wash and Care Machine Wash 40°C. Wash Dark Colours Separately. Do Not Bleach. Tumble Dry Low. Do Not Iron On Embellishment. Warm Iron. Do Not Dry Clean Made in India Manufactured and Marketed By:- NEXON OMNIVERSE LIMITED Address: D-202, Synthofine Estate, Off Aarey Road, Behind Virvani Ind.Estate, Goregaon East, Mumbai 400063 Disclaimer Product color may slightly vary due to photographic lighting sourc Customer Care +91 7304053032 Customer Care Email id – sharewithus@styleunion.in 10:30 am to 6:30 pm from Monday to Friday Legal: compliance@nexonomniverse.com Franchise Enquiry Business Partner Form Style Union is a modern Indian fashion brand bringing everyday dressing a new sense of ease and confidence. We have 160+ stores across the country that offer a wide range of clothing for women, men, and kids, with styles made for real routines and changing days. We keep fashion practical and style-forward with weekly new launches across categories. Our online store makes shopping simple with smooth navigation, quick delivery, and access to the latest drops in one place. You can explore full collections, check availability, and shop comfortably from anywhere. We follow a transparent pricing model with no discounts or inflated tags. With a growing retail presence across India and a customer-first mindset, we focus on making fashion honest, accessible, and effortless for all.",8909404029414
"Apr 19, 2026 @ 15:58:50.488",1bbdefaba7f6e79182c6a6c8141e6eaf,https://styleunion.in/collections/womens-tops/products/slim-fit-structured-cropped-shirt-ywsh00156?variant=47130943750393,Slim Fit Structured Cropped Shirt,499,499,,Beige,XS,"Product Details Fabric Type: 93% Polyester, 7% Elastane Weave Type: Knit Pattern: Structured Length: Cropped Neck/Collar Type: Shirt Collar Sleeve Type: Short Sleeve Fit: Slim Fit Description Discover the epitome of modern elegance with our Slim Fit Structured Cropped Shirt. Designed for the fashion-forward woman, this shirt combines style and comfort effortlessly. The slim fit offers a modern, stylish, and tailored look that accentuates your silhouette, making it perfect for both casual outings and sophisticated gatherings. The structured pattern adds a touch of sophistication, while the cropped length provides a trendy edge. Comfortable Fabric: The blend of polyester and elastane ensures a soft, stretchy feel that moves with you, providing all-day comfort. Versatile Style: The shirt collar and short sleeves make it easy to dress up or down, suitable for any occasion. Effortless Elegance: The structured design and slim fit create a polished look without sacrificing comfort. Whether you're heading to a brunch with friends or a night out in the city, this shirt is your go-to choice for a chic and confident look. Wash and Care Machine Wash 30°C. Wash Dark Colours Separately. Do Not Bleach. Tumble Dry Low. Warm Iron. Do Not Dry Clean. Do Not Iron On Embellishment. Made in India Manufactured and Marketed By:- NEXON OMNIVERSE LIMITED Address: D-202, Synthofine Estate, Off Aarey Road, Behind Virvani Ind.Estate, Goregaon East, Mumbai 400063 Disclaimer Product color may slightly vary due to photographic lighting sourc Customer Care +91 7304053032 Customer Care Email id – sharewithus@styleunion.in 10:30 am to 6:30 pm from Monday to Friday Legal: compliance@nexonomniverse.com Franchise Enquiry Business Partner Form Style Union is a modern Indian fashion brand bringing everyday dressing a new sense of ease and confidence. We have 160+ stores across the country that offer a wide range of clothing for women, men, and kids, with styles made for real routines and changing days. We keep fashion practical and style-forward with weekly new launches across categories. Our online store makes shopping simple with smooth navigation, quick delivery, and access to the latest drops in one place. You can explore full collections, check availability, and shop comfortably from anywhere. We follow a transparent pricing model with no discounts or inflated tags. With a growing retail presence across India and a customer-first mindset, we focus on making fashion honest, accessible, and effortless for all.",8909404023160
"Apr 19, 2026 @ 15:58:50.658",6a411f2bc479c6ed1a1278f5df4022d2,https://styleunion.in/collections/womens-tops/products/structured-v-neck-cropped-top-ywto00379?variant=47330920431865,Structured V-Neck Cropped Top,499,499,,Dusty Rose,XS,"Product Details Fabric Type: Polyester Spandex (95% Polyester, 5% Spandex) Weave Type: Knit Pattern: Structured Length: Cropped Neck/Collar Type: V-Neck Sleeve Type: Short Sleeve Fit: Slim Fit Description Elevate your wardrobe with our Structured V-Neck Cropped Top, designed for the modern woman. This chic and versatile piece combines comfort with style, making it a must-have for any occasion. Crafted from a soft blend of 95% Polyester and 5% Spandex, ensuring a comfortable fit while retaining shape and structure. The slim fit design flatters your silhouette, making it perfect for both casual outings and dressier events. Featuring a structured pattern, this top adds a touch of sophistication to any ensemble. The cropped length pairs effortlessly with high-waisted bottoms for a trendy and stylish look. Short sleeves provide breathability, making it ideal for warm weather and layering options. Style this top with high-waisted jeans or a skirt for a chic, polished outfit perfect for day or night. Wash and Care Machine Wash 30°C. Wash Dark Colors Separately. Do Not Bleach. Tumble Dry Low. Cool Iron. Do Not Iron On Embellishment. Do Not Dry Clean Made in India Manufactured and Marketed By:- NEXON OMNIVERSE LIMITED Address: D-202, Synthofine Estate, Off Aarey Road, Behind Virvani Ind.Estate, Goregaon East, Mumbai 400063 Disclaimer Product color may slightly vary due to photographic lighting sourc Customer Care +91 7304053032 Customer Care Email id – sharewithus@styleunion.in 10:30 am to 6:30 pm from Monday to Friday Legal: compliance@nexonomniverse.com Franchise Enquiry Business Partner Form Style Union is a modern Indian fashion brand bringing everyday dressing a new sense of ease and confidence. We have 160+ stores across the country that offer a wide range of clothing for women, men, and kids, with styles made for real routines and changing days. We keep fashion practical and style-forward with weekly new launches across categories. Our online store makes shopping simple with smooth navigation, quick delivery, and access to the latest drops in one place. You can explore full collections, check availability, and shop comfortably from anywhere. We follow a transparent pricing model with no discounts or inflated tags. With a growing retail presence across India and a customer-first mindset, we focus on making fashion honest, accessible, and effortless for all.",8909404063630
"Apr 19, 2026 @ 15:58:50.810",c7771ea76808b60f61aec032e927b98a,https://styleunion.in/collections/womens-tops/products/structured-high-neck-slim-fit-top-ywto00382?variant=47477880357113,Structured High Neck Slim Fit Top,499,499,,Brown,XS,"Product Details Fabric Type: Polyester Elastane (93% Polyester, 7% Elastane) Weave type: Knit Pattern: Structured Length: Short Length Neck/Collar: High Neck Sleeve: Full Sleeve Fit: Slim Fit Description Elevate your wardrobe with our Structured High Neck Slim Fit Top, designed for the modern woman who values both style and comfort. Crafted from a high-quality polyester elastane blend, this top offers a soft, breathable feel while maintaining a sleek silhouette that flatters your figure. Highlight fabric quality and comfort. Highlight design and pattern appeal. Explain fit and silhouette benefit. Give styling versatility suggestion. Pair it effortlessly with tailored pants or your favorite jeans for a chic, polished look. Wash and Care Machine Wash 40°C. Wash Dark Colours Separately. Do Not Bleach. Tumble Dry Low. Warm Iron. Do Not Dry Clean. Do Not Iron On Embellishment. Made in India Manufactured and Marketed By:- NEXON OMNIVERSE LIMITED Address: D-202, Synthofine Estate, Off Aarey Road, Behind Virvani Ind.Estate, Goregaon East, Mumbai 400063 Disclaimer Product color may slightly vary due to photographic lighting sources on your monitor setting. Customer Care +91 7304053032 Customer Care Email id – sharewithus@styleunion.in 10:30 am to 6:30 pm from Monday to Friday Legal: compliance@nexonomniverse.com Franchise Enquiry Business Partner Form Style Union is a modern Indian fashion brand bringing everyday dressing a new sense of ease and confidence. We have 160+ stores across the country that offer a wide range of clothing for women, men, and kids, with styles made for real routines and changing days. We keep fashion practical and style-forward with weekly new launches across categories. Our online store makes shopping simple with smooth navigation, quick delivery, and access to the latest drops in one place. You can explore full collections, check availability, and shop comfortably from anywhere. We follow a transparent pricing model with no discounts or inflated tags. With a growing retail presence across India and a customer-first mindset, we focus on making fashion honest, accessible, and effortless for all.",8909404038331
"Apr 19, 2026 @ 15:58:52.597",4a16f9554411435bb3d5b13f393d11ab,https://styleunion.in/collections/womens-tops/products/printed-round-neck-top-wto00226?variant=47477877014777,Printed Round Neck Top,499,499,,Black,XS,"Product Details Fabric Type: Polyester Weave type: Woven Pattern: Printed Length: Regular Length Neck/Collar: Round Neck Sleeve: Short Sleeve Fit: Regular Fit Description Elevate your wardrobe with our Printed Round Neck Top, crafted from high-quality polyester for a soft and comfortable fit. The woven fabric features an eye-catching print that adds a touch of flair to your ensemble. The lightweight fabric ensures all-day comfort, making it perfect for both casual and dressy occasions. The vibrant printed design makes it a stylish statement piece that enhances your outfit. With a regular fit and flattering silhouette, this top pairs effortlessly with jeans or skirts for a chic look. Style it with tailored pants for work or with shorts for a weekend outing. Pair it with your favorite accessories for a complete look that exudes confidence. Wash and Care Hand Wash at 30°C. Wash dark colours separately. Do not bleach. Line dry. Do not iron on embellishments. Cool iron if needed. Do not dry clean. Made in India Manufactured and Marketed By:- NEXON OMNIVERSE LIMITED Address: D-202, Synthofine Estate, Off Aarey Road, Behind Virvani Ind.Estate, Goregaon East, Mumbai 400063 Disclaimer Product color may slightly vary due to photographic lighting sources on your monitor setting. Customer Care +91 7304053032 Customer Care Email id – sharewithus@styleunion.in 10:30 am to 6:30 pm from Monday to Friday Legal: compliance@nexonomniverse.com Franchise Enquiry Business Partner Form Style Union is a modern Indian fashion brand bringing everyday dressing a new sense of ease and confidence. We have 160+ stores across the country that offer a wide range of clothing for women, men, and kids, with styles made for real routines and changing days. We keep fashion practical and style-forward with weekly new launches across categories. Our online store makes shopping simple with smooth navigation, quick delivery, and access to the latest drops in one place. You can explore full collections, check availability, and shop comfortably from anywhere. We follow a transparent pricing model with no discounts or inflated tags. With a growing retail presence across India and a customer-first mindset, we focus on making fashion honest, accessible, and effortless for all.",8909404040488
"Apr 19, 2026 @ 15:58:52.820",340581bd12f9a69896e10eda8aa9f857,https://styleunion.in/collections/womens-tops/products/cotton-printed-smocking-top-with-3d-flowers-embelilshment-ywto00398?variant=47484228075769,Cotton Printed Smocking Top With 3D Flowers Embelilshment,699,699,,Off White,M,"Product Details Fabric Type: Cotton Weave type: Woven Pattern: Solid Length: Regular Length Neck/Collar: Square Neck Sleeve: Short Sleeve Fit: Slim Fit Description Introducing our Cotton Printed Smocking Top, where elegance meets comfort. Crafted from high-quality woven cotton, this top offers breathability and softness against the skin, making it perfect for all-day wear. The solid pattern and square neck design create a timeless silhouette that enhances your natural shape, while the short sleeves provide a relaxed yet stylish vibe. Effortlessly versatile, this top pairs beautifully with jeans, trousers, or shorts for a chic casual look. The breathable cotton fabric ensures all-day comfort, while its premium quality adds a touch of luxury. The solid pattern enhances the garment's overall appeal, making it a staple in your wardrobe. With a slim fit design, this top flatters a variety of body shapes, complementing your figure elegantly. Pair it with your favorite jeans or tailored trousers for an effortlessly stylish ensemble. Style it with high-waisted jeans for a trendy and polished look. Wash and Care Made in India Manufactured and Marketed By:- NEXON OMNIVERSE LIMITED Address: D-202, Synthofine Estate, Off Aarey Road, Behind Virvani Ind.Estate, Goregaon East, Mumbai 400063 Disclaimer Product color may slightly vary due to photographic lighting sources on your monitor setting. Customer Care +91 7304053032 Customer Care Email id – sharewithus@styleunion.in 10:30 am to 6:30 pm from Monday to Friday Legal: compliance@nexonomniverse.com Franchise Enquiry Business Partner Form Style Union is a modern Indian fashion brand bringing everyday dressing a new sense of ease and confidence. We have 160+ stores across the country that offer a wide range of clothing for women, men, and kids, with styles made for real routines and changing days. We keep fashion practical and style-forward with weekly new launches across categories. Our online store makes shopping simple with smooth navigation, quick delivery, and access to the latest drops in one place. You can explore full collections, check availability, and shop comfortably from anywhere. We follow a transparent pricing model with no discounts or inflated tags. With a growing retail presence across India and a customer-first mindset, we focus on making fashion honest, accessible, and effortless for all.",8909404094153
"Apr 19, 2026 @ 15:58:53.200",1a4315a701ed2fcc37bde9042475b7cb,https://styleunion.in/collections/womens-tops/products/checkered-woven-top-ywto00384?variant=48198874169593,Checkered Woven Top,699,699,,Black,XS,"Product Details Fabric Type: Polyester (60% Polyester, 40% Cotton) Weave type: Knit Pattern: Checkered Length: Cropped Neck/Collar: Sweet Heart Neck Fit: Slim Fit Description This Checkered Woven Top combines a breathable polyester blend with a chic slim fit, offering everyday comfort and stylish appeal. The cropped length and sweet heart neck enhance its fashionable design. Fabric & Comfort: The polyester blend is soft against the skin, ensuring breathability and all-day comfort. Design & Pattern: Featuring a trendy checkered pattern, this top adds a modern touch to any outfit. Fit & Silhouette: The slim fit design beautifully complements your body shape, providing a flattering silhouette. Durability & Quality: Crafted with quality construction, this top promises long-lasting wear and style. Wash and Care Machine Wash 40°C. Wash Dark Colours Separately. Do Not Bleach. Do Not Tumble Dry. Warm Iron. Do Not Dryclean, Do Not Iron On Embellishments. Made in India Manufactured and Marketed By:- NEXON OMNIVERSE LIMITED Address: D-202, Synthofine Estate, Off Aarey Road, Behind Virvani Ind.Estate, Goregaon East, Mumbai 400063 Disclaimer Product color may slightly vary due to photographic lighting sources on your monitor setting. Customer Care +91 7304053032 Customer Care Email id – sharewithus@styleunion.in 10:30 am to 6:30 pm from Monday to Friday Legal: compliance@nexonomniverse.com Franchise Enquiry Business Partner Form Style Union is a modern Indian fashion brand bringing everyday dressing a new sense of ease and confidence. We have 160+ stores across the country that offer a wide range of clothing for women, men, and kids, with styles made for real routines and changing days. We keep fashion practical and style-forward with weekly new launches across categories. Our online store makes shopping simple with smooth navigation, quick delivery, and access to the latest drops in one place. You can explore full collections, check availability, and shop comfortably from anywhere. We follow a transparent pricing model with no discounts or inflated tags. With a growing retail presence across India and a customer-first mindset, we focus on making fashion honest, accessible, and effortless for all.",8909404089364
"Apr 19, 2026 @ 15:58:53.408",e0df96312cecfafbe49b72d20247bf44,https://styleunion.in/collections/womens-tops/products/regular-fit-solid-shirt-lto00299?variant=46285221658873,Regular Fit Solid Shirt,799,799,,White,M,"Product Details Fabric Type: 99% Cotton, 1% Spandex Weave Type: Woven Pattern: Solid Length: Regular Length Neck/Collar Type: Shirt Collar Sleeve Type: Full Sleeve Fit: Regular Fit Description Experience the perfect blend of comfort and style with our Regular Fit Solid Shirt. Crafted from a premium cotton blend, this shirt offers a soft touch against your skin while maintaining its shape throughout the day. Whether you're heading to the office or enjoying a casual day out, this versatile piece is your go-to choice for effortless elegance. Comfortable Fabric: The 99% cotton composition ensures breathability and comfort, keeping you cool and relaxed all day long. Stretchable Fit: With 1% spandex, enjoy a slight stretch that moves with you, providing ease of movement and a flattering silhouette. Timeless Design: The solid pattern and classic shirt collar make it a timeless addition to your wardrobe, suitable for any occasion. Versatile Wear: Perfect for both professional and casual settings, this shirt pairs effortlessly with trousers or jeans. Wash and Care Hand Wash 30°C. Do Not Bleach. Wash Separately. Hang Dry In Shade. Hot Iron. Do Not Dry Clean. Do Not Iron On Embellishment. This Garment Has Tendency To Fade. Made in India Manufactured and Marketed By:- NEXON OMNIVERSE LIMITED Address: D-202, Synthofine Estate, Off Aarey Road, Behind Virvani Ind.Estate, Goregaon East, Mumbai 400063 Disclaimer Product color may slightly vary due to photographic lighting sources on your monitor setting. Customer Care +91 7304053032 Customer Care Email id – sharewithus@styleunion.in 10:30 am to 6:30 pm from Monday to Friday Legal: compliance@nexonomniverse.com Franchise Enquiry Business Partner Form Style Union is a modern Indian fashion brand bringing everyday dressing a new sense of ease and confidence. We have 160+ stores across the country that offer a wide range of clothing for women, men, and kids, with styles made for real routines and changing days. We keep fashion practical and style-forward with weekly new launches across categories. Our online store makes shopping simple with smooth navigation, quick delivery, and access to the latest drops in one place. You can explore full collections, check availability, and shop comfortably from anywhere. We follow a transparent pricing model with no discounts or inflated tags. With a growing retail presence across India and a customer-first mindset, we focus on making fashion honest, accessible, and effortless for all.",8907546967755
"Apr 19, 2026 @ 15:58:55.180",635ded03b0df4c9b174d55dc7856db06,https://styleunion.in/collections/womens-tops/products/airess-oversize-solid-t-shirt-atct00004?variant=47184556491001,Airess – Airdry® – Oversized Tee with Superior Drape,499,499,,Beige,XS,"Product Details Fabric Type: 80% Cotton, 20% Polyester Weave Type: Knit Fit: Oversized Neck: Crew Neck Sleeve: Short Sleeve Pattern: Solid Description AIRESS is designed for everyday comfort with a relaxed, oversized silhouette. Made from a cotton-polyester blend, it offers a soft feel with added durability. The breathable fabric helps keep you comfortable through the day, while the drop shoulder and wider neck rib create a laid-back, easy fit. Built for all-day wear, whether you're stepping out or staying in. Key Features Soft cotton blend with a smooth feel Breathable fabric for everyday comfort Oversized fit for a relaxed look Drop shoulder design for ease of movement Durable construction with shape retention What Makes It Stand Out Oversized silhouette with a structured drape Wider neck rib for a distinct look Balanced fabric blend for comfort and durability Easy to style across casual settings Wash & Care Instructions Machine wash at 30°C Wash dark colours separately Do not bleach Tumble dry low Warm iron Do not dry clean Made in India Manufactured and Marketed By:- NEXON OMNIVERSE LIMITED Address: D-202, Synthofine Estate, Off Aarey Road, Behind Virvani Ind.Estate, Goregaon East, Mumbai 400063 Disclaimer Product color may slightly vary due to photographic lighting sources on your monitor setting. Customer Care +91 7304053032 Customer Care Email id – sharewithus@styleunion.in 10:30 am to 6:30 pm from Monday to Friday Legal: compliance@nexonomniverse.com Franchise Enquiry Business Partner Form Style Union is a modern Indian fashion brand bringing everyday dressing a new sense of ease and confidence. We have 160+ stores across the country that offer a wide range of clothing for women, men, and kids, with styles made for real routines and changing days. We keep fashion practical and style-forward with weekly new launches across categories. Our online store makes shopping simple with smooth navigation, quick delivery, and access to the latest drops in one place. You can explore full collections, check availability, and shop comfortably from anywhere. We follow a transparent pricing model with no discounts or inflated tags. With a growing retail presence across India and a customer-first mindset, we focus on making fashion honest, accessible, and effortless for all.",8909404064101
"Apr 19, 2026 @ 15:58:55.390",ffc300e43e73e93e636c53f4f7040bc6,https://styleunion.in/collections/womens-tops/products/above-knee-air-dry-sprinter-shorts-pfst00003?variant=47330911486201,Sprinter – Airdry® – Running Shorts with Inner Support,699,699,,Balsam,XS,"Product Details Fabric Type: 90% Polyester, 10% Spandex Weave Type: Knit Pattern: Solid Length: Above Knee Fit: Regular Fit Waist Rise: Mid Rise Pockets: Welt Pocket, 2 Description Built for performance-focused movement, the Sprinter Running Shorts are designed to support you through every stride. The lightweight knit construction combined with stretch fabric allows ease of motion, while the inner brief provides added support during runs and high-intensity sessions. Reflective detailing enhances visibility, making it suitable for both day and low-light conditions. Key Features Inner brief for support Reflective details Engineered seam construction Lightweight knit fabric Stretchable for movement What Makes It Stand Out Designed for running and active use Supports movement with built-in compression Helps maintain comfort during extended wear Suitable for training and outdoor runs Wash & Care Instructions Machine wash at 30°C Wash dark colours separately Do not bleach Tumble dry low Warm iron Do not dry clean Do not iron on embellishments Made in India Manufactured and Marketed By:- NEXON OMNIVERSE LIMITED Address: D-202, Synthofine Estate, Off Aarey Road, Behind Virvani Ind.Estate, Goregaon East, Mumbai 400063 Disclaimer Product color may slightly vary due to photographic lighting sourc Customer Care +91 7304053032 Customer Care Email id – sharewithus@styleunion.in 10:30 am to 6:30 pm from Monday to Friday Legal: compliance@nexonomniverse.com Franchise Enquiry Business Partner Form Style Union is a modern Indian fashion brand bringing everyday dressing a new sense of ease and confidence. We have 160+ stores across the country that offer a wide range of clothing for women, men, and kids, with styles made for real routines and changing days. We keep fashion practical and style-forward with weekly new launches across categories. Our online store makes shopping simple with smooth navigation, quick delivery, and access to the latest drops in one place. You can explore full collections, check availability, and shop comfortably from anywhere. We follow a transparent pricing model with no discounts or inflated tags. With a growing retail presence across India and a customer-first mindset, we focus on making fashion honest, accessible, and effortless for all.",8909404049757
"Apr 19, 2026 @ 15:58:56.044",9881f63a8508f68bde915f1a1331ea7c,https://styleunion.in/collections/womens-tops/products/regular-fit-solid-shirt-collar-regular-length-shirt-smss00017?variant=46362676330745,Travelator™ Half Sleeve Shirt – Airdry® – 4 Way Ultra Stretch Fabric,699,699,,Black,S,"Product Details Fabric Type: Polyester (100% Elastomultiester) Weave Type: Knit Pattern: Solid Length: Regular Neck/Collar Type: Shirt Collar Sleeve Type: Half Sleeve Fit: Regular Fit Pockets: Patch Pocket, 1 Description Designed for everyday versatility, the Travelator™ Half Sleeve Shirt combines stretchable knit construction with a clean, solid look. The regular fit and shirt collar maintain a structured appearance, while the fabric allows ease of movement, making it suitable for both work and casual settings. Key Features 4-way ultra stretch fabric Wash & wear construction Zero top stitch finish Saville Row finish Patch pocket design What Makes It Stand Out Supports ease of movement throughout the day Maintains a clean and structured look Easy to maintain for regular use Works across formal and casual occasions Made in India Manufactured and Marketed By:- NEXON OMNIVERSE LIMITED Address: D-202, Synthofine Estate, Off Aarey Road, Behind Virvani Ind.Estate, Goregaon East, Mumbai 400063 Disclaimer Product color may slightly vary due to photographic lighting sources on your monitor setting. Customer Care +91 7304053032 Customer Care Email id – sharewithus@styleunion.in 10:30 am to 6:30 pm from Monday to Friday Legal: compliance@nexonomniverse.com Franchise Enquiry Business Partner Form Style Union is a modern Indian fashion brand bringing everyday dressing a new sense of ease and confidence. We have 160+ stores across the country that offer a wide range of clothing for women, men, and kids, with styles made for real routines and changing days. We keep fashion practical and style-forward with weekly new launches across categories. Our online store makes shopping simple with smooth navigation, quick delivery, and access to the latest drops in one place. You can explore full collections, check availability, and shop comfortably from anywhere. We follow a transparent pricing model with no discounts or inflated tags. With a growing retail presence across India and a customer-first mindset, we focus on making fashion honest, accessible, and effortless for all.",8909001584101
"Apr 19, 2026 @ 15:58:56.336",306b570e103027a5f8531d1e2d0b1f89,https://styleunion.in/collections/womens-tops/products/structured-crew-neck-t-shirt-pfct00018?variant=47565991215353,Velocitee™ 26 – Airdry® – Ultra-Light Ventilated Running Tee - Polyamide with Efast,499,499,,Endurance,XS,"Product Details Fabric Type: 88% Polyamide, 12% Spandex Weave Type: Knit Pattern: Solid Length: Regular Length Neck/Collar Type: Crew Neck Sleeve Type: Raglan Sleeve (Half Sleeve) Fit: Regular Fit Description Built for performance, the VELOCITEE running tee is designed to support movement and comfort during high-intensity activities. The raglan sleeve construction enhances mobility, while engineered seams maintain structure and durability. Crafted with micro perforated fabric, it allows improved airflow and ventilation. The lightweight polyamide blend ensures a breathable feel, while stretchable construction supports unrestricted movement throughout your run. Key Features Raglan sleeve crew neck design Micro perforated fabric for ventilation Engineered seam construction Moisture control performance 360° stretch fabric What Makes It Stand Out Keeps you cool and dry during workouts Allows free and flexible movement Lightweight feel for long runs Comfortable against the skin for extended wear Made in India Manufactured and Marketed By:- NEXON OMNIVERSE LIMITED Address: D-202, Synthofine Estate, Off Aarey Road, Behind Virvani Ind.Estate, Goregaon East, Mumbai 400063 Disclaimer Product color may slightly vary due to photographic lighting sources on your monitor setting. Customer Care +91 7304053032 Customer Care Email id – sharewithus@styleunion.in 10:30 am to 6:30 pm from Monday to Friday Legal: compliance@nexonomniverse.com Franchise Enquiry Business Partner Form Style Union is a modern Indian fashion brand bringing everyday dressing a new sense of ease and confidence. We have 160+ stores across the country that offer a wide range of clothing for women, men, and kids, with styles made for real routines and changing days. We keep fashion practical and style-forward with weekly new launches across categories. Our online store makes shopping simple with smooth navigation, quick delivery, and access to the latest drops in one place. You can explore full collections, check availability, and shop comfortably from anywhere. We follow a transparent pricing model with no discounts or inflated tags. With a growing retail presence across India and a customer-first mindset, we focus on making fashion honest, accessible, and effortless for all.",8909001678572
"Apr 19, 2026 @ 15:58:57.874",ed67ad0c382347fc3c9e5d25f8e1b794,https://styleunion.in/collections/womens-tops/products/solid-mid-rise-aero-shorts-atst00002?variant=47423823905017,Aeroshorts – Airdry® – All Day Comfort Shorts with Relaxed Fit,599,599,,Taupe,XS,"Product Details Fabric Type : 49% Polyester, 46% Modal, 5% Spandex Fit : Relaxed fit Length : Longer inseam Pockets : Patch pocket at back Design Detail : Paneling at front Description Aero shorts are designed with a relaxed fit and longer inseam for ease of movement and all-day comfort. Featuring front paneling for added structure and a patch pocket at the back, these shorts combine functionality with a clean look. Built with a polyester-modal-spandex blend, they offer a soft touch and flexible feel for everyday wear. Key Features Relaxed fit & All-day comfort Longer inseam Paneling at front & Patch pocket at back Quick-dry fabric Breathable & Stretchable Feels soft on touch Superior drape What Makes It Stand Out Aero shorts are built for comfort and ease. The relaxed fit and soft-touch fabric support all-day wear, while the stretchable construction allows flexibility in movement. Wash & Care Instructions Machine wash cold with similar colors Do not bleach Tumble dry low or hang to dry Do not iron directly on trims Do not dry clean Made in India Manufactured and Marketed By:- NEXON OMNIVERSE LIMITED Address: D-202, Synthofine Estate, Off Aarey Road, Behind Virvani Ind.Estate, Goregaon East, Mumbai 400063 Disclaimer Product color may slightly vary due to photographic lighting sources on your monitor setting. Customer Care +91 7304053032 Customer Care Email id – sharewithus@styleunion.in 10:30 am to 6:30 pm from Monday to Friday Legal: compliance@nexonomniverse.com Franchise Enquiry Business Partner Form Style Union is a modern Indian fashion brand bringing everyday dressing a new sense of ease and confidence. We have 160+ stores across the country that offer a wide range of clothing for women, men, and kids, with styles made for real routines and changing days. We keep fashion practical and style-forward with weekly new launches across categories. Our online store makes shopping simple with smooth navigation, quick delivery, and access to the latest drops in one place. You can explore full collections, check availability, and shop comfortably from anywhere. We follow a transparent pricing model with no discounts or inflated tags. With a growing retail presence across India and a customer-first mindset, we focus on making fashion honest, accessible, and effortless for all.",8909404064972
"Apr 19, 2026 @ 15:58:58.012",54b84a4c239a22041f4807ca2400f1b9,https://styleunion.in/collections/womens-tops/products/oversize-jacquard-hoodie-uplifter-sweatshirt-pfsws00001?variant=47423828001017,Uplifter – Airdry® – Sleeveless Hoodie with Stretch Training Fit,599,599,,White,XS,"Product Details Fabric Type: 80% Polyester, 20% Spandex Weave Type: Knit Pattern: Solid Length: Regular Length Neck/Collar Type: Hoodie Sleeve Type: Sleeveless Fit: Relaxed Fit Description Built for training and active movement, the Uplifter sleeveless hoodie combines a structured knit fabric with a relaxed fit for ease and flexibility. The sleeveless design allows unrestricted arm movement, while the adjustable hood toggle adds functional detail. Designed to support performance, it maintains a clean and athletic look throughout your workout. Key Features Sleeveless hoodie design Structured fabric construction Adjustable hood toggle Relaxed fit for comfort What Makes It Stand Out Allows free movement during workouts Comfortable for training sessions Lightweight feel for active use Soft touch for everyday wear Wash & Care Instructions Machine wash at 30°C Wash dark colours separately Do not bleach Tumble dry low Warm iron Do not dry clean Do not iron on embellishment Made in India Manufactured and Marketed By:- NEXON OMNIVERSE LIMITED Address: D-202, Synthofine Estate, Off Aarey Road, Behind Virvani Ind.Estate, Goregaon East, Mumbai 400063 Disclaimer Product color may slightly vary due to photographic lighting sources on your monitor setting. Customer Care +91 7304053032 Customer Care Email id – sharewithus@styleunion.in 10:30 am to 6:30 pm from Monday to Friday Legal: compliance@nexonomniverse.com Franchise Enquiry Business Partner Form Style Union is a modern Indian fashion brand bringing everyday dressing a new sense of ease and confidence. We have 160+ stores across the country that offer a wide range of clothing for women, men, and kids, with styles made for real routines and changing days. We keep fashion practical and style-forward with weekly new launches across categories. Our online store makes shopping simple with smooth navigation, quick delivery, and access to the latest drops in one place. You can explore full collections, check availability, and shop comfortably from anywhere. We follow a transparent pricing model with no discounts or inflated tags. With a growing retail presence across India and a customer-first mindset, we focus on making fashion honest, accessible, and effortless for all.",8909404064576
"Apr 19, 2026 @ 15:58:58.508",4e051d324937732258024361d0e64bd1,https://styleunion.in/collections/womens-tops/products/knitted-solid-flxtrack-air-pants-pflw00003?variant=47423827837177,Flxtrack – Airdry® – Built for Flexibility & Everyday Movement,799,799,,Taupe,S,"Product Details Fabric Type: Polyester Spandex(90% , 10% Spandex) Weave Type: Knit Pattern: Solid Length: Regular Length Fit: Regular Fit Pockets: Welt Pocket, 3 Waist Rise: Mid Rise Description Elevate your casual wardrobe with Flxtrack – Airdry® – built for flexibility & everyday movement, designed for men who value comfort and style. Crafted from a blend of polyester and spandex, these pants offer flexibility and breathability for everyday wear. Regular fit ensures a comfortable and relaxed silhouette, perfect for active lifestyles. Constructed with a durable knit fabric, providing both stretch and breathability for all-day wear. Features three welt pockets, offering ample storage for your essentials without compromising style. Mid rise waist design enhances comfort while maintaining a modern look suitable for various occasions. Pair with a simple tee and sneakers for a laid-back look, or dress them up with a button-up for a smart-casual ensemble. Wash and Care Machine Wash 30°C.Wash Dark Colours Separately. Do Not Bleach. Do Not Tumble Dry. Warm Iron. Do Not Dry Clean. Do Not Iron On Embellishment Made in India Manufactured and Marketed By:- NEXON OMNIVERSE LIMITED Address: D-202, Synthofine Estate, Off Aarey Road, Behind Virvani Ind.Estate, Goregaon East, Mumbai 400063 Disclaimer Product color may slightly vary due to photographic lighting sources on your monitor setting. Customer Care +91 7304053032 Customer Care Email id – sharewithus@styleunion.in 10:30 am to 6:30 pm from Monday to Friday Legal: compliance@nexonomniverse.com Franchise Enquiry Business Partner Form Style Union is a modern Indian fashion brand bringing everyday dressing a new sense of ease and confidence. We have 160+ stores across the country that offer a wide range of clothing for women, men, and kids, with styles made for real routines and changing days. We keep fashion practical and style-forward with weekly new launches across categories. Our online store makes shopping simple with smooth navigation, quick delivery, and access to the latest drops in one place. You can explore full collections, check availability, and shop comfortably from anywhere. We follow a transparent pricing model with no discounts or inflated tags. With a growing retail presence across India and a customer-first mindset, we focus on making fashion honest, accessible, and effortless for all.",8909404112123
"Apr 19, 2026 @ 15:58:59.218",5015252821b70ea3bde38f601a5d8a26,https://styleunion.in/collections/womens-tops/products/travelator-mid-rise-trackpant-airdry-4-way-ultra-stretch-fabric-atlw00004?variant=47566923006201,Travelator™ Pant – Airdry® – 4 Way Ultra Stretch Fabric,1199,1199,,Cement,28,"Product Details Fabric Type: Bionic Polyester Weave type: Knit Pattern: Solid Length: Regular Length Fit: Regular Fit Waist Rise: Mid Rise Pockets: 5 Description Experience next-level comfort with these Airdry Trackpants, engineered for performance, travel, and everyday wear. Crafted using advanced AirDry technology, the fabric ensures rapid moisture evaporation, keeping you cool, dry, and fresh throughout the day. Designed with a lightweight and breathable polyester knit, these trackpants enhance airflow while maintaining a soft, skin-friendly feel. The built-in stretch allows effortless movement, making them ideal for active lifestyles, long travel hours, or all-day wear. The minimal solid design delivers a clean, modern look, while the regular fit provides a balanced silhouette that suits every body type. With its wrinkle-resistant and easy-care properties, this is a true wash-and-wear essential for today’s fast-paced routine. Airdry Technology for fast drying and moisture management Breathable & Lightweight Fabric for all-day freshness 4-Way Stretch Comfort for unrestricted movement Travel-Friendly & Wrinkle-Resistant for easy packing Wash & Wear Convenience for low maintenance Solid Minimal Design for versatile styling Regular Fit for a comfortable and modern silhouette Perfect for travel, workouts, or daily wear, these Airdry trackpants combine performance, style, and convenience in one essential piece. Wash and Care Machine Wash 30°C. Wash Dark Colours Separately. Do Not Bleach. Tumble Dry Low. Warm Iron. Do Not Dry Clean. Do Not Iron On Embellishment. Made in India Manufactured and Marketed By:- NEXON OMNIVERSE LIMITED Address: D-202, Synthofine Estate, Off Aarey Road, Behind Virvani Ind.Estate, Goregaon East, Mumbai 400063 Disclaimer Product color may slightly vary due to photographic lighting sources on your monitor setting. Customer Care +91 7304053032 Customer Care Email id – sharewithus@styleunion.in 10:30 am to 6:30 pm from Monday to Friday Legal: compliance@nexonomniverse.com Franchise Enquiry Business Partner Form Style Union is a modern Indian fashion brand bringing everyday dressing a new sense of ease and confidence. We have 160+ stores across the country that offer a wide range of clothing for women, men, and kids, with styles made for real routines and changing days. We keep fashion practical and style-forward with weekly new launches across categories. Our online store makes shopping simple with smooth navigation, quick delivery, and access to the latest drops in one place. You can explore full collections, check availability, and shop comfortably from anywhere. We follow a transparent pricing model with no discounts or inflated tags. With a growing retail presence across India and a customer-first mindset, we focus on making fashion honest, accessible, and effortless for all.",8909404062589
"Apr 19, 2026 @ 15:59:00.179",b066204144b16cf83952dc64880b6b3f,https://styleunion.in/collections/womens-t-shirts/products/v-neck-cropped-t-shirt-with-side-ruching-ywft00104?variant=47130940899577,V-Neck Cropped T-Shirt With Side Ruching,399,399,,Blue,XS,"Product Details Fabric Type: 84% Cotton, 16% Nylon Weave Type: Knit Pattern: Solid Length: Cropped Neck/Collar Type: V-Neck Sleeve Type: Short Sleeve Fit: Slim Fit Description Experience the perfect blend of style and comfort with our V-Neck Cropped T-Shirt. Crafted from a soft cotton-nylon blend, this t-shirt offers a modern, stylish, and tailored fit that accentuates your silhouette. The solid pattern and V-neck design add a touch of elegance, making it a versatile piece for any wardrobe. Whether you're heading out for a casual day or dressing up for a night out, this t-shirt is your go-to choice for effortless style. Soft Fabric: The cotton-nylon blend ensures a comfortable and breathable wear, keeping you cool and confident all day long. Stylish Design: The V-neck and cropped length offer a chic and contemporary look, perfect for pairing with high-waisted jeans or skirts. Versatile Wear: Ideal for both casual outings and more dressed-up occasions, this t-shirt adapts to your lifestyle. Wash and Care Hand Wash 30°C. Wash Dark Colours Separately. Do Not Bleach. Line Dry. Cool Iron. Do Not Dry Clean. Made in India Manufactured and Marketed By:- NEXON OMNIVERSE LIMITED Address: D-202, Synthofine Estate, Off Aarey Road, Behind Virvani Ind.Estate, Goregaon East, Mumbai 400063 Disclaimer Product color may slightly vary due to photographic lighting sourc Customer Care +91 7304053032 Customer Care Email id – sharewithus@styleunion.in 10:30 am to 6:30 pm from Monday to Friday Legal: compliance@nexonomniverse.com Franchise Enquiry Business Partner Form Style Union is a modern Indian fashion brand bringing everyday dressing a new sense of ease and confidence. We have 160+ stores across the country that offer a wide range of clothing for women, men, and kids, with styles made for real routines and changing days. We keep fashion practical and style-forward with weekly new launches across categories. Our online store makes shopping simple with smooth navigation, quick delivery, and access to the latest drops in one place. You can explore full collections, check availability, and shop comfortably from anywhere. We follow a transparent pricing model with no discounts or inflated tags. With a growing retail presence across India and a customer-first mindset, we focus on making fashion honest, accessible, and effortless for all.",8909001809839
"Apr 19, 2026 @ 15:59:00.342",1ac75b7dfe72e7cbcdc2d173d2b15be4,https://styleunion.in/collections/womens-t-shirts/products/cotton-crew-neck-graphic-t-shirt-ywgt00360?variant=47423831769337,Cotton Crew Neck Graphic T-Shirt,199,199,,Red,XS,"Product Details Fabric Type: Cotton Weave Type: Knit Pattern: Graphic Length: Crop Length Top Neck/Collar Type: Crew Neck Sleeve Type: Short Sleeve Fit: Short Fit Description Elevate your casual wardrobe with our Cotton Crew Neck Graphic T-Shirt, designed for women who appreciate comfort and style. This crop-length top is perfect for layering or wearing on its own. Crafted from soft, breathable cotton for all-day comfort and durability, making it an ideal choice for everyday wear. Features a trendy graphic pattern that adds a modern touch, perfect for expressing your unique style. The crew neck design offers a classic silhouette that flatters various body types, providing a comfortable fit. Short sleeves and a short fit make this top perfect for warm days, ensuring you stay cool and stylish. Pair it with high-waisted jeans or a skirt for a chic, laid-back look that's perfect for any occasion. Wash and Care Machine Wash 40°C.Wash Dark Colours Separately.Do Not Bleach. Tumble Dry Low. Warm Iron. Do Not Dry Clean. Do Not Iron On Embellishment Made in India Manufactured and Marketed By:- NEXON OMNIVERSE LIMITED Address: D-202, Synthofine Estate, Off Aarey Road, Behind Virvani Ind.Estate, Goregaon East, Mumbai 400063 Disclaimer Product color may slightly vary due to photographic lighting sources on your monitor setting. Customer Care +91 7304053032 Customer Care Email id – sharewithus@styleunion.in 10:30 am to 6:30 pm from Monday to Friday Legal: compliance@nexonomniverse.com Franchise Enquiry Business Partner Form Style Union is a modern Indian fashion brand bringing everyday dressing a new sense of ease and confidence. We have 160+ stores across the country that offer a wide range of clothing for women, men, and kids, with styles made for real routines and changing days. We keep fashion practical and style-forward with weekly new launches across categories. Our online store makes shopping simple with smooth navigation, quick delivery, and access to the latest drops in one place. You can explore full collections, check availability, and shop comfortably from anywhere. We follow a transparent pricing model with no discounts or inflated tags. With a growing retail presence across India and a customer-first mindset, we focus on making fashion honest, accessible, and effortless for all.",8909404098496
"Apr 19, 2026 @ 15:59:01.179",95695b160b8896414697e43d0d22e260,https://styleunion.in/collections/womens-t-shirts/products/polyester-spandex-solid-short-sleeve-t-shirt-wact00061?variant=47405193756921,Gym Tee – Airdry® – Engineered for Air Ventilation & Easy Movement,399,399,,Dark Coffee,XS,"Product Details Fabric Type: 92% Polyester, 8% Elastane Weave Type: Knit Fit: Regular Fit Neck Type: Raglan Sleeve Crew Neck Sleeve Type: Short Sleeve Fabric: Micro Perforated Fabric Branding: Reflective Branding Description Designed for all-day movement, the Women’s Gym Tee combines breathable micro perforated fabric with a lightweight feel for consistent comfort. The raglan sleeve construction supports ease of movement, while the stretchable fabric adapts to your routine. Built with engineered seams and reflective branding, this tee balances functionality with a clean, active look—ideal for both workouts and everyday wear. Key Features Quick dry fabric to manage sweat Breathable with air ventilation Stretchable for ease of movement Cool to touch for added comfort Lightweight construction Reflective branding detail What Makes It Stand Out Keeps you cool and dry during activity Moves comfortably with your body Lightweight feel for all-day wear Works for both training and daily use Wash & Care Instructions Machine wash as per care label instructions Wash dark colours separately Do not bleach Line dry recommended Made in India Manufactured and Marketed By:- NEXON OMNIVERSE LIMITED Address: D-202, Synthofine Estate, Off Aarey Road, Behind Virvani Ind.Estate, Goregaon East, Mumbai 400063 Disclaimer Product color may slightly vary due to photographic lighting sources on your monitor setting. Customer Care +91 7304053032 Customer Care Email id – sharewithus@styleunion.in 10:30 am to 6:30 pm from Monday to Friday Legal: compliance@nexonomniverse.com Franchise Enquiry Business Partner Form Style Union is a modern Indian fashion brand bringing everyday dressing a new sense of ease and confidence. We have 160+ stores across the country that offer a wide range of clothing for women, men, and kids, with styles made for real routines and changing days. We keep fashion practical and style-forward with weekly new launches across categories. Our online store makes shopping simple with smooth navigation, quick delivery, and access to the latest drops in one place. You can explore full collections, check availability, and shop comfortably from anywhere. We follow a transparent pricing model with no discounts or inflated tags. With a growing retail presence across India and a customer-first mindset, we focus on making fashion honest, accessible, and effortless for all.",8909001956403
"Apr 19, 2026 @ 15:59:01.564",8b3fed7c413e933d7a32a345266bb376,https://styleunion.in/collections/womens-t-shirts/products/graphic-longline-active-tee-wact00067?variant=46688772194553,Air Dry Graphic Oversized V-Neck Longline T-Shirt,499,499,,Black,S,"Product Details Fabric Type: 100% Polyester Weave Type: Knit Pattern: Graphic Length: Longline Neck/Collar Type: V Neck Sleeve Type: Short Sleeve Fit: Oversize Description Experience the ultimate blend of comfort and style with our Graphic Oversized V Neck Longline T-Shirt. This piece is designed to offer a relaxed fit that drapes beautifully, making it a versatile addition to your wardrobe. Whether you're lounging at home or stepping out for a casual day, this t-shirt ensures you do so in style and comfort. Comfortable Fabric: Made from 100% polyester, this t-shirt is lightweight and breathable, keeping you cool and comfortable all day long. Stylish Design: The graphic pattern adds a touch of personality, making it perfect for expressing your unique style. Versatile Fit: The oversized fit provides a roomy, easygoing feel, perfect for layering or wearing on its own. Effortless Style: The V neck and longline length create a flattering silhouette that pairs well with leggings or jeans. Ideal for casual outings, weekend getaways, or simply relaxing at home, this t-shirt is your go-to for effortless style and comfort. Wash and Care Hand Wash 30°C. Wash Dark Colours Separately. Do Not Bleach. Line Dry. Do Not Iron On Embellishment. Cool Iron. Do Not Dry Clean. Made in India Manufactured and Marketed By:- NEXON OMNIVERSE LIMITED Address: D-202, Synthofine Estate, Off Aarey Road, Behind Virvani Ind.Estate, Goregaon East, Mumbai 400063 Disclaimer Product color may slightly vary due to photographic lighting sources on your monitor setting. Customer Care +91 7304053032 Customer Care Email id – sharewithus@styleunion.in 10:30 am to 6:30 pm from Monday to Friday Legal: compliance@nexonomniverse.com Franchise Enquiry Business Partner Form Style Union is a modern Indian fashion brand bringing everyday dressing a new sense of ease and confidence. We have 160+ stores across the country that offer a wide range of clothing for women, men, and kids, with styles made for real routines and changing days. We keep fashion practical and style-forward with weekly new launches across categories. Our online store makes shopping simple with smooth navigation, quick delivery, and access to the latest drops in one place. You can explore full collections, check availability, and shop comfortably from anywhere. We follow a transparent pricing model with no discounts or inflated tags. With a growing retail presence across India and a customer-first mindset, we focus on making fashion honest, accessible, and effortless for all.",8909001875605
"Apr 19, 2026 @ 15:59:02.539",53edface9c80d0915b9565f4a5555f6e,https://styleunion.in/collections/womens-t-shirts/products/graphic-longline-active-tee-wact00068?variant=46688772948217,Air Dry Graphic Oversized Longline T-Shirt,299,299,,Blue,S,"Product Details Fabric Type: 100% Polyester Weave Type: Knit Pattern: Graphic Length: Longline Neck/Collar Type: Round Neck Sleeve Type: Short Sleeve Fit: Oversize Description Experience the ultimate in comfort and style with our Graphic Oversized Longline T-Shirt. Crafted from 100% polyester, this tee offers a soft, breathable feel that keeps you comfortable all day long. The oversized fit provides a relaxed, easygoing vibe, perfect for casual outings or lounging at home. Comfortable Fabric: The 100% polyester knit ensures a lightweight and breathable experience, ideal for warm days. Stylish Graphic Pattern: Make a statement with the bold graphic design, adding a touch of personality to your outfit. Versatile Longline Length: The longline cut offers extra coverage and pairs perfectly with leggings or jeans for a chic, laid-back look. Easygoing Oversize Fit: Enjoy the freedom of movement and a relaxed silhouette that flatters all body types. Whether you're heading to a casual brunch or enjoying a lazy day at home, this t-shirt is your go-to choice for effortless style and comfort. Wash and Care Hand Wash 30°C. Wash Dark Colours Separately. Do Not Bleach. Line Dry. Do Not Iron On Embellishment. Cool Iron. Do Not Dry Clean. Made in India Manufactured and Marketed By:- NEXON OMNIVERSE LIMITED Address: D-202, Synthofine Estate, Off Aarey Road, Behind Virvani Ind.Estate, Goregaon East, Mumbai 400063 Disclaimer Product color may slightly vary due to photographic lighting sources on your monitor setting. Customer Care +91 7304053032 Customer Care Email id – sharewithus@styleunion.in 10:30 am to 6:30 pm from Monday to Friday Legal: compliance@nexonomniverse.com Franchise Enquiry Business Partner Form Style Union is a modern Indian fashion brand bringing everyday dressing a new sense of ease and confidence. We have 160+ stores across the country that offer a wide range of clothing for women, men, and kids, with styles made for real routines and changing days. We keep fashion practical and style-forward with weekly new launches across categories. Our online store makes shopping simple with smooth navigation, quick delivery, and access to the latest drops in one place. You can explore full collections, check availability, and shop comfortably from anywhere. We follow a transparent pricing model with no discounts or inflated tags. With a growing retail presence across India and a customer-first mindset, we focus on making fashion honest, accessible, and effortless for all.",8909001875667
"Apr 19, 2026 @ 15:59:02.758",18913baaa08bce63015546605e61e560,https://styleunion.in/collections/womens-t-shirts/products/cotton-graphic-crew-neck-t-shirt-wgt00159?variant=47477875998969,Cotton Graphic Crew Neck T-Shirt,199,199,,Trekking Green,XS,"Product Details Fabric Type: Cotton Weave type: Knit Pattern: Graphic Length: Regular Length Neck/Collar: Crew Neck Sleeve: Short Sleeve Fit: Regular Fit Description Experience the ultimate comfort with our Cotton Graphic Crew Neck T-Shirt, designed for women who appreciate both style and quality. Crafted from soft, breathable cotton in a trendy knit, this t-shirt features a captivating graphic pattern that adds a touch of flair to your outfit. Highlight fabric quality and comfort. Highlight design and pattern appeal. Explain fit and silhouette benefit. Give styling versatility suggestion. This versatile piece can easily be paired with your favorite jeans or shorts for a chic, casual look. Wash and Care Hand Wash at 30°C. Do Not Bleach. Wash Separately. Hang Dry In Shade. Hot Iron. Do Not Dry Clean. Do Not Iron On Embellishment. This Garment Has A Tendency To Fade. Made in India Manufactured and Marketed By:- NEXON OMNIVERSE LIMITED Address: D-202, Synthofine Estate, Off Aarey Road, Behind Virvani Ind.Estate, Goregaon East, Mumbai 400063 Disclaimer Product color may slightly vary due to photographic lighting sources on your monitor setting. Customer Care +91 7304053032 Customer Care Email id – sharewithus@styleunion.in 10:30 am to 6:30 pm from Monday to Friday Legal: compliance@nexonomniverse.com Franchise Enquiry Business Partner Form Style Union is a modern Indian fashion brand bringing everyday dressing a new sense of ease and confidence. We have 160+ stores across the country that offer a wide range of clothing for women, men, and kids, with styles made for real routines and changing days. We keep fashion practical and style-forward with weekly new launches across categories. Our online store makes shopping simple with smooth navigation, quick delivery, and access to the latest drops in one place. You can explore full collections, check availability, and shop comfortably from anywhere. We follow a transparent pricing model with no discounts or inflated tags. With a growing retail presence across India and a customer-first mindset, we focus on making fashion honest, accessible, and effortless for all.",8909404022439
"Apr 19, 2026 @ 15:59:03.631",05f6ddb09d5a4578276c883ee03a3e88,https://styleunion.in/collections/womens-t-shirts/products/active-solid-aviator-t-shirt-wact00083?variant=47130933657849,Active Solid Aviator T-Shirt,299,299,,Chocolate,XS,"Product Details Fabric Type: 93% Polyester, 7% Elastane Weave Type: Knit Pattern: Solid Length: Regular Length Neck/Collar Type: Round Neck Sleeve Type: Short Sleeve Fit: Regular Fit Description Experience the perfect blend of comfort and style with the Active Aviator T-Shirt. Crafted from a soft and stretchy fabric, this t-shirt offers unparalleled comfort and freedom of movement, making it an ideal choice for active days or casual outings. The solid pattern and round neck design provide a timeless look that can easily be dressed up or down. Soft Fabric: The polyester elastane blend ensures a soft touch against the skin, providing all-day comfort. Stretchable Material: Enjoy the flexibility and ease of movement with the elastane component, perfect for active lifestyles. Versatile Design: The solid pattern and classic round neck make it a versatile piece that pairs well with any outfit. Easy Maintenance: Machine washable for hassle-free care, keeping your t-shirt looking fresh and new. Whether you're heading to the gym, running errands, or lounging at home, the Active Aviator T-Shirt is your go-to choice for effortless style and comfort. Wash and Care Machine Wash 40°C. Wash Dark Colours Separately. Do Not Bleach. Tumble Dry Low. Warm Iron. Do Not Dry Clean. Do Not Iron On Embellishment. Made in India Manufactured and Marketed By:- NEXON OMNIVERSE LIMITED Address: D-202, Synthofine Estate, Off Aarey Road, Behind Virvani Ind.Estate, Goregaon East, Mumbai 400063 Disclaimer Product color may slightly vary due to photographic lighting sourc Customer Care +91 7304053032 Customer Care Email id – sharewithus@styleunion.in 10:30 am to 6:30 pm from Monday to Friday Legal: compliance@nexonomniverse.com Franchise Enquiry Business Partner Form Style Union is a modern Indian fashion brand bringing everyday dressing a new sense of ease and confidence. We have 160+ stores across the country that offer a wide range of clothing for women, men, and kids, with styles made for real routines and changing days. We keep fashion practical and style-forward with weekly new launches across categories. Our online store makes shopping simple with smooth navigation, quick delivery, and access to the latest drops in one place. You can explore full collections, check availability, and shop comfortably from anywhere. We follow a transparent pricing model with no discounts or inflated tags. With a growing retail presence across India and a customer-first mindset, we focus on making fashion honest, accessible, and effortless for all.",8909001929124
"Apr 19, 2026 @ 15:59:03.874",54bdfd8039cab8789adacdf3c4e35848,https://styleunion.in/collections/womens-t-shirts/products/cotton-graphic-crew-neck-oversize-t-shirt-ywgt00333?variant=47444053852409,Cotton Graphic Crew Neck Oversize T-Shirt,349,349,,Dusty Blue,XS,"Product Details Fabric Type: Cotton Weave Type: Knit Pattern: Graphic Length: Regular Length Neck/Collar Type: Crew Neck Sleeve Type: Short Sleeve Fit: Oversize Description This Cotton Graphic Crew Neck Oversize T-Shirt combines high-quality fabric with a trendy graphic design, ensuring both comfort and style. The soft knit material allows for breathability, while the eye-catching pattern adds a contemporary flair to your wardrobe. Highlight fabric quality and comfort. Highlight design and pattern appeal. Explain fit and silhouette benefit. Give styling versatility suggestion. Pair it effortlessly with your favorite jeans for a casual yet chic look. Wash and Care Machine wash at 40°C. Wash dark colours separately. Do not bleach. Tumble dry low. Warm iron. Do not dry clean. Do not iron on embellishment. Made in India Manufactured and Marketed By:- NEXON OMNIVERSE LIMITED Address: D-202, Synthofine Estate, Off Aarey Road, Behind Virvani Ind.Estate, Goregaon East, Mumbai 400063 Disclaimer Product color may slightly vary due to photographic lighting sources on your monitor setting. Customer Care +91 7304053032 Customer Care Email id – sharewithus@styleunion.in 10:30 am to 6:30 pm from Monday to Friday Legal: compliance@nexonomniverse.com Franchise Enquiry Business Partner Form Style Union is a modern Indian fashion brand bringing everyday dressing a new sense of ease and confidence. We have 160+ stores across the country that offer a wide range of clothing for women, men, and kids, with styles made for real routines and changing days. We keep fashion practical and style-forward with weekly new launches across categories. Our online store makes shopping simple with smooth navigation, quick delivery, and access to the latest drops in one place. You can explore full collections, check availability, and shop comfortably from anywhere. We follow a transparent pricing model with no discounts or inflated tags. With a growing retail presence across India and a customer-first mindset, we focus on making fashion honest, accessible, and effortless for all.",8909404037006
"Apr 19, 2026 @ 15:59:04.981",5005b9de014814d48a489fb9dd327279,https://styleunion.in/collections/womens-t-shirts/products/regular-fit-solid-t-shirt-wact00029?variant=46283999117561,Air Dry Solid Active Tee Short Sleeve T-Shirt,299,299,,Black,XS,"Product Details Fabric Type: 100% Polyester Weave Type: Knit Pattern: Solid Length: Regular Length Neck/Collar Type: Round Neck Sleeve Type: Short Sleeve Fit: Regular Fit Description Experience the perfect blend of comfort and style with our Solid Active Tee Short Sleeve T-Shirt. Crafted from high-quality polyester, this tee promises a soft touch against your skin while ensuring durability and breathability. Whether you're heading to the gym or enjoying a casual day out, this versatile piece is designed to keep you looking effortlessly chic. Comfortable Fabric : Crafted from 100% polyester for a breathable and feather-light feel. Solid Pattern : Timeless and versatile—pairs effortlessly with joggers, shorts, or leggings. Round Neck : Classic silhouette with a flattering neckline. Short Sleeves : Ideal for warmer days or high-intensity workouts. Moisture-Wicking : Pulls sweat away to keep you fresh and dry. High Performance : Designed to support an active lifestyle. Easy Flow Fit : Promotes mobility for workouts and daily wear. Rounded Hem : Offers added back coverage for movement with confidence. Breathable & Lightweight : Feels cool and effortless all day. This tee is your go-to choice for any casual occasion, offering a relaxed fit that complements your active lifestyle. Pair it with your favorite jeans or leggings for a look that's both comfortable and stylish. Wash and Care Hand Wash 30°C Wash Dark Colours Separately Do Not Bleach Line Dry Do Not Iron On Embellishment Cool Iron Do Not Dryclean Made in India Manufactured and Marketed By:- NEXON OMNIVERSE LIMITED Address: D-202, Synthofine Estate, Off Aarey Road, Behind Virvani Ind.Estate, Goregaon East, Mumbai 400063 Disclaimer Product color may slightly vary due to photographic lighting sources on your monitor setting. Customer Care +91 7304053032 Customer Care Email id – sharewithus@styleunion.in 10:30 am to 6:30 pm from Monday to Friday Legal: compliance@nexonomniverse.com Franchise Enquiry Business Partner Form Style Union is a modern Indian fashion brand bringing everyday dressing a new sense of ease and confidence. We have 160+ stores across the country that offer a wide range of clothing for women, men, and kids, with styles made for real routines and changing days. We keep fashion practical and style-forward with weekly new launches across categories. Our online store makes shopping simple with smooth navigation, quick delivery, and access to the latest drops in one place. You can explore full collections, check availability, and shop comfortably from anywhere. We follow a transparent pricing model with no discounts or inflated tags. With a growing retail presence across India and a customer-first mindset, we focus on making fashion honest, accessible, and effortless for all.",8909001581766
"Apr 19, 2026 @ 15:59:06.098",660a19d4180e91c8cf03e4594df5231d,https://styleunion.in/collections/womens-t-shirts/products/regular-fit-solid-t-shirt-lete00186?variant=46285145866489,Solid Round Neck T-Shirt,199,199,,Black,XXS,"Product Details Fabric Type: 100% Cotton Weave Type: Knit Pattern: Solid Length: Regular Length Neck/Collar Type: Round Neck Sleeve Type: Short Sleeve Fit: Regular Fit Description Experience the perfect blend of comfort and style with our Regular Fit Solid T-Shirt. Crafted from 100% cotton, this t-shirt offers a soft touch against your skin, making it ideal for all-day wear. Its solid pattern and classic round neck design make it a versatile addition to your wardrobe, perfect for both casual outings and relaxed evenings at home. Comfortable Fabric: The 100% cotton fabric ensures breathability and softness, keeping you comfortable throughout the day. Versatile Style: The solid pattern and regular length make it easy to pair with any outfit, whether you're dressing up or down. Effortless Elegance: The round neck and short sleeves offer a timeless look that never goes out of style. Whether you're heading to a casual brunch or lounging at home, this t-shirt is your go-to choice for effortless style and comfort. Wash and Care Machine Wash 40°C. Wash Dark Colours Separately. Do Not Bleach. Tumble Dry Low. Warm Iron. Do Not Dry Clean. Do Not Iron On Embellishment. Made in India Manufactured and Marketed By:- NEXON OMNIVERSE LIMITED Address: D-202, Synthofine Estate, Off Aarey Road, Behind Virvani Ind.Estate, Goregaon East, Mumbai 400063 Disclaimer Product color may slightly vary due to photographic lighting sources on your monitor setting. Customer Care +91 7304053032 Customer Care Email id – sharewithus@styleunion.in 10:30 am to 6:30 pm from Monday to Friday Legal: compliance@nexonomniverse.com Franchise Enquiry Business Partner Form Style Union is a modern Indian fashion brand bringing everyday dressing a new sense of ease and confidence. We have 160+ stores across the country that offer a wide range of clothing for women, men, and kids, with styles made for real routines and changing days. We keep fashion practical and style-forward with weekly new launches across categories. Our online store makes shopping simple with smooth navigation, quick delivery, and access to the latest drops in one place. You can explore full collections, check availability, and shop comfortably from anywhere. We follow a transparent pricing model with no discounts or inflated tags. With a growing retail presence across India and a customer-first mindset, we focus on making fashion honest, accessible, and effortless for all.",8909001293867
"Apr 19, 2026 @ 15:59:06.291",f9952f656b90ba4c18bd3ac5a8ae9f8a,https://styleunion.in/collections/womens-t-shirts/products/slim-fit-solid-t-shirt-ywet00064?variant=46284026773753,Slim Fit Short Sleeve Crop T-Shirt,299,299,,Blush,XS,"Product Details Fabric Type: Cotton Elastane (95% Cotton, 5% Elastane) Weave Type: Knit Pattern: Solid Length: Cropped Neck/Collar Type: Round Neck Sleeve Type: Short Sleeve Fit: Slim Fit Description Experience the perfect blend of comfort and style with our Slim Fit Short Sleeve Crop T-Shirt. Crafted from a soft cotton elastane blend, this t-shirt offers a snug fit that moves with you, ensuring all-day comfort. Its solid pattern and cropped length make it a versatile piece that can be dressed up or down, perfect for any occasion. Comfortable Fit: The slim fit design offers a modern, stylish look that enhances your silhouette. Soft Fabric: Made from a 95% cotton and 5% elastane blend, providing a soft touch against your skin. Versatile Style: The solid pattern and cropped length make it easy to pair with high-waisted jeans or skirts for a chic look. Easy Movement: The elastane in the fabric allows for stretch, ensuring you can move freely without restriction. Whether you're heading out for a casual day with friends or a relaxed evening, this t-shirt is your go-to choice for effortless style and comfort. Wash and Care Machine Wash 40°C. Wash Dark Colours Separately. Do Not Bleach. Tumble Dry Low. Do Not Iron On Embellishment. Warm Iron. Do Not Dry Clean. Made in India Manufactured and Marketed By:- NEXON OMNIVERSE LIMITED Address: D-202, Synthofine Estate, Off Aarey Road, Behind Virvani Ind.Estate, Goregaon East, Mumbai 400063 Disclaimer Product color may slightly vary due to photographic lighting sources on your monitor setting. Customer Care +91 7304053032 Customer Care Email id – sharewithus@styleunion.in 10:30 am to 6:30 pm from Monday to Friday Legal: compliance@nexonomniverse.com Franchise Enquiry Business Partner Form Style Union is a modern Indian fashion brand bringing everyday dressing a new sense of ease and confidence. We have 160+ stores across the country that offer a wide range of clothing for women, men, and kids, with styles made for real routines and changing days. We keep fashion practical and style-forward with weekly new launches across categories. Our online store makes shopping simple with smooth navigation, quick delivery, and access to the latest drops in one place. You can explore full collections, check availability, and shop comfortably from anywhere. We follow a transparent pricing model with no discounts or inflated tags. With a growing retail presence across India and a customer-first mindset, we focus on making fashion honest, accessible, and effortless for all.",8909001710371
"Apr 19, 2026 @ 15:59:06.448",ad469fb20697d9e0d1c2664314785b2d,https://styleunion.in/collections/womens-t-shirts/products/air-dry-relaxed-fit-solid-t-shirt-wet00014?variant=47022116602105,Air Dry Relaxed Fit Solid T-Shirt,249,249,,Black,S,"Product Details Fabric Type: 52% Cotton, 48% Polyester Weave Type: Knit Pattern: Solid Length: Regular Length Neck/Collar Type: Round Neck Sleeve Type: Short Sleeve Fit: Relaxed Fit Description Experience the perfect blend of comfort and style with our Relaxed Fit Solid T-Shirt. Crafted from a soft cotton-polyester blend, this t-shirt offers a gentle touch against your skin, making it ideal for all-day wear. The solid pattern and round neck design provide a timeless look that pairs effortlessly with any outfit. Whether you're lounging at home or heading out for a casual day, this t-shirt is your go-to choice for versatile fashion. Soft Fabric: The cotton-polyester blend ensures a soft, breathable feel, keeping you comfortable throughout the day. Timeless Design: The solid pattern and round neck offer a classic look that never goes out of style. Versatile Wear: Perfect for casual outings, relaxed weekends, or as a layering piece in cooler weather. Easy Care: Machine washable for hassle-free maintenance, ensuring your t-shirt stays fresh and vibrant. Wash and Care Machine Wash 40°C. Wash Dark Colours Separately. Do Not Bleach. Tumble Dry Low. Warm Iron. Do Not Dryclean. Made in India Manufactured and Marketed By:- NEXON OMNIVERSE LIMITED Address: D-202, Synthofine Estate, Off Aarey Road, Behind Virvani Ind.Estate, Goregaon East, Mumbai 400063 Disclaimer Product color may slightly vary due to photographic lighting sourc Customer Care +91 7304053032 Customer Care Email id – sharewithus@styleunion.in 10:30 am to 6:30 pm from Monday to Friday Legal: compliance@nexonomniverse.com Franchise Enquiry Business Partner Form Style Union is a modern Indian fashion brand bringing everyday dressing a new sense of ease and confidence. We have 160+ stores across the country that offer a wide range of clothing for women, men, and kids, with styles made for real routines and changing days. We keep fashion practical and style-forward with weekly new launches across categories. Our online store makes shopping simple with smooth navigation, quick delivery, and access to the latest drops in one place. You can explore full collections, check availability, and shop comfortably from anywhere. We follow a transparent pricing model with no discounts or inflated tags. With a growing retail presence across India and a customer-first mindset, we focus on making fashion honest, accessible, and effortless for all.",8909001968154
"Apr 19, 2026 @ 15:59:07.258",30083161ef8de1296bef19d2874aee64,https://styleunion.in/collections/womens-t-shirts/products/cotton-graphic-boxy-t-shirt-ywgt00351?variant=48198845235449,Cotton Graphic Boxy T-Shirt,249,249,,Rosewood,XS,"Product Details Fabric Type: Cotton Weave type: Knit Pattern: Graphic Length: Cropped Neck/Collar: Round Neck Sleeve: Short Sleeve Fit: Boxy Fit Description This Cotton Graphic Boxy T-Shirt combines comfort with style, featuring a breathable fabric and a modern graphic design. Its cropped length and boxy fit offer a relaxed silhouette perfect for everyday wear. Fabric & Comfort: The cotton fabric provides a soft, breathable feel, ensuring all-day comfort. Design & Pattern: The graphic pattern adds a trendy touch, making it a stylish choice for any casual outfit. Fit & Silhouette: The boxy fit flatters various body shapes, providing a laid-back vibe. Durability & Quality: Crafted with high-quality materials, this t-shirt is designed for long-lasting wear. Wash and Care Machine Wash 40°C. Wash Dark Colours Separately. Do Not Bleach. Tumble Dry Low. Warm Iron. Do Not Dry Clean. Do Not Iron On Embellishment. Made in India Manufactured and Marketed By:- NEXON OMNIVERSE LIMITED Address: D-202, Synthofine Estate, Off Aarey Road, Behind Virvani Ind.Estate, Goregaon East, Mumbai 400063 Disclaimer Product color may slightly vary due to photographic lighting sources on your monitor setting. Customer Care +91 7304053032 Customer Care Email id – sharewithus@styleunion.in 10:30 am to 6:30 pm from Monday to Friday Legal: compliance@nexonomniverse.com Franchise Enquiry Business Partner Form Style Union is a modern Indian fashion brand bringing everyday dressing a new sense of ease and confidence. We have 160+ stores across the country that offer a wide range of clothing for women, men, and kids, with styles made for real routines and changing days. We keep fashion practical and style-forward with weekly new launches across categories. Our online store makes shopping simple with smooth navigation, quick delivery, and access to the latest drops in one place. You can explore full collections, check availability, and shop comfortably from anywhere. We follow a transparent pricing model with no discounts or inflated tags. With a growing retail presence across India and a customer-first mindset, we focus on making fashion honest, accessible, and effortless for all.",8909404133654
"Apr 19, 2026 @ 15:59:08.401",5d2bbbb4928c69dba0b0b5b463dce428,https://styleunion.in/collections/womens-t-shirts/products/cotton-knitted-striped-t-shirt-ywft00456?variant=48198816760057,Cotton Knitted Striped T-Shirt,699,699,,Sage,XS,"Product Details Fabric Type: Cotton Weave type: Knit Pattern: Striped Length: Regular Length Neck/Collar: Round Neck Sleeve: Short Sleeve Fit: Regular Fit Description This Cotton Knitted Striped T-Shirt features a comfortable round neck and short sleeves, perfect for everyday wear. The regular fit and soft fabric provide a stylish yet relaxed look. Fabric & Comfort: The cotton fabric is soft, breathable, and perfect for all-day wear. Design & Pattern: The striped pattern adds a trendy touch to a classic style. Fit & Silhouette: The regular fit flatters the body while allowing for easy movement. Durability & Quality: Crafted with high-quality construction for long-lasting wear. Wash and Care Machine Wash 40°C. Wash Dark Colours Separately. Do Not Bleach. Tumble Dry Low. Warm Iron. Do Not Dry Clean. Do Not Iron On Embellishment. Made in India Manufactured and Marketed By:- NEXON OMNIVERSE LIMITED Address: D-202, Synthofine Estate, Off Aarey Road, Behind Virvani Ind.Estate, Goregaon East, Mumbai 400063 Disclaimer Product color may slightly vary due to photographic lighting sources on your monitor setting. Customer Care +91 7304053032 Customer Care Email id – sharewithus@styleunion.in 10:30 am to 6:30 pm from Monday to Friday Legal: compliance@nexonomniverse.com Franchise Enquiry Business Partner Form Style Union is a modern Indian fashion brand bringing everyday dressing a new sense of ease and confidence. We have 160+ stores across the country that offer a wide range of clothing for women, men, and kids, with styles made for real routines and changing days. We keep fashion practical and style-forward with weekly new launches across categories. Our online store makes shopping simple with smooth navigation, quick delivery, and access to the latest drops in one place. You can explore full collections, check availability, and shop comfortably from anywhere. We follow a transparent pricing model with no discounts or inflated tags. With a growing retail presence across India and a customer-first mindset, we focus on making fashion honest, accessible, and effortless for all.",8909404116541
"Apr 19, 2026 @ 15:59:08.730",3861ba2642ff5157bfa1a749de275027,https://styleunion.in/collections/womens-t-shirts/products/slim-fit-solid-short-length-t-shirt-ywet00077?variant=46314089513209,Betty T-Shirt Made With Comfortable Fabric,399,399,,Black,S,"Product Details Fabric Type: 95% Cotton, 5% Elastane Weave Type: Knit Pattern: Solid Length: Short Length Neck/Collar Type: Polo Neck Sleeve Type: Short Sleeve Fit: Slim Fit Description Experience the perfect blend of comfort and style with our Slim Fit Short Sleeve T-Shirt. Crafted from a soft and stretchy cotton elastane blend, this t-shirt offers a modern, stylish, and tailored fit that enhances your silhouette while providing all-day comfort. Whether you're heading to a casual brunch or a relaxed day out, this versatile piece seamlessly fits into any wardrobe. Comfortable Fabric: The cotton elastane blend ensures a soft touch against your skin, allowing for easy movement and breathability. Stylish Polo Neck: Adds a touch of sophistication, making it suitable for both casual and semi-formal occasions. Slim Fit Design: Offers a contemporary look that flatters your figure, perfect for those who prefer a more tailored appearance. Solid Pattern: A classic design that pairs effortlessly with any outfit, providing endless styling possibilities. Embrace the effortless elegance of this t-shirt, ideal for pairing with jeans or skirts for a chic and polished look. Wash and Care Machine Wash 40°C. Wash Dark Colours Separately. Do Not Bleach. Tumble Dry Low. Do Not Iron On Embellishment. Warm Iron. Do Not Dry Clean. Made in India Manufactured and Marketed By:- NEXON OMNIVERSE LIMITED Address: D-202, Synthofine Estate, Off Aarey Road, Behind Virvani Ind.Estate, Goregaon East, Mumbai 400063 Disclaimer Product color may slightly vary due to photographic lighting sources on your monitor setting. Customer Care +91 7304053032 Customer Care Email id – sharewithus@styleunion.in 10:30 am to 6:30 pm from Monday to Friday Legal: compliance@nexonomniverse.com Franchise Enquiry Business Partner Form Style Union is a modern Indian fashion brand bringing everyday dressing a new sense of ease and confidence. We have 160+ stores across the country that offer a wide range of clothing for women, men, and kids, with styles made for real routines and changing days. We keep fashion practical and style-forward with weekly new launches across categories. Our online store makes shopping simple with smooth navigation, quick delivery, and access to the latest drops in one place. You can explore full collections, check availability, and shop comfortably from anywhere. We follow a transparent pricing model with no discounts or inflated tags. With a growing retail presence across India and a customer-first mindset, we focus on making fashion honest, accessible, and effortless for all.",8909001713211
"Apr 19, 2026 @ 15:59:08.874",93934b7d56a691fcbda25396c3c0f9d5,https://styleunion.in/collections/womens-t-shirts/products/knitted-bow-print-slim-fit-t-shirt-ywft00429?variant=48198802014457,Knitted Bow Print Slim Fit T-Shirt,399,399,,Off White,XS,"Product Details Fabric Type: Cotton Elastane (95% Cotton, 5% Elastane) Weave type: Knit Pattern: Bow Print Length: Cropped Neck/Collar: Round Neck Sleeve: Short Sleeve Fit: Slim Fit Description This Knitted Bow Print Slim Fit T-Shirt combines a soft cotton elastane blend with a stylish bow pattern for a chic, comfortable look. Perfect for everyday wear, its slim fit and cropped length enhance your silhouette. Fabric & Comfort: The cotton elastane fabric offers a soft touch and breathability for all-day comfort. Design & Pattern: The bow print adds a playful yet elegant detail, making it a standout piece. Fit & Silhouette: The slim fit design flatters the body shape, providing a sleek appearance. Durability & Quality: Crafted with quality construction, this T-shirt promises long-lasting wear. Wash and Care Machine Wash 40°C. Wash Dark Colours Separately, Use Mild Detergent, Do Not Bleach. Do Not Iron, Line Dry. Made in India Manufactured and Marketed By:- NEXON OMNIVERSE LIMITED Address: D-202, Synthofine Estate, Off Aarey Road, Behind Virvani Ind.Estate, Goregaon East, Mumbai 400063 Disclaimer Product color may slightly vary due to photographic lighting sources on your monitor setting. Customer Care +91 7304053032 Customer Care Email id – sharewithus@styleunion.in 10:30 am to 6:30 pm from Monday to Friday Legal: compliance@nexonomniverse.com Franchise Enquiry Business Partner Form Style Union is a modern Indian fashion brand bringing everyday dressing a new sense of ease and confidence. We have 160+ stores across the country that offer a wide range of clothing for women, men, and kids, with styles made for real routines and changing days. We keep fashion practical and style-forward with weekly new launches across categories. Our online store makes shopping simple with smooth navigation, quick delivery, and access to the latest drops in one place. You can explore full collections, check availability, and shop comfortably from anywhere. We follow a transparent pricing model with no discounts or inflated tags. With a growing retail presence across India and a customer-first mindset, we focus on making fashion honest, accessible, and effortless for all.",8909404098946
"Apr 19, 2026 @ 15:59:09.556",b95c384e34b227abc7ba542c160329ce,https://styleunion.in/collections/womens-t-shirts/products/knitted-graphic-slim-fit-t-shirt-ywgt00370?variant=47535169503481,Knitted Graphic Slim Fit T-Shirt,349,349,,Black,XS,"Product Details Fabric Type: Cotton Elastane (95% Cotton, 5% Elastane) Weave type: Knit Pattern: Graphic Length: Cropped Neck/Collar: Round Neck Sleeve: Short Sleeve Fit: Slim Fit Description This Knitted Graphic Slim Fit T-Shirt is made from soft cotton elastane for ultimate comfort. Its cropped length and round neck design enhance its modern appeal. Fabric & Comfort: The cotton elastane blend offers breathability and softness, perfect for everyday wear. Design & Pattern: The graphic pattern adds a trendy touch to your casual wardrobe. Fit & Silhouette: The slim fit beautifully complements your shape while providing ease of movement. Durability & Quality: Crafted with quality materials, this t-shirt promises long-lasting wear. Wash and Care Machine Wash 40°C. Wash Dark Colours Separately. Do Not Bleach. Tumble Dry Low. Do Not Iron On Embellishment. Warm Iron. Do Not Dry Clean Made in India Manufactured and Marketed By:- NEXON OMNIVERSE LIMITED Address: D-202, Synthofine Estate, Off Aarey Road, Behind Virvani Ind.Estate, Goregaon East, Mumbai 400063 Disclaimer Product color may slightly vary due to photographic lighting sources on your monitor setting. Customer Care +91 7304053032 Customer Care Email id – sharewithus@styleunion.in 10:30 am to 6:30 pm from Monday to Friday Legal: compliance@nexonomniverse.com Franchise Enquiry Business Partner Form Style Union is a modern Indian fashion brand bringing everyday dressing a new sense of ease and confidence. We have 160+ stores across the country that offer a wide range of clothing for women, men, and kids, with styles made for real routines and changing days. We keep fashion practical and style-forward with weekly new launches across categories. Our online store makes shopping simple with smooth navigation, quick delivery, and access to the latest drops in one place. You can explore full collections, check availability, and shop comfortably from anywhere. We follow a transparent pricing model with no discounts or inflated tags. With a growing retail presence across India and a customer-first mindset, we focus on making fashion honest, accessible, and effortless for all.",8909404090179
"Apr 19, 2026 @ 15:59:10.814",41b4a19082bc1b2eea9d53545d159274,https://styleunion.in/collections/womens-t-shirts/products/knitted-graphic-slim-fit-t-shirt-ywgt00365?variant=47535169208569,Knitted Graphic Slim Fit T-Shirt,349,349,,Red,XS,"Product Details Fabric Type: Cotton Elastane (95% Cotton, 5% Elastane) Weave type: Knit Pattern: Graphic Length: Cropped Neck/Collar: Round Neck Sleeve: Short Sleeve Fit: Slim Fit Description This Knitted Graphic Slim Fit T-Shirt offers a comfortable fit with its breathable cotton elastane fabric. The cropped length and round neck design enhance its trendy appeal. Fabric & Comfort: The cotton elastane blend ensures a soft touch and breathability for all-day wear. Design & Pattern: Features a stylish graphic pattern that adds a modern flair to any outfit. Fit & Silhouette: The slim fit design flatters the body shape while providing ease of movement. Durability & Quality: Crafted with quality materials for long-lasting wear and durability. Wash and Care Machine Wash 40°C. Wash Dark Colours Separately. Do Not Bleach. Tumble Dry Low. Do Not Iron On Embellishment. Warm Iron. Do Not Dry Clean Made in India Manufactured and Marketed By:- NEXON OMNIVERSE LIMITED Address: D-202, Synthofine Estate, Off Aarey Road, Behind Virvani Ind.Estate, Goregaon East, Mumbai 400063 Disclaimer Product color may slightly vary due to photographic lighting sources on your monitor setting. Customer Care +91 7304053032 Customer Care Email id – sharewithus@styleunion.in 10:30 am to 6:30 pm from Monday to Friday Legal: compliance@nexonomniverse.com Franchise Enquiry Business Partner Form Style Union is a modern Indian fashion brand bringing everyday dressing a new sense of ease and confidence. We have 160+ stores across the country that offer a wide range of clothing for women, men, and kids, with styles made for real routines and changing days. We keep fashion practical and style-forward with weekly new launches across categories. Our online store makes shopping simple with smooth navigation, quick delivery, and access to the latest drops in one place. You can explore full collections, check availability, and shop comfortably from anywhere. We follow a transparent pricing model with no discounts or inflated tags. With a growing retail presence across India and a customer-first mindset, we focus on making fashion honest, accessible, and effortless for all.",8909404090582
"Apr 19, 2026 @ 15:59:11.202",2bb75948fe7a906a4170b0c5eb1808d4,https://styleunion.in/collections/womens-t-shirts/products/cotton-graphic-oversize-t-shirt-ywgt00341?variant=47535168618745,Cotton Graphic Oversize T-Shirt,349,349,,Off White,XS,"Product Details Fabric Type: Cotton Weave type: Knit Pattern: Graphic Length: Longline Neck/Collar: Round Neck Sleeve: Short Sleeve Fit: Oversize Description This Cotton Graphic Oversize T-Shirt combines comfort with style, featuring a breathable fabric and a chic graphic design. Its longline cut and round neck enhance a relaxed, trendy silhouette. Fabric & Comfort: Soft cotton knit offers breathability and all-day comfort. Design & Pattern: Eye-catching graphic pattern adds a modern touch. Fit & Silhouette: Oversize fit flatters various body shapes for a laid-back look. Durability & Quality: Crafted for lasting wear with high-quality construction. Wash and Care Machine Wash 40°C. Wash Dark Colours Separately. Do Not Bleach. Tumble Dry Low. Do Not Iron On Embellishment. Warm Iron. Do Not Dry Clean Made in India Manufactured and Marketed By:- NEXON OMNIVERSE LIMITED Address: D-202, Synthofine Estate, Off Aarey Road, Behind Virvani Ind.Estate, Goregaon East, Mumbai 400063 Disclaimer Product color may slightly vary due to photographic lighting sources on your monitor setting. Customer Care +91 7304053032 Customer Care Email id – sharewithus@styleunion.in 10:30 am to 6:30 pm from Monday to Friday Legal: compliance@nexonomniverse.com Franchise Enquiry Business Partner Form Style Union is a modern Indian fashion brand bringing everyday dressing a new sense of ease and confidence. We have 160+ stores across the country that offer a wide range of clothing for women, men, and kids, with styles made for real routines and changing days. We keep fashion practical and style-forward with weekly new launches across categories. Our online store makes shopping simple with smooth navigation, quick delivery, and access to the latest drops in one place. You can explore full collections, check availability, and shop comfortably from anywhere. We follow a transparent pricing model with no discounts or inflated tags. With a growing retail presence across India and a customer-first mindset, we focus on making fashion honest, accessible, and effortless for all.",8909404099356
"Apr 19, 2026 @ 15:59:11.342",e21fbc03bda3518fee8958c5ac50b201,https://styleunion.in/collections/womens-t-shirts/products/cotton-knitted-graphic-t-shirt-ywgt00308?variant=47535168356601,Cotton Knitted Graphic T-Shirt,199,199,,Red,XS,"Product Details Fabric Type: Cotton Weave type: Knit Pattern: Graphic Length: Short Length Neck/Collar: Round Neck Sleeve: Short Sleeve Fit: Regular Fit Description This Cotton Knitted Graphic T-Shirt offers a soft, breathable feel perfect for everyday wear. Its regular fit and short sleeves make it a stylish choice for casual outings. Fabric & Comfort: The cotton fabric ensures breathability and all-day comfort. Design & Pattern: The eye-catching graphic pattern adds a trendy touch to your wardrobe. Fit & Silhouette: The regular fit flatters various body shapes while providing ease of movement. Durability & Quality: Crafted for long-lasting wear, this t-shirt maintains its quality through repeated washes. Wash and Care Machine Wash 40°C. Wash Dark Colours Separately. Do Not Bleach. Tumble Dry Low. Warm Iron. Do Not Dry Clean. Do Not Iron On Embellishment. Made in India Manufactured and Marketed By:- NEXON OMNIVERSE LIMITED Address: D-202, Synthofine Estate, Off Aarey Road, Behind Virvani Ind.Estate, Goregaon East, Mumbai 400063 Disclaimer Product color may slightly vary due to photographic lighting sources on your monitor setting. Customer Care +91 7304053032 Customer Care Email id – sharewithus@styleunion.in 10:30 am to 6:30 pm from Monday to Friday Legal: compliance@nexonomniverse.com Franchise Enquiry Business Partner Form Style Union is a modern Indian fashion brand bringing everyday dressing a new sense of ease and confidence. We have 160+ stores across the country that offer a wide range of clothing for women, men, and kids, with styles made for real routines and changing days. We keep fashion practical and style-forward with weekly new launches across categories. Our online store makes shopping simple with smooth navigation, quick delivery, and access to the latest drops in one place. You can explore full collections, check availability, and shop comfortably from anywhere. We follow a transparent pricing model with no discounts or inflated tags. With a growing retail presence across India and a customer-first mindset, we focus on making fashion honest, accessible, and effortless for all.",8909404001953
"Apr 19, 2026 @ 15:59:12.492",c567499af50818e6eb77f7d3a0a19d7f,https://styleunion.in/collections/womens-t-shirts/products/structured-crew-neck-t-shirt-pfct00018?variant=47565991215353,Velocitee™ 26 – Airdry® – Ultra-Light Ventilated Running Tee - Polyamide with Efast,499,499,,Endurance,XS,"Product Details Fabric Type: 88% Polyamide, 12% Spandex Weave Type: Knit Pattern: Solid Length: Regular Length Neck/Collar Type: Crew Neck Sleeve Type: Raglan Sleeve (Half Sleeve) Fit: Regular Fit Description Built for performance, the VELOCITEE running tee is designed to support movement and comfort during high-intensity activities. The raglan sleeve construction enhances mobility, while engineered seams maintain structure and durability. Crafted with micro perforated fabric, it allows improved airflow and ventilation. The lightweight polyamide blend ensures a breathable feel, while stretchable construction supports unrestricted movement throughout your run. Key Features Raglan sleeve crew neck design Micro perforated fabric for ventilation Engineered seam construction Moisture control performance 360° stretch fabric What Makes It Stand Out Keeps you cool and dry during workouts Allows free and flexible movement Lightweight feel for long runs Comfortable against the skin for extended wear Made in India Manufactured and Marketed By:- NEXON OMNIVERSE LIMITED Address: D-202, Synthofine Estate, Off Aarey Road, Behind Virvani Ind.Estate, Goregaon East, Mumbai 400063 Disclaimer Product color may slightly vary due to photographic lighting sources on your monitor setting. Customer Care +91 7304053032 Customer Care Email id – sharewithus@styleunion.in 10:30 am to 6:30 pm from Monday to Friday Legal: compliance@nexonomniverse.com Franchise Enquiry Business Partner Form Style Union is a modern Indian fashion brand bringing everyday dressing a new sense of ease and confidence. We have 160+ stores across the country that offer a wide range of clothing for women, men, and kids, with styles made for real routines and changing days. We keep fashion practical and style-forward with weekly new launches across categories. Our online store makes shopping simple with smooth navigation, quick delivery, and access to the latest drops in one place. You can explore full collections, check availability, and shop comfortably from anywhere. We follow a transparent pricing model with no discounts or inflated tags. With a growing retail presence across India and a customer-first mindset, we focus on making fashion honest, accessible, and effortless for all.",8909001678572
"Apr 19, 2026 @ 15:59:13.528",48e3e0a06ab58f3f16532a54251a8cc2,https://styleunion.in/collections/womens-t-shirts/products/regular-fit-solid-shirt-collar-regular-length-shirt-smss00017?variant=46362676330745,Travelator™ Half Sleeve Shirt – Airdry® – 4 Way Ultra Stretch Fabric,699,699,,Black,S,"Product Details Fabric Type: Polyester (100% Elastomultiester) Weave Type: Knit Pattern: Solid Length: Regular Neck/Collar Type: Shirt Collar Sleeve Type: Half Sleeve Fit: Regular Fit Pockets: Patch Pocket, 1 Description Designed for everyday versatility, the Travelator™ Half Sleeve Shirt combines stretchable knit construction with a clean, solid look. The regular fit and shirt collar maintain a structured appearance, while the fabric allows ease of movement, making it suitable for both work and casual settings. Key Features 4-way ultra stretch fabric Wash & wear construction Zero top stitch finish Saville Row finish Patch pocket design What Makes It Stand Out Supports ease of movement throughout the day Maintains a clean and structured look Easy to maintain for regular use Works across formal and casual occasions Made in India Manufactured and Marketed By:- NEXON OMNIVERSE LIMITED Address: D-202, Synthofine Estate, Off Aarey Road, Behind Virvani Ind.Estate, Goregaon East, Mumbai 400063 Disclaimer Product color may slightly vary due to photographic lighting sources on your monitor setting. Customer Care +91 7304053032 Customer Care Email id – sharewithus@styleunion.in 10:30 am to 6:30 pm from Monday to Friday Legal: compliance@nexonomniverse.com Franchise Enquiry Business Partner Form Style Union is a modern Indian fashion brand bringing everyday dressing a new sense of ease and confidence. We have 160+ stores across the country that offer a wide range of clothing for women, men, and kids, with styles made for real routines and changing days. We keep fashion practical and style-forward with weekly new launches across categories. Our online store makes shopping simple with smooth navigation, quick delivery, and access to the latest drops in one place. You can explore full collections, check availability, and shop comfortably from anywhere. We follow a transparent pricing model with no discounts or inflated tags. With a growing retail presence across India and a customer-first mindset, we focus on making fashion honest, accessible, and effortless for all.",8909001584101
"Apr 19, 2026 @ 15:59:13.800",6175e24aaa4b3557602322d7116d4e87,https://styleunion.in/collections/womens-t-shirts/products/above-knee-air-dry-sprinter-shorts-pfst00003?variant=47330911486201,Sprinter – Airdry® – Running Shorts with Inner Support,699,699,,Balsam,XS,"Product Details Fabric Type: 90% Polyester, 10% Spandex Weave Type: Knit Pattern: Solid Length: Above Knee Fit: Regular Fit Waist Rise: Mid Rise Pockets: Welt Pocket, 2 Description Built for performance-focused movement, the Sprinter Running Shorts are designed to support you through every stride. The lightweight knit construction combined with stretch fabric allows ease of motion, while the inner brief provides added support during runs and high-intensity sessions. Reflective detailing enhances visibility, making it suitable for both day and low-light conditions. Key Features Inner brief for support Reflective details Engineered seam construction Lightweight knit fabric Stretchable for movement What Makes It Stand Out Designed for running and active use Supports movement with built-in compression Helps maintain comfort during extended wear Suitable for training and outdoor runs Wash & Care Instructions Machine wash at 30°C Wash dark colours separately Do not bleach Tumble dry low Warm iron Do not dry clean Do not iron on embellishments Made in India Manufactured and Marketed By:- NEXON OMNIVERSE LIMITED Address: D-202, Synthofine Estate, Off Aarey Road, Behind Virvani Ind.Estate, Goregaon East, Mumbai 400063 Disclaimer Product color may slightly vary due to photographic lighting sourc Customer Care +91 7304053032 Customer Care Email id – sharewithus@styleunion.in 10:30 am to 6:30 pm from Monday to Friday Legal: compliance@nexonomniverse.com Franchise Enquiry Business Partner Form Style Union is a modern Indian fashion brand bringing everyday dressing a new sense of ease and confidence. We have 160+ stores across the country that offer a wide range of clothing for women, men, and kids, with styles made for real routines and changing days. We keep fashion practical and style-forward with weekly new launches across categories. Our online store makes shopping simple with smooth navigation, quick delivery, and access to the latest drops in one place. You can explore full collections, check availability, and shop comfortably from anywhere. We follow a transparent pricing model with no discounts or inflated tags. With a growing retail presence across India and a customer-first mindset, we focus on making fashion honest, accessible, and effortless for all.",8909404049757
"Apr 19, 2026 @ 15:59:13.960",6417ffbbfcadbbfa640184ff1eda830f,https://styleunion.in/collections/womens-t-shirts/products/airess-oversize-solid-t-shirt-atct00004?variant=47184556491001,Airess – Airdry® – Oversized Tee with Superior Drape,499,499,,Beige,XS,"Product Details Fabric Type: 80% Cotton, 20% Polyester Weave Type: Knit Fit: Oversized Neck: Crew Neck Sleeve: Short Sleeve Pattern: Solid Description AIRESS is designed for everyday comfort with a relaxed, oversized silhouette. Made from a cotton-polyester blend, it offers a soft feel with added durability. The breathable fabric helps keep you comfortable through the day, while the drop shoulder and wider neck rib create a laid-back, easy fit. Built for all-day wear, whether you're stepping out or staying in. Key Features Soft cotton blend with a smooth feel Breathable fabric for everyday comfort Oversized fit for a relaxed look Drop shoulder design for ease of movement Durable construction with shape retention What Makes It Stand Out Oversized silhouette with a structured drape Wider neck rib for a distinct look Balanced fabric blend for comfort and durability Easy to style across casual settings Wash & Care Instructions Machine wash at 30°C Wash dark colours separately Do not bleach Tumble dry low Warm iron Do not dry clean Made in India Manufactured and Marketed By:- NEXON OMNIVERSE LIMITED Address: D-202, Synthofine Estate, Off Aarey Road, Behind Virvani Ind.Estate, Goregaon East, Mumbai 400063 Disclaimer Product color may slightly vary due to photographic lighting sources on your monitor setting. Customer Care +91 7304053032 Customer Care Email id – sharewithus@styleunion.in 10:30 am to 6:30 pm from Monday to Friday Legal: compliance@nexonomniverse.com Franchise Enquiry Business Partner Form Style Union is a modern Indian fashion brand bringing everyday dressing a new sense of ease and confidence. We have 160+ stores across the country that offer a wide range of clothing for women, men, and kids, with styles made for real routines and changing days. We keep fashion practical and style-forward with weekly new launches across categories. Our online store makes shopping simple with smooth navigation, quick delivery, and access to the latest drops in one place. You can explore full collections, check availability, and shop comfortably from anywhere. We follow a transparent pricing model with no discounts or inflated tags. With a growing retail presence across India and a customer-first mindset, we focus on making fashion honest, accessible, and effortless for all.",8909404064101
"Apr 19, 2026 @ 15:59:15.078",b424c23a35447f60bf1c46472cd7a092,https://styleunion.in/collections/womens-t-shirts/products/knitted-solid-flxtrack-air-pants-pflw00003?variant=47423827837177,Flxtrack – Airdry® – Built for Flexibility & Everyday Movement,799,799,,Taupe,S,"Product Details Fabric Type: Polyester Spandex(90% , 10% Spandex) Weave Type: Knit Pattern: Solid Length: Regular Length Fit: Regular Fit Pockets: Welt Pocket, 3 Waist Rise: Mid Rise Description Elevate your casual wardrobe with Flxtrack – Airdry® – built for flexibility & everyday movement, designed for men who value comfort and style. Crafted from a blend of polyester and spandex, these pants offer flexibility and breathability for everyday wear. Regular fit ensures a comfortable and relaxed silhouette, perfect for active lifestyles. Constructed with a durable knit fabric, providing both stretch and breathability for all-day wear. Features three welt pockets, offering ample storage for your essentials without compromising style. Mid rise waist design enhances comfort while maintaining a modern look suitable for various occasions. Pair with a simple tee and sneakers for a laid-back look, or dress them up with a button-up for a smart-casual ensemble. Wash and Care Machine Wash 30°C.Wash Dark Colours Separately. Do Not Bleach. Do Not Tumble Dry. Warm Iron. Do Not Dry Clean. Do Not Iron On Embellishment Made in India Manufactured and Marketed By:- NEXON OMNIVERSE LIMITED Address: D-202, Synthofine Estate, Off Aarey Road, Behind Virvani Ind.Estate, Goregaon East, Mumbai 400063 Disclaimer Product color may slightly vary due to photographic lighting sources on your monitor setting. Customer Care +91 7304053032 Customer Care Email id – sharewithus@styleunion.in 10:30 am to 6:30 pm from Monday to Friday Legal: compliance@nexonomniverse.com Franchise Enquiry Business Partner Form Style Union is a modern Indian fashion brand bringing everyday dressing a new sense of ease and confidence. We have 160+ stores across the country that offer a wide range of clothing for women, men, and kids, with styles made for real routines and changing days. We keep fashion practical and style-forward with weekly new launches across categories. Our online store makes shopping simple with smooth navigation, quick delivery, and access to the latest drops in one place. You can explore full collections, check availability, and shop comfortably from anywhere. We follow a transparent pricing model with no discounts or inflated tags. With a growing retail presence across India and a customer-first mindset, we focus on making fashion honest, accessible, and effortless for all.",8909404112123
"Apr 19, 2026 @ 15:59:16.123",dd443af026ded969943fbc460e3aae98,https://styleunion.in/collections/womens-t-shirts/products/solid-mid-rise-aero-shorts-atst00002?variant=47423823905017,Aeroshorts – Airdry® – All Day Comfort Shorts with Relaxed Fit,599,599,,Taupe,XS,"Product Details Fabric Type : 49% Polyester, 46% Modal, 5% Spandex Fit : Relaxed fit Length : Longer inseam Pockets : Patch pocket at back Design Detail : Paneling at front Description Aero shorts are designed with a relaxed fit and longer inseam for ease of movement and all-day comfort. Featuring front paneling for added structure and a patch pocket at the back, these shorts combine functionality with a clean look. Built with a polyester-modal-spandex blend, they offer a soft touch and flexible feel for everyday wear. Key Features Relaxed fit & All-day comfort Longer inseam Paneling at front & Patch pocket at back Quick-dry fabric Breathable & Stretchable Feels soft on touch Superior drape What Makes It Stand Out Aero shorts are built for comfort and ease. The relaxed fit and soft-touch fabric support all-day wear, while the stretchable construction allows flexibility in movement. Wash & Care Instructions Machine wash cold with similar colors Do not bleach Tumble dry low or hang to dry Do not iron directly on trims Do not dry clean Made in India Manufactured and Marketed By:- NEXON OMNIVERSE LIMITED Address: D-202, Synthofine Estate, Off Aarey Road, Behind Virvani Ind.Estate, Goregaon East, Mumbai 400063 Disclaimer Product color may slightly vary due to photographic lighting sources on your monitor setting. Customer Care +91 7304053032 Customer Care Email id – sharewithus@styleunion.in 10:30 am to 6:30 pm from Monday to Friday Legal: compliance@nexonomniverse.com Franchise Enquiry Business Partner Form Style Union is a modern Indian fashion brand bringing everyday dressing a new sense of ease and confidence. We have 160+ stores across the country that offer a wide range of clothing for women, men, and kids, with styles made for real routines and changing days. We keep fashion practical and style-forward with weekly new launches across categories. Our online store makes shopping simple with smooth navigation, quick delivery, and access to the latest drops in one place. You can explore full collections, check availability, and shop comfortably from anywhere. We follow a transparent pricing model with no discounts or inflated tags. With a growing retail presence across India and a customer-first mindset, we focus on making fashion honest, accessible, and effortless for all.",8909404064972
"Apr 19, 2026 @ 15:59:16.416",f14e4b4ae39472cf635bb96554d55678,https://styleunion.in/collections/womens-t-shirts/products/oversize-jacquard-hoodie-uplifter-sweatshirt-pfsws00001?variant=47423828001017,Uplifter – Airdry® – Sleeveless Hoodie with Stretch Training Fit,599,599,,White,XS,"Product Details Fabric Type: 80% Polyester, 20% Spandex Weave Type: Knit Pattern: Solid Length: Regular Length Neck/Collar Type: Hoodie Sleeve Type: Sleeveless Fit: Relaxed Fit Description Built for training and active movement, the Uplifter sleeveless hoodie combines a structured knit fabric with a relaxed fit for ease and flexibility. The sleeveless design allows unrestricted arm movement, while the adjustable hood toggle adds functional detail. Designed to support performance, it maintains a clean and athletic look throughout your workout. Key Features Sleeveless hoodie design Structured fabric construction Adjustable hood toggle Relaxed fit for comfort What Makes It Stand Out Allows free movement during workouts Comfortable for training sessions Lightweight feel for active use Soft touch for everyday wear Wash & Care Instructions Machine wash at 30°C Wash dark colours separately Do not bleach Tumble dry low Warm iron Do not dry clean Do not iron on embellishment Made in India Manufactured and Marketed By:- NEXON OMNIVERSE LIMITED Address: D-202, Synthofine Estate, Off Aarey Road, Behind Virvani Ind.Estate, Goregaon East, Mumbai 400063 Disclaimer Product color may slightly vary due to photographic lighting sources on your monitor setting. Customer Care +91 7304053032 Customer Care Email id – sharewithus@styleunion.in 10:30 am to 6:30 pm from Monday to Friday Legal: compliance@nexonomniverse.com Franchise Enquiry Business Partner Form Style Union is a modern Indian fashion brand bringing everyday dressing a new sense of ease and confidence. We have 160+ stores across the country that offer a wide range of clothing for women, men, and kids, with styles made for real routines and changing days. We keep fashion practical and style-forward with weekly new launches across categories. Our online store makes shopping simple with smooth navigation, quick delivery, and access to the latest drops in one place. You can explore full collections, check availability, and shop comfortably from anywhere. We follow a transparent pricing model with no discounts or inflated tags. With a growing retail presence across India and a customer-first mindset, we focus on making fashion honest, accessible, and effortless for all.",8909404064576
"Apr 19, 2026 @ 15:59:16.977",b98870bd89a6106d7a95af0f6a533654,https://styleunion.in/collections/womens-t-shirts/products/travelator-mid-rise-trackpant-airdry-4-way-ultra-stretch-fabric-atlw00004?variant=47566923006201,Travelator™ Pant – Airdry® – 4 Way Ultra Stretch Fabric,1199,1199,,Cement,28,"Product Details Fabric Type: Bionic Polyester Weave type: Knit Pattern: Solid Length: Regular Length Fit: Regular Fit Waist Rise: Mid Rise Pockets: 5 Description Experience next-level comfort with these Airdry Trackpants, engineered for performance, travel, and everyday wear. Crafted using advanced AirDry technology, the fabric ensures rapid moisture evaporation, keeping you cool, dry, and fresh throughout the day. Designed with a lightweight and breathable polyester knit, these trackpants enhance airflow while maintaining a soft, skin-friendly feel. The built-in stretch allows effortless movement, making them ideal for active lifestyles, long travel hours, or all-day wear. The minimal solid design delivers a clean, modern look, while the regular fit provides a balanced silhouette that suits every body type. With its wrinkle-resistant and easy-care properties, this is a true wash-and-wear essential for today’s fast-paced routine. Airdry Technology for fast drying and moisture management Breathable & Lightweight Fabric for all-day freshness 4-Way Stretch Comfort for unrestricted movement Travel-Friendly & Wrinkle-Resistant for easy packing Wash & Wear Convenience for low maintenance Solid Minimal Design for versatile styling Regular Fit for a comfortable and modern silhouette Perfect for travel, workouts, or daily wear, these Airdry trackpants combine performance, style, and convenience in one essential piece. Wash and Care Machine Wash 30°C. Wash Dark Colours Separately. Do Not Bleach. Tumble Dry Low. Warm Iron. Do Not Dry Clean. Do Not Iron On Embellishment. Made in India Manufactured and Marketed By:- NEXON OMNIVERSE LIMITED Address: D-202, Synthofine Estate, Off Aarey Road, Behind Virvani Ind.Estate, Goregaon East, Mumbai 400063 Disclaimer Product color may slightly vary due to photographic lighting sources on your monitor setting. Customer Care +91 7304053032 Customer Care Email id – sharewithus@styleunion.in 10:30 am to 6:30 pm from Monday to Friday Legal: compliance@nexonomniverse.com Franchise Enquiry Business Partner Form Style Union is a modern Indian fashion brand bringing everyday dressing a new sense of ease and confidence. We have 160+ stores across the country that offer a wide range of clothing for women, men, and kids, with styles made for real routines and changing days. We keep fashion practical and style-forward with weekly new launches across categories. Our online store makes shopping simple with smooth navigation, quick delivery, and access to the latest drops in one place. You can explore full collections, check availability, and shop comfortably from anywhere. We follow a transparent pricing model with no discounts or inflated tags. With a growing retail presence across India and a customer-first mindset, we focus on making fashion honest, accessible, and effortless for all.",8909404062589
"Apr 19, 2026 @ 15:59:17.600",8f91f4894633ea97cd63842e213053f6,https://styleunion.in/collections/womens-dresses/products/printed-flared-pleated-dress-wd00395?variant=47423830458617,Printed Flared Pleated Dress,1299,1299,,Yellow,XS,"Product Details Fabric Type: Polyester Weave Type: Woven Pattern: Floral Length: Full Length Neck/Collar Type: Square Neck Sleeve Type: Sleeveless Fit: Flare Fit Description Elevate your wardrobe with our Printed Flared Pleated Dress, designed for the modern woman seeking both style and comfort. This full-length dress features a stunning floral pattern that adds a touch of elegance to any occasion. Crafted from high-quality woven polyester, this dress offers a lightweight and breathable fit perfect for all-day wear. The square neck design beautifully frames the neckline, while the sleeveless style ensures you stay cool and chic. With a flattering flare fit, this dress accentuates your silhouette effortlessly, making it suitable for both casual and formal events. Perfect for layering with a light jacket or accessorizing with statement jewelry for a complete look. Style with your favorite heels and a clutch for an effortlessly sophisticated ensemble. Wash and Care Hand Wash 30°C. Wash Dark Colours Separately. Do Not Bleach. Line Dry. Do Not Iron On Embellishment. Cool Iron. Do Not Dry Clean Made in India Manufactured and Marketed By:- NEXON OMNIVERSE LIMITED Address: D-202, Synthofine Estate, Off Aarey Road, Behind Virvani Ind.Estate, Goregaon East, Mumbai 400063 Disclaimer Product color may slightly vary due to photographic lighting sources on your monitor setting. Customer Care +91 7304053032 Customer Care Email id – sharewithus@styleunion.in 10:30 am to 6:30 pm from Monday to Friday Legal: compliance@nexonomniverse.com Franchise Enquiry Business Partner Form Style Union is a modern Indian fashion brand bringing everyday dressing a new sense of ease and confidence. We have 160+ stores across the country that offer a wide range of clothing for women, men, and kids, with styles made for real routines and changing days. We keep fashion practical and style-forward with weekly new launches across categories. Our online store makes shopping simple with smooth navigation, quick delivery, and access to the latest drops in one place. You can explore full collections, check availability, and shop comfortably from anywhere. We follow a transparent pricing model with no discounts or inflated tags. With a growing retail presence across India and a customer-first mindset, we focus on making fashion honest, accessible, and effortless for all.",8909404110204
"Apr 19, 2026 @ 15:59:18.717",63fa913627fa27febedd3a858697d1ed,https://styleunion.in/collections/womens-dresses/products/cotton-puff-sleeve-dress-wd00375?variant=47477874917625,Cotton Puff Sleeve Dress,999,999,,Olive,XS,"Product Details Fabric Type: Cotton Weave type: Woven Pattern: Solid Length: Regular Length Neck/Collar: Round Neck Sleeve: Puff Sleeve Fit: Regular Fit Description Elevate your wardrobe with our Cotton Puff Sleeve Dress, designed for the modern woman who values both style and comfort. Crafted from high-quality cotton with a woven finish, this solid-patterned dress combines a flattering regular fit with a chic round neck and puff sleeves, making it a versatile addition to any collection. Experience the luxurious feel of breathable cotton that enhances all-day comfort. The timeless solid pattern and puff sleeve design create a striking visual appeal. The regular fit gently follows your silhouette, offering both elegance and ease of movement. Dress it up with heels for a night out or pair it with sandals for a casual day look. Pair this dress with statement accessories for a standout ensemble. Wash and Care Machine Wash 40°C. Wash Dark Colours Separately. Do Not Bleach. Tumble Dry Low. Do Not Iron On Embell Made in India Manufactured and Marketed By:- NEXON OMNIVERSE LIMITED Address: D-202, Synthofine Estate, Off Aarey Road, Behind Virvani Ind.Estate, Goregaon East, Mumbai 400063 Disclaimer Product color may slightly vary due to photographic lighting sources on your monitor setting. Customer Care +91 7304053032 Customer Care Email id – sharewithus@styleunion.in 10:30 am to 6:30 pm from Monday to Friday Legal: compliance@nexonomniverse.com Franchise Enquiry Business Partner Form Style Union is a modern Indian fashion brand bringing everyday dressing a new sense of ease and confidence. We have 160+ stores across the country that offer a wide range of clothing for women, men, and kids, with styles made for real routines and changing days. We keep fashion practical and style-forward with weekly new launches across categories. Our online store makes shopping simple with smooth navigation, quick delivery, and access to the latest drops in one place. You can explore full collections, check availability, and shop comfortably from anywhere. We follow a transparent pricing model with no discounts or inflated tags. With a growing retail presence across India and a customer-first mindset, we focus on making fashion honest, accessible, and effortless for all.",8909404086943
"Apr 19, 2026 @ 15:59:19.023",92fca7a6bef9cd894c1a2ccedb2d1536,https://styleunion.in/collections/womens-dresses/products/checkered-puff-sleeve-flared-dress-wd00435?variant=47477875605753,Checkered Puff Sleeve Flared Dress,999,999,,Olive,XS,"Product Details Fabric Type: Polyester Elastane (98% Polyester, 2% Elastane) Weave type: Woven Pattern: Checkered Length: Calf Length Neck/Collar: Square Neck Sleeve: Puff Sleeve Fit: Flare Fit Description Introducing the Checkered Puff Sleeve Flared Dress, a perfect blend of comfort and style crafted from high-quality polyester elastane fabric. The checkered pattern adds a trendy appeal, while the flare fit enhances your silhouette beautifully. With its calf length and square neck design, this dress offers versatile styling options for any occasion. Highlight fabric quality and comfort. Highlight design and pattern appeal. Explain fit and silhouette benefit. Give styling versatility suggestion. Style it with ankle boots for a chic look or dress it up with heels for a night out. Wash and Care Machine wash at 30°C. Wash dark colours separately. Do not bleach. Tumble dry on low heat. Warm iron if needed. Do not dry clean. Avoid ironing on embellishments. Made in India Manufactured and Marketed By:- NEXON OMNIVERSE LIMITED Address: D-202, Synthofine Estate, Off Aarey Road, Behind Virvani Ind.Estate, Goregaon East, Mumbai 400063 Disclaimer Product color may slightly vary due to photographic lighting sources on your monitor setting. Customer Care +91 7304053032 Customer Care Email id – sharewithus@styleunion.in 10:30 am to 6:30 pm from Monday to Friday Legal: compliance@nexonomniverse.com Franchise Enquiry Business Partner Form Style Union is a modern Indian fashion brand bringing everyday dressing a new sense of ease and confidence. We have 160+ stores across the country that offer a wide range of clothing for women, men, and kids, with styles made for real routines and changing days. We keep fashion practical and style-forward with weekly new launches across categories. Our online store makes shopping simple with smooth navigation, quick delivery, and access to the latest drops in one place. You can explore full collections, check availability, and shop comfortably from anywhere. We follow a transparent pricing model with no discounts or inflated tags. With a growing retail presence across India and a customer-first mindset, we focus on making fashion honest, accessible, and effortless for all.",8909404086257
"Apr 19, 2026 @ 15:59:19.582",b36c17ce94d4a83b6d37cf999df8d816,https://styleunion.in/collections/womens-dresses/products/lace-knitted-dress-wd00317?variant=47184606200057,Lace Knitted Dress,1199,1199,,Black,XS,"Product Details Fabric Type: 100% Nylon Weave Type: Knit Pattern: Lace Length: Knee Length Neck/Collar Type: Round Neck Sleeve Type: Short Sleeve Fit: Regular Fit Description Elevate your wardrobe with our Lace Knitted Dress, designed for women who appreciate elegance and comfort. This knee-length dress features a delicate lace pattern that adds a touch of sophistication, making it perfect for various occasions. Crafted from high-quality Nylon fabric, this dress combines style with breathability, ensuring you stay comfortable throughout the day. The regular fit flatters a range of body types, allowing for easy movement without compromising on style. Short sleeves and a round neck design provide a classic silhouette, perfect for both casual and formal events. Versatile enough to pair with heels for evening outings or sandals for a relaxed day look. Style it with statement accessories to enhance your overall look for any occasion. Wash and Care Hand Wash 30°C. Do Not Bleach. Wash Separately. Hang Dry In Shade. Hot Iron. Do Not Dry Clean. Do Not Iron On Embellishment. This Garment Have Tendency To Fade Made in India Manufactured and Marketed By:- NEXON OMNIVERSE LIMITED Address: D-202, Synthofine Estate, Off Aarey Road, Behind Virvani Ind.Estate, Goregaon East, Mumbai 400063 Disclaimer Product color may slightly vary due to photographic lighting sourc Customer Care +91 7304053032 Customer Care Email id – sharewithus@styleunion.in 10:30 am to 6:30 pm from Monday to Friday Legal: compliance@nexonomniverse.com Franchise Enquiry Business Partner Form Style Union is a modern Indian fashion brand bringing everyday dressing a new sense of ease and confidence. We have 160+ stores across the country that offer a wide range of clothing for women, men, and kids, with styles made for real routines and changing days. We keep fashion practical and style-forward with weekly new launches across categories. Our online store makes shopping simple with smooth navigation, quick delivery, and access to the latest drops in one place. You can explore full collections, check availability, and shop comfortably from anywhere. We follow a transparent pricing model with no discounts or inflated tags. With a growing retail presence across India and a customer-first mindset, we focus on making fashion honest, accessible, and effortless for all.",8909001931677
"Apr 19, 2026 @ 15:59:20.090",2f9c6aa05331477ee0f3ff1e39afbf45,https://styleunion.in/collections/womens-dresses/products/crochet-shoulder-straps-flared-dress-wd00427?variant=47484223455481,Crochet Shoulder Straps Flared Dress,1199,1199,,Rust Orange,XS,"Product Details Fabric Type: Polyester Elastane (98% Polyester, 2% Elastane) Weave type: Woven Pattern: Crochet Length: Calf Length Neck/Collar: Square Neck Sleeve: Shoulder Straps Sleeve Fit: Flare Fit Description This exquisite Crochet Shoulder Straps Flared Dress is crafted from a premium blend of Polyester and Elastane, ensuring a soft touch and great breathability for all-day comfort. The intricate crochet pattern adds a touch of elegance, enhancing the overall aesthetic of the garment. With a flattering calf-length design and a stylish square neckline, this dress offers a beautiful silhouette that complements various body types. Perfect for versatile styling, it can be effortlessly paired with jeans, trousers, or worn alone for an elegant look. The fabric quality ensures a comfortable fit while allowing for breathability, making it ideal for any occasion. The crochet pattern introduces a unique visual appeal, adding depth and texture to the dress. The flare fit beautifully accentuates the waist, creating a feminine silhouette that is both stylish and comfortable. This piece is versatile enough to be dressed up or down, making it a staple in your wardrobe. For a chic look, style it with heeled sandals and statement accessories. Made in India Manufactured and Marketed By:- NEXON OMNIVERSE LIMITED Address: D-202, Synthofine Estate, Off Aarey Road, Behind Virvani Ind.Estate, Goregaon East, Mumbai 400063 Disclaimer Product color may slightly vary due to photographic lighting sources on your monitor setting. Customer Care +91 7304053032 Customer Care Email id – sharewithus@styleunion.in 10:30 am to 6:30 pm from Monday to Friday Legal: compliance@nexonomniverse.com Franchise Enquiry Business Partner Form Style Union is a modern Indian fashion brand bringing everyday dressing a new sense of ease and confidence. We have 160+ stores across the country that offer a wide range of clothing for women, men, and kids, with styles made for real routines and changing days. We keep fashion practical and style-forward with weekly new launches across categories. Our online store makes shopping simple with smooth navigation, quick delivery, and access to the latest drops in one place. You can explore full collections, check availability, and shop comfortably from anywhere. We follow a transparent pricing model with no discounts or inflated tags. With a growing retail presence across India and a customer-first mindset, we focus on making fashion honest, accessible, and effortless for all.",8909404086837
"Apr 19, 2026 @ 15:59:21.169",4f2bb7f299fc2f9e73dd282e28b94d11,https://styleunion.in/collections/womens-dresses/products/floral-calf-length-dress-wd00318?variant=47058369118457,Floral Calf Length Dress,1299,1299,,Emerald,XS,"Product Details Fabric Type: 100% Polyester Weave Type: Woven Pattern: Floral Length: Calf Length Neck/Collar Type: Round Neck Sleeve Type: Short Sleeve Fit: Regular Fit Description Step into elegance with our Floral Calf Length Dress, designed to offer both comfort and style. The soft, breathable polyester fabric ensures you stay comfortable all day long, while the vibrant floral pattern adds a touch of femininity and charm to your wardrobe. Perfect for a sunny day out or a casual evening gathering, this dress is your go-to for effortless style. Comfortable Fabric: The 100% polyester fabric is lightweight and breathable, keeping you cool and comfortable. Floral Pattern: Adds a splash of color and a touch of nature-inspired beauty to your look. Versatile Length: The calf length is perfect for both casual and semi-formal occasions, offering a modest yet stylish appearance. Easy Maintenance: Designed for easy care, making it a practical choice for everyday wear. Whether you're heading to a brunch with friends or a relaxed evening event, this dress will ensure you look and feel your best. Its regular fit provides a comfortable, relaxed silhouette that flatters all body types. Wash and Care Hand Wash 30°C. Wash Dark Colours Separately. Do Not Bleach. Line Dry. Do Not Iron On Embellishment. Cool Iron. Do Not Dry Clean. Made in India Manufactured and Marketed By:- NEXON OMNIVERSE LIMITED Address: D-202, Synthofine Estate, Off Aarey Road, Behind Virvani Ind.Estate, Goregaon East, Mumbai 400063 Disclaimer Product color may slightly vary due to photographic lighting sourc Customer Care +91 7304053032 Customer Care Email id – sharewithus@styleunion.in 10:30 am to 6:30 pm from Monday to Friday Legal: compliance@nexonomniverse.com Franchise Enquiry Business Partner Form Style Union is a modern Indian fashion brand bringing everyday dressing a new sense of ease and confidence. We have 160+ stores across the country that offer a wide range of clothing for women, men, and kids, with styles made for real routines and changing days. We keep fashion practical and style-forward with weekly new launches across categories. Our online store makes shopping simple with smooth navigation, quick delivery, and access to the latest drops in one place. You can explore full collections, check availability, and shop comfortably from anywhere. We follow a transparent pricing model with no discounts or inflated tags. With a growing retail presence across India and a customer-first mindset, we focus on making fashion honest, accessible, and effortless for all.",8909001930564
"Apr 19, 2026 @ 15:59:21.424",bed15f7e7e18d76aea8d77987daa240f,https://styleunion.in/collections/womens-dresses/products/floral-calf-length-dress-ywd00241?variant=46688815775993,Floral Tie-Up Straps Flare Fit Dress,599,599,,Light Cream,XS,"Product Details Fabric Type: 100% Polyester Weave Type: Woven Pattern: Floral Length: Calf Length Neck/Collar Type: Square Neck Cut Shape: Flared Sleeve Type: Sleeveless Fit: Flare Fit Description Step into a world of elegance and comfort with our Floral Calf Length Dress. Crafted from 100% polyester, this dress offers a luxurious feel while ensuring durability and easy maintenance. The woven floral pattern adds a touch of nature-inspired beauty, making it perfect for any occasion. Whether you're attending a garden party or enjoying a casual day out, this dress will keep you feeling confident and stylish. Comfortable Fabric: The 100% polyester fabric is soft against the skin, ensuring all-day comfort. Floral Pattern: The intricate floral design brings a fresh and vibrant look, perfect for spring and summer outings. Flare Fit: The flared cut offers a flattering silhouette, allowing for ease of movement and a touch of elegance. Versatile Style: The square neck and sleeveless design make it easy to accessorize for both casual and formal occasions. Imagine yourself twirling in this dress at a summer wedding or enjoying a leisurely brunch with friends. Its versatility and charm make it a must-have addition to your wardrobe. Wash and Care Hand Wash 30°C. Wash Dark Colours Separately. Do Not Bleach. Line Dry. Do Not Iron On Embellishment. Cool Iron. Do Not Dry Clean. Made in India Manufactured and Marketed By:- NEXON OMNIVERSE LIMITED Address: D-202, Synthofine Estate, Off Aarey Road, Behind Virvani Ind.Estate, Goregaon East, Mumbai 400063 Disclaimer Product color may slightly vary due to photographic lighting sources on your monitor setting. Customer Care +91 7304053032 Customer Care Email id – sharewithus@styleunion.in 10:30 am to 6:30 pm from Monday to Friday Legal: compliance@nexonomniverse.com Franchise Enquiry Business Partner Form Style Union is a modern Indian fashion brand bringing everyday dressing a new sense of ease and confidence. We have 160+ stores across the country that offer a wide range of clothing for women, men, and kids, with styles made for real routines and changing days. We keep fashion practical and style-forward with weekly new launches across categories. Our online store makes shopping simple with smooth navigation, quick delivery, and access to the latest drops in one place. You can explore full collections, check availability, and shop comfortably from anywhere. We follow a transparent pricing model with no discounts or inflated tags. With a growing retail presence across India and a customer-first mindset, we focus on making fashion honest, accessible, and effortless for all.",8909001936993
"Apr 19, 2026 @ 15:59:22.058",55c24e930210b81e3f6175568ffc3c80,https://styleunion.in/collections/womens-dresses/products/printed-strappy-flare-dress-nd00134?variant=46947657777401,Printed Strappy Flare Dress,799,799,,Black,XS,"Product Details Fabric Type: 100% Rayon Weave Type: Woven Pattern: Printed Length: Calf Length Neck/Collar Type: Square Neck Sleeve Type: Shoulder Straps Sleeve Fit: Flare Fit Cut Shape: Flared Description Step into effortless elegance with our Printed Strappy Flare Dress, crafted from luxurious 100% Rayon for a soft and breathable feel. This dress is your go-to for a day out in the sun or a casual evening gathering, offering a perfect blend of comfort and style. The flared fit flatters your silhouette, while the shoulder straps and square neck add a touch of sophistication. Soft Fabric: The 100% Rayon fabric ensures a lightweight and breathable experience, keeping you cool and comfortable all day long. Flared Fit: The flared design provides a graceful flow, enhancing your natural shape and offering freedom of movement. Versatile Style: The printed pattern and calf-length make it suitable for both casual outings and semi-formal occasions. Elegant Design: The square neck and shoulder straps create a chic and modern look, perfect for showcasing your favorite accessories. Whether you're strolling through a park or attending a brunch, this dress is designed to make you feel confident and stylish. Pair it with sandals for a relaxed look or dress it up with heels for a more polished appearance. Wash and Care Hand Wash 30°C. Wash Dark Colours Separately. Do Not Bleach. Line Dry. Do Not Iron On Embellishment. Cool Iron. Do Not Dry Clean. Made in India Manufactured and Marketed By:- NEXON OMNIVERSE LIMITED Address: D-202, Synthofine Estate, Off Aarey Road, Behind Virvani Ind.Estate, Goregaon East, Mumbai 400063 Disclaimer Product color may slightly vary due to photographic lighting sources on your monitor setting. Customer Care +91 7304053032 Customer Care Email id – sharewithus@styleunion.in 10:30 am to 6:30 pm from Monday to Friday Legal: compliance@nexonomniverse.com Franchise Enquiry Business Partner Form Style Union is a modern Indian fashion brand bringing everyday dressing a new sense of ease and confidence. We have 160+ stores across the country that offer a wide range of clothing for women, men, and kids, with styles made for real routines and changing days. We keep fashion practical and style-forward with weekly new launches across categories. Our online store makes shopping simple with smooth navigation, quick delivery, and access to the latest drops in one place. You can explore full collections, check availability, and shop comfortably from anywhere. We follow a transparent pricing model with no discounts or inflated tags. With a growing retail presence across India and a customer-first mindset, we focus on making fashion honest, accessible, and effortless for all.",8909001854471
"Apr 19, 2026 @ 15:59:22.513",f487c5cf5389409cd5a33bf137c65cf1,https://styleunion.in/collections/womens-dresses/products/strappy-tiered-dress-id00111?variant=46838279110905,Strappy Tiered Printed Dress,799,799,,Ecru,XS,"Product Details Fabric Type: Rayon Weave Type: Woven Pattern: Printed Length: Calf Length Neck/Collar Type: Square Neck Cut Shape: Flared Sleeve Type: Sleeveless Fit: Flare Fit Pockets: 1 Description Step into effortless elegance with our Strappy Tiered Printed Dress. Crafted from soft rayon, this dress offers a luxurious feel against the skin, ensuring all-day comfort. The flared fit and tiered design create a flattering silhouette that moves beautifully with every step, making it perfect for both casual outings and special occasions. The vibrant printed pattern adds a touch of whimsy, while the square neck and sleeveless design keep it chic and modern. Whether you're strolling through a sunlit park or attending a garden party, this dress is your go-to for style and comfort. Comfortable Fabric: Made from soft rayon, this dress provides a gentle touch against your skin, keeping you comfortable throughout the day. Flattering Fit: The flared fit and tiered design enhance your natural shape, offering a graceful and elegant look. Versatile Style: The printed pattern and modern square neck make it suitable for a variety of occasions, from casual to formal. Practical Design: Includes a convenient pocket, adding functionality without compromising style. Wash and Care Machine Wash 40°C. Wash Dark Colours Separately. Do Not Bleach. Tumble Dry Low. Do Not Iron On Embellishment. Warm Iron. Do Not Dry Clean. Made in India Manufactured and Marketed By:- NEXON OMNIVERSE LIMITED Address: D-202, Synthofine Estate, Off Aarey Road, Behind Virvani Ind.Estate, Goregaon East, Mumbai 400063 Disclaimer Product color may slightly vary due to photographic lighting sources on your monitor setting. Customer Care +91 7304053032 Customer Care Email id – sharewithus@styleunion.in 10:30 am to 6:30 pm from Monday to Friday Legal: compliance@nexonomniverse.com Franchise Enquiry Business Partner Form Style Union is a modern Indian fashion brand bringing everyday dressing a new sense of ease and confidence. We have 160+ stores across the country that offer a wide range of clothing for women, men, and kids, with styles made for real routines and changing days. We keep fashion practical and style-forward with weekly new launches across categories. Our online store makes shopping simple with smooth navigation, quick delivery, and access to the latest drops in one place. You can explore full collections, check availability, and shop comfortably from anywhere. We follow a transparent pricing model with no discounts or inflated tags. With a growing retail presence across India and a customer-first mindset, we focus on making fashion honest, accessible, and effortless for all.",8909001831595
"Apr 19, 2026 @ 15:59:23.630",fbd44ef19bf2d957ca3ff63c42c88f09,https://styleunion.in/collections/womens-dresses/products/solid-knee-length-dress-wd00307?variant=47058368725241,Solid Knee Length Dress,1299,1299,,Wine,XS,"Product Details Fabric Type: 100% Polyester Weave Type: Woven Pattern: Solid Length: Knee Length Neck/Collar Type: Round Neck Sleeve Type: Three-Fourth Sleeve Fit: Regular Fit Description Experience the perfect blend of elegance and comfort with our Solid Knee Length Dress. Crafted from 100% polyester, this dress offers a smooth, lightweight feel that drapes beautifully, making it ideal for any occasion. The woven fabric ensures durability, while the solid pattern provides a versatile canvas for accessorizing. Whether you're heading to a casual brunch or an evening gathering, this dress promises to keep you stylish and comfortable. Comfortable Fabric: The 100% polyester material is soft against the skin, ensuring all-day comfort. Versatile Design: The solid pattern allows for easy pairing with your favorite accessories, giving you endless styling options. Elegant Length: Knee-length design offers a flattering silhouette suitable for various occasions. Practical Sleeves: Three-fourth sleeves provide coverage while maintaining a chic look. Imagine yourself in this dress, feeling confident and elegant, whether you're at a work event or a casual outing. Its timeless design ensures it will be a staple in your wardrobe for years to come. Wash and Care Hand Wash 30°C. Wash Dark Colours Separately. Do Not Bleach. Line Dry. Do Not Iron On Embellishment. Cool Iron. Do Not Dry Clean. Made in India Manufactured and Marketed By:- NEXON OMNIVERSE LIMITED Address: D-202, Synthofine Estate, Off Aarey Road, Behind Virvani Ind.Estate, Goregaon East, Mumbai 400063 Disclaimer Product color may slightly vary due to photographic lighting sourc Customer Care +91 7304053032 Customer Care Email id – sharewithus@styleunion.in 10:30 am to 6:30 pm from Monday to Friday Legal: compliance@nexonomniverse.com Franchise Enquiry Business Partner Form Style Union is a modern Indian fashion brand bringing everyday dressing a new sense of ease and confidence. We have 160+ stores across the country that offer a wide range of clothing for women, men, and kids, with styles made for real routines and changing days. We keep fashion practical and style-forward with weekly new launches across categories. Our online store makes shopping simple with smooth navigation, quick delivery, and access to the latest drops in one place. You can explore full collections, check availability, and shop comfortably from anywhere. We follow a transparent pricing model with no discounts or inflated tags. With a growing retail presence across India and a customer-first mindset, we focus on making fashion honest, accessible, and effortless for all.",8909001942871
"Apr 19, 2026 @ 15:59:23.801",7761708311dc72863be2929784480106,https://styleunion.in/collections/womens-dresses/products/schiffli-flared-dress-wd00276?variant=46776904253689,Schiffli Flared Dress,1299,1299,,Orange Rust,XS,"Product Details Fabric Type: 100% Cotton Weave Type: Woven Pattern: Schiffli Length: Below Knee Neck/Collar Type: Square Neck Sleeve Type: Elbow Sleeve Fit: Flare Fit Description Step into effortless elegance with our Schiffli Cotton Flared Dress. Crafted from 100% cotton, this dress promises unparalleled comfort and breathability, perfect for warm days and casual outings. The intricate Schiffli pattern adds a touch of sophistication, making it a versatile piece for both day and night. Comfortable Cotton: Enjoy the soft, breathable fabric that keeps you cool and comfortable all day long. Elegant Schiffli Pattern: The delicate design elevates your style, ensuring you stand out in any crowd. Flare Fit: Offers a flattering silhouette that enhances your natural curves while providing ease of movement. Square Neckline: Adds a modern touch to the classic design, perfect for showcasing your favorite necklace. Elbow Sleeves: Provides just the right amount of coverage, making it ideal for transitional weather. Whether you're heading to a brunch with friends or a casual evening event, this dress is your go-to choice for a chic and comfortable look. Wash and Care Hand Wash 30°C. Do Not Bleach. Wash Separately. Hang Dry In Shade. Hot Iron. Do Not Dry Clean. Do Not Iron On Embellishment. This Garment Has Tendency To Fade. Made in India Manufactured and Marketed By:- NEXON OMNIVERSE LIMITED Address: D-202, Synthofine Estate, Off Aarey Road, Behind Virvani Ind.Estate, Goregaon East, Mumbai 400063 Disclaimer Product color may slightly vary due to photographic lighting sources on your monitor setting. Customer Care +91 7304053032 Customer Care Email id – sharewithus@styleunion.in 10:30 am to 6:30 pm from Monday to Friday Legal: compliance@nexonomniverse.com Franchise Enquiry Business Partner Form Style Union is a modern Indian fashion brand bringing everyday dressing a new sense of ease and confidence. We have 160+ stores across the country that offer a wide range of clothing for women, men, and kids, with styles made for real routines and changing days. We keep fashion practical and style-forward with weekly new launches across categories. Our online store makes shopping simple with smooth navigation, quick delivery, and access to the latest drops in one place. You can explore full collections, check availability, and shop comfortably from anywhere. We follow a transparent pricing model with no discounts or inflated tags. With a growing retail presence across India and a customer-first mindset, we focus on making fashion honest, accessible, and effortless for all.",8909001719978
"Apr 19, 2026 @ 15:59:24.383",b7d1c1b25892287f5719b847ad1b7fc9,https://styleunion.in/collections/womens-dresses/products/lapel-collar-sleeveless-printed-dress-nd00061?variant=46581314552057,Lapel Collar Sleeveless Printed Dress,699,699,,Multicolour,XS,"Product Details Fabric Type: 100% Cotton Weave Type: Woven Pattern: Printed Length: Knee Length Neck/Collar Type: Lapel Collar Sleeve Type: Sleeveless Fit: Flare Fit Pockets: 1 Cut Shape: Flared Description Step into effortless elegance with our Lapel Collar Sleeveless Printed Dress, crafted from 100% cotton for a breathable and soft touch against your skin. This dress combines comfort with style, making it a versatile addition to your wardrobe. Breathable Fabric: The 100% cotton composition ensures you stay cool and comfortable, perfect for warm days. Stylish Design: The lapel collar and printed pattern add a touch of sophistication and flair to your look. Flared Fit: The flared cut offers a flattering silhouette that moves with you, providing both comfort and style. Convenient Pocket: Includes a pocket for practicality without compromising on style. Perfect for a day out in the sun or a casual evening gathering, this dress is your go-to for any occasion. Pair it with sandals for a relaxed look or dress it up with heels for a more polished appearance. Wash and Care Hand Wash 30°C Do Not Bleach Wash Separately Hang Dry In Shade Hot Iron Do Not Dry Clean Do Not Iron On Embellishment This Garment Has Tendency To Fade Made in India Manufactured and Marketed By:- NEXON OMNIVERSE LIMITED Address: D-202, Synthofine Estate, Off Aarey Road, Behind Virvani Ind.Estate, Goregaon East, Mumbai 400063 Disclaimer Product color may slightly vary due to photographic lighting sources on your monitor setting. Customer Care +91 7304053032 Customer Care Email id – sharewithus@styleunion.in 10:30 am to 6:30 pm from Monday to Friday Legal: compliance@nexonomniverse.com Franchise Enquiry Business Partner Form Style Union is a modern Indian fashion brand bringing everyday dressing a new sense of ease and confidence. We have 160+ stores across the country that offer a wide range of clothing for women, men, and kids, with styles made for real routines and changing days. We keep fashion practical and style-forward with weekly new launches across categories. Our online store makes shopping simple with smooth navigation, quick delivery, and access to the latest drops in one place. You can explore full collections, check availability, and shop comfortably from anywhere. We follow a transparent pricing model with no discounts or inflated tags. With a growing retail presence across India and a customer-first mindset, we focus on making fashion honest, accessible, and effortless for all.",8909001693100
"Apr 19, 2026 @ 15:59:24.900",b68ca8fb239ad8b8c8832da74bddc21c,https://styleunion.in/collections/womens-dresses/products/printed-lapel-collar-flared-sleeveless-dress-with-waist-tie-up-detail-id00089?variant=46634840883449,Printed Flared Dress With Waist Tie-Up Detail,999,999,,Candlelight Peach,XS,"Product Details Fabric Type: 100% Polyester Weave Type: Woven Pattern: Printed Length: Knee Length Neck/Collar Type: Lapel Collar Cut Shape: Flared Sleeve Type: Sleeveless Fit: Flare Fit Pockets: 1 Description Step into elegance with this Printed Lapel Collar Flared Sleeveless Dress, designed to offer both style and comfort. The luxurious polyester fabric ensures a smooth and soft touch against your skin, making it perfect for all-day wear. The flared fit accentuates your silhouette, providing a flattering and feminine look that moves with you. Whether you're attending a brunch or a casual evening out, this dress is your go-to choice for effortless sophistication. Comfortable Fabric: The 100% polyester material is lightweight and breathable, ensuring you stay cool and comfortable throughout the day. Flattering Flare Fit: The flared design offers a graceful silhouette, enhancing your natural shape while providing ease of movement. Stylish Lapel Collar: Adds a touch of classic elegance, making it suitable for both casual and semi-formal occasions. Convenient Pocket: Features a discreet pocket for practicality without compromising style. Embrace the versatility of this dress, perfect for pairing with your favorite accessories and footwear to create a look that's uniquely yours. Wash and Care Machine Wash 30°C. Wash Dark Colours Separately. Do Not Bleach. Tumble Dry Low. Cool Iron. Do Not Iron On Embellishment. Do Not Dry Clean. Made in India Manufactured and Marketed By:- NEXON OMNIVERSE LIMITED Address: D-202, Synthofine Estate, Off Aarey Road, Behind Virvani Ind.Estate, Goregaon East, Mumbai 400063 Disclaimer Product color may slightly vary due to photographic lighting sources on your monitor setting. Customer Care +91 7304053032 Customer Care Email id – sharewithus@styleunion.in 10:30 am to 6:30 pm from Monday to Friday Legal: compliance@nexonomniverse.com Franchise Enquiry Business Partner Form Style Union is a modern Indian fashion brand bringing everyday dressing a new sense of ease and confidence. We have 160+ stores across the country that offer a wide range of clothing for women, men, and kids, with styles made for real routines and changing days. We keep fashion practical and style-forward with weekly new launches across categories. Our online store makes shopping simple with smooth navigation, quick delivery, and access to the latest drops in one place. You can explore full collections, check availability, and shop comfortably from anywhere. We follow a transparent pricing model with no discounts or inflated tags. With a growing retail presence across India and a customer-first mindset, we focus on making fashion honest, accessible, and effortless for all.",8909001810750
"Apr 19, 2026 @ 15:59:25.962",cf8bb457f79a31d80818a953b70a3e7e,https://styleunion.in/collections/womens-dresses/products/woven-polka-dot-strappy-dress-wd00424?variant=47535163179257,Woven Polka Dot Strappy Dress,899,899,,Brown,XS,"Product Details Fabric Type: Polyester Weave type: Woven Pattern: Polka Dot Length: Calf Length Neck/Collar: Square Neck Sleeve: Shoulder Straps Sleeve Fit: Regular Fit Description This Woven Polka Dot Strappy Dress is crafted from soft polyester, ensuring comfort and breathability. Its calf-length design with shoulder straps creates a flattering silhouette for any occasion. Fabric & Comfort: The polyester fabric offers a soft touch and breathability, perfect for all-day wear. Design & Pattern: The playful polka dot pattern adds a fun and stylish element to the dress. Fit & Silhouette: The regular fit accentuates the body shape while allowing ease of movement. Durability & Quality: Constructed for long-lasting wear, this dress maintains its quality through numerous outings. Wash and Care Hand Wash 30°C. Wash Dark Colours Separately. Do Not Bleach. Line Dry. Do Not Iron On Embellishment. Cool Iron. Do Not Dry Clean. Made in India Manufactured and Marketed By:- NEXON OMNIVERSE LIMITED Address: D-202, Synthofine Estate, Off Aarey Road, Behind Virvani Ind.Estate, Goregaon East, Mumbai 400063 Disclaimer Product color may slightly vary due to photographic lighting sources on your monitor setting. Customer Care +91 7304053032 Customer Care Email id – sharewithus@styleunion.in 10:30 am to 6:30 pm from Monday to Friday Legal: compliance@nexonomniverse.com Franchise Enquiry Business Partner Form Style Union is a modern Indian fashion brand bringing everyday dressing a new sense of ease and confidence. We have 160+ stores across the country that offer a wide range of clothing for women, men, and kids, with styles made for real routines and changing days. We keep fashion practical and style-forward with weekly new launches across categories. Our online store makes shopping simple with smooth navigation, quick delivery, and access to the latest drops in one place. You can explore full collections, check availability, and shop comfortably from anywhere. We follow a transparent pricing model with no discounts or inflated tags. With a growing retail presence across India and a customer-first mindset, we focus on making fashion honest, accessible, and effortless for all.",8909404100892
"Apr 19, 2026 @ 15:59:26.126",caa1f8d99d301b48f608124f3ae3ad45,https://styleunion.in/collections/womens-dresses/products/flared-floral-dress-wd00342?variant=48288430686457,Flared Floral Dress,899,899,,Black,XS,"Product Details Fabric Type: Viscose Nylon (79% Viscose, 21% Nylon) Weave type: Woven Pattern: Floral Length: Regular Length Neck/Collar: Cowl Neck Sleeve: Short Sleeve Fit: Flare Fit Description This Flared Floral Dress features a soft Viscose Nylon blend, offering comfort and breathability. The cowl neck and flare fit beautifully enhance your silhouette. Fabric & Comfort: The viscose nylon fabric feels soft against the skin, ensuring breathability and everyday comfort. Design & Pattern: The floral pattern adds a feminine touch, making it perfect for various occasions. Fit & Silhouette: The flare fit complements your body shape while providing ease of movement. Durability & Quality: Crafted with quality construction, this dress promises long-lasting wear and style. Wash and Care Machine Wash Cold Gentle Cycle, Wash Dark Colours Separately. Do Not Bleach. Do Not Wring. Reshape And Flat Dry, Cool Iron If Required Made in India Manufactured and Marketed By:- NEXON OMNIVERSE LIMITED Address: D-202, Synthofine Estate, Off Aarey Road, Behind Virvani Ind.Estate, Goregaon East, Mumbai 400063 Disclaimer Product color may slightly vary due to photographic lighting sources on your monitor setting. Customer Care +91 7304053032 Customer Care Email id – sharewithus@styleunion.in 10:30 am to 6:30 pm from Monday to Friday Legal: compliance@nexonomniverse.com Franchise Enquiry Business Partner Form Style Union is a modern Indian fashion brand bringing everyday dressing a new sense of ease and confidence. We have 160+ stores across the country that offer a wide range of clothing for women, men, and kids, with styles made for real routines and changing days. We keep fashion practical and style-forward with weekly new launches across categories. Our online store makes shopping simple with smooth navigation, quick delivery, and access to the latest drops in one place. You can explore full collections, check availability, and shop comfortably from anywhere. We follow a transparent pricing model with no discounts or inflated tags. With a growing retail presence across India and a customer-first mindset, we focus on making fashion honest, accessible, and effortless for all.",8909001993125
"Apr 19, 2026 @ 15:59:26.738",fb1a5ea55c8443a938cdd9e247cb0cd0,https://styleunion.in/collections/womens-dresses/products/woven-solid-puff-sleeve-dress-wd00448?variant=47535163474169,Woven Solid Puff Sleeve Dress,899,899,,Black,XS,"Product Details Fabric Type: Polyester Spandex (95% Polyester, 5% Spandex) Weave type: Woven Pattern: Solid Length: Calf Length Neck/Collar: Square Neck Sleeve: Puff Sleeve Fit: Straight Fit Description This Woven Solid Puff Sleeve Dress combines comfort and style with its soft polyester spandex fabric and flattering straight fit. The square neck and calf length design add a touch of elegance. Fabric & Comfort: The soft polyester spandex blend offers excellent breathability and everyday comfort. Design & Pattern: The solid pattern presents a timeless and versatile design suitable for various occasions. Fit & Silhouette: The straight fit elegantly complements the body's shape, providing a chic look. Durability & Quality: Crafted with quality construction, this dress ensures long-lasting wear and satisfaction. Wash and Care Hand Wash 30°C. Wash Dark Colours Separately. Do Not Bleach. Line Dry. Do Not Iron On Embellishment. Cool Iron. Do Not Dry Clean. Made in India Manufactured and Marketed By:- NEXON OMNIVERSE LIMITED Address: D-202, Synthofine Estate, Off Aarey Road, Behind Virvani Ind.Estate, Goregaon East, Mumbai 400063 Disclaimer Product color may slightly vary due to photographic lighting sources on your monitor setting. Customer Care +91 7304053032 Customer Care Email id – sharewithus@styleunion.in 10:30 am to 6:30 pm from Monday to Friday Legal: compliance@nexonomniverse.com Franchise Enquiry Business Partner Form Style Union is a modern Indian fashion brand bringing everyday dressing a new sense of ease and confidence. We have 160+ stores across the country that offer a wide range of clothing for women, men, and kids, with styles made for real routines and changing days. We keep fashion practical and style-forward with weekly new launches across categories. Our online store makes shopping simple with smooth navigation, quick delivery, and access to the latest drops in one place. You can explore full collections, check availability, and shop comfortably from anywhere. We follow a transparent pricing model with no discounts or inflated tags. With a growing retail presence across India and a customer-first mindset, we focus on making fashion honest, accessible, and effortless for all.",8909404110303
"Apr 19, 2026 @ 15:59:27.369",8c272023936178353fa5e20c56cdae8e,https://styleunion.in/collections/womens-dresses/products/knitted-printed-sleeveless-dress-wd00410?variant=47535162753273,Knitted Printed Sleeveless Dress,999,999,,Grey,XS,"Product Details Fabric Type: Polyester Elastane (98% Polyester, 2% Elastane) Weave type: Knit Pattern: Printed Length: Calf Length Neck/Collar: Square Neck Sleeve: Sleeveless Fit: Regular Fit Description This knitted printed sleeveless dress combines a soft polyester elastane blend for all-day comfort and a stylish square neck design. The calf-length silhouette and regular fit create a flattering look. Fabric & Comfort: The polyester elastane fabric offers a soft feel against the skin while providing breathability for everyday wear. Design & Pattern: The dress features a vibrant printed design that adds a touch of elegance and style. Fit & Silhouette: Its regular fit and calf length enhance your natural shape, making it perfect for various occasions. Durability & Quality: Crafted with high-quality materials, this dress ensures long-lasting wear and durability. Wash and Care Machine Wash 40°C. Wash Dark Colours Separately. Do Not Bleach. Tumble Dry Low. Warm Iron. Do Not Dry Clean. Made in India Manufactured and Marketed By:- NEXON OMNIVERSE LIMITED Address: D-202, Synthofine Estate, Off Aarey Road, Behind Virvani Ind.Estate, Goregaon East, Mumbai 400063 Disclaimer Product color may slightly vary due to photographic lighting sources on your monitor setting. Customer Care +91 7304053032 Customer Care Email id – sharewithus@styleunion.in 10:30 am to 6:30 pm from Monday to Friday Legal: compliance@nexonomniverse.com Franchise Enquiry Business Partner Form Style Union is a modern Indian fashion brand bringing everyday dressing a new sense of ease and confidence. We have 160+ stores across the country that offer a wide range of clothing for women, men, and kids, with styles made for real routines and changing days. We keep fashion practical and style-forward with weekly new launches across categories. Our online store makes shopping simple with smooth navigation, quick delivery, and access to the latest drops in one place. You can explore full collections, check availability, and shop comfortably from anywhere. We follow a transparent pricing model with no discounts or inflated tags. With a growing retail presence across India and a customer-first mindset, we focus on making fashion honest, accessible, and effortless for all.",8909404085717
"Apr 19, 2026 @ 15:59:28.422",20954684d791b3a267a5f33b02a7eea4,https://styleunion.in/collections/womens-dresses/products/woven-solid-sleeveless-dress-wd00408?variant=47535162523897,Woven Solid Sleeveless Dress,1199,1199,,Ocean Blue,XS,"Product Details Fabric Type: Viscose Nylon (85% Viscose, 15% Nylon) Weave type: Woven Pattern: Solid Length: Calf Length Neck/Collar: Square Neck Sleeve: Sleeveless Fit: Regular Fit Description This woven solid sleeveless dress is crafted from a soft viscose nylon blend, offering comfort and breathability. Its regular fit and square neckline create a flattering silhouette perfect for any occasion. Fabric & Comfort: The viscose nylon blend feels soft against the skin, ensuring all-day comfort and breathability. Design & Pattern: The solid pattern provides a timeless elegance that makes it versatile for various occasions. Fit & Silhouette: The regular fit complements the body shape, enhancing your natural curves. Durability & Quality: Crafted with quality construction, this dress promises long-lasting wear and satisfaction. Wash and Care Machine Wash Cold Gentle Cycle, Wash Dark Colours Separately. Do Not Bleach. Do Not Wring. Reshape And Flat Dry, Cool Iron If Required Made in India Manufactured and Marketed By:- NEXON OMNIVERSE LIMITED Address: D-202, Synthofine Estate, Off Aarey Road, Behind Virvani Ind.Estate, Goregaon East, Mumbai 400063 Disclaimer Product color may slightly vary due to photographic lighting sources on your monitor setting. Customer Care +91 7304053032 Customer Care Email id – sharewithus@styleunion.in 10:30 am to 6:30 pm from Monday to Friday Legal: compliance@nexonomniverse.com Franchise Enquiry Business Partner Form Style Union is a modern Indian fashion brand bringing everyday dressing a new sense of ease and confidence. We have 160+ stores across the country that offer a wide range of clothing for women, men, and kids, with styles made for real routines and changing days. We keep fashion practical and style-forward with weekly new launches across categories. Our online store makes shopping simple with smooth navigation, quick delivery, and access to the latest drops in one place. You can explore full collections, check availability, and shop comfortably from anywhere. We follow a transparent pricing model with no discounts or inflated tags. With a growing retail presence across India and a customer-first mindset, we focus on making fashion honest, accessible, and effortless for all.",8909404084222
"Apr 19, 2026 @ 15:59:28.543",8eec7abe6b2abcd54914d9565710f6f2,https://styleunion.in/collections/womens-dresses/products/structured-flared-dress-wd00411?variant=47484223193337,Structured Flared Dress,899,899,,Lilac,XS,"Product Details Fabric Type: Polyester Elastane (95% Polyester, 5% Elastane) Weave type: Woven Pattern: Structured Length: Calf Length Neck/Collar: Round Neck Sleeve: Elbow Sleeve Fit: Flare Fit Description This Structured Flared Dress is crafted from a high-quality Polyester Elastane blend, ensuring breathability and exceptional comfort throughout the day. The woven fabric features a stylish structured pattern that adds a unique visual appeal, elevating your wardrobe effortlessly. With its calf-length design and flattering flare fit, this dress beautifully complements the silhouette of any wearer. Pair it with jeans for a casual look or dress it up with elegant trousers for a more sophisticated ensemble. Experience the softness and stretch of the fabric, perfect for all-day wear. The structured pattern enhances the garment’s overall look, making it suitable for various occasions. The flare fit provides a flattering silhouette that accentuates the waist and flows gracefully. Versatile styling options allow for pairing with both casual and dressy pieces. For a chic and polished outfit, style it with strappy heels and statement jewelry. Made in India Manufactured and Marketed By:- NEXON OMNIVERSE LIMITED Address: D-202, Synthofine Estate, Off Aarey Road, Behind Virvani Ind.Estate, Goregaon East, Mumbai 400063 Disclaimer Product color may slightly vary due to photographic lighting sources on your monitor setting. Customer Care +91 7304053032 Customer Care Email id – sharewithus@styleunion.in 10:30 am to 6:30 pm from Monday to Friday Legal: compliance@nexonomniverse.com Franchise Enquiry Business Partner Form Style Union is a modern Indian fashion brand bringing everyday dressing a new sense of ease and confidence. We have 160+ stores across the country that offer a wide range of clothing for women, men, and kids, with styles made for real routines and changing days. We keep fashion practical and style-forward with weekly new launches across categories. Our online store makes shopping simple with smooth navigation, quick delivery, and access to the latest drops in one place. You can explore full collections, check availability, and shop comfortably from anywhere. We follow a transparent pricing model with no discounts or inflated tags. With a growing retail presence across India and a customer-first mindset, we focus on making fashion honest, accessible, and effortless for all.",8909404085731
"Apr 19, 2026 @ 15:59:29.212",3f594fab0b94289e5a0c5638397bc870,https://styleunion.in/collections/womens-dresses/products/printed-flared-dress-wd00422?variant=47444045365497,Printed Flared Dress,1199,1199,,Black,XS,"Product Details Fabric Type: Viscose Nylon (85% Viscose, 15% Nylon) Weave Type: Woven Pattern: Printed Length: Below Knee Neck/Collar Type: Square Neck Sleeve Type: Shoulder Straps Sleeve Fit: Flare Fit Description This Printed Flared Dress is an exquisite blend of style and comfort, crafted from high-quality Viscose Nylon for a soft, breathable feel. The vibrant printed design paired with a flattering flare fit enhances your silhouette, making it perfect for various occasions. Highlight fabric quality and comfort. Highlight design and pattern appeal. Explain fit and silhouette benefit. Give styling versatility suggestion. Pair it with strappy heels and statement accessories for a chic look that turns heads. Wash and Care Machine Wash Cold Gentle Cycle, Wash Dark Colours Separately. Do Not Bleach. Do Not Wring. Reshape And Flat Dry, Cool Iron If Required. Made in India Manufactured and Marketed By:- NEXON OMNIVERSE LIMITED Address: D-202, Synthofine Estate, Off Aarey Road, Behind Virvani Ind.Estate, Goregaon East, Mumbai 400063 Disclaimer Product color may slightly vary due to photographic lighting sources on your monitor setting. Customer Care +91 7304053032 Customer Care Email id – sharewithus@styleunion.in 10:30 am to 6:30 pm from Monday to Friday Legal: compliance@nexonomniverse.com Franchise Enquiry Business Partner Form Style Union is a modern Indian fashion brand bringing everyday dressing a new sense of ease and confidence. We have 160+ stores across the country that offer a wide range of clothing for women, men, and kids, with styles made for real routines and changing days. We keep fashion practical and style-forward with weekly new launches across categories. Our online store makes shopping simple with smooth navigation, quick delivery, and access to the latest drops in one place. You can explore full collections, check availability, and shop comfortably from anywhere. We follow a transparent pricing model with no discounts or inflated tags. With a growing retail presence across India and a customer-first mindset, we focus on making fashion honest, accessible, and effortless for all.",8909404087391
"Apr 19, 2026 @ 15:59:30.386",169a7501babcd35e997ed8f2e1526949,https://styleunion.in/collections/womens-dresses/products/structured-crew-neck-t-shirt-pfct00018?variant=47565991215353,Velocitee™ 26 – Airdry® – Ultra-Light Ventilated Running Tee - Polyamide with Efast,499,499,,Endurance,XS,"Product Details Fabric Type: 88% Polyamide, 12% Spandex Weave Type: Knit Pattern: Solid Length: Regular Length Neck/Collar Type: Crew Neck Sleeve Type: Raglan Sleeve (Half Sleeve) Fit: Regular Fit Description Built for performance, the VELOCITEE running tee is designed to support movement and comfort during high-intensity activities. The raglan sleeve construction enhances mobility, while engineered seams maintain structure and durability. Crafted with micro perforated fabric, it allows improved airflow and ventilation. The lightweight polyamide blend ensures a breathable feel, while stretchable construction supports unrestricted movement throughout your run. Key Features Raglan sleeve crew neck design Micro perforated fabric for ventilation Engineered seam construction Moisture control performance 360° stretch fabric What Makes It Stand Out Keeps you cool and dry during workouts Allows free and flexible movement Lightweight feel for long runs Comfortable against the skin for extended wear Made in India Manufactured and Marketed By:- NEXON OMNIVERSE LIMITED Address: D-202, Synthofine Estate, Off Aarey Road, Behind Virvani Ind.Estate, Goregaon East, Mumbai 400063 Disclaimer Product color may slightly vary due to photographic lighting sources on your monitor setting. Customer Care +91 7304053032 Customer Care Email id – sharewithus@styleunion.in 10:30 am to 6:30 pm from Monday to Friday Legal: compliance@nexonomniverse.com Franchise Enquiry Business Partner Form Style Union is a modern Indian fashion brand bringing everyday dressing a new sense of ease and confidence. We have 160+ stores across the country that offer a wide range of clothing for women, men, and kids, with styles made for real routines and changing days. We keep fashion practical and style-forward with weekly new launches across categories. Our online store makes shopping simple with smooth navigation, quick delivery, and access to the latest drops in one place. You can explore full collections, check availability, and shop comfortably from anywhere. We follow a transparent pricing model with no discounts or inflated tags. With a growing retail presence across India and a customer-first mindset, we focus on making fashion honest, accessible, and effortless for all.",8909001678572
"Apr 19, 2026 @ 15:59:31.304",8000748d1da32e2d76f9a55fc235fc65,https://styleunion.in/collections/womens-dresses/products/airess-oversize-solid-t-shirt-atct00004?variant=47184556491001,Airess – Airdry® – Oversized Tee with Superior Drape,499,499,,Beige,XS,"Product Details Fabric Type: 80% Cotton, 20% Polyester Weave Type: Knit Fit: Oversized Neck: Crew Neck Sleeve: Short Sleeve Pattern: Solid Description AIRESS is designed for everyday comfort with a relaxed, oversized silhouette. Made from a cotton-polyester blend, it offers a soft feel with added durability. The breathable fabric helps keep you comfortable through the day, while the drop shoulder and wider neck rib create a laid-back, easy fit. Built for all-day wear, whether you're stepping out or staying in. Key Features Soft cotton blend with a smooth feel Breathable fabric for everyday comfort Oversized fit for a relaxed look Drop shoulder design for ease of movement Durable construction with shape retention What Makes It Stand Out Oversized silhouette with a structured drape Wider neck rib for a distinct look Balanced fabric blend for comfort and durability Easy to style across casual settings Wash & Care Instructions Machine wash at 30°C Wash dark colours separately Do not bleach Tumble dry low Warm iron Do not dry clean Made in India Manufactured and Marketed By:- NEXON OMNIVERSE LIMITED Address: D-202, Synthofine Estate, Off Aarey Road, Behind Virvani Ind.Estate, Goregaon East, Mumbai 400063 Disclaimer Product color may slightly vary due to photographic lighting sources on your monitor setting. Customer Care +91 7304053032 Customer Care Email id – sharewithus@styleunion.in 10:30 am to 6:30 pm from Monday to Friday Legal: compliance@nexonomniverse.com Franchise Enquiry Business Partner Form Style Union is a modern Indian fashion brand bringing everyday dressing a new sense of ease and confidence. We have 160+ stores across the country that offer a wide range of clothing for women, men, and kids, with styles made for real routines and changing days. We keep fashion practical and style-forward with weekly new launches across categories. Our online store makes shopping simple with smooth navigation, quick delivery, and access to the latest drops in one place. You can explore full collections, check availability, and shop comfortably from anywhere. We follow a transparent pricing model with no discounts or inflated tags. With a growing retail presence across India and a customer-first mindset, we focus on making fashion honest, accessible, and effortless for all.",8909404064101
"Apr 19, 2026 @ 15:59:31.518",48348f93ffd4469bafd7638c847a34ad,https://styleunion.in/collections/womens-dresses/products/regular-fit-solid-shirt-collar-regular-length-shirt-smss00017?variant=46362676330745,Travelator™ Half Sleeve Shirt – Airdry® – 4 Way Ultra Stretch Fabric,699,699,,Black,S,"Product Details Fabric Type: Polyester (100% Elastomultiester) Weave Type: Knit Pattern: Solid Length: Regular Neck/Collar Type: Shirt Collar Sleeve Type: Half Sleeve Fit: Regular Fit Pockets: Patch Pocket, 1 Description Designed for everyday versatility, the Travelator™ Half Sleeve Shirt combines stretchable knit construction with a clean, solid look. The regular fit and shirt collar maintain a structured appearance, while the fabric allows ease of movement, making it suitable for both work and casual settings. Key Features 4-way ultra stretch fabric Wash & wear construction Zero top stitch finish Saville Row finish Patch pocket design What Makes It Stand Out Supports ease of movement throughout the day Maintains a clean and structured look Easy to maintain for regular use Works across formal and casual occasions Made in India Manufactured and Marketed By:- NEXON OMNIVERSE LIMITED Address: D-202, Synthofine Estate, Off Aarey Road, Behind Virvani Ind.Estate, Goregaon East, Mumbai 400063 Disclaimer Product color may slightly vary due to photographic lighting sources on your monitor setting. Customer Care +91 7304053032 Customer Care Email id – sharewithus@styleunion.in 10:30 am to 6:30 pm from Monday to Friday Legal: compliance@nexonomniverse.com Franchise Enquiry Business Partner Form Style Union is a modern Indian fashion brand bringing everyday dressing a new sense of ease and confidence. We have 160+ stores across the country that offer a wide range of clothing for women, men, and kids, with styles made for real routines and changing days. We keep fashion practical and style-forward with weekly new launches across categories. Our online store makes shopping simple with smooth navigation, quick delivery, and access to the latest drops in one place. You can explore full collections, check availability, and shop comfortably from anywhere. We follow a transparent pricing model with no discounts or inflated tags. With a growing retail presence across India and a customer-first mindset, we focus on making fashion honest, accessible, and effortless for all.",8909001584101
"Apr 19, 2026 @ 15:59:31.990",89c5b3ac0d3c239fbdc4442fae6ade12,https://styleunion.in/collections/womens-dresses/products/above-knee-air-dry-sprinter-shorts-pfst00003?variant=47330911486201,Sprinter – Airdry® – Running Shorts with Inner Support,699,699,,Balsam,XS,"Product Details Fabric Type: 90% Polyester, 10% Spandex Weave Type: Knit Pattern: Solid Length: Above Knee Fit: Regular Fit Waist Rise: Mid Rise Pockets: Welt Pocket, 2 Description Built for performance-focused movement, the Sprinter Running Shorts are designed to support you through every stride. The lightweight knit construction combined with stretch fabric allows ease of motion, while the inner brief provides added support during runs and high-intensity sessions. Reflective detailing enhances visibility, making it suitable for both day and low-light conditions. Key Features Inner brief for support Reflective details Engineered seam construction Lightweight knit fabric Stretchable for movement What Makes It Stand Out Designed for running and active use Supports movement with built-in compression Helps maintain comfort during extended wear Suitable for training and outdoor runs Wash & Care Instructions Machine wash at 30°C Wash dark colours separately Do not bleach Tumble dry low Warm iron Do not dry clean Do not iron on embellishments Made in India Manufactured and Marketed By:- NEXON OMNIVERSE LIMITED Address: D-202, Synthofine Estate, Off Aarey Road, Behind Virvani Ind.Estate, Goregaon East, Mumbai 400063 Disclaimer Product color may slightly vary due to photographic lighting sourc Customer Care +91 7304053032 Customer Care Email id – sharewithus@styleunion.in 10:30 am to 6:30 pm from Monday to Friday Legal: compliance@nexonomniverse.com Franchise Enquiry Business Partner Form Style Union is a modern Indian fashion brand bringing everyday dressing a new sense of ease and confidence. We have 160+ stores across the country that offer a wide range of clothing for women, men, and kids, with styles made for real routines and changing days. We keep fashion practical and style-forward with weekly new launches across categories. Our online store makes shopping simple with smooth navigation, quick delivery, and access to the latest drops in one place. You can explore full collections, check availability, and shop comfortably from anywhere. We follow a transparent pricing model with no discounts or inflated tags. With a growing retail presence across India and a customer-first mindset, we focus on making fashion honest, accessible, and effortless for all.",8909404049757
"Apr 19, 2026 @ 15:59:33.155",003356f7cd6eb6aa4ca8f38d87485caa,https://styleunion.in/collections/womens-dresses/products/solid-mid-rise-aero-shorts-atst00002?variant=47423823905017,Aeroshorts – Airdry® – All Day Comfort Shorts with Relaxed Fit,599,599,,Taupe,XS,"Product Details Fabric Type : 49% Polyester, 46% Modal, 5% Spandex Fit : Relaxed fit Length : Longer inseam Pockets : Patch pocket at back Design Detail : Paneling at front Description Aero shorts are designed with a relaxed fit and longer inseam for ease of movement and all-day comfort. Featuring front paneling for added structure and a patch pocket at the back, these shorts combine functionality with a clean look. Built with a polyester-modal-spandex blend, they offer a soft touch and flexible feel for everyday wear. Key Features Relaxed fit & All-day comfort Longer inseam Paneling at front & Patch pocket at back Quick-dry fabric Breathable & Stretchable Feels soft on touch Superior drape What Makes It Stand Out Aero shorts are built for comfort and ease. The relaxed fit and soft-touch fabric support all-day wear, while the stretchable construction allows flexibility in movement. Wash & Care Instructions Machine wash cold with similar colors Do not bleach Tumble dry low or hang to dry Do not iron directly on trims Do not dry clean Made in India Manufactured and Marketed By:- NEXON OMNIVERSE LIMITED Address: D-202, Synthofine Estate, Off Aarey Road, Behind Virvani Ind.Estate, Goregaon East, Mumbai 400063 Disclaimer Product color may slightly vary due to photographic lighting sources on your monitor setting. Customer Care +91 7304053032 Customer Care Email id – sharewithus@styleunion.in 10:30 am to 6:30 pm from Monday to Friday Legal: compliance@nexonomniverse.com Franchise Enquiry Business Partner Form Style Union is a modern Indian fashion brand bringing everyday dressing a new sense of ease and confidence. We have 160+ stores across the country that offer a wide range of clothing for women, men, and kids, with styles made for real routines and changing days. We keep fashion practical and style-forward with weekly new launches across categories. Our online store makes shopping simple with smooth navigation, quick delivery, and access to the latest drops in one place. You can explore full collections, check availability, and shop comfortably from anywhere. We follow a transparent pricing model with no discounts or inflated tags. With a growing retail presence across India and a customer-first mindset, we focus on making fashion honest, accessible, and effortless for all.",8909404064972
"Apr 19, 2026 @ 15:59:33.870",0429b6bf8748df766d348094d53b2195,https://styleunion.in/collections/womens-dresses/products/oversize-jacquard-hoodie-uplifter-sweatshirt-pfsws00001?variant=47423828001017,Uplifter – Airdry® – Sleeveless Hoodie with Stretch Training Fit,599,599,,White,XS,"Product Details Fabric Type: 80% Polyester, 20% Spandex Weave Type: Knit Pattern: Solid Length: Regular Length Neck/Collar Type: Hoodie Sleeve Type: Sleeveless Fit: Relaxed Fit Description Built for training and active movement, the Uplifter sleeveless hoodie combines a structured knit fabric with a relaxed fit for ease and flexibility. The sleeveless design allows unrestricted arm movement, while the adjustable hood toggle adds functional detail. Designed to support performance, it maintains a clean and athletic look throughout your workout. Key Features Sleeveless hoodie design Structured fabric construction Adjustable hood toggle Relaxed fit for comfort What Makes It Stand Out Allows free movement during workouts Comfortable for training sessions Lightweight feel for active use Soft touch for everyday wear Wash & Care Instructions Machine wash at 30°C Wash dark colours separately Do not bleach Tumble dry low Warm iron Do not dry clean Do not iron on embellishment Made in India Manufactured and Marketed By:- NEXON OMNIVERSE LIMITED Address: D-202, Synthofine Estate, Off Aarey Road, Behind Virvani Ind.Estate, Goregaon East, Mumbai 400063 Disclaimer Product color may slightly vary due to photographic lighting sources on your monitor setting. Customer Care +91 7304053032 Customer Care Email id – sharewithus@styleunion.in 10:30 am to 6:30 pm from Monday to Friday Legal: compliance@nexonomniverse.com Franchise Enquiry Business Partner Form Style Union is a modern Indian fashion brand bringing everyday dressing a new sense of ease and confidence. We have 160+ stores across the country that offer a wide range of clothing for women, men, and kids, with styles made for real routines and changing days. We keep fashion practical and style-forward with weekly new launches across categories. Our online store makes shopping simple with smooth navigation, quick delivery, and access to the latest drops in one place. You can explore full collections, check availability, and shop comfortably from anywhere. We follow a transparent pricing model with no discounts or inflated tags. With a growing retail presence across India and a customer-first mindset, we focus on making fashion honest, accessible, and effortless for all.",8909404064576
"Apr 19, 2026 @ 15:59:34.033",5adc0cb1139e45b9af8da367db556701,https://styleunion.in/collections/womens-dresses/products/knitted-solid-flxtrack-air-pants-pflw00003?variant=47423827837177,Flxtrack – Airdry® – Built for Flexibility & Everyday Movement,799,799,,Taupe,S,"Product Details Fabric Type: Polyester Spandex(90% , 10% Spandex) Weave Type: Knit Pattern: Solid Length: Regular Length Fit: Regular Fit Pockets: Welt Pocket, 3 Waist Rise: Mid Rise Description Elevate your casual wardrobe with Flxtrack – Airdry® – built for flexibility & everyday movement, designed for men who value comfort and style. Crafted from a blend of polyester and spandex, these pants offer flexibility and breathability for everyday wear. Regular fit ensures a comfortable and relaxed silhouette, perfect for active lifestyles. Constructed with a durable knit fabric, providing both stretch and breathability for all-day wear. Features three welt pockets, offering ample storage for your essentials without compromising style. Mid rise waist design enhances comfort while maintaining a modern look suitable for various occasions. Pair with a simple tee and sneakers for a laid-back look, or dress them up with a button-up for a smart-casual ensemble. Wash and Care Machine Wash 30°C.Wash Dark Colours Separately. Do Not Bleach. Do Not Tumble Dry. Warm Iron. Do Not Dry Clean. Do Not Iron On Embellishment Made in India Manufactured and Marketed By:- NEXON OMNIVERSE LIMITED Address: D-202, Synthofine Estate, Off Aarey Road, Behind Virvani Ind.Estate, Goregaon East, Mumbai 400063 Disclaimer Product color may slightly vary due to photographic lighting sources on your monitor setting. Customer Care +91 7304053032 Customer Care Email id – sharewithus@styleunion.in 10:30 am to 6:30 pm from Monday to Friday Legal: compliance@nexonomniverse.com Franchise Enquiry Business Partner Form Style Union is a modern Indian fashion brand bringing everyday dressing a new sense of ease and confidence. We have 160+ stores across the country that offer a wide range of clothing for women, men, and kids, with styles made for real routines and changing days. We keep fashion practical and style-forward with weekly new launches across categories. Our online store makes shopping simple with smooth navigation, quick delivery, and access to the latest drops in one place. You can explore full collections, check availability, and shop comfortably from anywhere. We follow a transparent pricing model with no discounts or inflated tags. With a growing retail presence across India and a customer-first mindset, we focus on making fashion honest, accessible, and effortless for all.",8909404112123
"Apr 19, 2026 @ 15:59:35.053",9c40d17503d4608902f2ca54085a16b2,https://styleunion.in/collections/womens-dresses/products/travelator-mid-rise-trackpant-airdry-4-way-ultra-stretch-fabric-atlw00004?variant=47566923006201,Travelator™ Pant – Airdry® – 4 Way Ultra Stretch Fabric,1199,1199,,Cement,28,"Product Details Fabric Type: Bionic Polyester Weave type: Knit Pattern: Solid Length: Regular Length Fit: Regular Fit Waist Rise: Mid Rise Pockets: 5 Description Experience next-level comfort with these Airdry Trackpants, engineered for performance, travel, and everyday wear. Crafted using advanced AirDry technology, the fabric ensures rapid moisture evaporation, keeping you cool, dry, and fresh throughout the day. Designed with a lightweight and breathable polyester knit, these trackpants enhance airflow while maintaining a soft, skin-friendly feel. The built-in stretch allows effortless movement, making them ideal for active lifestyles, long travel hours, or all-day wear. The minimal solid design delivers a clean, modern look, while the regular fit provides a balanced silhouette that suits every body type. With its wrinkle-resistant and easy-care properties, this is a true wash-and-wear essential for today’s fast-paced routine. Airdry Technology for fast drying and moisture management Breathable & Lightweight Fabric for all-day freshness 4-Way Stretch Comfort for unrestricted movement Travel-Friendly & Wrinkle-Resistant for easy packing Wash & Wear Convenience for low maintenance Solid Minimal Design for versatile styling Regular Fit for a comfortable and modern silhouette Perfect for travel, workouts, or daily wear, these Airdry trackpants combine performance, style, and convenience in one essential piece. Wash and Care Machine Wash 30°C. Wash Dark Colours Separately. Do Not Bleach. Tumble Dry Low. Warm Iron. Do Not Dry Clean. Do Not Iron On Embellishment. Made in India Manufactured and Marketed By:- NEXON OMNIVERSE LIMITED Address: D-202, Synthofine Estate, Off Aarey Road, Behind Virvani Ind.Estate, Goregaon East, Mumbai 400063 Disclaimer Product color may slightly vary due to photographic lighting sources on your monitor setting. Customer Care +91 7304053032 Customer Care Email id – sharewithus@styleunion.in 10:30 am to 6:30 pm from Monday to Friday Legal: compliance@nexonomniverse.com Franchise Enquiry Business Partner Form Style Union is a modern Indian fashion brand bringing everyday dressing a new sense of ease and confidence. We have 160+ stores across the country that offer a wide range of clothing for women, men, and kids, with styles made for real routines and changing days. We keep fashion practical and style-forward with weekly new launches across categories. Our online store makes shopping simple with smooth navigation, quick delivery, and access to the latest drops in one place. You can explore full collections, check availability, and shop comfortably from anywhere. We follow a transparent pricing model with no discounts or inflated tags. With a growing retail presence across India and a customer-first mindset, we focus on making fashion honest, accessible, and effortless for all.",8909404062589
"Apr 19, 2026 @ 15:59:35.842",731824fb604c56ae1d5d7bda746d1f60,https://styleunion.in/collections/mens-shirts/products/printed-modern-smart-celebration-camp-collar-half-sleeve-shirt-smcs00108?variant=46284244484345,Celebration Shirt - 100% Fine Cotton Satin Printed Cuban Collar Half Sleeve **Trending,399,399,,Charcoal,XS,"Product Details Fabric: 100% Cotton Weave Type: Woven Pattern: Printed Length: Regular Length Neck/Collar: Camp Collar Sleeve: Half Sleeve Fit: Regular Fit Description Elevate your wardrobe with this stylish and versatile shirt, designed for modern comfort and effortless elegance. Crafted from 100% fine cotton satin, it offers a soft and breathable feel, making it perfect for any occasion. The printed design and camp collar add a contemporary touch, while the regular fit ensures a relaxed and comfortable silhouette. Comfortable Fit: Regular fit for a relaxed and easygoing look. Breathable Fabric: Made from 100% cotton for all-day comfort. Modern Design: Printed pattern and camp collar for a trendy appeal. Versatile Style: Perfect for casual outings or smart-casual events. Wash and Care Machine wash at 40°C. Wash dark colours separately. Do not bleach. Tumble dry on low heat. Warm iron. Do not dry clean. Made in India Manufactured and Marketed By:- NEXON OMNIVERSE LIMITED Address: D-202, Synthofine Estate, Off Aarey Road, Behind Virvani Ind.Estate, Goregaon East, Mumbai 400063 Disclaimer Product color may slightly vary due to photographic lighting sources on your monitor setting. Customer Care +91 7304053032 Customer Care Email id – sharewithus@styleunion.in 10:30 am to 6:30 pm from Monday to Friday Legal: compliance@nexonomniverse.com Franchise Enquiry Business Partner Form Style Union is a modern Indian fashion brand bringing everyday dressing a new sense of ease and confidence. We have 160+ stores across the country that offer a wide range of clothing for women, men, and kids, with styles made for real routines and changing days. We keep fashion practical and style-forward with weekly new launches across categories. Our online store makes shopping simple with smooth navigation, quick delivery, and access to the latest drops in one place. You can explore full collections, check availability, and shop comfortably from anywhere. We follow a transparent pricing model with no discounts or inflated tags. With a growing retail presence across India and a customer-first mindset, we focus on making fashion honest, accessible, and effortless for all.",8909001582404
"Apr 19, 2026 @ 15:59:36.608",4a9f4d2d39b5da050898c90d4d853549,https://styleunion.in/collections/mens-shirts/products/printed-art-deco-havana-smart-cuban-half-sleeve-shirt-smcs00011?variant=46284246221049,Retreat Shirtsᵉˣ - Printed Art Deco Havana Smart Cuban Half Sleeve,599,599,,Twilight Dusk,XS,"Product Details Fabric: 100% Cotton Weave Type: Knit Pattern: Printed Length: Regular Length Neck Type/Collar: Shirt Collar Sleeve Type: Full Sleeve Fit Type: Regular Fit Pockets: Patch Pocket, 1 Description Experience the perfect blend of comfort and style with this versatile shirt. Crafted from premium 100% cotton, it offers a soft and breathable feel, making it ideal for all-day wear. The regular fit ensures a relaxed and comfortable silhouette, while the printed art deco design adds a touch of sophistication to your wardrobe. Comfortable Fit: Designed for a relaxed and easygoing look. Premium Fabric: Made from high-quality 100% cotton for a soft and breathable feel. Stylish Design: Features a printed art deco pattern for a modern and sophisticated appearance. Wash and Care Machine Wash at 40°C. Wash dark colours separately. Do not bleach. Tumble dry on low heat. Warm iron. Do not dry clean. Made in India Manufactured and Marketed By:- NEXON OMNIVERSE LIMITED Address: D-202, Synthofine Estate, Off Aarey Road, Behind Virvani Ind.Estate, Goregaon East, Mumbai 400063 Disclaimer Product color may slightly vary due to photographic lighting sources on your monitor setting. Customer Care +91 7304053032 Customer Care Email id – sharewithus@styleunion.in 10:30 am to 6:30 pm from Monday to Friday Legal: compliance@nexonomniverse.com Franchise Enquiry Business Partner Form Style Union is a modern Indian fashion brand bringing everyday dressing a new sense of ease and confidence. We have 160+ stores across the country that offer a wide range of clothing for women, men, and kids, with styles made for real routines and changing days. We keep fashion practical and style-forward with weekly new launches across categories. Our online store makes shopping simple with smooth navigation, quick delivery, and access to the latest drops in one place. You can explore full collections, check availability, and shop comfortably from anywhere. We follow a transparent pricing model with no discounts or inflated tags. With a growing retail presence across India and a customer-first mindset, we focus on making fashion honest, accessible, and effortless for all.",8909001446294
"Apr 19, 2026 @ 15:59:36.730",825e98ca0f5b4a7d84927a61c2e3a5b6,https://styleunion.in/collections/mens-shirts/products/modern-explorer-checkered-lumber-jack-shirt-exys00013?variant=46284259688697,Lumber Jack™ Shirt - Modern Explorerᵉˣ Checkered Shirt,999,999,,Mountain Spring,M,"Product Details Fabric: 100% Cotton Weave Type: Woven Pattern: Checkered Length: Regular Length Neck Type/Collar: Shirt Collar Sleeve Type: Full Sleeve Fit Type: Regular Fit Pockets: Patch Pocket, 1 Description Experience the perfect blend of comfort and style with this versatile shirt. Designed for the modern explorer, it offers a relaxed fit that ensures all-day comfort. The checkered pattern adds a touch of classic charm, making it suitable for both casual outings and semi-formal occasions. Comfortable Fabric: Made from 100% cotton, this shirt is soft, breathable, and perfect for everyday wear. Classic Design: The checkered pattern and shirt collar create a timeless look. Practical Features: Includes a patch pocket for added functionality. Regular Fit: Offers a comfortable and relaxed fit, ideal for a laid-back yet stylish appearance. Wash and Care Machine wash at 40°C. Wash dark colours separately. Do not bleach. Tumble dry on low heat. Warm iron. Do not dry clean. Made in India Manufactured and Marketed By:- NEXON OMNIVERSE LIMITED Address: D-202, Synthofine Estate, Off Aarey Road, Behind Virvani Ind.Estate, Goregaon East, Mumbai 400063 Disclaimer Product color may slightly vary due to photographic lighting sources on your monitor setting. Customer Care +91 7304053032 Customer Care Email id – sharewithus@styleunion.in 10:30 am to 6:30 pm from Monday to Friday Legal: compliance@nexonomniverse.com Franchise Enquiry Business Partner Form Style Union is a modern Indian fashion brand bringing everyday dressing a new sense of ease and confidence. We have 160+ stores across the country that offer a wide range of clothing for women, men, and kids, with styles made for real routines and changing days. We keep fashion practical and style-forward with weekly new launches across categories. Our online store makes shopping simple with smooth navigation, quick delivery, and access to the latest drops in one place. You can explore full collections, check availability, and shop comfortably from anywhere. We follow a transparent pricing model with no discounts or inflated tags. With a growing retail presence across India and a customer-first mindset, we focus on making fashion honest, accessible, and effortless for all.",8909001537879
"Apr 19, 2026 @ 15:59:37.848",2cd21394433c2984038e37943b936ef3,https://styleunion.in/collections/mens-shirts/products/modern-smart-bay-camp-collar-half-sleeve-shirt-smcs00101?variant=46284245238009,Baeᵉˣ Shirt Cotton Rich Knitted Half Sleeve Camp Collar,599,599,,Zinfandel,XS,"Made in India Manufactured and Marketed By:- NEXON OMNIVERSE LIMITED Address: D-202, Synthofine Estate, Off Aarey Road, Behind Virvani Ind.Estate, Goregaon East, Mumbai 400063 Disclaimer Product color may slightly vary due to photographic lighting sources on your monitor setting. Customer Care +91 7304053032 Customer Care Email id – sharewithus@styleunion.in 10:30 am to 6:30 pm from Monday to Friday Legal: compliance@nexonomniverse.com Franchise Enquiry Business Partner Form Style Union is a modern Indian fashion brand bringing everyday dressing a new sense of ease and confidence. We have 160+ stores across the country that offer a wide range of clothing for women, men, and kids, with styles made for real routines and changing days. We keep fashion practical and style-forward with weekly new launches across categories. Our online store makes shopping simple with smooth navigation, quick delivery, and access to the latest drops in one place. You can explore full collections, check availability, and shop comfortably from anywhere. We follow a transparent pricing model with no discounts or inflated tags. With a growing retail presence across India and a customer-first mindset, we focus on making fashion honest, accessible, and effortless for all.",8909001555170
"Apr 19, 2026 @ 15:59:38.668",a08414e0790f3e72ee26dc91039ac587,https://styleunion.in/collections/mens-shirts/products/modern-explorer-expedition-slim-fit-shirt-exyos00007?variant=46284260671737,Modern Explorerᵉˣ Twin Pocket Slim Fit 100% Cotton Solid Shirt,999,999,,Champagne,S,"Made in India Manufactured and Marketed By:- NEXON OMNIVERSE LIMITED Address: D-202, Synthofine Estate, Off Aarey Road, Behind Virvani Ind.Estate, Goregaon East, Mumbai 400063 Disclaimer Product color may slightly vary due to photographic lighting sources on your monitor setting. Customer Care +91 7304053032 Customer Care Email id – sharewithus@styleunion.in 10:30 am to 6:30 pm from Monday to Friday Legal: compliance@nexonomniverse.com Franchise Enquiry Business Partner Form Style Union is a modern Indian fashion brand bringing everyday dressing a new sense of ease and confidence. We have 160+ stores across the country that offer a wide range of clothing for women, men, and kids, with styles made for real routines and changing days. We keep fashion practical and style-forward with weekly new launches across categories. Our online store makes shopping simple with smooth navigation, quick delivery, and access to the latest drops in one place. You can explore full collections, check availability, and shop comfortably from anywhere. We follow a transparent pricing model with no discounts or inflated tags. With a growing retail presence across India and a customer-first mindset, we focus on making fashion honest, accessible, and effortless for all.",8909001538500
"Apr 19, 2026 @ 15:59:38.958",36dafe4b1e3df7b332c03b9d5546bd74,https://styleunion.in/collections/mens-shirts/products/regular-fit-printed-camp-collar-retreat-shirt-smcs00054?variant=46284294848761,Retreat™ Shirts - Printed Pattern Rich Fabric - Trendy Cuban Collar - Regular Fit Shirt,599,599,,Pewter,XS,"Product Details Fabric: 100% Viscose Weave Type: Woven Pattern: Printed Length: Regular Length Neck/Collar: Camp Collar Sleeve Type: Half Sleeve Fit Type: Regular Fit Description Elevate your casual wardrobe with this versatile and stylish shirt. Crafted from 100% viscose, it offers a soft and breathable feel, making it perfect for all-day comfort. The printed design adds a touch of personality, while the camp collar and half sleeves create a relaxed yet refined look. Comfortable Fit: Designed with a regular fit for a relaxed and easygoing feel. Breathable Fabric: Made from lightweight viscose, ensuring comfort in warm weather. Stylish Design: Features a printed pattern and camp collar for a modern aesthetic. Wash and Care Machine wash at 40°C. Wash dark colors separately. Do not bleach. Tumble dry on low heat. Warm iron. Do not dry clean. Made in India Manufactured and Marketed By:- NEXON OMNIVERSE LIMITED Address: D-202, Synthofine Estate, Off Aarey Road, Behind Virvani Ind.Estate, Goregaon East, Mumbai 400063 Disclaimer Product color may slightly vary due to photographic lighting sources on your monitor setting. Customer Care +91 7304053032 Customer Care Email id – sharewithus@styleunion.in 10:30 am to 6:30 pm from Monday to Friday Legal: compliance@nexonomniverse.com Franchise Enquiry Business Partner Form Style Union is a modern Indian fashion brand bringing everyday dressing a new sense of ease and confidence. We have 160+ stores across the country that offer a wide range of clothing for women, men, and kids, with styles made for real routines and changing days. We keep fashion practical and style-forward with weekly new launches across categories. Our online store makes shopping simple with smooth navigation, quick delivery, and access to the latest drops in one place. You can explore full collections, check availability, and shop comfortably from anywhere. We follow a transparent pricing model with no discounts or inflated tags. With a growing retail presence across India and a customer-first mindset, we focus on making fashion honest, accessible, and effortless for all.",8909001536940
"Apr 19, 2026 @ 15:59:39.155",d813621b411b908eb91fbd3003892acc,https://styleunion.in/collections/mens-shirts/products/regular-fit-printed-camp-collar-retreat-shirt-smcs00020?variant=46284296192249,Retreat™ Shirts - Printed Pattern Rich Knitted Stretch Fabric - Trendy Cuban Collar - Regular Fit Shirt,699,699,,Moonless Night,XXL,"Product Details Fabric: Cotton (100% Cotton) Weave Type: Knit Pattern: Printed Length: Regular Length Neck/Collar: Camp Collar Sleeve: Half Sleeve Fit: Regular Fit Description Elevate your casual wardrobe with this versatile shirt, designed for comfort and style. Crafted from premium cotton, it offers a soft and breathable feel, making it perfect for all-day wear. The regular fit ensures a relaxed and comfortable silhouette, ideal for any occasion. Comfortable Fit: Designed for a relaxed and easygoing look. Breathable Fabric: Made from 100% cotton for ultimate comfort. Stylish Design: Features a printed pattern and camp collar for a modern touch. Wash and Care Machine Wash at 40°C. Wash dark colours separately. Do not bleach. Tumble dry on low heat. Warm iron. Do not dry clean. Made in India Manufactured and Marketed By:- NEXON OMNIVERSE LIMITED Address: D-202, Synthofine Estate, Off Aarey Road, Behind Virvani Ind.Estate, Goregaon East, Mumbai 400063 Disclaimer Product color may slightly vary due to photographic lighting sources on your monitor setting. Customer Care +91 7304053032 Customer Care Email id – sharewithus@styleunion.in 10:30 am to 6:30 pm from Monday to Friday Legal: compliance@nexonomniverse.com Franchise Enquiry Business Partner Form Style Union is a modern Indian fashion brand bringing everyday dressing a new sense of ease and confidence. We have 160+ stores across the country that offer a wide range of clothing for women, men, and kids, with styles made for real routines and changing days. We keep fashion practical and style-forward with weekly new launches across categories. Our online store makes shopping simple with smooth navigation, quick delivery, and access to the latest drops in one place. You can explore full collections, check availability, and shop comfortably from anywhere. We follow a transparent pricing model with no discounts or inflated tags. With a growing retail presence across India and a customer-first mindset, we focus on making fashion honest, accessible, and effortless for all.",8909001445846
"Apr 19, 2026 @ 15:59:40.178",01b51e56120c3447a9df5e2df1d484ba,https://styleunion.in/collections/mens-shirts/products/minimalist-aesthetic-classic-design-with-a-modern-denim-shirt-exis00015?variant=46284263850233,Modern Explorerᵉˣ Rugged Structure 2 Below Flap Pockets Regular Fit,1217,1217,,Black,XL,"Product Details Fabric: Cotton (100% Cotton) Weave Type: Woven Pattern: Solid Length: Regular Length Neck Type/Collar: Shirt Collar Sleeve Type: Full Sleeve Fit Type: Regular Fit Pockets: Patch Pocket, 1 Description Elevate your wardrobe with this modern denim shirt, designed to blend rugged structure with a minimalist aesthetic. Crafted from 100% cotton, this shirt offers unmatched comfort and durability, making it a versatile addition to any outfit. Its classic design ensures it pairs effortlessly with both casual and semi-formal attire, while the regular fit provides a relaxed yet polished look. Comfortable Fabric: Made from soft, breathable cotton for all-day wear. Timeless Design: A minimalist aesthetic that never goes out of style. Versatile Fit: Regular fit ensures a comfortable, relaxed silhouette. Functional Details: Features a patch pocket for added utility. Wash and Care Machine wash at 40°C. Wash dark colors separately. Do not bleach. Tumble dry on low heat. Warm iron. Do not dry clean. Made in India Manufactured and Marketed By:- NEXON OMNIVERSE LIMITED Address: D-202, Synthofine Estate, Off Aarey Road, Behind Virvani Ind.Estate, Goregaon East, Mumbai 400063 Disclaimer Product color may slightly vary due to photographic lighting sources on your monitor setting. Customer Care +91 7304053032 Customer Care Email id – sharewithus@styleunion.in 10:30 am to 6:30 pm from Monday to Friday Legal: compliance@nexonomniverse.com Franchise Enquiry Business Partner Form Style Union is a modern Indian fashion brand bringing everyday dressing a new sense of ease and confidence. We have 160+ stores across the country that offer a wide range of clothing for women, men, and kids, with styles made for real routines and changing days. We keep fashion practical and style-forward with weekly new launches across categories. Our online store makes shopping simple with smooth navigation, quick delivery, and access to the latest drops in one place. You can explore full collections, check availability, and shop comfortably from anywhere. We follow a transparent pricing model with no discounts or inflated tags. With a growing retail presence across India and a customer-first mindset, we focus on making fashion honest, accessible, and effortless for all.",8909001464816
"Apr 19, 2026 @ 15:59:41.060",9e8597a466481b18b52b4c98ea0a5b68,https://styleunion.in/collections/mens-shirts/products/regular-fit-camp-collar-retreat-shirt-smcs00019?variant=46284296421625,Retreat™ Shirts - Printed Structured Pattern Rich Fabric - Trendy Cuban Collar - Regular Fit Shirt,699,699,,Beige,XS,"Product Details Fabric: 100% Cotton Weave Type: Knit Pattern: Solid Length: Regular Length Neck Type/Collar: Camp Collar Sleeve Type: Half Sleeve Fit Type: Regular Fit Description Experience ultimate comfort and style with this versatile shirt. Crafted from premium 100% cotton, it offers a soft and breathable feel, making it perfect for everyday wear. The regular fit ensures a relaxed and comfortable silhouette, ideal for casual outings or laid-back gatherings. The camp collar adds a touch of sophistication, while the half sleeves provide ease of movement. Whether you're heading to a retreat or a casual meet-up, this shirt is your go-to choice for effortless style. Comfortable Fit: Designed for a relaxed and easygoing look. Breathable Fabric: Keeps you cool and comfortable throughout the day. Versatile Style: Perfect for casual outings or relaxed gatherings. Wash and Care Machine Wash at 40°C. Wash dark colours separately. Do not bleach. Tumble dry on low heat. Warm iron. Do not dry clean. Made in India Manufactured and Marketed By:- NEXON OMNIVERSE LIMITED Address: D-202, Synthofine Estate, Off Aarey Road, Behind Virvani Ind.Estate, Goregaon East, Mumbai 400063 Disclaimer Product color may slightly vary due to photographic lighting sources on your monitor setting. Customer Care +91 7304053032 Customer Care Email id – sharewithus@styleunion.in 10:30 am to 6:30 pm from Monday to Friday Legal: compliance@nexonomniverse.com Franchise Enquiry Business Partner Form Style Union is a modern Indian fashion brand bringing everyday dressing a new sense of ease and confidence. We have 160+ stores across the country that offer a wide range of clothing for women, men, and kids, with styles made for real routines and changing days. We keep fashion practical and style-forward with weekly new launches across categories. Our online store makes shopping simple with smooth navigation, quick delivery, and access to the latest drops in one place. You can explore full collections, check availability, and shop comfortably from anywhere. We follow a transparent pricing model with no discounts or inflated tags. With a growing retail presence across India and a customer-first mindset, we focus on making fashion honest, accessible, and effortless for all.",8909001450000
"Apr 19, 2026 @ 15:59:41.207",4a716681943a76934d57159cbacf59d8,https://styleunion.in/collections/mens-shirts/products/regular-fit-camper-casual-shirt-exss00006?variant=46284307202297,Camper™ Shirt - Cotton Self Structure - Band Collar Regular Fit Shirt,899,899,,White Cap Grey,S,"Product Details Fabric: Cotton (100% Cotton) Weave Type: Woven Pattern: Solid Length: Regular Length Neck Type/Collar: Mandarin Collar Sleeve Type: Full Sleeve Fit Type: Regular Fit Pockets: 1 Description Experience unmatched comfort and style with this versatile casual shirt. Crafted from premium 100% cotton fabric, it offers a soft and breathable feel, making it perfect for all-day wear. The regular fit ensures a comfortable and relaxed silhouette, ideal for casual outings or everyday use. Comfortable Fit: Designed with a regular fit for a relaxed and easygoing look. Premium Fabric: Made from 100% cotton for a soft and breathable experience. Stylish Design: Features a mandarin collar and solid pattern for a modern and sophisticated appearance. Versatile Wear: Perfect for casual occasions, offering both style and comfort. Wash and Care Machine wash with similar colors. Use mild detergent and avoid bleach. Do not tumble dry; air dry in shade. Iron on low heat if necessary. Made in India Manufactured and Marketed By:- NEXON OMNIVERSE LIMITED Address: D-202, Synthofine Estate, Off Aarey Road, Behind Virvani Ind.Estate, Goregaon East, Mumbai 400063 Disclaimer Product color may slightly vary due to photographic lighting sources on your monitor setting. Customer Care +91 7304053032 Customer Care Email id – sharewithus@styleunion.in 10:30 am to 6:30 pm from Monday to Friday Legal: compliance@nexonomniverse.com Franchise Enquiry Business Partner Form Style Union is a modern Indian fashion brand bringing everyday dressing a new sense of ease and confidence. We have 160+ stores across the country that offer a wide range of clothing for women, men, and kids, with styles made for real routines and changing days. We keep fashion practical and style-forward with weekly new launches across categories. Our online store makes shopping simple with smooth navigation, quick delivery, and access to the latest drops in one place. You can explore full collections, check availability, and shop comfortably from anywhere. We follow a transparent pricing model with no discounts or inflated tags. With a growing retail presence across India and a customer-first mindset, we focus on making fashion honest, accessible, and effortless for all.",8909001552339
"Apr 19, 2026 @ 15:59:42.127",fcbd995a2baa3612535c8690ab1a78af,https://styleunion.in/collections/mens-shirts/products/regular-fit-solid-elemental-shirt-smss00015?variant=46284339249401,Elemental™ Shirt - Easy Care Smart Solid Casual - Full Sleeves Regular Fit,599,599,,Black,S,"Product Details Fabric Type: 65% Polyester, 35% Cotton Weave Type: Woven Pattern: Solid Length: Regular Neck/Collar Type: Shirt Collar Sleeve Type: Full Sleeve Fit: Regular Fit Pockets: Patch Pocket, 1 Description Experience the perfect blend of comfort and style with our Elemental™ Shirt. Designed for the modern man, this shirt offers a seamless transition from work to casual outings. The soft fabric ensures all-day comfort, while the smart solid pattern adds a touch of sophistication to your wardrobe. Easy Care: Spend less time ironing and more time enjoying your day with our wrinkle-resistant fabric. Breathable Fabric: Stay cool and comfortable with a fabric blend that allows your skin to breathe. Versatile Style: Perfect for both professional settings and casual gatherings, making it a staple in your closet. Functional Pocket: Keep essentials close at hand with a convenient patch pocket. Whether you're heading to the office or meeting friends for a weekend brunch, this shirt is your go-to choice for effortless style and comfort. Wash and Care Machine Wash 40°C. Wash Dark Colours Separately. Do Not Bleach. Tumble Dry Low. Warm Iron. Do Not Dryclean. Made in India Manufactured and Marketed By:- NEXON OMNIVERSE LIMITED Address: D-202, Synthofine Estate, Off Aarey Road, Behind Virvani Ind.Estate, Goregaon East, Mumbai 400063 Disclaimer Product color may slightly vary due to photographic lighting sources on your monitor setting. Customer Care +91 7304053032 Customer Care Email id – sharewithus@styleunion.in 10:30 am to 6:30 pm from Monday to Friday Legal: compliance@nexonomniverse.com Franchise Enquiry Business Partner Form Style Union is a modern Indian fashion brand bringing everyday dressing a new sense of ease and confidence. We have 160+ stores across the country that offer a wide range of clothing for women, men, and kids, with styles made for real routines and changing days. We keep fashion practical and style-forward with weekly new launches across categories. Our online store makes shopping simple with smooth navigation, quick delivery, and access to the latest drops in one place. You can explore full collections, check availability, and shop comfortably from anywhere. We follow a transparent pricing model with no discounts or inflated tags. With a growing retail presence across India and a customer-first mindset, we focus on making fashion honest, accessible, and effortless for all.",8909001468029
"Apr 19, 2026 @ 15:59:42.390",c8d516b66e837005bd6edfb69fa4bec3,https://styleunion.in/collections/mens-shirts/products/regular-fit-cruiser-casual-shirt-exis00029?variant=46284307562745,Cruiser™ True Indigo Shirt - Self Structure - Classic Regular Fit Shirt,999,999,,Blue Fusion,S,"Product Details Fabric: Cotton Fabric Composition: 100% Cotton Weave Type: Woven Pattern: Solid Length: Regular Length Neck/Collar: Shirt Collar Sleeve: Full Sleeve Fit: Regular Fit Pockets: Patch Pocket, 1 Description Experience unmatched comfort and style with this versatile casual shirt. Crafted from 100% cotton, it offers a soft and breathable feel, making it perfect for all-day wear. The regular fit ensures a relaxed and comfortable silhouette, ideal for casual outings or laid-back gatherings. Comfortable Fit: Designed with a regular fit for a relaxed and easygoing look. Premium Fabric: Made from high-quality cotton for a soft and breathable experience. Functional Design: Features a patch pocket for added convenience and style. Versatile Style: The solid pattern and shirt collar make it a timeless addition to your wardrobe. Wash and Care Machine Wash at 40°C. Wash dark colours separately. Do not bleach. Tumble dry on low heat. Warm iron. Do not dry clean. Made in India Manufactured and Marketed By:- NEXON OMNIVERSE LIMITED Address: D-202, Synthofine Estate, Off Aarey Road, Behind Virvani Ind.Estate, Goregaon East, Mumbai 400063 Disclaimer Product color may slightly vary due to photographic lighting sources on your monitor setting. Customer Care +91 7304053032 Customer Care Email id – sharewithus@styleunion.in 10:30 am to 6:30 pm from Monday to Friday Legal: compliance@nexonomniverse.com Franchise Enquiry Business Partner Form Style Union is a modern Indian fashion brand bringing everyday dressing a new sense of ease and confidence. We have 160+ stores across the country that offer a wide range of clothing for women, men, and kids, with styles made for real routines and changing days. We keep fashion practical and style-forward with weekly new launches across categories. Our online store makes shopping simple with smooth navigation, quick delivery, and access to the latest drops in one place. You can explore full collections, check availability, and shop comfortably from anywhere. We follow a transparent pricing model with no discounts or inflated tags. With a growing retail presence across India and a customer-first mindset, we focus on making fashion honest, accessible, and effortless for all.",8909001575291
"Apr 19, 2026 @ 15:59:43.268",b3eeb02c76a99b6e61466583f804712c,https://styleunion.in/collections/mens-shirts/products/regular-fit-solid-alpha-shirt-exis00017?variant=46284340822265,Alpha™ Shirt - Authentic Indigo Slub Denim Shirt - Modern 2 Pocket Regular Fit,899,899,,Celestial Blue,S,"Product Details Fabric type: Cotton Weave type: Woven Pattern: Solid Length: Regular Length Neck Type/ Collar: Shirt Collar Theme: Modern Explorer Sleeve Type: Full Sleeve Fit Type: Regular Fit Pockets: Patch Pocket, 2 Description This solid pattern shirt has a shirt collar and full sleeve. Made from cotton, it is soft and comfortable to wear. Wash and Care Machine Wash 40°C. Wash Dark Colours Separately. Do Not Bleach. Tumble Dry Low. Warm Iron. Do Not Dryclean Made in India Manufactured and Marketed By:- NEXON OMNIVERSE LIMITED Address: D-202, Synthofine Estate, Off Aarey Road, Behind Virvani Ind.Estate, Goregaon East, Mumbai 400063 Disclaimer Product color may slightly vary due to photographic lighting sources on your monitor setting. Customer Care +91 7304053032 Customer Care Email id – sharewithus@styleunion.in 10:30 am to 6:30 pm from Monday to Friday Legal: compliance@nexonomniverse.com Franchise Enquiry Business Partner Form Style Union is a modern Indian fashion brand bringing everyday dressing a new sense of ease and confidence. We have 160+ stores across the country that offer a wide range of clothing for women, men, and kids, with styles made for real routines and changing days. We keep fashion practical and style-forward with weekly new launches across categories. Our online store makes shopping simple with smooth navigation, quick delivery, and access to the latest drops in one place. You can explore full collections, check availability, and shop comfortably from anywhere. We follow a transparent pricing model with no discounts or inflated tags. With a growing retail presence across India and a customer-first mindset, we focus on making fashion honest, accessible, and effortless for all.",8909001508848
"Apr 19, 2026 @ 15:59:43.462",997e56ed2ee51f738d79bd8043bd6eb7,https://styleunion.in/collections/mens-shirts/products/regular-fit-printed-cambridge-shirt-smps00004?variant=46284359827705,Cambridge™ Shirts - 100% Cotton Elegant Printed - Regular Fit,799,799,,Blue Fusion,S,"Product Details Fabric type: Cotton Weave type: Knit Pattern: Printed Length: Regular Length Neck Type/ Collar: Shirt Collar Theme: Modern Smart Sleeve Type: Half Sleeve Fit Type: Regular Fit Pockets: Patch Pocket, 1 Description Cambridge™ Shirts - 100% Cotton Elegant Printed - Regular Fit This printed pattern shirt has a shirt collar and half sleeve. Made from cotton, it is soft and comfortable to wear. Wash and Care Machine Wash 40°C. Wash Dark Colours Separately. Do Not Bleach. Tumble Dry Low. Warm Iron. Do Not Dryclean Made in India Manufactured and Marketed By:- NEXON OMNIVERSE LIMITED Address: D-202, Synthofine Estate, Off Aarey Road, Behind Virvani Ind.Estate, Goregaon East, Mumbai 400063 Disclaimer Product color may slightly vary due to photographic lighting sources on your monitor setting. Customer Care +91 7304053032 Customer Care Email id – sharewithus@styleunion.in 10:30 am to 6:30 pm from Monday to Friday Legal: compliance@nexonomniverse.com Franchise Enquiry Business Partner Form Style Union is a modern Indian fashion brand bringing everyday dressing a new sense of ease and confidence. We have 160+ stores across the country that offer a wide range of clothing for women, men, and kids, with styles made for real routines and changing days. We keep fashion practical and style-forward with weekly new launches across categories. Our online store makes shopping simple with smooth navigation, quick delivery, and access to the latest drops in one place. You can explore full collections, check availability, and shop comfortably from anywhere. We follow a transparent pricing model with no discounts or inflated tags. With a growing retail presence across India and a customer-first mindset, we focus on making fashion honest, accessible, and effortless for all.",8909001465226
"Apr 19, 2026 @ 15:59:44.392",e81a3a9ac9eae56001c054a8b5437b4e,https://styleunion.in/collections/mens-shirts/products/regular-fit-checkered-shirt-smys00001?variant=46284366807289,Modern Smart™ - Cotton Checkered Shirt - Regular Fit,399,399,,Blue Fusion,XL,"Product Details Fabric type: Cotton Weave type: Woven Pattern: Checkered Length: Regular Length Neck Type/ Collar: Shirt Collar Theme: Modern Smart Sleeve Type: Half Sleeve Fit Type: Regular Fit Pockets: Patch Pocket, 1 Description Modern Smart - Cotton Checkered Shirt - Regular Fit This checkered pattern shirt has a shirt collar and half sleeve. Made from cotton, it is soft and comfortable to wear. Wash and Care Machine Wash 40°C. Wash Dark Colours Separately. Do Not Bleach. Tumble Dry Low. Warm Iron. Do Not Dryclean Made in India Manufactured and Marketed By:- NEXON OMNIVERSE LIMITED Address: D-202, Synthofine Estate, Off Aarey Road, Behind Virvani Ind.Estate, Goregaon East, Mumbai 400063 Disclaimer Product color may slightly vary due to photographic lighting sources on your monitor setting. Customer Care +91 7304053032 Customer Care Email id – sharewithus@styleunion.in 10:30 am to 6:30 pm from Monday to Friday Legal: compliance@nexonomniverse.com Franchise Enquiry Business Partner Form Style Union is a modern Indian fashion brand bringing everyday dressing a new sense of ease and confidence. We have 160+ stores across the country that offer a wide range of clothing for women, men, and kids, with styles made for real routines and changing days. We keep fashion practical and style-forward with weekly new launches across categories. Our online store makes shopping simple with smooth navigation, quick delivery, and access to the latest drops in one place. You can explore full collections, check availability, and shop comfortably from anywhere. We follow a transparent pricing model with no discounts or inflated tags. With a growing retail presence across India and a customer-first mindset, we focus on making fashion honest, accessible, and effortless for all.",8909001478714
"Apr 19, 2026 @ 15:59:44.611",d3fc6f089fcd6b6ce92916568fc33477,https://styleunion.in/collections/mens-shirts/products/regular-fit-structured-shirt-smcs00034?variant=46284395839737,BAE Shirt™ - Fine Cotton Soft  - Dobby Structure - Cuban Collar - Regular Fit Shirt,399,399,,Desert Sage,XL,"Product Details Fabric type: Cotton Weave type: Woven Pattern: Structured Length: Regular Length Neck Type/ Collar: Camp Collar Sleeve Type: Half Sleeve Fit Type: Regular Fit Description This structured pattern shirt has a camp collar and half sleeve. Made from cotton, it is soft and comfortable to wear. Wash and Care Machine Wash 40°C. Wash Dark Colours Separately. Do Not Bleach. Tumble Dry Low. Warm Iron. Do Not Dryclean Made in India Manufactured and Marketed By:- NEXON OMNIVERSE LIMITED Address: D-202, Synthofine Estate, Off Aarey Road, Behind Virvani Ind.Estate, Goregaon East, Mumbai 400063 Disclaimer Product color may slightly vary due to photographic lighting sources on your monitor setting. Customer Care +91 7304053032 Customer Care Email id – sharewithus@styleunion.in 10:30 am to 6:30 pm from Monday to Friday Legal: compliance@nexonomniverse.com Franchise Enquiry Business Partner Form Style Union is a modern Indian fashion brand bringing everyday dressing a new sense of ease and confidence. We have 160+ stores across the country that offer a wide range of clothing for women, men, and kids, with styles made for real routines and changing days. We keep fashion practical and style-forward with weekly new launches across categories. Our online store makes shopping simple with smooth navigation, quick delivery, and access to the latest drops in one place. You can explore full collections, check availability, and shop comfortably from anywhere. We follow a transparent pricing model with no discounts or inflated tags. With a growing retail presence across India and a customer-first mindset, we focus on making fashion honest, accessible, and effortless for all.",8909001529423
"Apr 19, 2026 @ 15:59:45.548",d54575bfb8ba9e84cdabf48dd227560f,https://styleunion.in/collections/mens-shirts/products/regular-fit-structured-casual-shirt-smcs00009?variant=46284399870201,BAE Shirt™ - Luxury Blend of Super Soft Nylon & E-fast® Stretch - Micro Dobby Structure - Cuban Collar - Slim Fit Shirt,799,799,,Crystal Blue,XS,"Product Details Fabric type: Nylon with E-Fast Stretch Weave type: Knitted Pattern: Structured Length: Regular Length Neck Type/ Collar: Camp Collar Sleeve Type: Half Sleeve Fit Type: Regular Fit Pockets: Nil Description Introducing the BAE Shirt ™ — a blend of luxury, style, and comfort for the modern trendsetter. Made from super soft nylon with E-Fast ® Stretch , this shirt is designed to move with you, offering a lightweight feel with a touch of flexibility for ultimate comfort. The micro-dobby structure adds subtle texture, giving it a refined, elevated look. Featuring a Cuban camp collar and a slim fit , this half-sleeve shirt offers a sleek, contemporary silhouette perfect for both casual outings and smart-casual occasions. The BAE Shirt ™ is your go-to for a fresh, stylish look with premium feel and quality craftsmanship. Wash and Care Hand Wash Made in India Manufactured and Marketed By:- NEXON OMNIVERSE LIMITED Address: D-202, Synthofine Estate, Off Aarey Road, Behind Virvani Ind.Estate, Goregaon East, Mumbai 400063 Disclaimer Product color may slightly vary due to photographic lighting sources on your monitor setting. Customer Care +91 7304053032 Customer Care Email id – sharewithus@styleunion.in 10:30 am to 6:30 pm from Monday to Friday Legal: compliance@nexonomniverse.com Franchise Enquiry Business Partner Form Style Union is a modern Indian fashion brand bringing everyday dressing a new sense of ease and confidence. We have 160+ stores across the country that offer a wide range of clothing for women, men, and kids, with styles made for real routines and changing days. We keep fashion practical and style-forward with weekly new launches across categories. Our online store makes shopping simple with smooth navigation, quick delivery, and access to the latest drops in one place. You can explore full collections, check availability, and shop comfortably from anywhere. We follow a transparent pricing model with no discounts or inflated tags. With a growing retail presence across India and a customer-first mindset, we focus on making fashion honest, accessible, and effortless for all.",8909001444849
"Apr 19, 2026 @ 15:59:45.890",4758121f1114a576d17c7d6153153aae,https://styleunion.in/collections/mens-shirts/products/regular-fit-solid-cooltek-shirt-ness00001?variant=46284400787705,"Cooltek™ Shirt - The Perfect Shirt - ""Crease Free Tape Seamed Tailored Shirts” - Super Fine Cotton With E-Fast® Stretch - Regular Fit",899,899,,Black,S,"Product Details Fabric Type: 100% Cotton Weave Type: Woven Pattern: Solid Length: Regular Length Neck/Collar Type: Shirt Collar Sleeve Type: Full Sleeve Fit: Regular Fit Description Experience the ultimate in comfort and style with the Cooltek™ Shirt. Crafted from super fine cotton, this shirt offers a luxurious feel against your skin while maintaining a polished appearance. The E-Fast® Stretch technology ensures ease of movement, making it perfect for both work and leisure. Crease Free: Stay sharp all day with our innovative crease-free technology, eliminating the need for constant ironing. Super Fine Cotton: Enjoy the soft, breathable fabric that keeps you comfortable in any season. E-Fast® Stretch: Move freely and confidently with stretch fabric that adapts to your every move. Whether you're heading to the office or out for a casual evening, this shirt is your go-to choice for effortless sophistication. Its solid pattern and classic shirt collar make it versatile enough to pair with any outfit, ensuring you always look your best. Wash and Care Machine Wash 40°C. Wash Dark Colours Separately. Do Not Bleach. Tumble Dry Low. Warm Iron. Do Not Dryclean. Made in India Manufactured and Marketed By:- NEXON OMNIVERSE LIMITED Address: D-202, Synthofine Estate, Off Aarey Road, Behind Virvani Ind.Estate, Goregaon East, Mumbai 400063 Disclaimer Product color may slightly vary due to photographic lighting sources on your monitor setting. Customer Care +91 7304053032 Customer Care Email id – sharewithus@styleunion.in 10:30 am to 6:30 pm from Monday to Friday Legal: compliance@nexonomniverse.com Franchise Enquiry Business Partner Form Style Union is a modern Indian fashion brand bringing everyday dressing a new sense of ease and confidence. We have 160+ stores across the country that offer a wide range of clothing for women, men, and kids, with styles made for real routines and changing days. We keep fashion practical and style-forward with weekly new launches across categories. Our online store makes shopping simple with smooth navigation, quick delivery, and access to the latest drops in one place. You can explore full collections, check availability, and shop comfortably from anywhere. We follow a transparent pricing model with no discounts or inflated tags. With a growing retail presence across India and a customer-first mindset, we focus on making fashion honest, accessible, and effortless for all.",8909001472996
"Apr 19, 2026 @ 15:59:46.716",57435842cf5ac52d750c4c21bbb83b48,https://styleunion.in/collections/mens-shirts/products/regular-fit-solid-shirt-exsk00003?variant=46284406784249,"The Shacket : Modern Look ""Shirt Jacket"" Pure Cotton - Regular Fit",999,999,,Desert Taupe,L,"Product Details Fabric type: Pure Cotton Weave type: Woven Pattern: Solid Length: Regular Length Neck Type/ Collar: Shirt Collar Sleeve Type: Full Sleeve Style Type: Shacket Fit Type: Regular Fit Pockets: 2 Cross Pocket Description This solid pattern shirt has a shirt collar and full sleeve. Made from cotton, it is soft and comfortable to wear. Wash and Care Machine Wash 40°C. Wash Dark Colours Separately. Do Not Bleach. Tumble Dry Low. Warm Iron. Do Not Dryclean Made in India Manufactured and Marketed By:- NEXON OMNIVERSE LIMITED Address: D-202, Synthofine Estate, Off Aarey Road, Behind Virvani Ind.Estate, Goregaon East, Mumbai 400063 Disclaimer Product color may slightly vary due to photographic lighting sources on your monitor setting. Customer Care +91 7304053032 Customer Care Email id – sharewithus@styleunion.in 10:30 am to 6:30 pm from Monday to Friday Legal: compliance@nexonomniverse.com Franchise Enquiry Business Partner Form Style Union is a modern Indian fashion brand bringing everyday dressing a new sense of ease and confidence. We have 160+ stores across the country that offer a wide range of clothing for women, men, and kids, with styles made for real routines and changing days. We keep fashion practical and style-forward with weekly new launches across categories. Our online store makes shopping simple with smooth navigation, quick delivery, and access to the latest drops in one place. You can explore full collections, check availability, and shop comfortably from anywhere. We follow a transparent pricing model with no discounts or inflated tags. With a growing retail presence across India and a customer-first mindset, we focus on making fashion honest, accessible, and effortless for all.",8909001399583
"Apr 19, 2026 @ 15:59:46.918",845cc1b24c0fe100735f597ba6d770bb,https://styleunion.in/collections/mens-shirts/products/regular-fit-printed-retreat-shirt-smcs00010?variant=46284399280377,Retreat™ Shirts - Core Slub Printed Pattern Rich Fabric - Trendy Cuban Collar - Regular Fit Shirt,399,399,,Italian Plum,XS,"Product Details Fabric type: Micro Polyester Weave type: Knit Pattern: Printed Length: Regular Length Neck Type/ Collar: Shirt Collar Sleeve Type: Half Sleeve Fit Type: Regular Fit Pockets: Nil Description Retreat™ Shirts - Corse Slub Printed Pattern Rich Fabric - Trendy Cuban Collar - Regular Fit Shirt Wash and Care Machine Wash 40°C. Wash Dark Colours Separately. Do Not Bleach. Tumble Dry Low. Warm Iron. Do Not Dryclean Made in India Manufactured and Marketed By:- NEXON OMNIVERSE LIMITED Address: D-202, Synthofine Estate, Off Aarey Road, Behind Virvani Ind.Estate, Goregaon East, Mumbai 400063 Disclaimer Product color may slightly vary due to photographic lighting sources on your monitor setting. Customer Care +91 7304053032 Customer Care Email id – sharewithus@styleunion.in 10:30 am to 6:30 pm from Monday to Friday Legal: compliance@nexonomniverse.com Franchise Enquiry Business Partner Form Style Union is a modern Indian fashion brand bringing everyday dressing a new sense of ease and confidence. We have 160+ stores across the country that offer a wide range of clothing for women, men, and kids, with styles made for real routines and changing days. We keep fashion practical and style-forward with weekly new launches across categories. Our online store makes shopping simple with smooth navigation, quick delivery, and access to the latest drops in one place. You can explore full collections, check availability, and shop comfortably from anywhere. We follow a transparent pricing model with no discounts or inflated tags. With a growing retail presence across India and a customer-first mindset, we focus on making fashion honest, accessible, and effortless for all.",8909001450437
"Apr 19, 2026 @ 15:59:48.283",c78046403f39109c6a176e6385810544,https://styleunion.in/collections/mens-shirts/products/regular-fit-solid-shirt-collar-regular-length-shirt-smss00017?variant=46362676330745,Travelator™ Half Sleeve Shirt – Airdry® – 4 Way Ultra Stretch Fabric,699,699,,Black,S,"Product Details Fabric Type: Polyester (100% Elastomultiester) Weave Type: Knit Pattern: Solid Length: Regular Neck/Collar Type: Shirt Collar Sleeve Type: Half Sleeve Fit: Regular Fit Pockets: Patch Pocket, 1 Description Designed for everyday versatility, the Travelator™ Half Sleeve Shirt combines stretchable knit construction with a clean, solid look. The regular fit and shirt collar maintain a structured appearance, while the fabric allows ease of movement, making it suitable for both work and casual settings. Key Features 4-way ultra stretch fabric Wash & wear construction Zero top stitch finish Saville Row finish Patch pocket design What Makes It Stand Out Supports ease of movement throughout the day Maintains a clean and structured look Easy to maintain for regular use Works across formal and casual occasions Made in India Manufactured and Marketed By:- NEXON OMNIVERSE LIMITED Address: D-202, Synthofine Estate, Off Aarey Road, Behind Virvani Ind.Estate, Goregaon East, Mumbai 400063 Disclaimer Product color may slightly vary due to photographic lighting sources on your monitor setting. Customer Care +91 7304053032 Customer Care Email id – sharewithus@styleunion.in 10:30 am to 6:30 pm from Monday to Friday Legal: compliance@nexonomniverse.com Franchise Enquiry Business Partner Form Style Union is a modern Indian fashion brand bringing everyday dressing a new sense of ease and confidence. We have 160+ stores across the country that offer a wide range of clothing for women, men, and kids, with styles made for real routines and changing days. We keep fashion practical and style-forward with weekly new launches across categories. Our online store makes shopping simple with smooth navigation, quick delivery, and access to the latest drops in one place. You can explore full collections, check availability, and shop comfortably from anywhere. We follow a transparent pricing model with no discounts or inflated tags. With a growing retail presence across India and a customer-first mindset, we focus on making fashion honest, accessible, and effortless for all.",8909001584101
"Apr 19, 2026 @ 15:59:48.433",01e02324920d4a93b3a4bde182ae0418,https://styleunion.in/collections/mens-shirts/products/airess-oversize-solid-t-shirt-atct00004?variant=47184556491001,Airess – Airdry® – Oversized Tee with Superior Drape,499,499,,Beige,XS,"Product Details Fabric Type: 80% Cotton, 20% Polyester Weave Type: Knit Fit: Oversized Neck: Crew Neck Sleeve: Short Sleeve Pattern: Solid Description AIRESS is designed for everyday comfort with a relaxed, oversized silhouette. Made from a cotton-polyester blend, it offers a soft feel with added durability. The breathable fabric helps keep you comfortable through the day, while the drop shoulder and wider neck rib create a laid-back, easy fit. Built for all-day wear, whether you're stepping out or staying in. Key Features Soft cotton blend with a smooth feel Breathable fabric for everyday comfort Oversized fit for a relaxed look Drop shoulder design for ease of movement Durable construction with shape retention What Makes It Stand Out Oversized silhouette with a structured drape Wider neck rib for a distinct look Balanced fabric blend for comfort and durability Easy to style across casual settings Wash & Care Instructions Machine wash at 30°C Wash dark colours separately Do not bleach Tumble dry low Warm iron Do not dry clean Made in India Manufactured and Marketed By:- NEXON OMNIVERSE LIMITED Address: D-202, Synthofine Estate, Off Aarey Road, Behind Virvani Ind.Estate, Goregaon East, Mumbai 400063 Disclaimer Product color may slightly vary due to photographic lighting sources on your monitor setting. Customer Care +91 7304053032 Customer Care Email id – sharewithus@styleunion.in 10:30 am to 6:30 pm from Monday to Friday Legal: compliance@nexonomniverse.com Franchise Enquiry Business Partner Form Style Union is a modern Indian fashion brand bringing everyday dressing a new sense of ease and confidence. We have 160+ stores across the country that offer a wide range of clothing for women, men, and kids, with styles made for real routines and changing days. We keep fashion practical and style-forward with weekly new launches across categories. Our online store makes shopping simple with smooth navigation, quick delivery, and access to the latest drops in one place. You can explore full collections, check availability, and shop comfortably from anywhere. We follow a transparent pricing model with no discounts or inflated tags. With a growing retail presence across India and a customer-first mindset, we focus on making fashion honest, accessible, and effortless for all.",8909404064101
"Apr 19, 2026 @ 15:59:49.235",11f0860913e5d27944585eb5f8c74fa3,https://styleunion.in/collections/mens-shirts/products/above-knee-air-dry-sprinter-shorts-pfst00003?variant=47330911486201,Sprinter – Airdry® – Running Shorts with Inner Support,699,699,,Balsam,XS,"Product Details Fabric Type: 90% Polyester, 10% Spandex Weave Type: Knit Pattern: Solid Length: Above Knee Fit: Regular Fit Waist Rise: Mid Rise Pockets: Welt Pocket, 2 Description Built for performance-focused movement, the Sprinter Running Shorts are designed to support you through every stride. The lightweight knit construction combined with stretch fabric allows ease of motion, while the inner brief provides added support during runs and high-intensity sessions. Reflective detailing enhances visibility, making it suitable for both day and low-light conditions. Key Features Inner brief for support Reflective details Engineered seam construction Lightweight knit fabric Stretchable for movement What Makes It Stand Out Designed for running and active use Supports movement with built-in compression Helps maintain comfort during extended wear Suitable for training and outdoor runs Wash & Care Instructions Machine wash at 30°C Wash dark colours separately Do not bleach Tumble dry low Warm iron Do not dry clean Do not iron on embellishments Made in India Manufactured and Marketed By:- NEXON OMNIVERSE LIMITED Address: D-202, Synthofine Estate, Off Aarey Road, Behind Virvani Ind.Estate, Goregaon East, Mumbai 400063 Disclaimer Product color may slightly vary due to photographic lighting sourc Customer Care +91 7304053032 Customer Care Email id – sharewithus@styleunion.in 10:30 am to 6:30 pm from Monday to Friday Legal: compliance@nexonomniverse.com Franchise Enquiry Business Partner Form Style Union is a modern Indian fashion brand bringing everyday dressing a new sense of ease and confidence. We have 160+ stores across the country that offer a wide range of clothing for women, men, and kids, with styles made for real routines and changing days. We keep fashion practical and style-forward with weekly new launches across categories. Our online store makes shopping simple with smooth navigation, quick delivery, and access to the latest drops in one place. You can explore full collections, check availability, and shop comfortably from anywhere. We follow a transparent pricing model with no discounts or inflated tags. With a growing retail presence across India and a customer-first mindset, we focus on making fashion honest, accessible, and effortless for all.",8909404049757
"Apr 19, 2026 @ 15:59:49.642",a460d7fa54a51febcf59aeddb00e7a56,https://styleunion.in/collections/mens-shirts/products/structured-crew-neck-t-shirt-pfct00018?variant=47565991215353,Velocitee™ 26 – Airdry® – Ultra-Light Ventilated Running Tee - Polyamide with Efast,499,499,,Endurance,XS,"Product Details Fabric Type: 88% Polyamide, 12% Spandex Weave Type: Knit Pattern: Solid Length: Regular Length Neck/Collar Type: Crew Neck Sleeve Type: Raglan Sleeve (Half Sleeve) Fit: Regular Fit Description Built for performance, the VELOCITEE running tee is designed to support movement and comfort during high-intensity activities. The raglan sleeve construction enhances mobility, while engineered seams maintain structure and durability. Crafted with micro perforated fabric, it allows improved airflow and ventilation. The lightweight polyamide blend ensures a breathable feel, while stretchable construction supports unrestricted movement throughout your run. Key Features Raglan sleeve crew neck design Micro perforated fabric for ventilation Engineered seam construction Moisture control performance 360° stretch fabric What Makes It Stand Out Keeps you cool and dry during workouts Allows free and flexible movement Lightweight feel for long runs Comfortable against the skin for extended wear Made in India Manufactured and Marketed By:- NEXON OMNIVERSE LIMITED Address: D-202, Synthofine Estate, Off Aarey Road, Behind Virvani Ind.Estate, Goregaon East, Mumbai 400063 Disclaimer Product color may slightly vary due to photographic lighting sources on your monitor setting. Customer Care +91 7304053032 Customer Care Email id – sharewithus@styleunion.in 10:30 am to 6:30 pm from Monday to Friday Legal: compliance@nexonomniverse.com Franchise Enquiry Business Partner Form Style Union is a modern Indian fashion brand bringing everyday dressing a new sense of ease and confidence. We have 160+ stores across the country that offer a wide range of clothing for women, men, and kids, with styles made for real routines and changing days. We keep fashion practical and style-forward with weekly new launches across categories. Our online store makes shopping simple with smooth navigation, quick delivery, and access to the latest drops in one place. You can explore full collections, check availability, and shop comfortably from anywhere. We follow a transparent pricing model with no discounts or inflated tags. With a growing retail presence across India and a customer-first mindset, we focus on making fashion honest, accessible, and effortless for all.",8909001678572
"Apr 19, 2026 @ 15:59:50.538",8444ff25cd34b6034d410ba368aec734,https://styleunion.in/collections/mens-shirts/products/knitted-solid-flxtrack-air-pants-pflw00003?variant=47423827837177,Flxtrack – Airdry® – Built for Flexibility & Everyday Movement,799,799,,Taupe,S,"Product Details Fabric Type: Polyester Spandex(90% , 10% Spandex) Weave Type: Knit Pattern: Solid Length: Regular Length Fit: Regular Fit Pockets: Welt Pocket, 3 Waist Rise: Mid Rise Description Elevate your casual wardrobe with Flxtrack – Airdry® – built for flexibility & everyday movement, designed for men who value comfort and style. Crafted from a blend of polyester and spandex, these pants offer flexibility and breathability for everyday wear. Regular fit ensures a comfortable and relaxed silhouette, perfect for active lifestyles. Constructed with a durable knit fabric, providing both stretch and breathability for all-day wear. Features three welt pockets, offering ample storage for your essentials without compromising style. Mid rise waist design enhances comfort while maintaining a modern look suitable for various occasions. Pair with a simple tee and sneakers for a laid-back look, or dress them up with a button-up for a smart-casual ensemble. Wash and Care Machine Wash 30°C.Wash Dark Colours Separately. Do Not Bleach. Do Not Tumble Dry. Warm Iron. Do Not Dry Clean. Do Not Iron On Embellishment Made in India Manufactured and Marketed By:- NEXON OMNIVERSE LIMITED Address: D-202, Synthofine Estate, Off Aarey Road, Behind Virvani Ind.Estate, Goregaon East, Mumbai 400063 Disclaimer Product color may slightly vary due to photographic lighting sources on your monitor setting. Customer Care +91 7304053032 Customer Care Email id – sharewithus@styleunion.in 10:30 am to 6:30 pm from Monday to Friday Legal: compliance@nexonomniverse.com Franchise Enquiry Business Partner Form Style Union is a modern Indian fashion brand bringing everyday dressing a new sense of ease and confidence. We have 160+ stores across the country that offer a wide range of clothing for women, men, and kids, with styles made for real routines and changing days. We keep fashion practical and style-forward with weekly new launches across categories. Our online store makes shopping simple with smooth navigation, quick delivery, and access to the latest drops in one place. You can explore full collections, check availability, and shop comfortably from anywhere. We follow a transparent pricing model with no discounts or inflated tags. With a growing retail presence across India and a customer-first mindset, we focus on making fashion honest, accessible, and effortless for all.",8909404112123
"Apr 19, 2026 @ 15:59:50.871",458cfbdcb6c06ddd49354f3f26ad8430,https://styleunion.in/collections/mens-shirts/products/solid-mid-rise-aero-shorts-atst00002?variant=47423823905017,Aeroshorts – Airdry® – All Day Comfort Shorts with Relaxed Fit,599,599,,Taupe,XS,"Product Details Fabric Type : 49% Polyester, 46% Modal, 5% Spandex Fit : Relaxed fit Length : Longer inseam Pockets : Patch pocket at back Design Detail : Paneling at front Description Aero shorts are designed with a relaxed fit and longer inseam for ease of movement and all-day comfort. Featuring front paneling for added structure and a patch pocket at the back, these shorts combine functionality with a clean look. Built with a polyester-modal-spandex blend, they offer a soft touch and flexible feel for everyday wear. Key Features Relaxed fit & All-day comfort Longer inseam Paneling at front & Patch pocket at back Quick-dry fabric Breathable & Stretchable Feels soft on touch Superior drape What Makes It Stand Out Aero shorts are built for comfort and ease. The relaxed fit and soft-touch fabric support all-day wear, while the stretchable construction allows flexibility in movement. Wash & Care Instructions Machine wash cold with similar colors Do not bleach Tumble dry low or hang to dry Do not iron directly on trims Do not dry clean Made in India Manufactured and Marketed By:- NEXON OMNIVERSE LIMITED Address: D-202, Synthofine Estate, Off Aarey Road, Behind Virvani Ind.Estate, Goregaon East, Mumbai 400063 Disclaimer Product color may slightly vary due to photographic lighting sources on your monitor setting. Customer Care +91 7304053032 Customer Care Email id – sharewithus@styleunion.in 10:30 am to 6:30 pm from Monday to Friday Legal: compliance@nexonomniverse.com Franchise Enquiry Business Partner Form Style Union is a modern Indian fashion brand bringing everyday dressing a new sense of ease and confidence. We have 160+ stores across the country that offer a wide range of clothing for women, men, and kids, with styles made for real routines and changing days. We keep fashion practical and style-forward with weekly new launches across categories. Our online store makes shopping simple with smooth navigation, quick delivery, and access to the latest drops in one place. You can explore full collections, check availability, and shop comfortably from anywhere. We follow a transparent pricing model with no discounts or inflated tags. With a growing retail presence across India and a customer-first mindset, we focus on making fashion honest, accessible, and effortless for all.",8909404064972
"Apr 19, 2026 @ 15:59:51.531",b22d4c9e65a89de7ffdbe84d87b2fdda,https://styleunion.in/collections/mens-shirts/products/oversize-jacquard-hoodie-uplifter-sweatshirt-pfsws00001?variant=47423828001017,Uplifter – Airdry® – Sleeveless Hoodie with Stretch Training Fit,599,599,,White,XS,"Product Details Fabric Type: 80% Polyester, 20% Spandex Weave Type: Knit Pattern: Solid Length: Regular Length Neck/Collar Type: Hoodie Sleeve Type: Sleeveless Fit: Relaxed Fit Description Built for training and active movement, the Uplifter sleeveless hoodie combines a structured knit fabric with a relaxed fit for ease and flexibility. The sleeveless design allows unrestricted arm movement, while the adjustable hood toggle adds functional detail. Designed to support performance, it maintains a clean and athletic look throughout your workout. Key Features Sleeveless hoodie design Structured fabric construction Adjustable hood toggle Relaxed fit for comfort What Makes It Stand Out Allows free movement during workouts Comfortable for training sessions Lightweight feel for active use Soft touch for everyday wear Wash & Care Instructions Machine wash at 30°C Wash dark colours separately Do not bleach Tumble dry low Warm iron Do not dry clean Do not iron on embellishment Made in India Manufactured and Marketed By:- NEXON OMNIVERSE LIMITED Address: D-202, Synthofine Estate, Off Aarey Road, Behind Virvani Ind.Estate, Goregaon East, Mumbai 400063 Disclaimer Product color may slightly vary due to photographic lighting sources on your monitor setting. Customer Care +91 7304053032 Customer Care Email id – sharewithus@styleunion.in 10:30 am to 6:30 pm from Monday to Friday Legal: compliance@nexonomniverse.com Franchise Enquiry Business Partner Form Style Union is a modern Indian fashion brand bringing everyday dressing a new sense of ease and confidence. We have 160+ stores across the country that offer a wide range of clothing for women, men, and kids, with styles made for real routines and changing days. We keep fashion practical and style-forward with weekly new launches across categories. Our online store makes shopping simple with smooth navigation, quick delivery, and access to the latest drops in one place. You can explore full collections, check availability, and shop comfortably from anywhere. We follow a transparent pricing model with no discounts or inflated tags. With a growing retail presence across India and a customer-first mindset, we focus on making fashion honest, accessible, and effortless for all.",8909404064576
"Apr 19, 2026 @ 15:59:52.266",d5c5f0ad1a6e14e2272b4c97c276d68c,https://styleunion.in/collections/mens-shirts/products/travelator-mid-rise-trackpant-airdry-4-way-ultra-stretch-fabric-atlw00004?variant=47566923006201,Travelator™ Pant – Airdry® – 4 Way Ultra Stretch Fabric,1199,1199,,Cement,28,"Product Details Fabric Type: Bionic Polyester Weave type: Knit Pattern: Solid Length: Regular Length Fit: Regular Fit Waist Rise: Mid Rise Pockets: 5 Description Experience next-level comfort with these Airdry Trackpants, engineered for performance, travel, and everyday wear. Crafted using advanced AirDry technology, the fabric ensures rapid moisture evaporation, keeping you cool, dry, and fresh throughout the day. Designed with a lightweight and breathable polyester knit, these trackpants enhance airflow while maintaining a soft, skin-friendly feel. The built-in stretch allows effortless movement, making them ideal for active lifestyles, long travel hours, or all-day wear. The minimal solid design delivers a clean, modern look, while the regular fit provides a balanced silhouette that suits every body type. With its wrinkle-resistant and easy-care properties, this is a true wash-and-wear essential for today’s fast-paced routine. Airdry Technology for fast drying and moisture management Breathable & Lightweight Fabric for all-day freshness 4-Way Stretch Comfort for unrestricted movement Travel-Friendly & Wrinkle-Resistant for easy packing Wash & Wear Convenience for low maintenance Solid Minimal Design for versatile styling Regular Fit for a comfortable and modern silhouette Perfect for travel, workouts, or daily wear, these Airdry trackpants combine performance, style, and convenience in one essential piece. Wash and Care Machine Wash 30°C. Wash Dark Colours Separately. Do Not Bleach. Tumble Dry Low. Warm Iron. Do Not Dry Clean. Do Not Iron On Embellishment. Made in India Manufactured and Marketed By:- NEXON OMNIVERSE LIMITED Address: D-202, Synthofine Estate, Off Aarey Road, Behind Virvani Ind.Estate, Goregaon East, Mumbai 400063 Disclaimer Product color may slightly vary due to photographic lighting sources on your monitor setting. Customer Care +91 7304053032 Customer Care Email id – sharewithus@styleunion.in 10:30 am to 6:30 pm from Monday to Friday Legal: compliance@nexonomniverse.com Franchise Enquiry Business Partner Form Style Union is a modern Indian fashion brand bringing everyday dressing a new sense of ease and confidence. We have 160+ stores across the country that offer a wide range of clothing for women, men, and kids, with styles made for real routines and changing days. We keep fashion practical and style-forward with weekly new launches across categories. Our online store makes shopping simple with smooth navigation, quick delivery, and access to the latest drops in one place. You can explore full collections, check availability, and shop comfortably from anywhere. We follow a transparent pricing model with no discounts or inflated tags. With a growing retail presence across India and a customer-first mindset, we focus on making fashion honest, accessible, and effortless for all.",8909404062589
"Apr 19, 2026 @ 15:59:53.237",886e154f867125202b0fcc97ed69ac99,https://styleunion.in/collections/mens-t-shirts/products/structured-crew-neck-t-shirt-pfct00018?variant=47565991215353,Velocitee™ 26 – Airdry® – Ultra-Light Ventilated Running Tee - Polyamide with Efast,499,499,,Endurance,XS,"Product Details Fabric Type: 88% Polyamide, 12% Spandex Weave Type: Knit Pattern: Solid Length: Regular Length Neck/Collar Type: Crew Neck Sleeve Type: Raglan Sleeve (Half Sleeve) Fit: Regular Fit Description Built for performance, the VELOCITEE running tee is designed to support movement and comfort during high-intensity activities. The raglan sleeve construction enhances mobility, while engineered seams maintain structure and durability. Crafted with micro perforated fabric, it allows improved airflow and ventilation. The lightweight polyamide blend ensures a breathable feel, while stretchable construction supports unrestricted movement throughout your run. Key Features Raglan sleeve crew neck design Micro perforated fabric for ventilation Engineered seam construction Moisture control performance 360° stretch fabric What Makes It Stand Out Keeps you cool and dry during workouts Allows free and flexible movement Lightweight feel for long runs Comfortable against the skin for extended wear Made in India Manufactured and Marketed By:- NEXON OMNIVERSE LIMITED Address: D-202, Synthofine Estate, Off Aarey Road, Behind Virvani Ind.Estate, Goregaon East, Mumbai 400063 Disclaimer Product color may slightly vary due to photographic lighting sources on your monitor setting. Customer Care +91 7304053032 Customer Care Email id – sharewithus@styleunion.in 10:30 am to 6:30 pm from Monday to Friday Legal: compliance@nexonomniverse.com Franchise Enquiry Business Partner Form Style Union is a modern Indian fashion brand bringing everyday dressing a new sense of ease and confidence. We have 160+ stores across the country that offer a wide range of clothing for women, men, and kids, with styles made for real routines and changing days. We keep fashion practical and style-forward with weekly new launches across categories. Our online store makes shopping simple with smooth navigation, quick delivery, and access to the latest drops in one place. You can explore full collections, check availability, and shop comfortably from anywhere. We follow a transparent pricing model with no discounts or inflated tags. With a growing retail presence across India and a customer-first mindset, we focus on making fashion honest, accessible, and effortless for all.",8909001678572
"Apr 19, 2026 @ 15:59:53.361",3df07c33de1490924ed275e5095a1241,https://styleunion.in/collections/mens-t-shirts/products/airess-oversize-solid-t-shirt-atct00004?variant=47184556491001,Airess – Airdry® – Oversized Tee with Superior Drape,499,499,,Beige,XS,"Product Details Fabric Type: 80% Cotton, 20% Polyester Weave Type: Knit Fit: Oversized Neck: Crew Neck Sleeve: Short Sleeve Pattern: Solid Description AIRESS is designed for everyday comfort with a relaxed, oversized silhouette. Made from a cotton-polyester blend, it offers a soft feel with added durability. The breathable fabric helps keep you comfortable through the day, while the drop shoulder and wider neck rib create a laid-back, easy fit. Built for all-day wear, whether you're stepping out or staying in. Key Features Soft cotton blend with a smooth feel Breathable fabric for everyday comfort Oversized fit for a relaxed look Drop shoulder design for ease of movement Durable construction with shape retention What Makes It Stand Out Oversized silhouette with a structured drape Wider neck rib for a distinct look Balanced fabric blend for comfort and durability Easy to style across casual settings Wash & Care Instructions Machine wash at 30°C Wash dark colours separately Do not bleach Tumble dry low Warm iron Do not dry clean Made in India Manufactured and Marketed By:- NEXON OMNIVERSE LIMITED Address: D-202, Synthofine Estate, Off Aarey Road, Behind Virvani Ind.Estate, Goregaon East, Mumbai 400063 Disclaimer Product color may slightly vary due to photographic lighting sources on your monitor setting. Customer Care +91 7304053032 Customer Care Email id – sharewithus@styleunion.in 10:30 am to 6:30 pm from Monday to Friday Legal: compliance@nexonomniverse.com Franchise Enquiry Business Partner Form Style Union is a modern Indian fashion brand bringing everyday dressing a new sense of ease and confidence. We have 160+ stores across the country that offer a wide range of clothing for women, men, and kids, with styles made for real routines and changing days. We keep fashion practical and style-forward with weekly new launches across categories. Our online store makes shopping simple with smooth navigation, quick delivery, and access to the latest drops in one place. You can explore full collections, check availability, and shop comfortably from anywhere. We follow a transparent pricing model with no discounts or inflated tags. With a growing retail presence across India and a customer-first mindset, we focus on making fashion honest, accessible, and effortless for all.",8909404064101
"Apr 19, 2026 @ 15:59:53.750",de1cecebc3aaa6c3e7d5f4385f70c867,https://styleunion.in/collections/mens-t-shirts/products/cotton-oversized-crew-neck-drip-t-shirt-uskt00035?variant=47423828951289,Cotton Oversized Crew Neck Drip T-Shirt,499,499,,Cloud Dancer,S,"Product Details Fabric Type: Cotton Weave Type: Knit Pattern: Cut and Sew Length: Regular Length Neck/Collar Type: Crew Neck Sleeve Type: Half Sleeve Fit: Oversize Description Introducing the Cotton Oversized Crew Neck Drip T-Shirt, designed for comfort and style. Crafted from soft cotton, this t-shirt blends a relaxed fit with a modern aesthetic, perfect for everyday wear. Made from high-quality cotton, ensuring breathability and comfort throughout the day. The oversized fit provides a laid-back silhouette, ideal for layering or wearing solo. Featuring a classic crew neck design and half sleeves for a timeless appeal. Constructed with a unique cut and sew pattern, adding a touch of contemporary flair. Regular length makes it versatile for pairing with jeans, shorts, or joggers. Style it with denim for a casual look, or layer under a jacket for added warmth and style. Wash and Care Machine Wash 40°C. Wash Dark Colours Separately. Do Not Bleach. Tumble Dry Low. Warm Iron. Do Not Dryclean Made in India Manufactured and Marketed By:- NEXON OMNIVERSE LIMITED Address: D-202, Synthofine Estate, Off Aarey Road, Behind Virvani Ind.Estate, Goregaon East, Mumbai 400063 Disclaimer Product color may slightly vary due to photographic lighting sources on your monitor setting. Customer Care +91 7304053032 Customer Care Email id – sharewithus@styleunion.in 10:30 am to 6:30 pm from Monday to Friday Legal: compliance@nexonomniverse.com Franchise Enquiry Business Partner Form Style Union is a modern Indian fashion brand bringing everyday dressing a new sense of ease and confidence. We have 160+ stores across the country that offer a wide range of clothing for women, men, and kids, with styles made for real routines and changing days. We keep fashion practical and style-forward with weekly new launches across categories. Our online store makes shopping simple with smooth navigation, quick delivery, and access to the latest drops in one place. You can explore full collections, check availability, and shop comfortably from anywhere. We follow a transparent pricing model with no discounts or inflated tags. With a growing retail presence across India and a customer-first mindset, we focus on making fashion honest, accessible, and effortless for all.",8909404055741
"Apr 19, 2026 @ 15:59:54.463",4cf0828873e3d2967718daefb99bb19c,https://styleunion.in/collections/mens-t-shirts/products/cotton-oversized-graphic-drip-t-shirt-uskt00043?variant=47423829639417,Cotton Oversized Graphic Drip T-Shirt,599,599,,Jet Black,XS,"Product Details Fabric Type: Cotton Weave Type: Knit Pattern: Graphic Length: Regular Length Neck/Collar Type: Crew Neck Sleeve Type: Half Sleeve Fit: Oversize Description Elevate your casual wardrobe with our Cotton Oversized Graphic Drip T-Shirt, designed for comfort and style. Made from soft cotton, this tee features a striking graphic pattern, ensuring you stand out effortlessly. Crafted from high-quality cotton, offering breathability and a soft touch for all-day comfort. The oversized fit provides a relaxed silhouette, perfect for laid-back weekends or casual outings. Regular length and half sleeves make it versatile for layering or wearing on its own. The crew neck design adds a classic touch, suitable for pairing with your favorite jeans or shorts. Style it with distressed jeans and sneakers for a trendy, effortless look. Wash and Care Machine Wash 40°C. Wash Dark Colours Separately. Do Not Bleach. Tumble Dry Low. Do Not Iron On Embellishment. Warm Iron. Do Not Dry Clean Made in India Manufactured and Marketed By:- NEXON OMNIVERSE LIMITED Address: D-202, Synthofine Estate, Off Aarey Road, Behind Virvani Ind.Estate, Goregaon East, Mumbai 400063 Disclaimer Product color may slightly vary due to photographic lighting sources on your monitor setting. Customer Care +91 7304053032 Customer Care Email id – sharewithus@styleunion.in 10:30 am to 6:30 pm from Monday to Friday Legal: compliance@nexonomniverse.com Franchise Enquiry Business Partner Form Style Union is a modern Indian fashion brand bringing everyday dressing a new sense of ease and confidence. We have 160+ stores across the country that offer a wide range of clothing for women, men, and kids, with styles made for real routines and changing days. We keep fashion practical and style-forward with weekly new launches across categories. Our online store makes shopping simple with smooth navigation, quick delivery, and access to the latest drops in one place. You can explore full collections, check availability, and shop comfortably from anywhere. We follow a transparent pricing model with no discounts or inflated tags. With a growing retail presence across India and a customer-first mindset, we focus on making fashion honest, accessible, and effortless for all.",8909404077842
"Apr 19, 2026 @ 15:59:55.521",6486de5292856482604aab7ef038f964,https://styleunion.in/collections/mens-t-shirts/products/air-dry-all-over-print-crew-neck-running-t-shirt-pfct00022?variant=47423827411193,Running Tee – Airdry® –All Over Print Crew Neck Stretch T-Shirt,399,399,,Naval Academy,XS,"Product Details Fabric Type: Polyester Spandex (95% Polyester, 5% Elastane) Weave Type: Knit Pattern: All Over Print Length: Regular Length Neck/Collar: Crew Neck Sleeve: Half Sleeve Fit: Regular Fit Description Designed for comfort and flexibility, this t-shirt combines polyester and spandex for a stretchable feel. The breathable knit construction supports ease of movement, while the all-over print adds a distinct visual element for casual wear. Key Features Stretchable polyester-spandex fabric All-over print design Crew neck styling Regular fit for comfort What Makes It Stand Out Moves with you during daily wear Comfortable for extended use Easy to style across outfits Suitable for casual occasions Wash & Care Instructions Machine wash at 30°C Wash dark colours separately Made in India Manufactured and Marketed By:- NEXON OMNIVERSE LIMITED Address: D-202, Synthofine Estate, Off Aarey Road, Behind Virvani Ind.Estate, Goregaon East, Mumbai 400063 Disclaimer Product color may slightly vary due to photographic lighting sources on your monitor setting. Customer Care +91 7304053032 Customer Care Email id – sharewithus@styleunion.in 10:30 am to 6:30 pm from Monday to Friday Legal: compliance@nexonomniverse.com Franchise Enquiry Business Partner Form Style Union is a modern Indian fashion brand bringing everyday dressing a new sense of ease and confidence. We have 160+ stores across the country that offer a wide range of clothing for women, men, and kids, with styles made for real routines and changing days. We keep fashion practical and style-forward with weekly new launches across categories. Our online store makes shopping simple with smooth navigation, quick delivery, and access to the latest drops in one place. You can explore full collections, check availability, and shop comfortably from anywhere. We follow a transparent pricing model with no discounts or inflated tags. With a growing retail presence across India and a customer-first mindset, we focus on making fashion honest, accessible, and effortless for all.",8909404064408
"Apr 19, 2026 @ 15:59:55.651",6a34af1bd2978f4003b4c36052449cc0,https://styleunion.in/collections/mens-t-shirts/products/hand-knit-jersey-striped-flat-knit-t-shirt-nefk00017?variant=47423827247353,Hand Knit Jersey Striped Flat Knit T-Shirt,799,799,,Cloud Dancer,S,"Product Details Fabric Type: Cotton Weave Type: Knit Pattern: Striped Length: Regular Length Neck/Collar Type: Polo Neck Sleeve Type: Half Sleeve Fit: Regular Fit Description Introducing our Hand Knit Jersey Striped Flat Knit T-Shirt, designed for the modern man who values both style and comfort. Crafted from high-quality cotton, this t-shirt offers a breathable and soft feel that’s perfect for everyday wear. Featuring a classic striped pattern, this t-shirt adds a touch of sophistication to your casual wardrobe. The polo neck design provides a refined look, making it suitable for both relaxed and semi-formal occasions. With half sleeves and a regular fit, it ensures ease of movement while maintaining a stylish silhouette. Made with durable knit fabric, this t-shirt promises longevity without compromising on comfort. Style it with your favorite jeans or chinos for a smart-casual ensemble that works for any outing. Wash and Care Hand Wash 30°C. Wash Dark Colours Separately. Wash Inside Out. Do Not Bleach. Flat Dry. Warm Iron. Do Not Dryclean. Do Not Iron On Embellisment. Made in India Manufactured and Marketed By:- NEXON OMNIVERSE LIMITED Address: D-202, Synthofine Estate, Off Aarey Road, Behind Virvani Ind.Estate, Goregaon East, Mumbai 400063 Disclaimer Product color may slightly vary due to photographic lighting sources on your monitor setting. Customer Care +91 7304053032 Customer Care Email id – sharewithus@styleunion.in 10:30 am to 6:30 pm from Monday to Friday Legal: compliance@nexonomniverse.com Franchise Enquiry Business Partner Form Style Union is a modern Indian fashion brand bringing everyday dressing a new sense of ease and confidence. We have 160+ stores across the country that offer a wide range of clothing for women, men, and kids, with styles made for real routines and changing days. We keep fashion practical and style-forward with weekly new launches across categories. Our online store makes shopping simple with smooth navigation, quick delivery, and access to the latest drops in one place. You can explore full collections, check availability, and shop comfortably from anywhere. We follow a transparent pricing model with no discounts or inflated tags. With a growing retail presence across India and a customer-first mindset, we focus on making fashion honest, accessible, and effortless for all.",8909404093835
"Apr 19, 2026 @ 15:59:55.967",23df7333a2eb100d9509b7d2e6cc568e,https://styleunion.in/collections/mens-t-shirts/products/all-over-print-crew-neck-running-t-shirt-pfct00025?variant=48256005308665,All Over Print Crew Neck Running T-Shirt,399,399,,Blue Coral,XS,"Product Details Fabric Type: Polyester Weave Type: Knit Pattern: All Over Print Length: Regular Length Neck/Collar Type: Crew Neck Sleeve Type: Half Sleeve Fit: Regular Fit Description Elevate your running experience with our All Over Print Crew Neck Running T-Shirt, designed for men who value both style and performance. Crafted from lightweight polyester, this t-shirt ensures comfort during your workouts. Made from breathable polyester fabric, providing moisture-wicking properties for optimal comfort during runs. Features a vibrant all over print that adds a stylish flair to your athletic wardrobe. Regular length and fit offer a classic silhouette, perfect for a variety of body types. Half sleeves enhance airflow, allowing for greater freedom of movement while exercising. Pair this t-shirt with your favorite running shorts for a complete workout look that stands out. Wash and Care Machine Wash 30°C.Wash Dark Colours Separately. Do Not Bleach. Tumble Dry Low. Warm Iron. Do Not Dry Clean. Do Not Iron On Embellishment Made in India Manufactured and Marketed By:- NEXON OMNIVERSE LIMITED Address: D-202, Synthofine Estate, Off Aarey Road, Behind Virvani Ind.Estate, Goregaon East, Mumbai 400063 Disclaimer Product color may slightly vary due to photographic lighting sources on your monitor setting. Customer Care +91 7304053032 Customer Care Email id – sharewithus@styleunion.in 10:30 am to 6:30 pm from Monday to Friday Legal: compliance@nexonomniverse.com Franchise Enquiry Business Partner Form Style Union is a modern Indian fashion brand bringing everyday dressing a new sense of ease and confidence. We have 160+ stores across the country that offer a wide range of clothing for women, men, and kids, with styles made for real routines and changing days. We keep fashion practical and style-forward with weekly new launches across categories. Our online store makes shopping simple with smooth navigation, quick delivery, and access to the latest drops in one place. You can explore full collections, check availability, and shop comfortably from anywhere. We follow a transparent pricing model with no discounts or inflated tags. With a growing retail presence across India and a customer-first mindset, we focus on making fashion honest, accessible, and effortless for all.",8909404064446
"Apr 19, 2026 @ 15:59:56.961",db839bce3c565496a34a48cae7b9c521,https://styleunion.in/collections/mens-t-shirts/products/air-polo-solid-t-shirt-atpo00002?variant=46634704929017,Airpolo 25 – Airdry® – Cotton Blend Polo Neck T-Shirt,399,399,,Pistachio Shell,S,"Product Details Fabric Type: 70% Cotton, 30% Polyester Weave Type: Knit Pattern: Solid Length: Regular length Neck Type: Polo neck Sleeve Type: Half sleeve Fit: Regular fit Description Air Polo is designed as a regular fit t-shirt with a classic polo neck for a clean and versatile look. Crafted from a cotton-polyester blend, it offers a soft feel with durability for everyday wear. The solid pattern keeps the design minimal, making it suitable for multiple occasions. Key Features Cotton-polyester blend Polo neck design Half sleeve construction Regular fit & length Solid pattern Soft feel & Durable fabric What Makes It Stand Out Air Polo is built for everyday comfort. Its soft fabric and regular fit make it easy to wear across different settings. Wash & Care Instructions Machine wash 40°C Wash dark colours separately Do not bleach Tumble dry low Warm iron Do not dry clean Made in India Manufactured and Marketed By:- NEXON OMNIVERSE LIMITED Address: D-202, Synthofine Estate, Off Aarey Road, Behind Virvani Ind.Estate, Goregaon East, Mumbai 400063 Disclaimer Product color may slightly vary due to photographic lighting sources on your monitor setting. Customer Care +91 7304053032 Customer Care Email id – sharewithus@styleunion.in 10:30 am to 6:30 pm from Monday to Friday Legal: compliance@nexonomniverse.com Franchise Enquiry Business Partner Form Style Union is a modern Indian fashion brand bringing everyday dressing a new sense of ease and confidence. We have 160+ stores across the country that offer a wide range of clothing for women, men, and kids, with styles made for real routines and changing days. We keep fashion practical and style-forward with weekly new launches across categories. Our online store makes shopping simple with smooth navigation, quick delivery, and access to the latest drops in one place. You can explore full collections, check availability, and shop comfortably from anywhere. We follow a transparent pricing model with no discounts or inflated tags. With a growing retail presence across India and a customer-first mindset, we focus on making fashion honest, accessible, and effortless for all.",8909001826140
"Apr 19, 2026 @ 15:59:57.760",4b66c99122434ccd8ee21cecbf2badd1,https://styleunion.in/collections/mens-t-shirts/products/cotton-crew-neck-graphitee-esmgt00101?variant=47145813180665,Cotton Crew Neck Graphitee,299,299,,Picante,XS,"Product Details Fabric Type: 100% Cotton Weave Type: Knit Pattern: Graphic Length: Regular Length Neck/Collar Type: Crew Neck Sleeve Type: Half Sleeve Fit: Regular Fit Description This **Cotton Graphic T-Shirt** is the epitome of casual comfort and style. Crafted from 100% cotton, it offers a soft touch against the skin, ensuring all-day ease and breathability. The graphic pattern adds a trendy flair, perfect for those who want to stand out effortlessly. Comfortable Cotton: Made from 100% cotton for a soft and breathable feel. Trendy Graphic Design: Adds a stylish touch to your casual look. Easy Care: Machine washable for convenient maintenance. Whether you're heading out for a relaxed weekend outing or meeting friends for a casual hangout, this T-shirt is a versatile choice that pairs well with jeans or shorts. Wash and Care Machine Wash 40°C. Wash Dark Colours Separately. Do Not Bleach. Tumble Dry Low. Warm Iron. Do Not Dryclean Made in India Manufactured and Marketed By:- NEXON OMNIVERSE LIMITED Address: D-202, Synthofine Estate, Off Aarey Road, Behind Virvani Ind.Estate, Goregaon East, Mumbai 400063 Disclaimer Product color may slightly vary due to photographic lighting sourc Customer Care +91 7304053032 Customer Care Email id – sharewithus@styleunion.in 10:30 am to 6:30 pm from Monday to Friday Legal: compliance@nexonomniverse.com Franchise Enquiry Business Partner Form Style Union is a modern Indian fashion brand bringing everyday dressing a new sense of ease and confidence. We have 160+ stores across the country that offer a wide range of clothing for women, men, and kids, with styles made for real routines and changing days. We keep fashion practical and style-forward with weekly new launches across categories. Our online store makes shopping simple with smooth navigation, quick delivery, and access to the latest drops in one place. You can explore full collections, check availability, and shop comfortably from anywhere. We follow a transparent pricing model with no discounts or inflated tags. With a growing retail presence across India and a customer-first mindset, we focus on making fashion honest, accessible, and effortless for all.",8909001989593
"Apr 19, 2026 @ 15:59:58.245",af609d83dd7cc2dd7f7831fe81c43444,https://styleunion.in/collections/mens-t-shirts/products/structured-modern-smart-polo-t-shirt-smsp00002?variant=46284145492217,Smart Polo™ - Micro Waffle Knit Structure With modern Tipping and Zip Neck,599,599,,Chateau Gray,XS,"Product Details Fabric type: 51% Cotton, 47% Polyester, 2% Spandex Weave type: Knit Pattern: Structured Length: Regular Length Neck Type/Collar: Polo Neck Sleeve Type: Half Sleeve Fit Type: Regular Fit Description The Smart Polo™ Modern Micro Waffle Knit Structure with Tipping Zip Neck T-Shirt is designed for the modern man who values both style and comfort. This polo shirt features a unique structured pattern and a convenient zip neck for a contemporary look. Fabric: A blend of cotton, polyester, and spandex for comfort and flexibility. Design: Modern micro waffle knit structure with tipping details. Neck: Stylish zip neck for easy wear. Sleeves: Half sleeves for a relaxed fit. Wash and Care Machine Wash 40°C. Wash Dark Colours Separately. Do Not Bleach. Tumble Dry Low. Warm Iron. Do Not Dryclean. Made in India Manufactured and Marketed By:- NEXON OMNIVERSE LIMITED Address: D-202, Synthofine Estate, Off Aarey Road, Behind Virvani Ind.Estate, Goregaon East, Mumbai 400063 Disclaimer Product color may slightly vary due to photographic lighting sources on your monitor setting. Customer Care +91 7304053032 Customer Care Email id – sharewithus@styleunion.in 10:30 am to 6:30 pm from Monday to Friday Legal: compliance@nexonomniverse.com Franchise Enquiry Business Partner Form Style Union is a modern Indian fashion brand bringing everyday dressing a new sense of ease and confidence. We have 160+ stores across the country that offer a wide range of clothing for women, men, and kids, with styles made for real routines and changing days. We keep fashion practical and style-forward with weekly new launches across categories. Our online store makes shopping simple with smooth navigation, quick delivery, and access to the latest drops in one place. You can explore full collections, check availability, and shop comfortably from anywhere. We follow a transparent pricing model with no discounts or inflated tags. With a growing retail presence across India and a customer-first mindset, we focus on making fashion honest, accessible, and effortless for all.",8909001577813
"Apr 19, 2026 @ 15:59:58.504",0dd3ca0b7ddcfe8615ad774989c428df,https://styleunion.in/collections/mens-t-shirts/products/structured-smart-polo-t-shirt-smsp00027?variant=47058360434937,Smart Polo 2.0 Structured Knit with Trim-Zip Neck T-Shirt,699,699,,Ice Water,XS,"Product Details Fabric Type: 51% Cotton, 47% Polyester, 2% Elastane Weave Type: Knit Pattern: Structured Length: Regular Length Neck/Collar Type: Polo Neck Sleeve Type: Half Sleeve Fit: Regular Fit Description Experience the perfect blend of comfort and style with our Structured Smart Polo T-Shirt. Crafted with a premium fabric mix, this polo offers a soft touch against the skin while maintaining a polished look. Its structured pattern adds a touch of sophistication, making it a versatile choice for both casual and semi-formal occasions. Comfortable Fabric: The blend of cotton, polyester, and elastane ensures a breathable and flexible fit, keeping you comfortable all day long. Structured Pattern: Adds a refined texture that elevates your style effortlessly. Polo Neck Design: Offers a classic and timeless look suitable for any occasion. Half Sleeves: Perfect for warmer days, providing ease of movement and a relaxed feel. Whether you're heading to a casual lunch or a business casual meeting, this polo t-shirt is your go-to choice. Pair it with chinos or jeans for a look that's both comfortable and stylish. Wash and Care Machine Wash 40°C. Wash Dark Colours Separately. Do Not Bleach. Tumble Dry Low. Warm Iron. Do Not Dry Clean. Do Not Iron On Embellishment. Made in India Manufactured and Marketed By:- NEXON OMNIVERSE LIMITED Address: D-202, Synthofine Estate, Off Aarey Road, Behind Virvani Ind.Estate, Goregaon East, Mumbai 400063 Disclaimer Product color may slightly vary due to photographic lighting sources on your monitor setting. Customer Care +91 7304053032 Customer Care Email id – sharewithus@styleunion.in 10:30 am to 6:30 pm from Monday to Friday Legal: compliance@nexonomniverse.com Franchise Enquiry Business Partner Form Style Union is a modern Indian fashion brand bringing everyday dressing a new sense of ease and confidence. We have 160+ stores across the country that offer a wide range of clothing for women, men, and kids, with styles made for real routines and changing days. We keep fashion practical and style-forward with weekly new launches across categories. Our online store makes shopping simple with smooth navigation, quick delivery, and access to the latest drops in one place. You can explore full collections, check availability, and shop comfortably from anywhere. We follow a transparent pricing model with no discounts or inflated tags. With a growing retail presence across India and a customer-first mindset, we focus on making fashion honest, accessible, and effortless for all.",8909404024297
"Apr 19, 2026 @ 16:00:00.655",7ad7298353bc3b8d6f0edb2ee7a6abcb,https://styleunion.in/collections/mens-t-shirts/products/knitted-structured-rugby-polo-t-shirt-smvp00012?variant=46635363008761,Structured Rugby Polo T-Shirt,699,699,,Forest,XXL,"Product Details Fabric Type: 100% Cotton Weave Type: Knit Pattern: Structured Length: Regular Length Neck/Collar Type: Polo Neck Sleeve Type: Half Sleeve Fit: Regular Fit Description Experience the perfect blend of comfort and style with our Structured Rugby Polo T-Shirt. Crafted from 100% cotton, this t-shirt offers a soft touch against your skin, ensuring all-day comfort. The structured pattern adds a touch of sophistication, making it versatile for both casual outings and semi-formal events. Comfortable Fabric: The 100% cotton fabric is breathable and gentle on the skin, keeping you cool and comfortable throughout the day. Stylish Design: The structured pattern and polo neck bring a classic yet modern look, perfect for any occasion. Versatile Wear: Ideal for a day at the office or a casual weekend outing, this t-shirt adapts to your lifestyle effortlessly. Easy Maintenance: Machine washable, ensuring that your t-shirt remains fresh and vibrant with minimal effort. Whether you're heading to a brunch or a casual meeting, this polo t-shirt is your go-to choice for a polished yet relaxed look. Wash and Care Machine Wash 40°C. Wash Dark Colours Separately. Do Not Bleach. Tumble Dry Low. Warm Iron. Do Not Dryclean. Made in India Manufactured and Marketed By:- NEXON OMNIVERSE LIMITED Address: D-202, Synthofine Estate, Off Aarey Road, Behind Virvani Ind.Estate, Goregaon East, Mumbai 400063 Disclaimer Product color may slightly vary due to photographic lighting sources on your monitor setting. Customer Care +91 7304053032 Customer Care Email id – sharewithus@styleunion.in 10:30 am to 6:30 pm from Monday to Friday Legal: compliance@nexonomniverse.com Franchise Enquiry Business Partner Form Style Union is a modern Indian fashion brand bringing everyday dressing a new sense of ease and confidence. We have 160+ stores across the country that offer a wide range of clothing for women, men, and kids, with styles made for real routines and changing days. We keep fashion practical and style-forward with weekly new launches across categories. Our online store makes shopping simple with smooth navigation, quick delivery, and access to the latest drops in one place. You can explore full collections, check availability, and shop comfortably from anywhere. We follow a transparent pricing model with no discounts or inflated tags. With a growing retail presence across India and a customer-first mindset, we focus on making fashion honest, accessible, and effortless for all.",8909001734834
"Apr 19, 2026 @ 16:00:01.180",58f40da20c8d55efc5de0fc1133e920c,https://styleunion.in/collections/mens-t-shirts/products/regular-fit-solid-t-shirt-mct00025?variant=47747359637753,Double Dyed Crew™ Tees - Regular Fit - Must Have Essential Super Soft Handfeel & Quick Dry,199,199,,Cloud,XS,"Product Details Fabric Type: Cotton Polyester (60% Cotton, 40% Polyester) Weave Type: Knit Pattern: Solid Length: Regular Length Neck/Collar Type: Crew Neck Sleeve Type: Half Sleeve Fit: Regular Fit Description Experience the ultimate in comfort and style with our Double Dyed Crew™ Tees. Crafted with a super soft handfeel, this t-shirt is your go-to essential for any occasion. The quick-dry fabric ensures you stay fresh and comfortable all day long, making it perfect for both casual outings and active days. Super Soft Handfeel: Enjoy unparalleled comfort with every wear, making it a staple in your wardrobe. Quick Dry Technology: Stay dry and comfortable, no matter how active your day gets. Versatile Style: The solid pattern and crew neck design make it easy to pair with any outfit, from jeans to shorts. Whether you're heading to the gym or meeting friends for coffee, this t-shirt is designed to keep up with your lifestyle, offering both style and functionality. Wash and Care Machine Wash 40°C. Wash Dark Colours Separately. Do Not Bleach. Do Not Tumble Dry. Warm Iron. Do Not Dryclean. Made in India Manufactured and Marketed By:- NEXON OMNIVERSE LIMITED Address: D-202, Synthofine Estate, Off Aarey Road, Behind Virvani Ind.Estate, Goregaon East, Mumbai 400063 Disclaimer Product color may slightly vary due to photographic lighting sources on your monitor setting. Customer Care +91 7304053032 Customer Care Email id – sharewithus@styleunion.in 10:30 am to 6:30 pm from Monday to Friday Legal: compliance@nexonomniverse.com Franchise Enquiry Business Partner Form Style Union is a modern Indian fashion brand bringing everyday dressing a new sense of ease and confidence. We have 160+ stores across the country that offer a wide range of clothing for women, men, and kids, with styles made for real routines and changing days. We keep fashion practical and style-forward with weekly new launches across categories. Our online store makes shopping simple with smooth navigation, quick delivery, and access to the latest drops in one place. You can explore full collections, check availability, and shop comfortably from anywhere. We follow a transparent pricing model with no discounts or inflated tags. With a growing retail presence across India and a customer-first mindset, we focus on making fashion honest, accessible, and effortless for all.",8909404038751
"Apr 19, 2026 @ 16:00:01.338",14af2ae0a7d9e7c60caf14ceb445de8f,https://styleunion.in/collections/mens-t-shirts/products/regular-fit-solid-polo-t-shirt-mfp00037?variant=46284826378489,Militia Edition™ Cavillary Solid Polo T-Shirt With Sleeve Pocket and Especially Branded Badges,399,399,,Fields Of Rye,M,"Product Details Fabric type: Cotton Weave type: Knit Pattern: Solid Length: Regular Length Neck Type/ Collar: Polo Neck Theme: Modern Explorer S tyle: Militia Polo Sleeve Type: Half Sleeve Fit Type: Regular Fit Description Elevate your casual wear with the Modern Explorer Militia Polo . This solid-pattern polo t-shirt is crafted from soft cotton, providing both comfort and style for your everyday adventures. Soft & Comfortable: Made from high-quality cotton, this polo feels soft against the skin, ensuring all-day comfort. Polo Neck: The classic polo neck adds a sophisticated touch, making it suitable for both casual and semi-formal occasions. Regular Length: Its standard length makes it versatile and easy to pair with various bottoms, from shorts to trousers. Half Sleeve: The half sleeves provide a relaxed fit, ideal for warmer weather or layering. Regular Fit: Designed for a comfortable fit, this polo shirt flatters all body types. Care Instructions: Machine Wash 40°C. Wash Dark Colours Separately. Do Not Bleach. Tumble Dry Low. Warm Iron. Do Not Dry Clean Wash and Care Machine Wash 40°C. Wash Dark Colours Separately. Do Not Bleach. Tumble Dry Low. Warm Iron. Do Not Dry Clean Made in India Manufactured and Marketed By:- NEXON OMNIVERSE LIMITED Address: D-202, Synthofine Estate, Off Aarey Road, Behind Virvani Ind.Estate, Goregaon East, Mumbai 400063 Disclaimer Product color may slightly vary due to photographic lighting sources on your monitor setting. Customer Care +91 7304053032 Customer Care Email id – sharewithus@styleunion.in 10:30 am to 6:30 pm from Monday to Friday Legal: compliance@nexonomniverse.com Franchise Enquiry Business Partner Form Style Union is a modern Indian fashion brand bringing everyday dressing a new sense of ease and confidence. We have 160+ stores across the country that offer a wide range of clothing for women, men, and kids, with styles made for real routines and changing days. We keep fashion practical and style-forward with weekly new launches across categories. Our online store makes shopping simple with smooth navigation, quick delivery, and access to the latest drops in one place. You can explore full collections, check availability, and shop comfortably from anywhere. We follow a transparent pricing model with no discounts or inflated tags. With a growing retail presence across India and a customer-first mindset, we focus on making fashion honest, accessible, and effortless for all.",8909001205822
"Apr 19, 2026 @ 16:00:01.472",dda0d1aaa67bef2f4bad4b574c5611bd,https://styleunion.in/collections/mens-t-shirts/products/crew-neck-cotton-graphitee-esmgt00098?variant=46838273442041,Crew Neck Cotton Graphitee,199,199,,Chocolate Truffle,XS,"Product Details Fabric Type: 100% Cotton Weave Type: Knit Pattern: Graphic Length: Regular Length Neck/Collar Type: Crew Neck Sleeve Type: Half Sleeve Fit: Regular Fit Description Experience the perfect blend of comfort and style with our Graphic Crew Neck Cotton T-Shirt. Crafted from 100% cotton, this t-shirt offers a soft touch against your skin, ensuring all-day comfort. The graphic pattern adds a trendy edge, making it a versatile piece for any casual occasion. Comfortable Fabric: The 100% cotton fabric is breathable and gentle, perfect for keeping you cool and comfortable throughout the day. Trendy Design: The graphic pattern provides a modern and stylish look, allowing you to express your personality effortlessly. Versatile Wear: Ideal for casual outings, pair it with jeans or shorts for a laid-back yet fashionable ensemble. Easy Maintenance: Designed for convenience, this t-shirt is machine washable, making it easy to care for. Whether you're heading out for a casual day with friends or just relaxing at home, this t-shirt is your go-to choice for a relaxed and stylish look. Wash and Care Machine Wash 40°C. Wash Dark Colours Separately. Do Not Bleach. Tumble Dry Low. Warm Iron. Do Not Dryclean. Made in India Manufactured and Marketed By:- NEXON OMNIVERSE LIMITED Address: D-202, Synthofine Estate, Off Aarey Road, Behind Virvani Ind.Estate, Goregaon East, Mumbai 400063 Disclaimer Product color may slightly vary due to photographic lighting sources on your monitor setting. Customer Care +91 7304053032 Customer Care Email id – sharewithus@styleunion.in 10:30 am to 6:30 pm from Monday to Friday Legal: compliance@nexonomniverse.com Franchise Enquiry Business Partner Form Style Union is a modern Indian fashion brand bringing everyday dressing a new sense of ease and confidence. We have 160+ stores across the country that offer a wide range of clothing for women, men, and kids, with styles made for real routines and changing days. We keep fashion practical and style-forward with weekly new launches across categories. Our online store makes shopping simple with smooth navigation, quick delivery, and access to the latest drops in one place. You can explore full collections, check availability, and shop comfortably from anywhere. We follow a transparent pricing model with no discounts or inflated tags. With a growing retail presence across India and a customer-first mindset, we focus on making fashion honest, accessible, and effortless for all.",8909001989173
"Apr 19, 2026 @ 16:00:03.715",eba07c8ec0e6d812df19ac67b7c844bc,https://styleunion.in/collections/mens-t-shirts/products/weekend-striped-polo-t-shirt-smyp00023?variant=46838289236217,Weekend Striped Polo T-Shirt,599,599,,Frosty Spruce,S,"Product Details Fabric Type: Cotton Polyester (52% Cotton, 48% Polyester) Weave Type: Knit Pattern: Striped Length: Regular Length Neck/Collar Type: Polo Neck Sleeve Type: Half Sleeve Fit: Regular Fit Description Experience the perfect blend of comfort and style with our Weekend Striped Polo T-Shirt. Crafted from a soft cotton polyester blend, this t-shirt offers a breathable and lightweight feel, making it ideal for any casual outing. Comfortable Fabric: The cotton polyester blend ensures a soft touch against your skin, keeping you comfortable all day long. Stylish Stripes: The classic striped pattern adds a touch of sophistication, perfect for both casual and semi-formal occasions. Versatile Polo Neck: The polo neck design provides a timeless look that can be easily dressed up or down. Easy Movement: The half sleeves and regular fit allow for unrestricted movement, making it perfect for active days. Whether you're heading to a weekend brunch or a casual day at the office, this polo t-shirt is your go-to choice for effortless style and comfort. Wash and Care Machine Wash 40°C. Wash Dark Colours Separately. Do Not Bleach. Tumble Dry Low. Warm Iron. Do Not Dryclean. Made in India Manufactured and Marketed By:- NEXON OMNIVERSE LIMITED Address: D-202, Synthofine Estate, Off Aarey Road, Behind Virvani Ind.Estate, Goregaon East, Mumbai 400063 Disclaimer Product color may slightly vary due to photographic lighting sources on your monitor setting. Customer Care +91 7304053032 Customer Care Email id – sharewithus@styleunion.in 10:30 am to 6:30 pm from Monday to Friday Legal: compliance@nexonomniverse.com Franchise Enquiry Business Partner Form Style Union is a modern Indian fashion brand bringing everyday dressing a new sense of ease and confidence. We have 160+ stores across the country that offer a wide range of clothing for women, men, and kids, with styles made for real routines and changing days. We keep fashion practical and style-forward with weekly new launches across categories. Our online store makes shopping simple with smooth navigation, quick delivery, and access to the latest drops in one place. You can explore full collections, check availability, and shop comfortably from anywhere. We follow a transparent pricing model with no discounts or inflated tags. With a growing retail presence across India and a customer-first mindset, we focus on making fashion honest, accessible, and effortless for all.",8909001908235
"Apr 19, 2026 @ 16:00:04.665",28020ff1a5261d18212a85fc7a5ca356,https://styleunion.in/collections/mens-t-shirts/products/regular-fit-solid-t-shirt-mep00003-2?variant=47747436282105,Double Dyed Polo™ T-Shirt With Anti-Curl Collar Pique Knit,399,399,,Gold,S,"Product Details Fabric type: Cotton Polyester (52% Cotton, 48% Polyester) Weave type: Pique Knit Pattern: Solid Length: Regular Length Neck Type/ Collar: Polo Neck Style: Double Dyed Polo Sleeve Type: Half Sleeve Fit Type: Regular Fit Description Elevate your essentials collection with this stylish solid Double-Dyed Polo T-Shirt with Anti-Curl Collars. Made from a soft cotton-polyester blend, this regular-length t-shirt is perfect for everyday wear and offers both comfort and versatility. Anti-Curl Collar : Engineered to maintain its crisp shape, keeping your polo looking fresh and sharp even after repeated washes. Premium Fabric : Made from a specially blended cotton-polyester knit that offers a soft handfeel, breathable comfort, and fast-drying performance. Solid Pattern : A clean, minimal look that pairs effortlessly with jeans, chinos, or shorts. Set-On Placket : Adds a refined finish while making it easy to wear. Side Slits : Enhance mobility and lend a relaxed, modern fit. Half Sleeves : Comfortable for year-round wear with the perfect amount of coverage. Regular Fit : Provides ease of movement without compromising on style. Wash and Care : Machine Wash at 40°C. Wash Dark Colours Separately. Do Not Bleach. Tumble Dry Low. Warm Iron. Do Not Dry Clean. Wash and Care Machine Wash 40°C. Wash Dark Colours Separately. Do Not Bleach. Tumble Dry Low. Warm Iron. Do Not Dry Clean Made in India Manufactured and Marketed By:- NEXON OMNIVERSE LIMITED Address: D-202, Synthofine Estate, Off Aarey Road, Behind Virvani Ind.Estate, Goregaon East, Mumbai 400063 Disclaimer Product color may slightly vary due to photographic lighting sources on your monitor setting. Customer Care +91 7304053032 Customer Care Email id – sharewithus@styleunion.in 10:30 am to 6:30 pm from Monday to Friday Legal: compliance@nexonomniverse.com Franchise Enquiry Business Partner Form Style Union is a modern Indian fashion brand bringing everyday dressing a new sense of ease and confidence. We have 160+ stores across the country that offer a wide range of clothing for women, men, and kids, with styles made for real routines and changing days. We keep fashion practical and style-forward with weekly new launches across categories. Our online store makes shopping simple with smooth navigation, quick delivery, and access to the latest drops in one place. You can explore full collections, check availability, and shop comfortably from anywhere. We follow a transparent pricing model with no discounts or inflated tags. With a growing retail presence across India and a customer-first mindset, we focus on making fashion honest, accessible, and effortless for all.",8909404139342
"Apr 19, 2026 @ 16:00:04.881",cbd570dfc38cae3430e2489d196a1da4,https://styleunion.in/collections/mens-t-shirts/products/regular-fit-jacquard-t-shirt-pfct00004?variant=46630374080761,"Gym Tee 25 – Airdry® – Lightweight, Breathable & Stretchable",299,299,,Play,XS,"Product Details Fabric Type: 92% Polyester, 8% Spandex Weave Type: Knit Pattern: Jacquard Length: Regular Length Neck/Collar Type: Crew Neck Sleeve Type: Half Sleeve Fit: Regular Fit Description Experience the perfect blend of comfort and performance with the Airdry® Gym Tee. Crafted with a unique Jacquard pattern, this t-shirt is designed to keep you moving freely and confidently during your workouts. The soft, breathable fabric ensures you stay cool and dry, while the stretchable material adapts to your every move, providing unparalleled comfort. Comfortable Fabric: The 92% Polyester and 8% Spandex blend offers a soft touch and excellent stretch, ensuring a comfortable fit that moves with you. Breathable Design: The knit weave allows for optimal airflow, keeping you cool and dry even during intense workouts. Stylish Pattern: The Jacquard design adds a touch of style, making this tee perfect for both gym sessions and casual outings. Versatile Use: Ideal for gym workouts, outdoor activities, or casual wear, this tee is your go-to choice for any occasion. Whether you're hitting the gym or enjoying a day out, the AirDry® Gym Tee offers the perfect combination of style and functionality. Wash and Care Machine Wash Cold Gentle Cycle, Wash Dark Colors Separately. Do Not Bleach. Tumble Dry Low. Cool Iron If Required. Do Not Dry Clean. Made in India Manufactured and Marketed By:- NEXON OMNIVERSE LIMITED Address: D-202, Synthofine Estate, Off Aarey Road, Behind Virvani Ind.Estate, Goregaon East, Mumbai 400063 Disclaimer Product color may slightly vary due to photographic lighting sources on your monitor setting. Customer Care +91 7304053032 Customer Care Email id – sharewithus@styleunion.in 10:30 am to 6:30 pm from Monday to Friday Legal: compliance@nexonomniverse.com Franchise Enquiry Business Partner Form Style Union is a modern Indian fashion brand bringing everyday dressing a new sense of ease and confidence. We have 160+ stores across the country that offer a wide range of clothing for women, men, and kids, with styles made for real routines and changing days. We keep fashion practical and style-forward with weekly new launches across categories. Our online store makes shopping simple with smooth navigation, quick delivery, and access to the latest drops in one place. You can explore full collections, check availability, and shop comfortably from anywhere. We follow a transparent pricing model with no discounts or inflated tags. With a growing retail presence across India and a customer-first mindset, we focus on making fashion honest, accessible, and effortless for all.",8909001817636
"Apr 19, 2026 @ 16:00:05.150",4f2e163c792064ddcf1cbeea2fc6c8d3,https://styleunion.in/collections/mens-t-shirts/products/oversize-solid-t-shirt-mht00126?variant=46285739131129,Heavy DutyTeesᵉˣ Oversized exclusive 210 GSM Patented Fabric-Everyday Essentials,399,399,,Legion Blue,XS,"Product Details Fabric Type: Cotton Polyester (65% Cotton, 35% Polyester) Weave Type: Knit Pattern: Solid Length: Regular Length Neck/Collar Type: Crew Neck Sleeve Type: Half Sleeve Fit: Oversize Description Experience the ultimate in comfort and style with our Oversized Crew Neck T-Shirt. Crafted from a premium blend of cotton and polyester, this tee offers a soft touch against your skin while ensuring durability and breathability. Its oversized fit provides a relaxed and easygoing vibe, perfect for those who value both comfort and fashion. Comfortable Fabric: The cotton-polyester blend ensures a soft, breathable feel, keeping you comfortable all day long. Durable Knit: The knit weave adds strength and resilience, making this t-shirt a long-lasting addition to your wardrobe. Versatile Style: The solid pattern and crew neck design make it easy to pair with any outfit, whether you're dressing up or down. Effortless Fit: The oversized fit offers a modern, relaxed silhouette that flatters all body types. Perfect for casual outings, lounging at home, or running errands, this t-shirt is a versatile staple that you'll reach for time and time again. Wash and Care Machine Wash 40°C. Wash Dark Colours Separately. Do Not Bleach. Tumble Dry Low. Warm Iron. Do Not Dryclean. Made in India Manufactured and Marketed By:- NEXON OMNIVERSE LIMITED Address: D-202, Synthofine Estate, Off Aarey Road, Behind Virvani Ind.Estate, Goregaon East, Mumbai 400063 Disclaimer Product color may slightly vary due to photographic lighting sources on your monitor setting. Customer Care +91 7304053032 Customer Care Email id – sharewithus@styleunion.in 10:30 am to 6:30 pm from Monday to Friday Legal: compliance@nexonomniverse.com Franchise Enquiry Business Partner Form Style Union is a modern Indian fashion brand bringing everyday dressing a new sense of ease and confidence. We have 160+ stores across the country that offer a wide range of clothing for women, men, and kids, with styles made for real routines and changing days. We keep fashion practical and style-forward with weekly new launches across categories. Our online store makes shopping simple with smooth navigation, quick delivery, and access to the latest drops in one place. You can explore full collections, check availability, and shop comfortably from anywhere. We follow a transparent pricing model with no discounts or inflated tags. With a growing retail presence across India and a customer-first mindset, we focus on making fashion honest, accessible, and effortless for all.",8909001169063
"Apr 19, 2026 @ 16:00:06.250",513459fffff4eee79bd3378fe8465122,https://styleunion.in/collections/mens-t-shirts/products/oversize-graphic-t-shirt-stkt00088?variant=48198727172345,Oversize Graphic T-Shirt,599,599,,Dewkist,XS,"Product Details Fabric Type: Cotton Polyester (68% Polyester, 32% Cotton) Weave type: Knit Pattern: Structured Length: Regular Length Neck/Collar: Crew Neck Sleeve: Half Sleeve Fit: Oversize Description Crafted from a soft cotton-polyester blend, this oversize graphic t-shirt features a structured design that combines comfort with style. Its half sleeves and crew neck ensure a relaxed fit for everyday wear. Fabric & Comfort: The cotton-polyester blend offers breathability and a soft feel against the skin, making it perfect for daily use. Design & Pattern: The structured pattern adds a trendy touch, enhancing your casual look effortlessly. Fit & Silhouette: The oversize fit complements various body shapes, providing a modern silhouette. Durability & Quality: With quality construction, this t-shirt promises long-lasting wear and resilience. Wash and Care Machine Wash 40°C. Wash Dark Colours Separately. Do Not Bleach. Tumble Dry Low. Do Not Iron On Embellishment. Warm Iron. Do Not Dry Clean Made in India Manufactured and Marketed By:- NEXON OMNIVERSE LIMITED Address: D-202, Synthofine Estate, Off Aarey Road, Behind Virvani Ind.Estate, Goregaon East, Mumbai 400063 Disclaimer Product color may slightly vary due to photographic lighting sources on your monitor setting. Customer Care +91 7304053032 Customer Care Email id – sharewithus@styleunion.in 10:30 am to 6:30 pm from Monday to Friday Legal: compliance@nexonomniverse.com Franchise Enquiry Business Partner Form Style Union is a modern Indian fashion brand bringing everyday dressing a new sense of ease and confidence. We have 160+ stores across the country that offer a wide range of clothing for women, men, and kids, with styles made for real routines and changing days. We keep fashion practical and style-forward with weekly new launches across categories. Our online store makes shopping simple with smooth navigation, quick delivery, and access to the latest drops in one place. You can explore full collections, check availability, and shop comfortably from anywhere. We follow a transparent pricing model with no discounts or inflated tags. With a growing retail presence across India and a customer-first mindset, we focus on making fashion honest, accessible, and effortless for all.",8909404119306
"Apr 19, 2026 @ 16:00:07.050",bc161b2bbaf4d45f4fc2cf6fbec537a5,https://styleunion.in/collections/mens-t-shirts/products/regular-fit-solid-shirt-collar-regular-length-shirt-smss00017?variant=46362676330745,Travelator™ Half Sleeve Shirt – Airdry® – 4 Way Ultra Stretch Fabric,699,699,,Black,S,"Product Details Fabric Type: Polyester (100% Elastomultiester) Weave Type: Knit Pattern: Solid Length: Regular Neck/Collar Type: Shirt Collar Sleeve Type: Half Sleeve Fit: Regular Fit Pockets: Patch Pocket, 1 Description Designed for everyday versatility, the Travelator™ Half Sleeve Shirt combines stretchable knit construction with a clean, solid look. The regular fit and shirt collar maintain a structured appearance, while the fabric allows ease of movement, making it suitable for both work and casual settings. Key Features 4-way ultra stretch fabric Wash & wear construction Zero top stitch finish Saville Row finish Patch pocket design What Makes It Stand Out Supports ease of movement throughout the day Maintains a clean and structured look Easy to maintain for regular use Works across formal and casual occasions Made in India Manufactured and Marketed By:- NEXON OMNIVERSE LIMITED Address: D-202, Synthofine Estate, Off Aarey Road, Behind Virvani Ind.Estate, Goregaon East, Mumbai 400063 Disclaimer Product color may slightly vary due to photographic lighting sources on your monitor setting. Customer Care +91 7304053032 Customer Care Email id – sharewithus@styleunion.in 10:30 am to 6:30 pm from Monday to Friday Legal: compliance@nexonomniverse.com Franchise Enquiry Business Partner Form Style Union is a modern Indian fashion brand bringing everyday dressing a new sense of ease and confidence. We have 160+ stores across the country that offer a wide range of clothing for women, men, and kids, with styles made for real routines and changing days. We keep fashion practical and style-forward with weekly new launches across categories. Our online store makes shopping simple with smooth navigation, quick delivery, and access to the latest drops in one place. You can explore full collections, check availability, and shop comfortably from anywhere. We follow a transparent pricing model with no discounts or inflated tags. With a growing retail presence across India and a customer-first mindset, we focus on making fashion honest, accessible, and effortless for all.",8909001584101
"Apr 19, 2026 @ 16:00:07.211",4085ddbd2c12f0f2588eed5c1c8afec1,https://styleunion.in/collections/mens-t-shirts/products/above-knee-air-dry-sprinter-shorts-pfst00003?variant=47330911486201,Sprinter – Airdry® – Running Shorts with Inner Support,699,699,,Balsam,XS,"Product Details Fabric Type: 90% Polyester, 10% Spandex Weave Type: Knit Pattern: Solid Length: Above Knee Fit: Regular Fit Waist Rise: Mid Rise Pockets: Welt Pocket, 2 Description Built for performance-focused movement, the Sprinter Running Shorts are designed to support you through every stride. The lightweight knit construction combined with stretch fabric allows ease of motion, while the inner brief provides added support during runs and high-intensity sessions. Reflective detailing enhances visibility, making it suitable for both day and low-light conditions. Key Features Inner brief for support Reflective details Engineered seam construction Lightweight knit fabric Stretchable for movement What Makes It Stand Out Designed for running and active use Supports movement with built-in compression Helps maintain comfort during extended wear Suitable for training and outdoor runs Wash & Care Instructions Machine wash at 30°C Wash dark colours separately Do not bleach Tumble dry low Warm iron Do not dry clean Do not iron on embellishments Made in India Manufactured and Marketed By:- NEXON OMNIVERSE LIMITED Address: D-202, Synthofine Estate, Off Aarey Road, Behind Virvani Ind.Estate, Goregaon East, Mumbai 400063 Disclaimer Product color may slightly vary due to photographic lighting sourc Customer Care +91 7304053032 Customer Care Email id – sharewithus@styleunion.in 10:30 am to 6:30 pm from Monday to Friday Legal: compliance@nexonomniverse.com Franchise Enquiry Business Partner Form Style Union is a modern Indian fashion brand bringing everyday dressing a new sense of ease and confidence. We have 160+ stores across the country that offer a wide range of clothing for women, men, and kids, with styles made for real routines and changing days. We keep fashion practical and style-forward with weekly new launches across categories. Our online store makes shopping simple with smooth navigation, quick delivery, and access to the latest drops in one place. You can explore full collections, check availability, and shop comfortably from anywhere. We follow a transparent pricing model with no discounts or inflated tags. With a growing retail presence across India and a customer-first mindset, we focus on making fashion honest, accessible, and effortless for all.",8909404049757
"Apr 19, 2026 @ 16:00:07.350",4542affb191cd290e9c19313c6031f21,https://styleunion.in/collections/mens-t-shirts/products/knitted-solid-flxtrack-air-pants-pflw00003?variant=47423827837177,Flxtrack – Airdry® – Built for Flexibility & Everyday Movement,799,799,,Taupe,S,"Product Details Fabric Type: Polyester Spandex(90% , 10% Spandex) Weave Type: Knit Pattern: Solid Length: Regular Length Fit: Regular Fit Pockets: Welt Pocket, 3 Waist Rise: Mid Rise Description Elevate your casual wardrobe with Flxtrack – Airdry® – built for flexibility & everyday movement, designed for men who value comfort and style. Crafted from a blend of polyester and spandex, these pants offer flexibility and breathability for everyday wear. Regular fit ensures a comfortable and relaxed silhouette, perfect for active lifestyles. Constructed with a durable knit fabric, providing both stretch and breathability for all-day wear. Features three welt pockets, offering ample storage for your essentials without compromising style. Mid rise waist design enhances comfort while maintaining a modern look suitable for various occasions. Pair with a simple tee and sneakers for a laid-back look, or dress them up with a button-up for a smart-casual ensemble. Wash and Care Machine Wash 30°C.Wash Dark Colours Separately. Do Not Bleach. Do Not Tumble Dry. Warm Iron. Do Not Dry Clean. Do Not Iron On Embellishment Made in India Manufactured and Marketed By:- NEXON OMNIVERSE LIMITED Address: D-202, Synthofine Estate, Off Aarey Road, Behind Virvani Ind.Estate, Goregaon East, Mumbai 400063 Disclaimer Product color may slightly vary due to photographic lighting sources on your monitor setting. Customer Care +91 7304053032 Customer Care Email id – sharewithus@styleunion.in 10:30 am to 6:30 pm from Monday to Friday Legal: compliance@nexonomniverse.com Franchise Enquiry Business Partner Form Style Union is a modern Indian fashion brand bringing everyday dressing a new sense of ease and confidence. We have 160+ stores across the country that offer a wide range of clothing for women, men, and kids, with styles made for real routines and changing days. We keep fashion practical and style-forward with weekly new launches across categories. Our online store makes shopping simple with smooth navigation, quick delivery, and access to the latest drops in one place. You can explore full collections, check availability, and shop comfortably from anywhere. We follow a transparent pricing model with no discounts or inflated tags. With a growing retail presence across India and a customer-first mindset, we focus on making fashion honest, accessible, and effortless for all.",8909404112123
"Apr 19, 2026 @ 16:00:08.458",5ecb5962fe81473296acc11066f9c85a,https://styleunion.in/collections/mens-t-shirts/products/solid-mid-rise-aero-shorts-atst00002?variant=47423823905017,Aeroshorts – Airdry® – All Day Comfort Shorts with Relaxed Fit,599,599,,Taupe,XS,"Product Details Fabric Type : 49% Polyester, 46% Modal, 5% Spandex Fit : Relaxed fit Length : Longer inseam Pockets : Patch pocket at back Design Detail : Paneling at front Description Aero shorts are designed with a relaxed fit and longer inseam for ease of movement and all-day comfort. Featuring front paneling for added structure and a patch pocket at the back, these shorts combine functionality with a clean look. Built with a polyester-modal-spandex blend, they offer a soft touch and flexible feel for everyday wear. Key Features Relaxed fit & All-day comfort Longer inseam Paneling at front & Patch pocket at back Quick-dry fabric Breathable & Stretchable Feels soft on touch Superior drape What Makes It Stand Out Aero shorts are built for comfort and ease. The relaxed fit and soft-touch fabric support all-day wear, while the stretchable construction allows flexibility in movement. Wash & Care Instructions Machine wash cold with similar colors Do not bleach Tumble dry low or hang to dry Do not iron directly on trims Do not dry clean Made in India Manufactured and Marketed By:- NEXON OMNIVERSE LIMITED Address: D-202, Synthofine Estate, Off Aarey Road, Behind Virvani Ind.Estate, Goregaon East, Mumbai 400063 Disclaimer Product color may slightly vary due to photographic lighting sources on your monitor setting. Customer Care +91 7304053032 Customer Care Email id – sharewithus@styleunion.in 10:30 am to 6:30 pm from Monday to Friday Legal: compliance@nexonomniverse.com Franchise Enquiry Business Partner Form Style Union is a modern Indian fashion brand bringing everyday dressing a new sense of ease and confidence. We have 160+ stores across the country that offer a wide range of clothing for women, men, and kids, with styles made for real routines and changing days. We keep fashion practical and style-forward with weekly new launches across categories. Our online store makes shopping simple with smooth navigation, quick delivery, and access to the latest drops in one place. You can explore full collections, check availability, and shop comfortably from anywhere. We follow a transparent pricing model with no discounts or inflated tags. With a growing retail presence across India and a customer-first mindset, we focus on making fashion honest, accessible, and effortless for all.",8909404064972
"Apr 19, 2026 @ 16:00:09.455",c51b3b8039171d8d1110dfa0b19c4213,https://styleunion.in/collections/mens-t-shirts/products/oversize-jacquard-hoodie-uplifter-sweatshirt-pfsws00001?variant=47423828001017,Uplifter – Airdry® – Sleeveless Hoodie with Stretch Training Fit,599,599,,White,XS,"Product Details Fabric Type: 80% Polyester, 20% Spandex Weave Type: Knit Pattern: Solid Length: Regular Length Neck/Collar Type: Hoodie Sleeve Type: Sleeveless Fit: Relaxed Fit Description Built for training and active movement, the Uplifter sleeveless hoodie combines a structured knit fabric with a relaxed fit for ease and flexibility. The sleeveless design allows unrestricted arm movement, while the adjustable hood toggle adds functional detail. Designed to support performance, it maintains a clean and athletic look throughout your workout. Key Features Sleeveless hoodie design Structured fabric construction Adjustable hood toggle Relaxed fit for comfort What Makes It Stand Out Allows free movement during workouts Comfortable for training sessions Lightweight feel for active use Soft touch for everyday wear Wash & Care Instructions Machine wash at 30°C Wash dark colours separately Do not bleach Tumble dry low Warm iron Do not dry clean Do not iron on embellishment Made in India Manufactured and Marketed By:- NEXON OMNIVERSE LIMITED Address: D-202, Synthofine Estate, Off Aarey Road, Behind Virvani Ind.Estate, Goregaon East, Mumbai 400063 Disclaimer Product color may slightly vary due to photographic lighting sources on your monitor setting. Customer Care +91 7304053032 Customer Care Email id – sharewithus@styleunion.in 10:30 am to 6:30 pm from Monday to Friday Legal: compliance@nexonomniverse.com Franchise Enquiry Business Partner Form Style Union is a modern Indian fashion brand bringing everyday dressing a new sense of ease and confidence. We have 160+ stores across the country that offer a wide range of clothing for women, men, and kids, with styles made for real routines and changing days. We keep fashion practical and style-forward with weekly new launches across categories. Our online store makes shopping simple with smooth navigation, quick delivery, and access to the latest drops in one place. You can explore full collections, check availability, and shop comfortably from anywhere. We follow a transparent pricing model with no discounts or inflated tags. With a growing retail presence across India and a customer-first mindset, we focus on making fashion honest, accessible, and effortless for all.",8909404064576
"Apr 19, 2026 @ 16:00:09.640",a66572af7a68a360eb90dc414fef408e,https://styleunion.in/collections/womens-jeans/products/oversized-high-rise-crago-wfj00085?variant=47444046119161,Oversized High Rise Crago,1499,1499,,Olive,26,"Product Details Fabric Type: Cotton Weave type: Woven Pattern: Solid Length: Full Length Fit: Cargo Fit Waist Rise: High Rise Pockets: 10 Description Introducing our Oversized High Rise Cargo Jeans, crafted from premium cotton for unparalleled comfort and quality. The woven fabric ensures a solid pattern that is both stylish and versatile, making it a must-have in your wardrobe. Designed with a cargo fit, these jeans provide a flattering silhouette while offering practical styling options. Highlight fabric quality and comfort. Highlight design and pattern appeal. Explain fit and silhouette benefit. Give styling versatility suggestion. Pair these jeans with a fitted top and ankle boots for a chic look that transitions effortlessly from day to night. Wash and Care Machine Wash 40°C. Wash Dark Colours Separately. Do Not Bleach. Tumble Dry Low. Do Not Iron On Embellishment. Warm Iron. Do Not Dry Clean. Made in India Manufactured and Marketed By:- NEXON OMNIVERSE LIMITED Address: D-202, Synthofine Estate, Off Aarey Road, Behind Virvani Ind.Estate, Goregaon East, Mumbai 400063 Disclaimer Product color may slightly vary due to photographic lighting sources on your monitor setting. Customer Care +91 7304053032 Customer Care Email id – sharewithus@styleunion.in 10:30 am to 6:30 pm from Monday to Friday Legal: compliance@nexonomniverse.com Franchise Enquiry Business Partner Form Style Union is a modern Indian fashion brand bringing everyday dressing a new sense of ease and confidence. We have 160+ stores across the country that offer a wide range of clothing for women, men, and kids, with styles made for real routines and changing days. We keep fashion practical and style-forward with weekly new launches across categories. Our online store makes shopping simple with smooth navigation, quick delivery, and access to the latest drops in one place. You can explore full collections, check availability, and shop comfortably from anywhere. We follow a transparent pricing model with no discounts or inflated tags. With a growing retail presence across India and a customer-first mindset, we focus on making fashion honest, accessible, and effortless for all.",8909404056267
"Apr 19, 2026 @ 16:00:09.928",b816f784a2793fab8386fd8686209b5e,https://styleunion.in/collections/mens-t-shirts/products/travelator-mid-rise-trackpant-airdry-4-way-ultra-stretch-fabric-atlw00004?variant=47566923006201,Travelator™ Pant – Airdry® – 4 Way Ultra Stretch Fabric,1199,1199,,Cement,28,"Product Details Fabric Type: Bionic Polyester Weave type: Knit Pattern: Solid Length: Regular Length Fit: Regular Fit Waist Rise: Mid Rise Pockets: 5 Description Experience next-level comfort with these Airdry Trackpants, engineered for performance, travel, and everyday wear. Crafted using advanced AirDry technology, the fabric ensures rapid moisture evaporation, keeping you cool, dry, and fresh throughout the day. Designed with a lightweight and breathable polyester knit, these trackpants enhance airflow while maintaining a soft, skin-friendly feel. The built-in stretch allows effortless movement, making them ideal for active lifestyles, long travel hours, or all-day wear. The minimal solid design delivers a clean, modern look, while the regular fit provides a balanced silhouette that suits every body type. With its wrinkle-resistant and easy-care properties, this is a true wash-and-wear essential for today’s fast-paced routine. Airdry Technology for fast drying and moisture management Breathable & Lightweight Fabric for all-day freshness 4-Way Stretch Comfort for unrestricted movement Travel-Friendly & Wrinkle-Resistant for easy packing Wash & Wear Convenience for low maintenance Solid Minimal Design for versatile styling Regular Fit for a comfortable and modern silhouette Perfect for travel, workouts, or daily wear, these Airdry trackpants combine performance, style, and convenience in one essential piece. Wash and Care Machine Wash 30°C. Wash Dark Colours Separately. Do Not Bleach. Tumble Dry Low. Warm Iron. Do Not Dry Clean. Do Not Iron On Embellishment. Made in India Manufactured and Marketed By:- NEXON OMNIVERSE LIMITED Address: D-202, Synthofine Estate, Off Aarey Road, Behind Virvani Ind.Estate, Goregaon East, Mumbai 400063 Disclaimer Product color may slightly vary due to photographic lighting sources on your monitor setting. Customer Care +91 7304053032 Customer Care Email id – sharewithus@styleunion.in 10:30 am to 6:30 pm from Monday to Friday Legal: compliance@nexonomniverse.com Franchise Enquiry Business Partner Form Style Union is a modern Indian fashion brand bringing everyday dressing a new sense of ease and confidence. We have 160+ stores across the country that offer a wide range of clothing for women, men, and kids, with styles made for real routines and changing days. We keep fashion practical and style-forward with weekly new launches across categories. Our online store makes shopping simple with smooth navigation, quick delivery, and access to the latest drops in one place. You can explore full collections, check availability, and shop comfortably from anywhere. We follow a transparent pricing model with no discounts or inflated tags. With a growing retail presence across India and a customer-first mindset, we focus on making fashion honest, accessible, and effortless for all.",8909404062589
"Apr 19, 2026 @ 16:00:10.643",63237b2341699b8c7a35e2f63c896553,https://styleunion.in/collections/womens-jeans/products/low-waist-barrel-fit-jeans-wfj00087?variant=47423830687993,Low Waist Barrel Fit Jeans,1299,1299,,Mid Stone,26,"Product Details Fabric Type: Cotton Spandex Weave Type: Woven Pattern: Solid Length: Full Length Fit: Barrel Fit Pockets: 4 Waist Rise: Low Rise Description Discover the perfect blend of comfort and style with our Low Waist Barrel Fit Jeans. Crafted from a durable cotton spandex fabric, these jeans offer a flattering silhouette that enhances your natural shape while providing the flexibility you need for all-day wear. Barrel fit design creates a trendy, relaxed look that complements various body types. Low rise waist offers a modern touch, making these jeans perfect for casual outings. Constructed from woven cotton spandex for both comfort and stretch, ensuring a snug yet flexible fit. Equipped with four pockets, combining style with practicality for carrying essentials. Full length design adds versatility, making them suitable for any season or occasion. Style these jeans with a fitted top and ankle boots for a chic, laid-back ensemble. Wash and Care Hand Wash 30°C. Do Not Bleach. Wash Separately. Hang Dry In Shade. Hot Iron. Do Not Dry Clean. Do Not Iron On Embellishment. This Garment Have Tendency To Fade Made in India Manufactured and Marketed By:- NEXON OMNIVERSE LIMITED Address: D-202, Synthofine Estate, Off Aarey Road, Behind Virvani Ind.Estate, Goregaon East, Mumbai 400063 Disclaimer Product color may slightly vary due to photographic lighting sources on your monitor setting. Customer Care +91 7304053032 Customer Care Email id – sharewithus@styleunion.in 10:30 am to 6:30 pm from Monday to Friday Legal: compliance@nexonomniverse.com Franchise Enquiry Business Partner Form Style Union is a modern Indian fashion brand bringing everyday dressing a new sense of ease and confidence. We have 160+ stores across the country that offer a wide range of clothing for women, men, and kids, with styles made for real routines and changing days. We keep fashion practical and style-forward with weekly new launches across categories. Our online store makes shopping simple with smooth navigation, quick delivery, and access to the latest drops in one place. You can explore full collections, check availability, and shop comfortably from anywhere. We follow a transparent pricing model with no discounts or inflated tags. With a growing retail presence across India and a customer-first mindset, we focus on making fashion honest, accessible, and effortless for all.",8909404062060
"Apr 19, 2026 @ 16:00:11.684",751069dc39f0ee73c5741a320bb4cade,https://styleunion.in/collections/womens-jeans/products/boot-cut-solid-ankle-length-low-rise-jeans-wej00007?variant=46362695336185,Boot Cut Ankle Length Low Rise Clean Look Jeans,799,799,,Black,26,"Product Details Fabric Type: 70% Cotton, 28% Polyester, 2% Elastane Weave Type: Woven Pattern: Solid Length: Ankle Length Fit: Boot Cut Waist Rise: Low Rise Pockets: 5 Description Experience the perfect blend of comfort and style with our Boot Cut Ankle Length Low Rise Clean Look Jeans. Crafted with a premium fabric blend, these jeans offer a flattering fit that moves with you, ensuring you feel confident and chic all day long. Whether you're heading to a casual outing or a night out, these jeans are your go-to choice for effortless elegance. Comfortable Fabric: The combination of cotton, polyester, and spandex provides a soft, stretchy feel that adapts to your movements, offering all-day comfort. Stylish Boot Cut Fit: The boot cut design adds a touch of flair, elongating your legs and creating a balanced silhouette. Versatile Ankle Length: Perfect for pairing with your favorite heels or flats, these jeans transition seamlessly from day to night. Low Rise Waist: Offers a modern, trendy look while ensuring a comfortable fit around the hips. Practical Pockets: With 5 pockets, you have ample space to carry essentials without compromising style. Let these jeans be your wardrobe staple, effortlessly complementing any top or accessory for a polished look. Wash and Care Machine Wash 40°C. Wash Dark Colours Separately. Do Not Bleach. Tumble Dry Low. Warm Iron. Do Not Dry Clean. Do Not Iron On Embellishment. Made in India Manufactured and Marketed By:- NEXON OMNIVERSE LIMITED Address: D-202, Synthofine Estate, Off Aarey Road, Behind Virvani Ind.Estate, Goregaon East, Mumbai 400063 Disclaimer Denim has a natural character to fade over time, influenced by general wear and tear, washing and sunlight. Each pair fades uniquely creating a personalised look. To minimise fading, wash inside out and limit exposure to sunlight. However, some fading is inevitable and should be embraced as part of denim’s natural fading process. STYLE UNION Customer Care +91 7304053032 Customer Care Email id – sharewithus@styleunion.in 10:30 am to 6:30 pm from Monday to Friday Legal: compliance@nexonomniverse.com Franchise Enquiry Business Partner Form Style Union is a modern Indian fashion brand bringing everyday dressing a new sense of ease and confidence. We have 160+ stores across the country that offer a wide range of clothing for women, men, and kids, with styles made for real routines and changing days. We keep fashion practical and style-forward with weekly new launches across categories. Our online store makes shopping simple with smooth navigation, quick delivery, and access to the latest drops in one place. You can explore full collections, check availability, and shop comfortably from anywhere. We follow a transparent pricing model with no discounts or inflated tags. With a growing retail presence across India and a customer-first mindset, we focus on making fashion honest, accessible, and effortless for all.",8909001655467
"Apr 19, 2026 @ 16:00:11.776",19b27a46912696e462842217ca556a4f,https://styleunion.in/collections/womens-jeans/products/straight-fit-high-rise-back-button-look-jeans-wfj00057?variant=47444045824249,Straight Fit High Rise Back Button Look Jeans,999,999,,Mid Stone,26,"Product Details Fabric Type: Cotton Weave type: Woven Pattern: Solid Length: Ankle Length Fit: Straight Fit Waist Rise: High Rise Pockets: 5 Description Introducing our Straight Fit High Rise Back Button Look Jeans, designed for the modern woman who values both comfort and style. Crafted from high-quality cotton, these jeans offer a soft touch and breathable wear, perfect for all-day comfort. The solid pattern and sleek design enhance your silhouette, making them a versatile addition to your wardrobe. Highlight fabric quality and comfort. Highlight design and pattern appeal. Explain fit and silhouette benefit. Give styling versatility suggestion. Pair these jeans with a tucked-in blouse and ankle boots for a chic, effortless look. Wash and Care Hand Wash 30°C. Do Not Bleach. Wash Separately. Hang Dry In Shade. Hot Iron. Do Not Dry Clean. Do Not Iron On Embellishment. This Garment Has A Tendency To Fade. Made in India Manufactured and Marketed By:- NEXON OMNIVERSE LIMITED Address: D-202, Synthofine Estate, Off Aarey Road, Behind Virvani Ind.Estate, Goregaon East, Mumbai 400063 Disclaimer Product color may slightly vary due to photographic lighting sources on your monitor setting. Customer Care +91 7304053032 Customer Care Email id – sharewithus@styleunion.in 10:30 am to 6:30 pm from Monday to Friday Legal: compliance@nexonomniverse.com Franchise Enquiry Business Partner Form Style Union is a modern Indian fashion brand bringing everyday dressing a new sense of ease and confidence. We have 160+ stores across the country that offer a wide range of clothing for women, men, and kids, with styles made for real routines and changing days. We keep fashion practical and style-forward with weekly new launches across categories. Our online store makes shopping simple with smooth navigation, quick delivery, and access to the latest drops in one place. You can explore full collections, check availability, and shop comfortably from anywhere. We follow a transparent pricing model with no discounts or inflated tags. With a growing retail presence across India and a customer-first mindset, we focus on making fashion honest, accessible, and effortless for all.",8909001950036
"Apr 19, 2026 @ 16:00:12.038",8e2e164b783a56cbf732b6a7b6ab94fa,https://styleunion.in/collections/womens-jeans/products/overdyed-cargo-with-street-look-wfj00041?variant=46581400338681,Overdyed Cargo With Street Look,1405,1405,,Beige,26,"Product Details Fabric Type: 100% Cotton Weave Type: Woven Pattern: Solid Length: Full Length Fit: Straight Fit Waist Rise: High Rise Pockets: 10 Description Experience the perfect blend of style and functionality with our Overdyed Cargo Jeans. Crafted from 100% cotton, these jeans offer unparalleled comfort and breathability, making them ideal for all-day wear. The high-rise waist and straight fit provide a flattering silhouette that complements any body type, while the solid pattern adds a touch of sophistication to your street look. With a total of 10 pockets, these jeans are as practical as they are stylish, offering ample space for all your essentials. Whether you're running errands or enjoying a casual day out, these jeans are your go-to choice for effortless style. Comfortable Fabric: Made from 100% cotton, ensuring a soft touch and breathable wear. Functional Design: Features 10 pockets for maximum storage and convenience. Versatile Style: The solid pattern and straight fit make it easy to pair with any top. Flattering Fit: High-rise waist enhances your natural shape and provides a secure fit. Perfect for casual outings, these jeans are designed to keep you comfortable and stylish throughout the day. Embrace the street look with confidence and ease. Wash and Care Machine Wash 40°C. Wash Dark Colours Separately. Do Not Bleach. Tumble Dry Low. Do Not Iron On Embellishment. Warm Iron. Do Not Dry Clean. Made in India Manufactured and Marketed By:- NEXON OMNIVERSE LIMITED Address: D-202, Synthofine Estate, Off Aarey Road, Behind Virvani Ind.Estate, Goregaon East, Mumbai 400063 Disclaimer Denim has a natural character to fade over time, influenced by general wear and tear, washing and sunlight. Each pair fades uniquely creating a personalised look. To minimise fading, wash inside out and limit exposure to sunlight. However, some fading is inevitable and should be embraced as part of denim’s natural fading process. STYLE UNION Customer Care +91 7304053032 Customer Care Email id – sharewithus@styleunion.in 10:30 am to 6:30 pm from Monday to Friday Legal: compliance@nexonomniverse.com Franchise Enquiry Business Partner Form Style Union is a modern Indian fashion brand bringing everyday dressing a new sense of ease and confidence. We have 160+ stores across the country that offer a wide range of clothing for women, men, and kids, with styles made for real routines and changing days. We keep fashion practical and style-forward with weekly new launches across categories. Our online store makes shopping simple with smooth navigation, quick delivery, and access to the latest drops in one place. You can explore full collections, check availability, and shop comfortably from anywhere. We follow a transparent pricing model with no discounts or inflated tags. With a growing retail presence across India and a customer-first mindset, we focus on making fashion honest, accessible, and effortless for all.",8909001687260
"Apr 19, 2026 @ 16:00:12.910",0b2297042a012c6cc43f6cf85b3a4ff6,https://styleunion.in/collections/womens-jeans/products/boot-cut-solid-high-rise-jeans-wej00003?variant=46284508561657,Highwaist Bootcut Clean Look High Rise Jeans,999,999,,Black,26,"Product Details Fabric Type: 70% Cotton, 28% Polyester, 2% Elastane Weave Type: Woven Pattern: Solid Length: Ankle Length Fit: Boot Cut Waist Rise: High Rise Pockets: 5 Description Discover the perfect blend of comfort and style with our Highwaist Bootcut Clean Look High Rise Jeans. These jeans offer a flattering silhouette that enhances your natural curves while providing the flexibility and comfort you need for all-day wear. Whether you're heading to the office or out for a casual day with friends, these jeans are your go-to choice for effortless elegance. High Rise Waist: Offers a secure fit and elongates the legs, giving you a sleek and sophisticated look. Boot Cut Fit: Provides a balanced, timeless style that pairs well with both heels and flats, making it versatile for any occasion. Solid Pattern: A classic design that is easy to pair with any top, allowing for endless styling possibilities. Comfortable Fabric Blend: The combination of cotton, polyester, and elastane ensures durability and stretch, adapting to your movements with ease. Five Pockets: Practical and stylish, offering ample space for your essentials while maintaining a clean look. These jeans are perfect for a day at the office, a night out, or a weekend getaway. Pair them with a blouse for a polished look or a t-shirt for a relaxed vibe. Wash and Care Machine Wash 40°C. Wash Dark Colours Separately. Do Not Bleach. Tumble Dry Low. Warm Iron. Do Not Dry Clean. Do Not Iron On Embellishment. Made in India Manufactured and Marketed By:- NEXON OMNIVERSE LIMITED Address: D-202, Synthofine Estate, Off Aarey Road, Behind Virvani Ind.Estate, Goregaon East, Mumbai 400063 Disclaimer Denim has a natural character to fade over time, influenced by general wear and tear, washing and sunlight. Each pair fades uniquely creating a personalised look. To minimise fading, wash inside out and limit exposure to sunlight. However, some fading is inevitable and should be embraced as part of denim’s natural fading process. STYLE UNION Customer Care +91 7304053032 Customer Care Email id – sharewithus@styleunion.in 10:30 am to 6:30 pm from Monday to Friday Legal: compliance@nexonomniverse.com Franchise Enquiry Business Partner Form Style Union is a modern Indian fashion brand bringing everyday dressing a new sense of ease and confidence. We have 160+ stores across the country that offer a wide range of clothing for women, men, and kids, with styles made for real routines and changing days. We keep fashion practical and style-forward with weekly new launches across categories. Our online store makes shopping simple with smooth navigation, quick delivery, and access to the latest drops in one place. You can explore full collections, check availability, and shop comfortably from anywhere. We follow a transparent pricing model with no discounts or inflated tags. With a growing retail presence across India and a customer-first mindset, we focus on making fashion honest, accessible, and effortless for all.",8909001458457
"Apr 19, 2026 @ 16:00:13.996",6cf93771c665c1479783931e21f7564d,https://styleunion.in/collections/womens-jeans/products/skinny-fit-solid-mid-rise-jeans-lej00008?variant=46286213021945,SU Jeans™ - Skinny Fit With E-Fast® Stretch Jeans,799,799,,Light Grey,26,"Product Details Fabric type: Cotton Polyester Elastane (82% Cotton, 16% Polyester, 2% Elastane) Weave type: Woven Pattern: Solid Length: Full Length Fit Type: Skinny Fit Rise Style: Mid Rise Pockets: 5 Description These skinny fit jeans has solid, mid rise waist. Made from cotton polyester elastane , it is comfortable to wear. A must have in ur wardrobe. Fabric and Care Machine Wash 40°C. Wash Dark Colours Separately. Do Not Bleach. Tumble Dry Low. Do Not Iron On Embellishment. Warm Iron. Do Not Dry Clean Made in India Manufactured and Marketed By:- NEXON OMNIVERSE LIMITED Address: D-202, Synthofine Estate, Off Aarey Road, Behind Virvani Ind.Estate, Goregaon East, Mumbai 400063 Disclaimer Denim has a natural character to fade over time, influenced by general wear and tear, washing and sunlight. Each pair fades uniquely creating a personalised look. To minimise fading, wash inside out and limit exposure to sunlight. However, some fading is inevitable and should be embraced as part of denim’s natural fading process. STYLE UNION Customer Care +91 7304053032 Customer Care Email id – sharewithus@styleunion.in 10:30 am to 6:30 pm from Monday to Friday Legal: compliance@nexonomniverse.com Franchise Enquiry Business Partner Form Style Union is a modern Indian fashion brand bringing everyday dressing a new sense of ease and confidence. We have 160+ stores across the country that offer a wide range of clothing for women, men, and kids, with styles made for real routines and changing days. We keep fashion practical and style-forward with weekly new launches across categories. Our online store makes shopping simple with smooth navigation, quick delivery, and access to the latest drops in one place. You can explore full collections, check availability, and shop comfortably from anywhere. We follow a transparent pricing model with no discounts or inflated tags. With a growing retail presence across India and a customer-first mindset, we focus on making fashion honest, accessible, and effortless for all.",8907546912502
"Apr 19, 2026 @ 16:00:14.197",854b80709bc79406592a9730b2a0224f,https://styleunion.in/collections/womens-jeans/products/skinny-fit-solid-high-rise-jeans-lej00003?variant=46286097383673,SU Jeans™ - Skinny Fit Essential High Rise Jeans,999,999,,Grey,26,"Product Details Fabric type: Cotton Elastane (99% Cotton, 1% Elastane) Weave type: Woven Pattern: Solid Length: Full Length Fit Type: Skinny Fit Rise Style: High Rise Pockets: 5 Occasion: Casual Wear Description High waist designed to sit comfortably at the waist, offering a smooth shape and elongating the legs, skinny fit for a sleek, flattering silhouette. Crafted from soft, stretchable fabric that moves with you while maintaining its shape. Wash and Care Machine Wash Made in India Manufactured and Marketed By:- NEXON OMNIVERSE LIMITED Address: D-202, Synthofine Estate, Off Aarey Road, Behind Virvani Ind.Estate, Goregaon East, Mumbai 400063 Disclaimer Denim has a natural character to fade over time, influenced by general wear and tear, washing and sunlight. Each pair fades uniquely creating a personalised look. To minimise fading, wash inside out and limit exposure to sunlight. However, some fading is inevitable and should be embraced as part of denim’s natural fading process. STYLE UNION Customer Care +91 7304053032 Customer Care Email id – sharewithus@styleunion.in 10:30 am to 6:30 pm from Monday to Friday Legal: compliance@nexonomniverse.com Franchise Enquiry Business Partner Form Style Union is a modern Indian fashion brand bringing everyday dressing a new sense of ease and confidence. We have 160+ stores across the country that offer a wide range of clothing for women, men, and kids, with styles made for real routines and changing days. We keep fashion practical and style-forward with weekly new launches across categories. Our online store makes shopping simple with smooth navigation, quick delivery, and access to the latest drops in one place. You can explore full collections, check availability, and shop comfortably from anywhere. We follow a transparent pricing model with no discounts or inflated tags. With a growing retail presence across India and a customer-first mindset, we focus on making fashion honest, accessible, and effortless for all.",8907546891227
"Apr 19, 2026 @ 16:00:14.294",2b2d89a92e48874f6736261a948a3d25,https://styleunion.in/collections/womens-jeans/products/slouch-fit-solid-high-rise-jeans-lej00004?variant=46286295335161,SU Jeans™ - Slouch Fit High Rise Jeans **Most Popular**,999,999,,Mid Stone,26,"Product Details Fabric type: Cotton Weave type: Woven Pattern: Solid Length Cropped Length Theme: Essentials Jeans Style: Jeans Fit Type: Slouch Fit Rise Style: High Rise Pockets: 5 Description These slouch fit jeans has Cropped length, high rise waist. Made from cotton, it is soft and comfortable to wear. A modern, laid-back silhouette that offers freedom of movement and a touch of effortless style, made in 100% breathable cotton. Designed for all-day ease, the stretchable waistband ensures a perfect fit and effortless wear. Fabric and Care Machine Wash 40°C. Wash Dark Colours Separately. Do Not Bleach. Tumble Dry Low. Do Not Iron On Embellishment. Warm Iron. Do Not Dry Clean Made in India Manufactured and Marketed By:- NEXON OMNIVERSE LIMITED Address: D-202, Synthofine Estate, Off Aarey Road, Behind Virvani Ind.Estate, Goregaon East, Mumbai 400063 Disclaimer Denim has a natural character to fade over time, influenced by general wear and tear, washing and sunlight. Each pair fades uniquely creating a personalised look. To minimise fading, wash inside out and limit exposure to sunlight. However, some fading is inevitable and should be embraced as part of denim’s natural fading process. STYLE UNION Customer Care +91 7304053032 Customer Care Email id – sharewithus@styleunion.in 10:30 am to 6:30 pm from Monday to Friday Legal: compliance@nexonomniverse.com Franchise Enquiry Business Partner Form Style Union is a modern Indian fashion brand bringing everyday dressing a new sense of ease and confidence. We have 160+ stores across the country that offer a wide range of clothing for women, men, and kids, with styles made for real routines and changing days. We keep fashion practical and style-forward with weekly new launches across categories. Our online store makes shopping simple with smooth navigation, quick delivery, and access to the latest drops in one place. You can explore full collections, check availability, and shop comfortably from anywhere. We follow a transparent pricing model with no discounts or inflated tags. With a growing retail presence across India and a customer-first mindset, we focus on making fashion honest, accessible, and effortless for all.",8907546896727
"Apr 19, 2026 @ 16:00:15.098",7c3a6518d0511f1568dd963ab3cbdba1,https://styleunion.in/collections/womens-jeans/products/solid-full-length-all-day-comfort-boot-cut-pants-ywfp00027?variant=46284054003961,Solid Full-Length All-Day Comfort Boot Cut Jeans,899,899,,Indigo,XS,"Product Details Fabric Type: 56% Cotton, 43% Polyester, 1% Spandex Weave Type: Knit Pattern: Solid Length: Full Length Fit: Boot Cut Waist Rise: Mid Rise Pockets: 2 Description Experience unparalleled comfort and style with our Solid Full-Length All-Day Comfort Boot Cut Jeans. These jeans are crafted to provide a perfect blend of flexibility and durability, ensuring you feel confident and comfortable all day long. The soft fabric embraces your skin, while the boot cut design offers a flattering silhouette that complements any body type. Whether you're heading to the office or enjoying a casual day out, these jeans are your go-to choice for effortless style. All-Day Comfort: The blend of cotton, polyester, and spandex ensures a soft, stretchy feel that moves with you, providing comfort from morning to night. Flattering Fit: The boot cut style enhances your natural shape, offering a modern look that pairs well with any footwear. Versatile Design: The solid pattern and mid-rise waist make these jeans suitable for both casual and semi-formal occasions. Practical Pockets: Equipped with two pockets, these jeans offer convenience without compromising on style. Let these jeans be your wardrobe staple, perfect for any occasion where comfort and style are a must. Wash and Care Machine Wash 40°C. Wash Dark Colours Separately. Do Not Bleach. Tumble Dry Low. Do Not Iron On Embellishment. Warm Iron. Do Not Dry Clean. Made in India Manufactured and Marketed By:- NEXON OMNIVERSE LIMITED Address: D-202, Synthofine Estate, Off Aarey Road, Behind Virvani Ind.Estate, Goregaon East, Mumbai 400063 Disclaimer Product color may slightly vary due to photographic lighting sources on your monitor setting. Customer Care +91 7304053032 Customer Care Email id – sharewithus@styleunion.in 10:30 am to 6:30 pm from Monday to Friday Legal: compliance@nexonomniverse.com Franchise Enquiry Business Partner Form Style Union is a modern Indian fashion brand bringing everyday dressing a new sense of ease and confidence. We have 160+ stores across the country that offer a wide range of clothing for women, men, and kids, with styles made for real routines and changing days. We keep fashion practical and style-forward with weekly new launches across categories. Our online store makes shopping simple with smooth navigation, quick delivery, and access to the latest drops in one place. You can explore full collections, check availability, and shop comfortably from anywhere. We follow a transparent pricing model with no discounts or inflated tags. With a growing retail presence across India and a customer-first mindset, we focus on making fashion honest, accessible, and effortless for all.",8909001511220
"Apr 19, 2026 @ 16:00:16.470",2db96352b68118135bd1d4f80c4c0489,https://styleunion.in/collections/womens-jeans/products/denim-midstone-color-street-look-cargo-jorts-wfj00043?variant=46838290809081,Denim Midstone Color Street Look Cargo JORTS,799,799,,Mid Stone,26,"Product Details Fabric Type: 100% Cotton Weave Type: Woven Pattern: Solid Length: Knee Length Fit: Cargo Fit Waist Rise: High Rise Pockets: 6 Description Experience the perfect blend of style and functionality with our Denim Cargo Jorts. Crafted from 100% cotton, these jorts offer unparalleled comfort and breathability, making them an ideal choice for warm weather adventures. The high-rise design provides a flattering silhouette, while the cargo fit ensures ample room for movement. Comfortable Fabric: The 100% cotton fabric ensures a soft touch against your skin, keeping you comfortable all day long. Functional Design: With six pockets, these jorts offer plenty of storage space for your essentials, making them perfect for on-the-go lifestyles. Versatile Style: The solid pattern and knee-length cut make these jorts a versatile addition to your wardrobe, suitable for casual outings or relaxed weekends. Whether you're heading to a summer festival or enjoying a day at the park, these Denim Cargo Jorts are your go-to choice for effortless style and practicality. Wash and Care Machine Wash 40°C. Wash Dark Colours Separately. Do Not Bleach. Tumble Dry Low. Warm Iron. Do Not Dry Clean. Do Not Iron On Embellishment. Made in India Manufactured and Marketed By:- NEXON OMNIVERSE LIMITED Address: D-202, Synthofine Estate, Off Aarey Road, Behind Virvani Ind.Estate, Goregaon East, Mumbai 400063 Disclaimer Product color may slightly vary due to photographic lighting sources on your monitor setting. Customer Care +91 7304053032 Customer Care Email id – sharewithus@styleunion.in 10:30 am to 6:30 pm from Monday to Friday Legal: compliance@nexonomniverse.com Franchise Enquiry Business Partner Form Style Union is a modern Indian fashion brand bringing everyday dressing a new sense of ease and confidence. We have 160+ stores across the country that offer a wide range of clothing for women, men, and kids, with styles made for real routines and changing days. We keep fashion practical and style-forward with weekly new launches across categories. Our online store makes shopping simple with smooth navigation, quick delivery, and access to the latest drops in one place. You can explore full collections, check availability, and shop comfortably from anywhere. We follow a transparent pricing model with no discounts or inflated tags. With a growing retail presence across India and a customer-first mindset, we focus on making fashion honest, accessible, and effortless for all.",8909001970539
"Apr 19, 2026 @ 16:00:16.632",8cecf19e302975139af3169d27e2d977,https://styleunion.in/collections/womens-jeans/products/straight-fit-solid-full-length-high-rise-jeans-wfj00027?variant=46418752733433,Full Length Straight Fit Pinholes Solid Jeans,1217,1217,,Grey,30,"Product Details Fabric Type: 100% Cotton Weave Type: Woven Pattern: Solid Length: Full Length Fit: Straight Fit Waist Rise: High Rise Pockets: 5 Description Experience the perfect blend of comfort and style with our Straight Fit Solid Full Length High Rise Jeans. Crafted from 100% cotton, these jeans offer a breathable and soft touch against your skin, ensuring all-day comfort. The high-rise design provides a flattering silhouette, making these jeans a versatile addition to your wardrobe. Whether you're heading to a casual outing or a day at the office, these jeans will keep you looking effortlessly chic. 100% Cotton: Enjoy the natural softness and breathability of pure cotton, keeping you comfortable in any season. Woven Fabric: Provides durability and a classic look that never goes out of style. Solid Pattern: Offers a timeless and versatile look that pairs well with any top. High Rise: Enhances your silhouette and provides a secure, comfortable fit. 5 Pockets: Practical design for carrying essentials with ease. These jeans are perfect for any occasion, from casual weekends to more polished events. Pair them with a blouse for a sophisticated look or a t-shirt for a relaxed vibe. Wash and Care Hand Wash 30°C. Do Not Bleach. Wash Separately. Hang Dry In Shade. Hot Iron. Do Not Dry Clean. Do Not Iron On Embellishment. This Garment Has A Tendency To Fade. Made in India Manufactured and Marketed By:- NEXON OMNIVERSE LIMITED Address: D-202, Synthofine Estate, Off Aarey Road, Behind Virvani Ind.Estate, Goregaon East, Mumbai 400063 Disclaimer Denim has a natural character to fade over time, influenced by general wear and tear, washing and sunlight. Each pair fades uniquely creating a personalised look. To minimise fading, wash inside out and limit exposure to sunlight. However, some fading is inevitable and should be embraced as part of denim’s natural fading process. STYLE UNION Customer Care +91 7304053032 Customer Care Email id – sharewithus@styleunion.in 10:30 am to 6:30 pm from Monday to Friday Legal: compliance@nexonomniverse.com Franchise Enquiry Business Partner Form Style Union is a modern Indian fashion brand bringing everyday dressing a new sense of ease and confidence. We have 160+ stores across the country that offer a wide range of clothing for women, men, and kids, with styles made for real routines and changing days. We keep fashion practical and style-forward with weekly new launches across categories. Our online store makes shopping simple with smooth navigation, quick delivery, and access to the latest drops in one place. You can explore full collections, check availability, and shop comfortably from anywhere. We follow a transparent pricing model with no discounts or inflated tags. With a growing retail presence across India and a customer-first mindset, we focus on making fashion honest, accessible, and effortless for all.",8909001583234
"Apr 19, 2026 @ 16:00:16.805",3c516ccfc84c3de12ea795bd0c1bf332,https://styleunion.in/collections/womens-jeans/products/straight-fit-solid-high-rise-jeans-lej00005?variant=46286998503673,SU Jeans™ - Straight Fit High Rise Jeans,999,999,,Black,26,"Product Details Fabric Type: 100% Cotton Weave Type: Woven Pattern: Solid Length: Full Length Fit: Straight Fit Waist Rise: High Rise Pockets: 5 Description Experience the perfect blend of comfort and style with our Non Stretch Straight Fit Cleaner Wash Jeans. Crafted from 100% cotton, these jeans offer a breathable and soft feel, making them ideal for all-day wear. The high-rise design provides a flattering silhouette, while the solid pattern ensures a versatile look that can be dressed up or down. Whether you're heading to a casual brunch or a day at the office, these jeans will keep you looking effortlessly chic. Comfortable Fabric: Enjoy the softness and breathability of 100% cotton, perfect for long hours of wear. High Rise Waist: Offers a flattering fit that accentuates your waistline. Versatile Style: Solid pattern and straight fit make these jeans suitable for various occasions. Ample Storage: Equipped with 5 pockets to keep your essentials handy. These jeans are your go-to choice for a modern, stylish look that doesn't compromise on comfort. Wash and Care Machine Wash 40°C. Wash Dark Colours Separately. Do Not Bleach. Tumble Dry Low. Do Not Iron On Embellishment. Warm Iron. Do Not Dry Clean. Made in India Manufactured and Marketed By:- NEXON OMNIVERSE LIMITED Address: D-202, Synthofine Estate, Off Aarey Road, Behind Virvani Ind.Estate, Goregaon East, Mumbai 400063 Disclaimer Denim has a natural character to fade over time, influenced by general wear and tear, washing and sunlight. Each pair fades uniquely creating a personalised look. To minimise fading, wash inside out and limit exposure to sunlight. However, some fading is inevitable and should be embraced as part of denim’s natural fading process. STYLE UNION Customer Care +91 7304053032 Customer Care Email id – sharewithus@styleunion.in 10:30 am to 6:30 pm from Monday to Friday Legal: compliance@nexonomniverse.com Franchise Enquiry Business Partner Form Style Union is a modern Indian fashion brand bringing everyday dressing a new sense of ease and confidence. We have 160+ stores across the country that offer a wide range of clothing for women, men, and kids, with styles made for real routines and changing days. We keep fashion practical and style-forward with weekly new launches across categories. Our online store makes shopping simple with smooth navigation, quick delivery, and access to the latest drops in one place. You can explore full collections, check availability, and shop comfortably from anywhere. We follow a transparent pricing model with no discounts or inflated tags. With a growing retail presence across India and a customer-first mindset, we focus on making fashion honest, accessible, and effortless for all.",8907546903265
"Apr 19, 2026 @ 16:00:17.316",3987ac55139a70e92c79ca07293f64cc,https://styleunion.in/collections/womens-jeans/products/straight-fit-mirror-look-high-rise-jeans-wfj00084?variant=47484224176377,Straight Fit Mirror Look High Rise Jeans,1299,1299,,Mid Stone,26,"Product Details Fabric Type: Cotton Weave type: Woven Pattern: Solid Length: Full Length Fit: Straight Fit Waist Rise: High Rise Pockets: 5 Description Introducing the Straight Fit Mirror Look High Rise Jeans, crafted from high-quality cotton for exceptional comfort and breathability. The woven fabric creates a solid pattern that enhances the overall sleek design, making these jeans a staple in your wardrobe. With a flattering straight fit and full length, they offer a silhouette that complements any body type, ensuring you look stylish and feel confident. Perfect for pairing with your favorite tops, these versatile jeans can easily transition from casual outings to more polished looks. Wash and Care Hand Wash 30°C. Do Not Bleach. Wash Separately. Hang Dry In Shade. Hot Iron. Do Not Dry Clean. Do Not Iron On Embellishment. This Garment Has Tendency To Fade. Made in India Manufactured and Marketed By:- NEXON OMNIVERSE LIMITED Address: D-202, Synthofine Estate, Off Aarey Road, Behind Virvani Ind.Estate, Goregaon East, Mumbai 400063 Disclaimer Product color may slightly vary due to photographic lighting sources on your monitor setting. Customer Care +91 7304053032 Customer Care Email id – sharewithus@styleunion.in 10:30 am to 6:30 pm from Monday to Friday Legal: compliance@nexonomniverse.com Franchise Enquiry Business Partner Form Style Union is a modern Indian fashion brand bringing everyday dressing a new sense of ease and confidence. We have 160+ stores across the country that offer a wide range of clothing for women, men, and kids, with styles made for real routines and changing days. We keep fashion practical and style-forward with weekly new launches across categories. Our online store makes shopping simple with smooth navigation, quick delivery, and access to the latest drops in one place. You can explore full collections, check availability, and shop comfortably from anywhere. We follow a transparent pricing model with no discounts or inflated tags. With a growing retail presence across India and a customer-first mindset, we focus on making fashion honest, accessible, and effortless for all.",8909404057035
"Apr 19, 2026 @ 16:00:18.836",f86af0624da8c377ab7c3890a3ff7031,https://styleunion.in/collections/womens-jeans/products/woven-low-rise-utility-cargo-fit-jeans-wfj00072?variant=47484223717625,Woven Low Rise Utility Cargo Fit Jeans,1499,1499,,Black,26,"Product Details Fabric Type: Cotton Weave type: Woven Pattern: Solid Length: Full Length Fit: Cargo Fit Waist Rise: Low Rise Pockets: 8 Description Introducing our Woven Low Rise Utility Cargo Fit Jeans crafted from high-quality cotton, offering unparalleled comfort and breathability. The solid pattern enhances the garment's versatility while ensuring a timeless look that can be dressed up or down. Designed with a cargo fit, these jeans provide a flattering silhouette that complements various body types, making them perfect for everyday wear. Style them effortlessly with your favorite tops or casual wear for a chic ensemble. Experience the soft feel of premium cotton that keeps you comfortable throughout the day. The solid design adds a classic touch, making it easy to pair with any outfit. The cargo fit enhances your silhouette, ensuring you look stylish and feel confident. Versatile enough to be paired with jeans, trousers, or shorts for casual outings. For a trendy look, pair these jeans with a fitted tee and sneakers. Wash and Care Machine Wash at Made in India Manufactured and Marketed By:- NEXON OMNIVERSE LIMITED Address: D-202, Synthofine Estate, Off Aarey Road, Behind Virvani Ind.Estate, Goregaon East, Mumbai 400063 Disclaimer Product color may slightly vary due to photographic lighting sources on your monitor setting. Customer Care +91 7304053032 Customer Care Email id – sharewithus@styleunion.in 10:30 am to 6:30 pm from Monday to Friday Legal: compliance@nexonomniverse.com Franchise Enquiry Business Partner Form Style Union is a modern Indian fashion brand bringing everyday dressing a new sense of ease and confidence. We have 160+ stores across the country that offer a wide range of clothing for women, men, and kids, with styles made for real routines and changing days. We keep fashion practical and style-forward with weekly new launches across categories. Our online store makes shopping simple with smooth navigation, quick delivery, and access to the latest drops in one place. You can explore full collections, check availability, and shop comfortably from anywhere. We follow a transparent pricing model with no discounts or inflated tags. With a growing retail presence across India and a customer-first mindset, we focus on making fashion honest, accessible, and effortless for all.",8909404022361
"Apr 19, 2026 @ 16:00:18.972",bf85cecd71310fe2eb50db4b16993784,https://styleunion.in/collections/womens-jeans/products/cotton-solid-jeans-wfj00080?variant=47405197033721,Highwaist Flared Cargo With Patch Pocket,1499,1499,,Mid Stone,26,"Product Details Fabric Type: Cotton Weave Type: Woven Pattern: Solid Fit: Cargo Pockets: 6 Waist Rise: High Rise Description Discover the perfect blend of style and comfort with our Women's Cargo Jeans. Crafted from high-quality woven cotton, these jeans are designed to elevate your casual wardrobe while offering practicality with multiple pockets. High-rise fit provides a flattering silhouette, ensuring comfort and style in any setting. Featuring six pockets, these jeans combine functionality with a trendy design, perfect for on-the-go lifestyles. Solid pattern and cargo fit offer versatility, easily pairing with a variety of tops for different occasions. Durable woven fabric ensures longevity, making these jeans a staple piece for seasons to come. Style these jeans with a fitted top and your favorite sneakers for a chic, laid-back look. Wash and Care Machine Wash 40°C.Wash Dark Colours Separately.Do Not Bleach. Tumble Dry Low. Warm Iron. Do Not Dry Clean. Do Not Iron On Embellishment Made in India Manufactured and Marketed By:- NEXON OMNIVERSE LIMITED Address: D-202, Synthofine Estate, Off Aarey Road, Behind Virvani Ind.Estate, Goregaon East, Mumbai 400063 Disclaimer Product color may slightly vary due to photographic lighting sources on your monitor setting. Customer Care +91 7304053032 Customer Care Email id – sharewithus@styleunion.in 10:30 am to 6:30 pm from Monday to Friday Legal: compliance@nexonomniverse.com Franchise Enquiry Business Partner Form Style Union is a modern Indian fashion brand bringing everyday dressing a new sense of ease and confidence. We have 160+ stores across the country that offer a wide range of clothing for women, men, and kids, with styles made for real routines and changing days. We keep fashion practical and style-forward with weekly new launches across categories. Our online store makes shopping simple with smooth navigation, quick delivery, and access to the latest drops in one place. You can explore full collections, check availability, and shop comfortably from anywhere. We follow a transparent pricing model with no discounts or inflated tags. With a growing retail presence across India and a customer-first mindset, we focus on making fashion honest, accessible, and effortless for all.",8909404062725
"Apr 19, 2026 @ 16:00:19.090",1a6a44973901561ce97d81b012bdb4f9,https://styleunion.in/collections/womens-jeans/products/high-waist-bootcut-with-open-hem-look-jeans-wfj00053?variant=47130936705273,High waist Bootcut With Open Hem Look Jeans,999,999,,Mid Stone,26,"Product Details Fabric Type: 98% Cotton, 2% Spandex Weave Type: Woven Pattern: Solid Length: Full Length Fit: Boot Cut Waist Rise: High Rise Pockets: 5 Description Discover the perfect blend of comfort and style with our High Waist Bootcut Jeans. Crafted from a soft cotton-spandex blend, these jeans offer a snug fit that moves with you, ensuring all-day comfort without sacrificing style. The high-rise waist accentuates your silhouette, providing a flattering fit that pairs effortlessly with any top in your wardrobe. Comfortable Fabric: The cotton-spandex blend ensures a soft, flexible fit that adapts to your movements, making these jeans perfect for both casual outings and more formal settings. Flattering Fit: The high-rise design enhances your natural shape, offering a sleek and stylish look that boosts confidence. Versatile Style: The solid pattern and bootcut fit make these jeans a versatile addition to any wardrobe, suitable for day-to-night transitions. Functional Design: With five pockets, these jeans provide ample space for essentials, combining practicality with style. Whether you're heading to a casual brunch or a night out, these jeans are your go-to choice for a chic and comfortable look. Wash and Care Machine Wash 40°C. Wash Dark Colours Separately. Do Not Bleach. Tumble Dry Low. Warm Iron. Do Not Dry Clean. Do Not Iron On Embellishment. Made in India Manufactured and Marketed By:- NEXON OMNIVERSE LIMITED Address: D-202, Synthofine Estate, Off Aarey Road, Behind Virvani Ind.Estate, Goregaon East, Mumbai 400063 Disclaimer Product color may slightly vary due to photographic lighting sourc Customer Care +91 7304053032 Customer Care Email id – sharewithus@styleunion.in 10:30 am to 6:30 pm from Monday to Friday Legal: compliance@nexonomniverse.com Franchise Enquiry Business Partner Form Style Union is a modern Indian fashion brand bringing everyday dressing a new sense of ease and confidence. We have 160+ stores across the country that offer a wide range of clothing for women, men, and kids, with styles made for real routines and changing days. We keep fashion practical and style-forward with weekly new launches across categories. Our online store makes shopping simple with smooth navigation, quick delivery, and access to the latest drops in one place. You can explore full collections, check availability, and shop comfortably from anywhere. We follow a transparent pricing model with no discounts or inflated tags. With a growing retail presence across India and a customer-first mindset, we focus on making fashion honest, accessible, and effortless for all.",8909001888582
"Apr 19, 2026 @ 16:00:19.590",18c15281cb111ad4249923e592cb5444,https://styleunion.in/collections/womens-jeans/products/straight-fit-solid-full-length-high-rise-jeans-wfj00026?variant=46362700284153,Straight Fit Solid Full Length High Rise Side Tape Look White Jeans,899,899,,White,28,"Product Details Fabric Type: 100% Cotton Weave Type: Woven Pattern: Solid Length: Full Length Fit: Straight Fit Waist Rise: High Rise Pockets: 5 Description Experience the perfect blend of comfort and style with our Straight Fit Solid Full Length High Rise Side Tape Look White Jeans. Crafted from 100% cotton, these jeans offer a soft touch against your skin while ensuring breathability throughout the day. The high-rise design provides a flattering silhouette, making these jeans a versatile addition to your wardrobe. Whether you're heading to a casual brunch or a day out shopping, these jeans will keep you looking effortlessly chic. 100% Cotton Fabric: Enjoy the natural comfort and breathability of pure cotton, keeping you cool and comfortable all day long. High Rise Waist: Offers a flattering fit that accentuates your waistline, providing both style and confidence. Solid Pattern: A timeless design that pairs effortlessly with any top, making it a staple piece for any occasion. Full Length: Provides a sleek and elongated look, perfect for pairing with your favorite footwear. 5 Pockets: Practical and stylish, offering ample space for your essentials while on the go. These jeans are perfect for any casual outing, offering a stylish yet comfortable fit that complements any look. Pair them with a blouse for a sophisticated ensemble or a t-shirt for a laid-back vibe. Wash and Care Hand Wash 30°C. Do Not Bleach. Wash Separately. Hang Dry In Shade. Hot Iron. Do Not Dry Clean. Do Not Iron On Embellishment. This Garment Has Tendency To Fade. Made in India Manufactured and Marketed By:- NEXON OMNIVERSE LIMITED Address: D-202, Synthofine Estate, Off Aarey Road, Behind Virvani Ind.Estate, Goregaon East, Mumbai 400063 Disclaimer Denim has a natural character to fade over time, influenced by general wear and tear, washing and sunlight. Each pair fades uniquely creating a personalised look. To minimise fading, wash inside out and limit exposure to sunlight. However, some fading is inevitable and should be embraced as part of denim’s natural fading process. STYLE UNION Customer Care +91 7304053032 Customer Care Email id – sharewithus@styleunion.in 10:30 am to 6:30 pm from Monday to Friday Legal: compliance@nexonomniverse.com Franchise Enquiry Business Partner Form Style Union is a modern Indian fashion brand bringing everyday dressing a new sense of ease and confidence. We have 160+ stores across the country that offer a wide range of clothing for women, men, and kids, with styles made for real routines and changing days. We keep fashion practical and style-forward with weekly new launches across categories. Our online store makes shopping simple with smooth navigation, quick delivery, and access to the latest drops in one place. You can explore full collections, check availability, and shop comfortably from anywhere. We follow a transparent pricing model with no discounts or inflated tags. With a growing retail presence across India and a customer-first mindset, we focus on making fashion honest, accessible, and effortless for all.",8909001607510
"Apr 19, 2026 @ 16:00:21.118",03f9f7793be61a80e8db7e8f2e69b7f4,https://styleunion.in/collections/womens-jeans/products/boot-cut-printed-full-length-high-rise-jeans-wfj00020?variant=46362696155385,Boot Cut Printed Full Length High Rise Jeans,899,899,,Mid Stone,26,"Product Details Fabric Type: Cotton Elastane (98% Cotton, 2% Elastane) Weave Type: Woven Pattern: Printed Length: Full Length Fit: Boot Cut Waist Rise: High Rise Pockets: 5 Description Experience the perfect blend of style and comfort with our Boot Cut Printed Full Length High Rise Jeans. Crafted with a premium cotton elastane blend, these jeans offer a soft touch and flexible fit, ensuring you stay comfortable throughout your day. The high-rise waist provides a flattering silhouette, while the boot cut design adds a touch of elegance to your ensemble. Comfortable Fit: The cotton elastane fabric stretches with your movements, providing all-day comfort. Stylish Design: The printed pattern and boot cut style make these jeans a versatile choice for both casual and semi-formal occasions. Flattering Silhouette: The high-rise waist accentuates your curves and offers a sleek look. Practical Pockets: Equipped with 5 pockets, these jeans offer ample space for your essentials. Whether you're heading to a brunch with friends or a casual day at the office, these jeans are your go-to choice. Pair them with a chic blouse or a casual tee to create a look that's uniquely yours. Wash and Care Machine Wash 40°C Wash Dark Colours Separately Do Not Bleach Tumble Dry Low Warm Iron Do Not Dry Clean Do Not Iron On Embellishment Made in India Manufactured and Marketed By:- NEXON OMNIVERSE LIMITED Address: D-202, Synthofine Estate, Off Aarey Road, Behind Virvani Ind.Estate, Goregaon East, Mumbai 400063 Disclaimer Denim has a natural character to fade over time, influenced by general wear and tear, washing and sunlight. Each pair fades uniquely creating a personalised look. To minimise fading, wash inside out and limit exposure to sunlight. However, some fading is inevitable and should be embraced as part of denim’s natural fading process. STYLE UNION Customer Care +91 7304053032 Customer Care Email id – sharewithus@styleunion.in 10:30 am to 6:30 pm from Monday to Friday Legal: compliance@nexonomniverse.com Franchise Enquiry Business Partner Form Style Union is a modern Indian fashion brand bringing everyday dressing a new sense of ease and confidence. We have 160+ stores across the country that offer a wide range of clothing for women, men, and kids, with styles made for real routines and changing days. We keep fashion practical and style-forward with weekly new launches across categories. Our online store makes shopping simple with smooth navigation, quick delivery, and access to the latest drops in one place. You can explore full collections, check availability, and shop comfortably from anywhere. We follow a transparent pricing model with no discounts or inflated tags. With a growing retail presence across India and a customer-first mindset, we focus on making fashion honest, accessible, and effortless for all.",8909001608777
"Apr 19, 2026 @ 16:00:21.245",ca5046b816d45aa5033f120615aeff67,https://styleunion.in/collections/womens-jeans/products/cotton-full-length-straight-fit-high-rise-jeans-wfj00054?variant=47330916532473,Cotton Full Length Straight Fit High Rise Jeans,999,999,,Mid Stone,26,"Product Details Fabric Type: Cotton Weave Type: Woven Pattern: Solid Length: Full Length Fit: Straight Fit Pockets: 5 Waist Rise: High Rise Description Discover the perfect blend of comfort and style with our Cotton Full Length Straight Fit High Rise Jeans. Designed for women who appreciate versatility, these jeans are ideal for both casual outings and dressed-up occasions. Crafted from high-quality woven cotton, providing a soft and breathable feel for all-day wear. The straight fit silhouette flatters all body types, offering a timeless look that pairs well with any top. Featuring a high rise waist, these jeans enhance your natural shape while providing added comfort and support. Equipped with five pockets, they offer practicality without compromising on style. Style these jeans with a tucked-in blouse and heels for a polished ensemble perfect for any occasion. Wash and Care Hand Wash 30°C. Do Not Bleach. Wash Separately. Hang Dry In Shade. Hot Iron. Do Not Dry Clean. Do Not Iron On Embellishment. This Garment Have Tendency To Fade Made in India Manufactured and Marketed By:- NEXON OMNIVERSE LIMITED Address: D-202, Synthofine Estate, Off Aarey Road, Behind Virvani Ind.Estate, Goregaon East, Mumbai 400063 Disclaimer Denim has a natural character to fade over time, influenced by general wear and tear, washing and sunlight. Each pair fades uniquely creating a personalised look. To minimise fading, wash inside out and limit exposure to sunlight. However, some fading is inevitable and should be embraced as part of denim’s natural fading process. STYLE UNION Customer Care +91 7304053032 Customer Care Email id – sharewithus@styleunion.in 10:30 am to 6:30 pm from Monday to Friday Legal: compliance@nexonomniverse.com Franchise Enquiry Business Partner Form Style Union is a modern Indian fashion brand bringing everyday dressing a new sense of ease and confidence. We have 160+ stores across the country that offer a wide range of clothing for women, men, and kids, with styles made for real routines and changing days. We keep fashion practical and style-forward with weekly new launches across categories. Our online store makes shopping simple with smooth navigation, quick delivery, and access to the latest drops in one place. You can explore full collections, check availability, and shop comfortably from anywhere. We follow a transparent pricing model with no discounts or inflated tags. With a growing retail presence across India and a customer-first mindset, we focus on making fashion honest, accessible, and effortless for all.",8909001845790
"Apr 19, 2026 @ 16:00:21.798",5a63e764e405d1542434d67f1d9837cb,https://styleunion.in/collections/womens-jeans/products/structured-crew-neck-t-shirt-pfct00018?variant=47565991215353,Velocitee™ 26 – Airdry® – Ultra-Light Ventilated Running Tee - Polyamide with Efast,499,499,,Endurance,XS,"Product Details Fabric Type: 88% Polyamide, 12% Spandex Weave Type: Knit Pattern: Solid Length: Regular Length Neck/Collar Type: Crew Neck Sleeve Type: Raglan Sleeve (Half Sleeve) Fit: Regular Fit Description Built for performance, the VELOCITEE running tee is designed to support movement and comfort during high-intensity activities. The raglan sleeve construction enhances mobility, while engineered seams maintain structure and durability. Crafted with micro perforated fabric, it allows improved airflow and ventilation. The lightweight polyamide blend ensures a breathable feel, while stretchable construction supports unrestricted movement throughout your run. Key Features Raglan sleeve crew neck design Micro perforated fabric for ventilation Engineered seam construction Moisture control performance 360° stretch fabric What Makes It Stand Out Keeps you cool and dry during workouts Allows free and flexible movement Lightweight feel for long runs Comfortable against the skin for extended wear Made in India Manufactured and Marketed By:- NEXON OMNIVERSE LIMITED Address: D-202, Synthofine Estate, Off Aarey Road, Behind Virvani Ind.Estate, Goregaon East, Mumbai 400063 Disclaimer Product color may slightly vary due to photographic lighting sources on your monitor setting. Customer Care +91 7304053032 Customer Care Email id – sharewithus@styleunion.in 10:30 am to 6:30 pm from Monday to Friday Legal: compliance@nexonomniverse.com Franchise Enquiry Business Partner Form Style Union is a modern Indian fashion brand bringing everyday dressing a new sense of ease and confidence. We have 160+ stores across the country that offer a wide range of clothing for women, men, and kids, with styles made for real routines and changing days. We keep fashion practical and style-forward with weekly new launches across categories. Our online store makes shopping simple with smooth navigation, quick delivery, and access to the latest drops in one place. You can explore full collections, check availability, and shop comfortably from anywhere. We follow a transparent pricing model with no discounts or inflated tags. With a growing retail presence across India and a customer-first mindset, we focus on making fashion honest, accessible, and effortless for all.",8909001678572
"Apr 19, 2026 @ 16:00:21.960",c692c4068583e6174e751e8ae2fe5696,https://styleunion.in/collections/womens-jeans/products/knitted-solid-flxtrack-air-pants-pflw00003?variant=47423827837177,Flxtrack – Airdry® – Built for Flexibility & Everyday Movement,799,799,,Taupe,S,"Product Details Fabric Type: Polyester Spandex(90% , 10% Spandex) Weave Type: Knit Pattern: Solid Length: Regular Length Fit: Regular Fit Pockets: Welt Pocket, 3 Waist Rise: Mid Rise Description Elevate your casual wardrobe with Flxtrack – Airdry® – built for flexibility & everyday movement, designed for men who value comfort and style. Crafted from a blend of polyester and spandex, these pants offer flexibility and breathability for everyday wear. Regular fit ensures a comfortable and relaxed silhouette, perfect for active lifestyles. Constructed with a durable knit fabric, providing both stretch and breathability for all-day wear. Features three welt pockets, offering ample storage for your essentials without compromising style. Mid rise waist design enhances comfort while maintaining a modern look suitable for various occasions. Pair with a simple tee and sneakers for a laid-back look, or dress them up with a button-up for a smart-casual ensemble. Wash and Care Machine Wash 30°C.Wash Dark Colours Separately. Do Not Bleach. Do Not Tumble Dry. Warm Iron. Do Not Dry Clean. Do Not Iron On Embellishment Made in India Manufactured and Marketed By:- NEXON OMNIVERSE LIMITED Address: D-202, Synthofine Estate, Off Aarey Road, Behind Virvani Ind.Estate, Goregaon East, Mumbai 400063 Disclaimer Product color may slightly vary due to photographic lighting sources on your monitor setting. Customer Care +91 7304053032 Customer Care Email id – sharewithus@styleunion.in 10:30 am to 6:30 pm from Monday to Friday Legal: compliance@nexonomniverse.com Franchise Enquiry Business Partner Form Style Union is a modern Indian fashion brand bringing everyday dressing a new sense of ease and confidence. We have 160+ stores across the country that offer a wide range of clothing for women, men, and kids, with styles made for real routines and changing days. We keep fashion practical and style-forward with weekly new launches across categories. Our online store makes shopping simple with smooth navigation, quick delivery, and access to the latest drops in one place. You can explore full collections, check availability, and shop comfortably from anywhere. We follow a transparent pricing model with no discounts or inflated tags. With a growing retail presence across India and a customer-first mindset, we focus on making fashion honest, accessible, and effortless for all.",8909404112123
"Apr 19, 2026 @ 16:00:23.598",25afac629bc74bdbc289d9220b836c64,https://styleunion.in/collections/womens-jeans/products/above-knee-air-dry-sprinter-shorts-pfst00003?variant=47330911486201,Sprinter – Airdry® – Running Shorts with Inner Support,699,699,,Balsam,XS,"Product Details Fabric Type: 90% Polyester, 10% Spandex Weave Type: Knit Pattern: Solid Length: Above Knee Fit: Regular Fit Waist Rise: Mid Rise Pockets: Welt Pocket, 2 Description Built for performance-focused movement, the Sprinter Running Shorts are designed to support you through every stride. The lightweight knit construction combined with stretch fabric allows ease of motion, while the inner brief provides added support during runs and high-intensity sessions. Reflective detailing enhances visibility, making it suitable for both day and low-light conditions. Key Features Inner brief for support Reflective details Engineered seam construction Lightweight knit fabric Stretchable for movement What Makes It Stand Out Designed for running and active use Supports movement with built-in compression Helps maintain comfort during extended wear Suitable for training and outdoor runs Wash & Care Instructions Machine wash at 30°C Wash dark colours separately Do not bleach Tumble dry low Warm iron Do not dry clean Do not iron on embellishments Made in India Manufactured and Marketed By:- NEXON OMNIVERSE LIMITED Address: D-202, Synthofine Estate, Off Aarey Road, Behind Virvani Ind.Estate, Goregaon East, Mumbai 400063 Disclaimer Product color may slightly vary due to photographic lighting sourc Customer Care +91 7304053032 Customer Care Email id – sharewithus@styleunion.in 10:30 am to 6:30 pm from Monday to Friday Legal: compliance@nexonomniverse.com Franchise Enquiry Business Partner Form Style Union is a modern Indian fashion brand bringing everyday dressing a new sense of ease and confidence. We have 160+ stores across the country that offer a wide range of clothing for women, men, and kids, with styles made for real routines and changing days. We keep fashion practical and style-forward with weekly new launches across categories. Our online store makes shopping simple with smooth navigation, quick delivery, and access to the latest drops in one place. You can explore full collections, check availability, and shop comfortably from anywhere. We follow a transparent pricing model with no discounts or inflated tags. With a growing retail presence across India and a customer-first mindset, we focus on making fashion honest, accessible, and effortless for all.",8909404049757
"Apr 19, 2026 @ 16:00:23.939",45570d7cfa976890dab21bc4bd053eb4,https://styleunion.in/collections/womens-jeans/products/regular-fit-solid-shirt-collar-regular-length-shirt-smss00017?variant=46362676330745,Travelator™ Half Sleeve Shirt – Airdry® – 4 Way Ultra Stretch Fabric,699,699,,Black,S,"Product Details Fabric Type: Polyester (100% Elastomultiester) Weave Type: Knit Pattern: Solid Length: Regular Neck/Collar Type: Shirt Collar Sleeve Type: Half Sleeve Fit: Regular Fit Pockets: Patch Pocket, 1 Description Designed for everyday versatility, the Travelator™ Half Sleeve Shirt combines stretchable knit construction with a clean, solid look. The regular fit and shirt collar maintain a structured appearance, while the fabric allows ease of movement, making it suitable for both work and casual settings. Key Features 4-way ultra stretch fabric Wash & wear construction Zero top stitch finish Saville Row finish Patch pocket design What Makes It Stand Out Supports ease of movement throughout the day Maintains a clean and structured look Easy to maintain for regular use Works across formal and casual occasions Made in India Manufactured and Marketed By:- NEXON OMNIVERSE LIMITED Address: D-202, Synthofine Estate, Off Aarey Road, Behind Virvani Ind.Estate, Goregaon East, Mumbai 400063 Disclaimer Product color may slightly vary due to photographic lighting sources on your monitor setting. Customer Care +91 7304053032 Customer Care Email id – sharewithus@styleunion.in 10:30 am to 6:30 pm from Monday to Friday Legal: compliance@nexonomniverse.com Franchise Enquiry Business Partner Form Style Union is a modern Indian fashion brand bringing everyday dressing a new sense of ease and confidence. We have 160+ stores across the country that offer a wide range of clothing for women, men, and kids, with styles made for real routines and changing days. We keep fashion practical and style-forward with weekly new launches across categories. Our online store makes shopping simple with smooth navigation, quick delivery, and access to the latest drops in one place. You can explore full collections, check availability, and shop comfortably from anywhere. We follow a transparent pricing model with no discounts or inflated tags. With a growing retail presence across India and a customer-first mindset, we focus on making fashion honest, accessible, and effortless for all.",8909001584101
"Apr 19, 2026 @ 16:00:24.366",e7d16df015202d221ff9f9819e5d4312,https://styleunion.in/collections/womens-jeans/products/airess-oversize-solid-t-shirt-atct00004?variant=47184556491001,Airess – Airdry® – Oversized Tee with Superior Drape,499,499,,Beige,XS,"Product Details Fabric Type: 80% Cotton, 20% Polyester Weave Type: Knit Fit: Oversized Neck: Crew Neck Sleeve: Short Sleeve Pattern: Solid Description AIRESS is designed for everyday comfort with a relaxed, oversized silhouette. Made from a cotton-polyester blend, it offers a soft feel with added durability. The breathable fabric helps keep you comfortable through the day, while the drop shoulder and wider neck rib create a laid-back, easy fit. Built for all-day wear, whether you're stepping out or staying in. Key Features Soft cotton blend with a smooth feel Breathable fabric for everyday comfort Oversized fit for a relaxed look Drop shoulder design for ease of movement Durable construction with shape retention What Makes It Stand Out Oversized silhouette with a structured drape Wider neck rib for a distinct look Balanced fabric blend for comfort and durability Easy to style across casual settings Wash & Care Instructions Machine wash at 30°C Wash dark colours separately Do not bleach Tumble dry low Warm iron Do not dry clean Made in India Manufactured and Marketed By:- NEXON OMNIVERSE LIMITED Address: D-202, Synthofine Estate, Off Aarey Road, Behind Virvani Ind.Estate, Goregaon East, Mumbai 400063 Disclaimer Product color may slightly vary due to photographic lighting sources on your monitor setting. Customer Care +91 7304053032 Customer Care Email id – sharewithus@styleunion.in 10:30 am to 6:30 pm from Monday to Friday Legal: compliance@nexonomniverse.com Franchise Enquiry Business Partner Form Style Union is a modern Indian fashion brand bringing everyday dressing a new sense of ease and confidence. We have 160+ stores across the country that offer a wide range of clothing for women, men, and kids, with styles made for real routines and changing days. We keep fashion practical and style-forward with weekly new launches across categories. Our online store makes shopping simple with smooth navigation, quick delivery, and access to the latest drops in one place. You can explore full collections, check availability, and shop comfortably from anywhere. We follow a transparent pricing model with no discounts or inflated tags. With a growing retail presence across India and a customer-first mindset, we focus on making fashion honest, accessible, and effortless for all.",8909404064101
"Apr 19, 2026 @ 16:00:24.494",e799cb6af1d2de6a82ed1674e2270b42,https://styleunion.in/collections/womens-jeans/products/oversize-jacquard-hoodie-uplifter-sweatshirt-pfsws00001?variant=47423828001017,Uplifter – Airdry® – Sleeveless Hoodie with Stretch Training Fit,599,599,,White,XS,"Product Details Fabric Type: 80% Polyester, 20% Spandex Weave Type: Knit Pattern: Solid Length: Regular Length Neck/Collar Type: Hoodie Sleeve Type: Sleeveless Fit: Relaxed Fit Description Built for training and active movement, the Uplifter sleeveless hoodie combines a structured knit fabric with a relaxed fit for ease and flexibility. The sleeveless design allows unrestricted arm movement, while the adjustable hood toggle adds functional detail. Designed to support performance, it maintains a clean and athletic look throughout your workout. Key Features Sleeveless hoodie design Structured fabric construction Adjustable hood toggle Relaxed fit for comfort What Makes It Stand Out Allows free movement during workouts Comfortable for training sessions Lightweight feel for active use Soft touch for everyday wear Wash & Care Instructions Machine wash at 30°C Wash dark colours separately Do not bleach Tumble dry low Warm iron Do not dry clean Do not iron on embellishment Made in India Manufactured and Marketed By:- NEXON OMNIVERSE LIMITED Address: D-202, Synthofine Estate, Off Aarey Road, Behind Virvani Ind.Estate, Goregaon East, Mumbai 400063 Disclaimer Product color may slightly vary due to photographic lighting sources on your monitor setting. Customer Care +91 7304053032 Customer Care Email id – sharewithus@styleunion.in 10:30 am to 6:30 pm from Monday to Friday Legal: compliance@nexonomniverse.com Franchise Enquiry Business Partner Form Style Union is a modern Indian fashion brand bringing everyday dressing a new sense of ease and confidence. We have 160+ stores across the country that offer a wide range of clothing for women, men, and kids, with styles made for real routines and changing days. We keep fashion practical and style-forward with weekly new launches across categories. Our online store makes shopping simple with smooth navigation, quick delivery, and access to the latest drops in one place. You can explore full collections, check availability, and shop comfortably from anywhere. We follow a transparent pricing model with no discounts or inflated tags. With a growing retail presence across India and a customer-first mindset, we focus on making fashion honest, accessible, and effortless for all.",8909404064576
"Apr 19, 2026 @ 16:00:26.190",1ab77817c09d7ad200792655e27781f7,https://styleunion.in/collections/mens-shorts/products/above-knee-air-dry-sprinter-shorts-pfst00003?variant=47330911486201,Sprinter – Airdry® – Running Shorts with Inner Support,699,699,,Balsam,XS,"Product Details Fabric Type: 90% Polyester, 10% Spandex Weave Type: Knit Pattern: Solid Length: Above Knee Fit: Regular Fit Waist Rise: Mid Rise Pockets: Welt Pocket, 2 Description Built for performance-focused movement, the Sprinter Running Shorts are designed to support you through every stride. The lightweight knit construction combined with stretch fabric allows ease of motion, while the inner brief provides added support during runs and high-intensity sessions. Reflective detailing enhances visibility, making it suitable for both day and low-light conditions. Key Features Inner brief for support Reflective details Engineered seam construction Lightweight knit fabric Stretchable for movement What Makes It Stand Out Designed for running and active use Supports movement with built-in compression Helps maintain comfort during extended wear Suitable for training and outdoor runs Wash & Care Instructions Machine wash at 30°C Wash dark colours separately Do not bleach Tumble dry low Warm iron Do not dry clean Do not iron on embellishments Made in India Manufactured and Marketed By:- NEXON OMNIVERSE LIMITED Address: D-202, Synthofine Estate, Off Aarey Road, Behind Virvani Ind.Estate, Goregaon East, Mumbai 400063 Disclaimer Product color may slightly vary due to photographic lighting sourc Customer Care +91 7304053032 Customer Care Email id – sharewithus@styleunion.in 10:30 am to 6:30 pm from Monday to Friday Legal: compliance@nexonomniverse.com Franchise Enquiry Business Partner Form Style Union is a modern Indian fashion brand bringing everyday dressing a new sense of ease and confidence. We have 160+ stores across the country that offer a wide range of clothing for women, men, and kids, with styles made for real routines and changing days. We keep fashion practical and style-forward with weekly new launches across categories. Our online store makes shopping simple with smooth navigation, quick delivery, and access to the latest drops in one place. You can explore full collections, check availability, and shop comfortably from anywhere. We follow a transparent pricing model with no discounts or inflated tags. With a growing retail presence across India and a customer-first mindset, we focus on making fashion honest, accessible, and effortless for all.",8909404049757
"Apr 19, 2026 @ 16:00:26.546",4993752e59ee2fdf281aaacb3fcf6341,https://styleunion.in/collections/mens-shorts/products/solid-mid-rise-aero-shorts-atst00002?variant=47423823905017,Aeroshorts – Airdry® – All Day Comfort Shorts with Relaxed Fit,599,599,,Taupe,XS,"Product Details Fabric Type : 49% Polyester, 46% Modal, 5% Spandex Fit : Relaxed fit Length : Longer inseam Pockets : Patch pocket at back Design Detail : Paneling at front Description Aero shorts are designed with a relaxed fit and longer inseam for ease of movement and all-day comfort. Featuring front paneling for added structure and a patch pocket at the back, these shorts combine functionality with a clean look. Built with a polyester-modal-spandex blend, they offer a soft touch and flexible feel for everyday wear. Key Features Relaxed fit & All-day comfort Longer inseam Paneling at front & Patch pocket at back Quick-dry fabric Breathable & Stretchable Feels soft on touch Superior drape What Makes It Stand Out Aero shorts are built for comfort and ease. The relaxed fit and soft-touch fabric support all-day wear, while the stretchable construction allows flexibility in movement. Wash & Care Instructions Machine wash cold with similar colors Do not bleach Tumble dry low or hang to dry Do not iron directly on trims Do not dry clean Made in India Manufactured and Marketed By:- NEXON OMNIVERSE LIMITED Address: D-202, Synthofine Estate, Off Aarey Road, Behind Virvani Ind.Estate, Goregaon East, Mumbai 400063 Disclaimer Product color may slightly vary due to photographic lighting sources on your monitor setting. Customer Care +91 7304053032 Customer Care Email id – sharewithus@styleunion.in 10:30 am to 6:30 pm from Monday to Friday Legal: compliance@nexonomniverse.com Franchise Enquiry Business Partner Form Style Union is a modern Indian fashion brand bringing everyday dressing a new sense of ease and confidence. We have 160+ stores across the country that offer a wide range of clothing for women, men, and kids, with styles made for real routines and changing days. We keep fashion practical and style-forward with weekly new launches across categories. Our online store makes shopping simple with smooth navigation, quick delivery, and access to the latest drops in one place. You can explore full collections, check availability, and shop comfortably from anywhere. We follow a transparent pricing model with no discounts or inflated tags. With a growing retail presence across India and a customer-first mindset, we focus on making fashion honest, accessible, and effortless for all.",8909404064972
"Apr 19, 2026 @ 16:00:27.001",c0ada9dd2e34259180a9d4ce2dac84f8,https://styleunion.in/collections/womens-jeans/products/solid-mid-rise-aero-shorts-atst00002?variant=47423823905017,Aeroshorts – Airdry® – All Day Comfort Shorts with Relaxed Fit,599,599,,Taupe,XS,"Product Details Fabric Type : 49% Polyester, 46% Modal, 5% Spandex Fit : Relaxed fit Length : Longer inseam Pockets : Patch pocket at back Design Detail : Paneling at front Description Aero shorts are designed with a relaxed fit and longer inseam for ease of movement and all-day comfort. Featuring front paneling for added structure and a patch pocket at the back, these shorts combine functionality with a clean look. Built with a polyester-modal-spandex blend, they offer a soft touch and flexible feel for everyday wear. Key Features Relaxed fit & All-day comfort Longer inseam Paneling at front & Patch pocket at back Quick-dry fabric Breathable & Stretchable Feels soft on touch Superior drape What Makes It Stand Out Aero shorts are built for comfort and ease. The relaxed fit and soft-touch fabric support all-day wear, while the stretchable construction allows flexibility in movement. Wash & Care Instructions Machine wash cold with similar colors Do not bleach Tumble dry low or hang to dry Do not iron directly on trims Do not dry clean Made in India Manufactured and Marketed By:- NEXON OMNIVERSE LIMITED Address: D-202, Synthofine Estate, Off Aarey Road, Behind Virvani Ind.Estate, Goregaon East, Mumbai 400063 Disclaimer Product color may slightly vary due to photographic lighting sources on your monitor setting. Customer Care +91 7304053032 Customer Care Email id – sharewithus@styleunion.in 10:30 am to 6:30 pm from Monday to Friday Legal: compliance@nexonomniverse.com Franchise Enquiry Business Partner Form Style Union is a modern Indian fashion brand bringing everyday dressing a new sense of ease and confidence. We have 160+ stores across the country that offer a wide range of clothing for women, men, and kids, with styles made for real routines and changing days. We keep fashion practical and style-forward with weekly new launches across categories. Our online store makes shopping simple with smooth navigation, quick delivery, and access to the latest drops in one place. You can explore full collections, check availability, and shop comfortably from anywhere. We follow a transparent pricing model with no discounts or inflated tags. With a growing retail presence across India and a customer-first mindset, we focus on making fashion honest, accessible, and effortless for all.",8909404064972
"Apr 19, 2026 @ 16:00:27.194",5c9ecf9a1aca47e0631a06b0b64e9302,https://styleunion.in/collections/womens-jeans/products/travelator-mid-rise-trackpant-airdry-4-way-ultra-stretch-fabric-atlw00004?variant=47566923006201,Travelator™ Pant – Airdry® – 4 Way Ultra Stretch Fabric,1199,1199,,Cement,28,"Product Details Fabric Type: Bionic Polyester Weave type: Knit Pattern: Solid Length: Regular Length Fit: Regular Fit Waist Rise: Mid Rise Pockets: 5 Description Experience next-level comfort with these Airdry Trackpants, engineered for performance, travel, and everyday wear. Crafted using advanced AirDry technology, the fabric ensures rapid moisture evaporation, keeping you cool, dry, and fresh throughout the day. Designed with a lightweight and breathable polyester knit, these trackpants enhance airflow while maintaining a soft, skin-friendly feel. The built-in stretch allows effortless movement, making them ideal for active lifestyles, long travel hours, or all-day wear. The minimal solid design delivers a clean, modern look, while the regular fit provides a balanced silhouette that suits every body type. With its wrinkle-resistant and easy-care properties, this is a true wash-and-wear essential for today’s fast-paced routine. Airdry Technology for fast drying and moisture management Breathable & Lightweight Fabric for all-day freshness 4-Way Stretch Comfort for unrestricted movement Travel-Friendly & Wrinkle-Resistant for easy packing Wash & Wear Convenience for low maintenance Solid Minimal Design for versatile styling Regular Fit for a comfortable and modern silhouette Perfect for travel, workouts, or daily wear, these Airdry trackpants combine performance, style, and convenience in one essential piece. Wash and Care Machine Wash 30°C. Wash Dark Colours Separately. Do Not Bleach. Tumble Dry Low. Warm Iron. Do Not Dry Clean. Do Not Iron On Embellishment. Made in India Manufactured and Marketed By:- NEXON OMNIVERSE LIMITED Address: D-202, Synthofine Estate, Off Aarey Road, Behind Virvani Ind.Estate, Goregaon East, Mumbai 400063 Disclaimer Product color may slightly vary due to photographic lighting sources on your monitor setting. Customer Care +91 7304053032 Customer Care Email id – sharewithus@styleunion.in 10:30 am to 6:30 pm from Monday to Friday Legal: compliance@nexonomniverse.com Franchise Enquiry Business Partner Form Style Union is a modern Indian fashion brand bringing everyday dressing a new sense of ease and confidence. We have 160+ stores across the country that offer a wide range of clothing for women, men, and kids, with styles made for real routines and changing days. We keep fashion practical and style-forward with weekly new launches across categories. Our online store makes shopping simple with smooth navigation, quick delivery, and access to the latest drops in one place. You can explore full collections, check availability, and shop comfortably from anywhere. We follow a transparent pricing model with no discounts or inflated tags. With a growing retail presence across India and a customer-first mindset, we focus on making fashion honest, accessible, and effortless for all.",8909404062589
"Apr 19, 2026 @ 16:00:28.462",27bc57ed552e62100920317d8745b788,https://styleunion.in/collections/mens-shorts/products/printed-air-dry-surfer-shorts-pfst00007?variant=47330913124601,Surfer – Airdry® –Printed Woven Surfer Shorts with Regular Fit,599,599,,Surf Spray,XS,"Product Details Fabric Type: Polyester Weave Type: Woven Pattern: Printed Length: Above Knee Fit: Regular Fit Waist Rise: Mid Rise Pockets: Welt Pocket, 2 Description Designed for relaxed movement and everyday comfort, these surfer shorts feature a lightweight woven construction with a printed design. The above-knee length and regular fit create a balanced silhouette, making them suitable for casual outings and warm-weather wear. Key Features Woven polyester fabric Printed pattern design Above-knee length Mid-rise waist Two welt pockets What Makes It Stand Out Comfortable for extended wear Easy to style for casual looks Functional pocket design Suitable for everyday and outdoor use Wash & Care Instructions Hand wash at 30°C Wash dark colours separately Do not bleach Line dry Cool iron if required Do not dry clean Do not iron on embellishment Made in India Manufactured and Marketed By:- NEXON OMNIVERSE LIMITED Address: D-202, Synthofine Estate, Off Aarey Road, Behind Virvani Ind.Estate, Goregaon East, Mumbai 400063 Disclaimer Product color may slightly vary due to photographic lighting sourc Customer Care +91 7304053032 Customer Care Email id – sharewithus@styleunion.in 10:30 am to 6:30 pm from Monday to Friday Legal: compliance@nexonomniverse.com Franchise Enquiry Business Partner Form Style Union is a modern Indian fashion brand bringing everyday dressing a new sense of ease and confidence. We have 160+ stores across the country that offer a wide range of clothing for women, men, and kids, with styles made for real routines and changing days. We keep fashion practical and style-forward with weekly new launches across categories. Our online store makes shopping simple with smooth navigation, quick delivery, and access to the latest drops in one place. You can explore full collections, check availability, and shop comfortably from anywhere. We follow a transparent pricing model with no discounts or inflated tags. With a growing retail presence across India and a customer-first mindset, we focus on making fashion honest, accessible, and effortless for all.",8909404069311
"Apr 19, 2026 @ 16:00:28.988",17a212f50c419841ed463805b74fc3e1,https://styleunion.in/collections/mens-shorts/products/regular-fit-solid-above-knee-mid-rise-shorts-smst00005?variant=46362677510393,Fluidx© Shorts Knitted - Stretch and Super Comfort,899,899,,Dark Night,28,"Product Details Fabric Type: 100% Polyester Weave Type: Knit Pattern: Solid Length: Above Knee Waist Rise: Mid Rise Pockets: Cross Pocket, Box Pocket, 5 Description Step into a world of comfort and style with our Above Knee Fluidx Weekenders Mid Rise Shorts. Crafted from 100% polyester, these shorts offer a perfect blend of durability and softness, making them ideal for both relaxation and activity. Whether you're lounging at home or heading out for a casual day, these shorts are your go-to choice for effortless style. Durable Fabric: The 100% polyester knit ensures long-lasting wear, so you can enjoy these shorts season after season. Solid Pattern: A versatile solid design that pairs easily with any top, giving you endless styling options. Mid Rise Comfort: The mid-rise waist provides a comfortable fit that stays in place, perfect for all-day wear. Ample Pockets: With cross and box pockets, you have plenty of space to keep your essentials close at hand. Imagine yourself wearing these shorts on a sunny weekend getaway or a casual stroll in the park. Their relaxed fit ensures you move with ease, while the modern design keeps you looking sharp. Wash and Care Hand Wash 30, Gentle Cycle, Do Not Bleach, Do Not Tumble Dry, Cool Iron, Do Not Dry Clean, Wash Similar Colours Together Made in India Manufactured and Marketed By:- NEXON OMNIVERSE LIMITED Address: D-202, Synthofine Estate, Off Aarey Road, Behind Virvani Ind.Estate, Goregaon East, Mumbai 400063 Disclaimer Product color may slightly vary due to photographic lighting sources on your monitor setting. Customer Care +91 7304053032 Customer Care Email id – sharewithus@styleunion.in 10:30 am to 6:30 pm from Monday to Friday Legal: compliance@nexonomniverse.com Franchise Enquiry Business Partner Form Style Union is a modern Indian fashion brand bringing everyday dressing a new sense of ease and confidence. We have 160+ stores across the country that offer a wide range of clothing for women, men, and kids, with styles made for real routines and changing days. We keep fashion practical and style-forward with weekly new launches across categories. Our online store makes shopping simple with smooth navigation, quick delivery, and access to the latest drops in one place. You can explore full collections, check availability, and shop comfortably from anywhere. We follow a transparent pricing model with no discounts or inflated tags. With a growing retail presence across India and a customer-first mindset, we focus on making fashion honest, accessible, and effortless for all.",8909001502341
"Apr 19, 2026 @ 16:00:29.460",808a2d5d4e25142684f9fe0878d178f8,https://styleunion.in/collections/mens-shorts/products/structured-shorts-stbtm00015?variant=47130932576505,Structured Shorts,499,499,,Dewkist,XS,"Product Details Fabric Type: Cotton Polyester (52% Cotton, 48% Polyester) Weave Type: Knit Pattern: Structured Length: Regular Length Fit: Regular Fit Waist Rise: Mid Rise Pockets: Cross Pocket, Patch Pocket Description Experience the perfect blend of comfort and style with our Structured Knit Shorts. Designed for the modern man, these shorts offer a versatile look that seamlessly transitions from casual outings to relaxed evenings at home. The structured pattern adds a touch of sophistication, while the knit weave ensures a soft, breathable feel. Comfortable Fabric: The cotton-polyester blend provides a soft touch against the skin, ensuring all-day comfort. Structured Pattern: Adds a stylish edge to your outfit, making these shorts suitable for various occasions. Mid Rise Waist: Offers a flattering fit that sits comfortably on the hips. Functional Pockets: Equipped with cross and patch pockets to keep your essentials close at hand. Whether you're heading to a casual brunch or lounging at home, these shorts are your go-to choice for effortless style and comfort. Wash and Care Machine Wash 40°C. Wash Dark Colors Separately. Do Not Bleach. Tumble Dry Low. Warm Iron. Do Not Dryclean. Made in India Manufactured and Marketed By:- NEXON OMNIVERSE LIMITED Address: D-202, Synthofine Estate, Off Aarey Road, Behind Virvani Ind.Estate, Goregaon East, Mumbai 400063 Disclaimer Product color may slightly vary due to photographic lighting sourc Customer Care +91 7304053032 Customer Care Email id – sharewithus@styleunion.in 10:30 am to 6:30 pm from Monday to Friday Legal: compliance@nexonomniverse.com Franchise Enquiry Business Partner Form Style Union is a modern Indian fashion brand bringing everyday dressing a new sense of ease and confidence. We have 160+ stores across the country that offer a wide range of clothing for women, men, and kids, with styles made for real routines and changing days. We keep fashion practical and style-forward with weekly new launches across categories. Our online store makes shopping simple with smooth navigation, quick delivery, and access to the latest drops in one place. You can explore full collections, check availability, and shop comfortably from anywhere. We follow a transparent pricing model with no discounts or inflated tags. With a growing retail presence across India and a customer-first mindset, we focus on making fashion honest, accessible, and effortless for all.",8909404030540
"Apr 19, 2026 @ 16:00:29.598",d7b49cd954ad11d9312a06903e0dc849,https://styleunion.in/collections/mens-shorts/products/relaxed-fit-trendy-yarn-dyed-textured-pull-on-shorts-smst00011?variant=46491951399161,Relaxed Fit Trendy Yarn Dyed Textured Pull-On Shorts,599,599,,White Cap Grey,XS,"Product Details Fabric Type: 56% Polyester 34% Cotton 10% Viscose Weave Type: Woven Pattern: Solid Length: Above Knee Fit: Regular Fit Waist Rise: Mid Rise Pockets: Cross Pocket, Box Pocket, 5 Description Experience the ultimate in comfort and style with our Relaxed Fit Trendy Yarn Dyed Textured Pull-On Shorts. Crafted from 56% Polyester 34% Cotton 10% Viscose, these shorts offer a soft, breathable feel that keeps you cool and comfortable all day long. The solid pattern and above-knee length provide a versatile look that can be dressed up or down, making them perfect for any occasion. Whether you're lounging at home or out for a casual day, these shorts are your go-to choice for effortless style. 56% Polyester 34% Cotton 10% Viscose: Enjoy the natural softness and breathability of Polyester Cotton Viscose, ensuring comfort in every wear. Woven Texture: Adds a touch of sophistication and durability, making these shorts a lasting addition to your wardrobe. Mid Rise Waist: Offers a comfortable fit that sits just right, providing ease of movement and a flattering silhouette. Multiple Pockets: Keep your essentials handy with cross and box pockets, perfect for on-the-go convenience. These shorts are ideal for warm weather outings, beach trips, or simply relaxing at home. Pair them with your favorite tee or a casual shirt for a laid-back yet stylish look. Wash and Care Machine Wash 40°C. Wash Dark Colours Separately. Do Not Bleach. Tumble Dry Low. Warm Iron. Do Not Dryclean. Made in India Manufactured and Marketed By:- NEXON OMNIVERSE LIMITED Address: D-202, Synthofine Estate, Off Aarey Road, Behind Virvani Ind.Estate, Goregaon East, Mumbai 400063 Disclaimer Product color may slightly vary due to photographic lighting sources on your monitor setting. Customer Care +91 7304053032 Customer Care Email id – sharewithus@styleunion.in 10:30 am to 6:30 pm from Monday to Friday Legal: compliance@nexonomniverse.com Franchise Enquiry Business Partner Form Style Union is a modern Indian fashion brand bringing everyday dressing a new sense of ease and confidence. We have 160+ stores across the country that offer a wide range of clothing for women, men, and kids, with styles made for real routines and changing days. We keep fashion practical and style-forward with weekly new launches across categories. Our online store makes shopping simple with smooth navigation, quick delivery, and access to the latest drops in one place. You can explore full collections, check availability, and shop comfortably from anywhere. We follow a transparent pricing model with no discounts or inflated tags. With a growing retail presence across India and a customer-first mindset, we focus on making fashion honest, accessible, and effortless for all.",8909001766798
"Apr 19, 2026 @ 16:00:30.895",ed2242d707cfab16733800b0b029dba0,https://styleunion.in/collections/mens-shorts/products/knitted-solid-flexi-shorts-esst00003?variant=47535157870841,Knitted Solid Flexi Shorts,499,499,,Croc Green,XS,"Product Details Fabric Type: Cotton Polyester (75% Cotton, 25% Polyester) Weave type: Knit Pattern: Solid Length: Knee Length Fit: Regular Fit Waist Rise: Mid Rise Pockets: Welt Pocket, Patch Pocket, 1, 2 Description Crafted from soft cotton-polyester blend, these knitted solid flexi shorts offer superior comfort and a stylish knee-length design. Enjoy the regular fit that flatters your silhouette. Fabric & Comfort: The breathable cotton-polyester blend ensures all-day comfort and a soft touch against the skin. Design & Pattern: A timeless solid pattern adds versatility, making it easy to pair with various tops. Fit & Silhouette: The regular fit is designed to complement your shape, providing ease of movement. Durability & Quality: High-quality construction guarantees long-lasting wear, perfect for everyday use. Wash and Care Machine Wash 40°C. Wash Dark Colours Separately. Do Not Bleach. Tumble Dry Low. Warm Iron. Do Not Dryclean Made in India Manufactured and Marketed By:- NEXON OMNIVERSE LIMITED Address: D-202, Synthofine Estate, Off Aarey Road, Behind Virvani Ind.Estate, Goregaon East, Mumbai 400063 Disclaimer Product color may slightly vary due to photographic lighting sources on your monitor setting. Customer Care +91 7304053032 Customer Care Email id – sharewithus@styleunion.in 10:30 am to 6:30 pm from Monday to Friday Legal: compliance@nexonomniverse.com Franchise Enquiry Business Partner Form Style Union is a modern Indian fashion brand bringing everyday dressing a new sense of ease and confidence. We have 160+ stores across the country that offer a wide range of clothing for women, men, and kids, with styles made for real routines and changing days. We keep fashion practical and style-forward with weekly new launches across categories. Our online store makes shopping simple with smooth navigation, quick delivery, and access to the latest drops in one place. You can explore full collections, check availability, and shop comfortably from anywhere. We follow a transparent pricing model with no discounts or inflated tags. With a growing retail presence across India and a customer-first mindset, we focus on making fashion honest, accessible, and effortless for all.",8909404008198
"Apr 19, 2026 @ 16:00:31.248",10f608576e057fca147bc0b0d5a1c405,https://styleunion.in/collections/mens-shorts/products/above-knee-mood-shorts-smst00014?variant=46491951628537,Above Knee Mood Shorts,599,599,,Cream,XS,"Product Details Fabric Type: 58% Polyester 42% Cotton Weave Type: Woven Pattern: Solid Length: Above Knee Fit: Regular Fit Waist Rise: Mid Rise Pockets: Cross Pocket, Box Pocket, 5 Description Experience the ultimate in comfort and style with our Above Knee Mood Shorts. Crafted from 58% Polyester 42% Cotton, these shorts offer a soft and breathable feel, perfect for any casual outing. The solid pattern and woven texture provide a classic look that never goes out of style. 58% Polyester 42% Cotton: Enjoy the natural comfort and breathability of polyester cotton, keeping you cool and comfortable all day long. Woven Texture: Adds a touch of sophistication and durability, ensuring these shorts are a staple in your wardrobe for years to come. Mid Rise Waist: Offers a comfortable fit that sits just right, providing ease of movement and a flattering silhouette. Multiple Pockets: Keep your essentials close at hand with convenient cross and box pockets, perfect for on-the-go lifestyles. Perfect for a day at the beach, a casual stroll in the park, or a relaxed weekend at home, these shorts are your go-to choice for effortless style and comfort. Wash and Care Machine Wash 40°C. Wash Dark Colours Separately. Do Not Bleach. Tumble Dry Low. Warm Iron. Do Not Dryclean. Made in India Manufactured and Marketed By:- NEXON OMNIVERSE LIMITED Address: D-202, Synthofine Estate, Off Aarey Road, Behind Virvani Ind.Estate, Goregaon East, Mumbai 400063 Disclaimer Product color may slightly vary due to photographic lighting sources on your monitor setting. Customer Care +91 7304053032 Customer Care Email id – sharewithus@styleunion.in 10:30 am to 6:30 pm from Monday to Friday Legal: compliance@nexonomniverse.com Franchise Enquiry Business Partner Form Style Union is a modern Indian fashion brand bringing everyday dressing a new sense of ease and confidence. We have 160+ stores across the country that offer a wide range of clothing for women, men, and kids, with styles made for real routines and changing days. We keep fashion practical and style-forward with weekly new launches across categories. Our online store makes shopping simple with smooth navigation, quick delivery, and access to the latest drops in one place. You can explore full collections, check availability, and shop comfortably from anywhere. We follow a transparent pricing model with no discounts or inflated tags. With a growing retail presence across India and a customer-first mindset, we focus on making fashion honest, accessible, and effortless for all.",8909001772911
"Apr 19, 2026 @ 16:00:32.023",5c468c2064a1fcbd5a05305a1aa5f5b5,https://styleunion.in/collections/mens-shorts/products/solid-running-shorts-pfst00002?variant=47058344476921,Running Shorts 26 – Airdry® – Welt Pocket Design,599,599,,Flex,XS,"Product Details Fabric Type: 98% Polyester, 2% Spandex Weave Type: Knit Pattern: Solid Length: Above Knee Fit: Regular Fit Waist Rise: Mid Rise Pockets: Welt Pocket, 2 Description Designed for everyday activity, these solid running shorts combine comfort with a functional design. The lightweight knit fabric supports ease of movement, while the regular fit ensures a relaxed feel during workouts or casual wear. With a clean solid look and practical construction, they are suited for both active and everyday use. Key Features Lightweight fabric for comfortable movement Regular fit for ease of wear Two welt pockets for storage Above-knee length for active use Mid-rise waistband for a stable fit What Makes It Stand Out Keeps you comfortable during workouts or daily wear Allows free movement throughout the day Offers convenient storage for essentials Works well for both training and casual use Easy to style with different outfits Wash & Care Instructions Hand wash at 30°C Wash dark colours separately Do not bleach Line dry Cool iron if needed Do not dry clean Do not iron on embellishments Made in India Manufactured and Marketed By:- NEXON OMNIVERSE LIMITED Address: D-202, Synthofine Estate, Off Aarey Road, Behind Virvani Ind.Estate, Goregaon East, Mumbai 400063 Disclaimer Product color may slightly vary due to photographic lighting sourc Customer Care +91 7304053032 Customer Care Email id – sharewithus@styleunion.in 10:30 am to 6:30 pm from Monday to Friday Legal: compliance@nexonomniverse.com Franchise Enquiry Business Partner Form Style Union is a modern Indian fashion brand bringing everyday dressing a new sense of ease and confidence. We have 160+ stores across the country that offer a wide range of clothing for women, men, and kids, with styles made for real routines and changing days. We keep fashion practical and style-forward with weekly new launches across categories. Our online store makes shopping simple with smooth navigation, quick delivery, and access to the latest drops in one place. You can explore full collections, check availability, and shop comfortably from anywhere. We follow a transparent pricing model with no discounts or inflated tags. With a growing retail presence across India and a customer-first mindset, we focus on making fashion honest, accessible, and effortless for all.",8909404034128
"Apr 19, 2026 @ 16:00:32.208",aa5357207f7972d5cbfb7603c51d67a2,https://styleunion.in/collections/mens-shorts/products/solid-walk-shorts-smst00003?variant=46284633899257,Walk Shortsᵉˣ 100% Cotton With Easy Waistband And Secure Mobile Pocket,699,699,,Blue Fusion,34,"Product Details Fabric type: Fine Cotton Weave type: Woven Pattern: Solid Length: Above Knee Length Theme: Modern Home Style: Walk Shorts Fit Type: Regular Fit Rise Style: Mid Rise Pockets: Cross Pocket & With Secure Zip Pocket, Box Pocket, 5 Description Breathable cotton shorts with a classic solid pattern and knee-length fit. Comfortable, versatile, and easy to maintain. Essential : These casual shorts offer unbeatable comfort and ease of movement, ideal for any days. Natural Cotton Fabric : Made from breathable cotton, ensuring comfort in a variety of climates for everyday wear. Timeless Solid Pattern : Featuring a solid pattern, these shorts are versatile and perfect for simple, classic outfits. Knee-Length Fit : Designed to reach the knee, providing a balanced, modest look suitable for any occasion. Durable & Machine Wash 40°C. Wash Dark Colours Separately. Do Not Bleach. Tumble Dry Low. Warm Iron. Do Not Dry Cleanable : Built for convenience, these shorts are easy to care for, ensuring long-lasting durability with regular Machine Wash 40°C. Wash Dark Colours Separately. Do Not Bleach. Tumble Dry Low. Warm Iron. Do Not Dry Cleaning. Wash and Care Machine Wash 40°C. Wash Dark Colours Separately. Do Not Bleach. Tumble Dry Low. Warm Iron. Do Not Dry Clean Made in India Manufactured and Marketed By:- NEXON OMNIVERSE LIMITED Address: D-202, Synthofine Estate, Off Aarey Road, Behind Virvani Ind.Estate, Goregaon East, Mumbai 400063 Disclaimer Product color may slightly vary due to photographic lighting sources on your monitor setting. Customer Care +91 7304053032 Customer Care Email id – sharewithus@styleunion.in 10:30 am to 6:30 pm from Monday to Friday Legal: compliance@nexonomniverse.com Franchise Enquiry Business Partner Form Style Union is a modern Indian fashion brand bringing everyday dressing a new sense of ease and confidence. We have 160+ stores across the country that offer a wide range of clothing for women, men, and kids, with styles made for real routines and changing days. We keep fashion practical and style-forward with weekly new launches across categories. Our online store makes shopping simple with smooth navigation, quick delivery, and access to the latest drops in one place. You can explore full collections, check availability, and shop comfortably from anywhere. We follow a transparent pricing model with no discounts or inflated tags. With a growing retail presence across India and a customer-first mindset, we focus on making fashion honest, accessible, and effortless for all.",8909001432921
"Apr 19, 2026 @ 16:00:33.362",d810ffac5d2f4170e1b8acde4c4a4858,https://styleunion.in/collections/mens-shorts/products/above-knee-structured-cropped-bermuda-structured-shorts-stbtm00007?variant=46438103744761,"Cropped Bermuda Structured Uniset Shorts, Elasticated Waistband With DraWstring",299,299,,Nutshell,M,"Product Details Fabric Type: Cotton Polyester Spandex (53% Cotton, 44% Polyester, 3% Spandex) Weave Type: Knit Pattern: Structured Length: Above Knee Style: Unisets Fit: Regular Fit Waist Rise: Mid Rise Pockets: Cross Pocket, Patch Pocket Description Discover the perfect blend of comfort and style with our Above Knee Structured Cropped Bermuda Shorts. Crafted from a premium blend of cotton, polyester, and spandex, these shorts offer a soft touch and flexible fit that moves with you. The structured pattern adds a touch of sophistication, making them versatile for both casual outings and more polished occasions. Comfortable Fabric: The cotton-polyester-spandex blend ensures a soft, breathable feel, keeping you comfortable all day long. Structured Design: The structured pattern provides a modern and sleek look, perfect for elevating your everyday style. Functional Pockets: Equipped with cross and patch pockets, these shorts offer practicality without compromising on style. Versatile Length: The above-knee length is ideal for warm weather, offering a relaxed yet stylish appearance. Whether you're heading to a casual brunch or a day at the beach, these shorts are your go-to choice for effortless style and comfort. Wash and Care Machine Wash 40°C. Wash Dark Colours Separately. Do Not Bleach. Tumble Dry Low. Warm Iron. Do Not Dryclean. Made in India Manufactured and Marketed By:- NEXON OMNIVERSE LIMITED Address: D-202, Synthofine Estate, Off Aarey Road, Behind Virvani Ind.Estate, Goregaon East, Mumbai 400063 Disclaimer Product color may slightly vary due to photographic lighting sources on your monitor setting. Customer Care +91 7304053032 Customer Care Email id – sharewithus@styleunion.in 10:30 am to 6:30 pm from Monday to Friday Legal: compliance@nexonomniverse.com Franchise Enquiry Business Partner Form Style Union is a modern Indian fashion brand bringing everyday dressing a new sense of ease and confidence. We have 160+ stores across the country that offer a wide range of clothing for women, men, and kids, with styles made for real routines and changing days. We keep fashion practical and style-forward with weekly new launches across categories. Our online store makes shopping simple with smooth navigation, quick delivery, and access to the latest drops in one place. You can explore full collections, check availability, and shop comfortably from anywhere. We follow a transparent pricing model with no discounts or inflated tags. With a growing retail presence across India and a customer-first mindset, we focus on making fashion honest, accessible, and effortless for all.",8909001674116
"Apr 19, 2026 @ 16:00:33.980",42efa43042d5141f3d0bbb958746bec2,https://styleunion.in/collections/mens-shorts/products/solid-knee-length-active-shorts-smst00004?variant=46284355731705,Varsity Activeᵉˣ Shorts - Cotton Chino With E-fast® Stretch - Knee Length With Active Waist,799,799,,Mermaid,32,"Product Details Fabric Type: 96 % Cotton 4% Elastane Weave Type: Woven Pattern: Solid Length: Knee Length Fit: Regular Fit Waist Rise: Mid Rise Pockets: Cross Pocket, Box Pocket, 5 Description Experience the perfect blend of comfort and style with our Varsity Active Shorts. Crafted from 96 % Cotton 4% Elastane, these shorts offer a breathable and soft touch against your skin, making them ideal for all-day wear. The solid pattern and knee-length design provide a versatile look that can easily transition from a casual day out to an active session at the gym. Breathable Fabric: The 96 % Cotton 4% Elastane composition ensures maximum comfort and breathability, keeping you cool and dry. Active Waist: Designed for flexibility and ease of movement, perfect for any activity. Multiple Pockets: Equipped with cross and box pockets, offering ample space for your essentials. Whether you're heading out for a casual day or engaging in an active workout, these shorts are your go-to choice. The mid-rise waist provides a comfortable fit, while the woven fabric adds durability and a touch of sophistication to your wardrobe. Wash and Care Machine Wash 40°C. Wash Dark Colours Separately. Do Not Bleach. Tumble Dry Low. Warm Iron. Do Not Dryclean. Made in India Manufactured and Marketed By:- NEXON OMNIVERSE LIMITED Address: D-202, Synthofine Estate, Off Aarey Road, Behind Virvani Ind.Estate, Goregaon East, Mumbai 400063 Disclaimer Product color may slightly vary due to photographic lighting sources on your monitor setting. Customer Care +91 7304053032 Customer Care Email id – sharewithus@styleunion.in 10:30 am to 6:30 pm from Monday to Friday Legal: compliance@nexonomniverse.com Franchise Enquiry Business Partner Form Style Union is a modern Indian fashion brand bringing everyday dressing a new sense of ease and confidence. We have 160+ stores across the country that offer a wide range of clothing for women, men, and kids, with styles made for real routines and changing days. We keep fashion practical and style-forward with weekly new launches across categories. Our online store makes shopping simple with smooth navigation, quick delivery, and access to the latest drops in one place. You can explore full collections, check availability, and shop comfortably from anywhere. We follow a transparent pricing model with no discounts or inflated tags. With a growing retail presence across India and a customer-first mindset, we focus on making fashion honest, accessible, and effortless for all.",8909001460603
"Apr 19, 2026 @ 16:00:34.443",85549a2d388e239575e23f5e3cd8d1f4,https://styleunion.in/collections/mens-shorts/products/regular-fit-solid-knee-length-mid-rise-shorts-exst00012?variant=46416351658233,Cotton Heavy Duty Regular Fit Shorts With Stitch Details,999,999,,Desert Taupe,34,"Product Details Fabric Type: 100% Cotton Weave Type: Woven Pattern: Solid Length: Knee Length Fit: Regular Fit Waist Rise: Mid Rise Pockets: Cross Pocket, Box Pocket, 5 Description Discover the perfect blend of comfort and durability with our Cotton Heavy Duty Regular Fit Shorts. Crafted from 100% cotton, these shorts offer a soft touch against your skin while ensuring long-lasting wear. The solid pattern and knee-length design make them versatile for any casual outing or adventure. Whether you're heading to the beach or enjoying a weekend barbecue, these shorts are your go-to choice for effortless style and comfort. 100% Cotton: Enjoy the natural breathability and softness of pure cotton, keeping you cool and comfortable all day long. Woven Fabric: Provides a sturdy and durable structure, perfect for active lifestyles. Solid Pattern: Offers a classic and timeless look that pairs well with any top. Mid Rise Waist: Ensures a comfortable fit that sits naturally at the waist. Multiple Pockets: Keep your essentials handy with cross and box pockets, ideal for on-the-go convenience. Wash and Care Hand Wash 30°C. Do Not Bleach. Wash Separately. Hang Dry In Shade. Hot Iron. Do Not Dry Clean. Do Not Iron On Embellishment. This Garment Has Tendency To Fade. Made in India Manufactured and Marketed By:- NEXON OMNIVERSE LIMITED Address: D-202, Synthofine Estate, Off Aarey Road, Behind Virvani Ind.Estate, Goregaon East, Mumbai 400063 Disclaimer Product color may slightly vary due to photographic lighting sources on your monitor setting. Customer Care +91 7304053032 Customer Care Email id – sharewithus@styleunion.in 10:30 am to 6:30 pm from Monday to Friday Legal: compliance@nexonomniverse.com Franchise Enquiry Business Partner Form Style Union is a modern Indian fashion brand bringing everyday dressing a new sense of ease and confidence. We have 160+ stores across the country that offer a wide range of clothing for women, men, and kids, with styles made for real routines and changing days. We keep fashion practical and style-forward with weekly new launches across categories. Our online store makes shopping simple with smooth navigation, quick delivery, and access to the latest drops in one place. You can explore full collections, check availability, and shop comfortably from anywhere. We follow a transparent pricing model with no discounts or inflated tags. With a growing retail presence across India and a customer-first mindset, we focus on making fashion honest, accessible, and effortless for all.",8909001704240
"Apr 19, 2026 @ 16:00:34.743",028787bfdb7be388cf0435f4de908660,https://styleunion.in/collections/mens-shorts/products/regular-fit-solid-short-length-mid-rise-shorts-udsht00001?variant=46298859340025,Solid Short Length Mid Rise Shorts,799,799,,Black,32,"Product Details Fabric Type: Cotton Spandex (98% Cotton, 2% Spandex) Weave Type: Woven Pattern: Solid Length: Short Length Waist Rise: Mid Rise Pockets: 5 Description Experience the perfect blend of comfort and style with our Solid Short Length Origin Mid Rise Shorts. Crafted from a premium Cotton Spandex blend, these shorts offer a soft touch and a hint of stretch, ensuring you stay comfortable all day long. Whether you're lounging at home or out for a casual day, these shorts are your go-to choice for effortless style. Comfortable Fabric: The Cotton Spandex blend provides a soft, breathable feel with just the right amount of stretch, keeping you comfortable in any activity. Versatile Design: The solid pattern and short length make these shorts perfect for a variety of occasions, from casual outings to relaxed weekends. Practical Pockets: Equipped with 5 pockets, these shorts offer ample space for your essentials, making them as functional as they are stylish. Mid Rise Fit: The mid-rise design ensures a secure and comfortable fit, sitting perfectly on your waist. Embrace the ease of these shorts, ideal for pairing with your favorite t-shirt or casual shirt, and step out with confidence and style. Wash and Care Machine Wash 40°C. Wash Dark Colours Separately. Do Not Bleach. Tumble Dry Low. Warm Iron. Do Not Dry Clean. Do Not Iron On Embellishment. Made in India Manufactured and Marketed By:- NEXON OMNIVERSE LIMITED Address: D-202, Synthofine Estate, Off Aarey Road, Behind Virvani Ind.Estate, Goregaon East, Mumbai 400063 Disclaimer Product color may slightly vary due to photographic lighting sources on your monitor setting. Customer Care +91 7304053032 Customer Care Email id – sharewithus@styleunion.in 10:30 am to 6:30 pm from Monday to Friday Legal: compliance@nexonomniverse.com Franchise Enquiry Business Partner Form Style Union is a modern Indian fashion brand bringing everyday dressing a new sense of ease and confidence. We have 160+ stores across the country that offer a wide range of clothing for women, men, and kids, with styles made for real routines and changing days. We keep fashion practical and style-forward with weekly new launches across categories. Our online store makes shopping simple with smooth navigation, quick delivery, and access to the latest drops in one place. You can explore full collections, check availability, and shop comfortably from anywhere. We follow a transparent pricing model with no discounts or inflated tags. With a growing retail presence across India and a customer-first mindset, we focus on making fashion honest, accessible, and effortless for all.",8909001646687
"Apr 19, 2026 @ 16:00:35.680",03babd92a4d848c0aeded950f72ffb45,https://styleunion.in/collections/mens-shorts/products/cotton-solid-expedition-shorts-exst00014?variant=48263862321401,Cotton Solid Expedition Shorts,899,899,,Desert Taupe,28,"Product Details Fabric Type: Cotton Weave type: Woven Pattern: Solid Length: Knee Length Fit: Regular Fit Waist Rise: Mid Rise Pockets: Cross Pocket, Box Pocket, 5 Description These Cotton Solid Expedition Shorts offer a comfortable fit with a breathable woven fabric. The regular fit and knee length design ensure a stylish look for any casual outing. Fabric & Comfort: Explain the fabric feel, breathability and everyday comfort. Design & Pattern: Describe the pattern or design style of the garment. Fit & Silhouette: Highlight how the fit complements the body shape. Durability & Quality: Emphasize the garment’s quality construction and long-lasting wear. Wash and Care Hand Wash 30°C. Do Not Bleach. Wash Separately. Hang Dry In Shade. Hot Iron. Do Not Dry Clean. Do Not Iron On Embellishment. This Garment Have Tendency To Fade. Made in India Manufactured and Marketed By:- NEXON OMNIVERSE LIMITED Address: D-202, Synthofine Estate, Off Aarey Road, Behind Virvani Ind.Estate, Goregaon East, Mumbai 400063 Disclaimer Product color may slightly vary due to photographic lighting sources on your monitor setting. Customer Care +91 7304053032 Customer Care Email id – sharewithus@styleunion.in 10:30 am to 6:30 pm from Monday to Friday Legal: compliance@nexonomniverse.com Franchise Enquiry Business Partner Form Style Union is a modern Indian fashion brand bringing everyday dressing a new sense of ease and confidence. We have 160+ stores across the country that offer a wide range of clothing for women, men, and kids, with styles made for real routines and changing days. We keep fashion practical and style-forward with weekly new launches across categories. Our online store makes shopping simple with smooth navigation, quick delivery, and access to the latest drops in one place. You can explore full collections, check availability, and shop comfortably from anywhere. We follow a transparent pricing model with no discounts or inflated tags. With a growing retail presence across India and a customer-first mindset, we focus on making fashion honest, accessible, and effortless for all.",8909404070195
"Apr 19, 2026 @ 16:00:36.715",a9f91772d37592bb86c813402b244d9d,https://styleunion.in/collections/mens-shorts/products/woven-straight-fit-denim-shorts-udsht00003?variant=47484221915385,Woven Straight Fit Denim Shorts,999,999,,Grey,28,"Product Details Fabric Type: Cotton Weave type: Woven Pattern: Solid Length: Below Knee Fit: Straight Fit Waist Rise: Mid Rise Pockets: 5 Description These Woven Straight Fit Denim jorts are crafted from high-quality cotton, ensuring breathability and comfort for everyday wear. The solid pattern gives a clean and sophisticated look, making them a versatile addition to any wardrobe. With a straight fit silhouette and below-knee length, these shorts flatter the body while providing ease of movement. Perfect for pairing with casual tees or stylish button-ups, these shorts are an essential choice for warm-weather outings. Experience the softness and comfort of premium cotton, designed for all-day wear. The solid design enhances versatility, allowing for easy styling with various tops. The straight fit complements different body types, providing a timeless look. Pair them effortlessly with jeans, trousers, or casual wear for a polished ensemble. Style them with a crisp white shirt for a fresh summer look. Wash and Care Machine wash at 40°C. Wash dark colours Made in India Manufactured and Marketed By:- NEXON OMNIVERSE LIMITED Address: D-202, Synthofine Estate, Off Aarey Road, Behind Virvani Ind.Estate, Goregaon East, Mumbai 400063 Disclaimer Product color may slightly vary due to photographic lighting sources on your monitor setting. Customer Care +91 7304053032 Customer Care Email id – sharewithus@styleunion.in 10:30 am to 6:30 pm from Monday to Friday Legal: compliance@nexonomniverse.com Franchise Enquiry Business Partner Form Style Union is a modern Indian fashion brand bringing everyday dressing a new sense of ease and confidence. We have 160+ stores across the country that offer a wide range of clothing for women, men, and kids, with styles made for real routines and changing days. We keep fashion practical and style-forward with weekly new launches across categories. Our online store makes shopping simple with smooth navigation, quick delivery, and access to the latest drops in one place. You can explore full collections, check availability, and shop comfortably from anywhere. We follow a transparent pricing model with no discounts or inflated tags. With a growing retail presence across India and a customer-first mindset, we focus on making fashion honest, accessible, and effortless for all.",8909404071987
"Apr 19, 2026 @ 16:00:37.116",00dc422d597cc39e11fc521cdd9245a4,https://styleunion.in/collections/mens-shorts/products/regular-fit-solid-mid-rise-shorts-mesh00002?variant=46285750567161,Flex Shortsᵉˣ - Looper Knit - Exclusive Fabric Comfortable Wear-Made For Movement,499,499,,Tap Shoe,XS,"Product Details Fabric Type: Cotton Polyester (75% Cotton, 25% Polyester) Weave Type: Knit Pattern: Solid Length: Knee Length Fit: Regular Fit Waist Rise: Mid Rise Pockets: Welt Pocket, Patch Pocket, 1, 2 Description Experience the perfect blend of comfort and style with our Cotton Polyester Knit Shorts. Designed for versatility, these shorts are your go-to choice for any casual outing or relaxed day at home. The soft knit fabric ensures a cozy feel, while the solid pattern offers a timeless look. Comfortable Fabric: The blend of 75% cotton and 25% polyester provides a soft, breathable experience, keeping you cool and comfortable throughout the day. Versatile Style: The solid pattern and knee-length design make these shorts suitable for a variety of occasions, from lounging at home to casual outings. Functional Pockets: Equipped with welt and patch pockets, these shorts offer ample storage for your essentials, ensuring convenience on the go. Mid Rise Waist: The mid-rise waist offers a comfortable fit that sits naturally on your hips, providing ease of movement. Whether you're heading to the beach, running errands, or simply enjoying a lazy day, these shorts are the perfect addition to your wardrobe. Wash and Care Machine Wash 40°C Wash Dark Colours Separately Do Not Bleach Tumble Dry Low Warm Iron Do Not Dryclean Made in India Manufactured and Marketed By:- NEXON OMNIVERSE LIMITED Address: D-202, Synthofine Estate, Off Aarey Road, Behind Virvani Ind.Estate, Goregaon East, Mumbai 400063 Disclaimer Product color may slightly vary due to photographic lighting sources on your monitor setting. Customer Care +91 7304053032 Customer Care Email id – sharewithus@styleunion.in 10:30 am to 6:30 pm from Monday to Friday Legal: compliance@nexonomniverse.com Franchise Enquiry Business Partner Form Style Union is a modern Indian fashion brand bringing everyday dressing a new sense of ease and confidence. We have 160+ stores across the country that offer a wide range of clothing for women, men, and kids, with styles made for real routines and changing days. We keep fashion practical and style-forward with weekly new launches across categories. Our online store makes shopping simple with smooth navigation, quick delivery, and access to the latest drops in one place. You can explore full collections, check availability, and shop comfortably from anywhere. We follow a transparent pricing model with no discounts or inflated tags. With a growing retail presence across India and a customer-first mindset, we focus on making fashion honest, accessible, and effortless for all.",8909001171509
"Apr 19, 2026 @ 16:00:37.531",602dbfaad9afd465de11508d76655166,https://styleunion.in/collections/mens-shorts/products/solid-mid-rise-flex-shorts-pfst00009?variant=47444038811897,Flxshorts – Airdry® – Flexible Comfort for Every Workout,499,499,,Oyster,XS,"Product Details Fabric Type: Polyester Blend (92% Polyester, 8% Spandex) Weave Type: Woven Fit: Regular Fit Waist: Elasticated Waist Band Closure: Flat Inner Draw-Cord Pockets: Zip Pocket Detailing: Sporty Puller Description Built for active movement, the Flxshorts combine stretch, breathability, and a lightweight feel for everyday performance. The fabric moves with you, while the elasticated waistband with inner draw-cord ensures a secure and adjustable fit. Designed to support training and workouts, the breathable and quick-dry construction helps keep you comfortable throughout. Functional elements like zip pockets and sporty pullers add ease and utility without compromising on a clean, athletic look. Key Features Quick dry fabric to manage sweat Breathable for enhanced comfort Highly stretchable for flexibility Lightweight for ease of movement Elasticated waistband with inner draw-cord Zip pocket with sporty puller What Makes It Stand Out Supports flexible movement during workouts Keeps you dry and comfortable Lightweight and easy to wear Great for gym and training sessions Wash & Care Instructions Machine wash as per care label instructions Wash dark colours separately Do not bleach Line dry recommended Made in India Manufactured and Marketed By:- NEXON OMNIVERSE LIMITED Address: D-202, Synthofine Estate, Off Aarey Road, Behind Virvani Ind.Estate, Goregaon East, Mumbai 400063 Disclaimer Product color may slightly vary due to photographic lighting sources on your monitor setting. Customer Care +91 7304053032 Customer Care Email id – sharewithus@styleunion.in 10:30 am to 6:30 pm from Monday to Friday Legal: compliance@nexonomniverse.com Franchise Enquiry Business Partner Form Style Union is a modern Indian fashion brand bringing everyday dressing a new sense of ease and confidence. We have 160+ stores across the country that offer a wide range of clothing for women, men, and kids, with styles made for real routines and changing days. We keep fashion practical and style-forward with weekly new launches across categories. Our online store makes shopping simple with smooth navigation, quick delivery, and access to the latest drops in one place. You can explore full collections, check availability, and shop comfortably from anywhere. We follow a transparent pricing model with no discounts or inflated tags. With a growing retail presence across India and a customer-first mindset, we focus on making fashion honest, accessible, and effortless for all.",8909404112338
"Apr 19, 2026 @ 16:00:38.012",ac13ca736f0210e8c51d8363d4273e03,https://styleunion.in/collections/mens-shorts/products/cotton-solid-explorer-shorts-exst00013?variant=48263861731577,Cotton Solid Explorer Shorts,999,999,,Choco,XS,"Product Details Fabric Type: Cotton Weave type: Woven Pattern: Solid Length: Knee Length Fit: Regular Fit Waist Rise: Mid Rise Pockets: Cross Pocket, Box Pocket, 5 Description Experience the comfort of our Cotton Solid Explorer Shorts, designed for everyday wear with a classic solid pattern. The regular fit ensures a flattering silhouette for various body types. Fabric & Comfort: Soft cotton fabric offers breathability and all-day comfort. Design & Pattern: The solid pattern provides a timeless and versatile style. Fit & Silhouette: Regular fit complements the body shape without being restrictive. Durability & Quality: Crafted with high-quality construction for lasting wear. Wash and Care Hand Wash 30°C. Do Not Bleach. Wash Separately. Hang Dry In Shade. Hot Iron. Do Not Dry Clean. Do Not Iron On Embellishment. This Garment Have Tendency To Fade. Made in India Manufactured and Marketed By:- NEXON OMNIVERSE LIMITED Address: D-202, Synthofine Estate, Off Aarey Road, Behind Virvani Ind.Estate, Goregaon East, Mumbai 400063 Disclaimer Product color may slightly vary due to photographic lighting sources on your monitor setting. Customer Care +91 7304053032 Customer Care Email id – sharewithus@styleunion.in 10:30 am to 6:30 pm from Monday to Friday Legal: compliance@nexonomniverse.com Franchise Enquiry Business Partner Form Style Union is a modern Indian fashion brand bringing everyday dressing a new sense of ease and confidence. We have 160+ stores across the country that offer a wide range of clothing for women, men, and kids, with styles made for real routines and changing days. We keep fashion practical and style-forward with weekly new launches across categories. Our online store makes shopping simple with smooth navigation, quick delivery, and access to the latest drops in one place. You can explore full collections, check availability, and shop comfortably from anywhere. We follow a transparent pricing model with no discounts or inflated tags. With a growing retail presence across India and a customer-first mindset, we focus on making fashion honest, accessible, and effortless for all.",8909404127004
"Apr 19, 2026 @ 16:00:38.937",5e536ee458ba2c4e6b3ea38dd27bab89,https://styleunion.in/collections/mens-shorts/products/surfer-airdry-printed-woven-surfer-shorts-pfst00006?variant=47566924808441,Surfer – Airdry® – Printed Woven Surfer Shorts,599,599,,White,XS,"Product Details Fabric Type: Polyester Weave type: Woven Pattern: Printed Length: Knee Length Fit: Regular Fit Waist Rise: Mid Rise Pockets: Welt Pocket, 2 Description The Surfer – AirDry® Printed Woven Shorts are designed for ultimate comfort, style, and performance in warm-weather conditions. Powered by advanced AirDry technology, these shorts ensure quick moisture evaporation, keeping you cool, dry, and fresh all day long. Crafted from lightweight woven polyester, they offer superior breathability and a smooth, airy feel against the skin. The quick-dry fabric makes them perfect for beach days, travel, or active outdoor lifestyles. The vibrant printed design adds a bold, trendy edge, while the regular fit provides a clean silhouette with unrestricted movement. Built for durability and ease, these shorts are wrinkle-resistant and easy to maintain—ideal for on-the-go wear. AirDry Technology for fast drying and moisture management Lightweight & Breathable Fabric for all-day freshness Quick-Dry Performance ideal for beach and outdoor use Printed Design for a stylish, standout look Regular Fit for comfort and easy movement Travel-Friendly & Wrinkle-Resistant for convenience Wash & Wear for low-maintenance care Perfect for beach outings, vacations, or casual days, these AirDry® surfer shorts combine functionality with effortless style. Wash and Care Hand Wash 30°C. Wash Dark Colours Separately. Do Not Bleach. Line Dry. Do Not Iron On Embellishment. Cool Iron. Do Not Dry Clean. Made in India Manufactured and Marketed By:- NEXON OMNIVERSE LIMITED Address: D-202, Synthofine Estate, Off Aarey Road, Behind Virvani Ind.Estate, Goregaon East, Mumbai 400063 Disclaimer Product color may slightly vary due to photographic lighting sources on your monitor setting. Customer Care +91 7304053032 Customer Care Email id – sharewithus@styleunion.in 10:30 am to 6:30 pm from Monday to Friday Legal: compliance@nexonomniverse.com Franchise Enquiry Business Partner Form Style Union is a modern Indian fashion brand bringing everyday dressing a new sense of ease and confidence. We have 160+ stores across the country that offer a wide range of clothing for women, men, and kids, with styles made for real routines and changing days. We keep fashion practical and style-forward with weekly new launches across categories. Our online store makes shopping simple with smooth navigation, quick delivery, and access to the latest drops in one place. You can explore full collections, check availability, and shop comfortably from anywhere. We follow a transparent pricing model with no discounts or inflated tags. With a growing retail presence across India and a customer-first mindset, we focus on making fashion honest, accessible, and effortless for all.",8909404069137
"Apr 19, 2026 @ 16:00:39.633",a95fa67e6d8764174ab4ce505d03bbdf,https://styleunion.in/collections/mens-shorts/products/airess-oversize-solid-t-shirt-atct00004?variant=47184556491001,Airess – Airdry® – Oversized Tee with Superior Drape,499,499,,Beige,XS,"Product Details Fabric Type: 80% Cotton, 20% Polyester Weave Type: Knit Fit: Oversized Neck: Crew Neck Sleeve: Short Sleeve Pattern: Solid Description AIRESS is designed for everyday comfort with a relaxed, oversized silhouette. Made from a cotton-polyester blend, it offers a soft feel with added durability. The breathable fabric helps keep you comfortable through the day, while the drop shoulder and wider neck rib create a laid-back, easy fit. Built for all-day wear, whether you're stepping out or staying in. Key Features Soft cotton blend with a smooth feel Breathable fabric for everyday comfort Oversized fit for a relaxed look Drop shoulder design for ease of movement Durable construction with shape retention What Makes It Stand Out Oversized silhouette with a structured drape Wider neck rib for a distinct look Balanced fabric blend for comfort and durability Easy to style across casual settings Wash & Care Instructions Machine wash at 30°C Wash dark colours separately Do not bleach Tumble dry low Warm iron Do not dry clean Made in India Manufactured and Marketed By:- NEXON OMNIVERSE LIMITED Address: D-202, Synthofine Estate, Off Aarey Road, Behind Virvani Ind.Estate, Goregaon East, Mumbai 400063 Disclaimer Product color may slightly vary due to photographic lighting sources on your monitor setting. Customer Care +91 7304053032 Customer Care Email id – sharewithus@styleunion.in 10:30 am to 6:30 pm from Monday to Friday Legal: compliance@nexonomniverse.com Franchise Enquiry Business Partner Form Style Union is a modern Indian fashion brand bringing everyday dressing a new sense of ease and confidence. We have 160+ stores across the country that offer a wide range of clothing for women, men, and kids, with styles made for real routines and changing days. We keep fashion practical and style-forward with weekly new launches across categories. Our online store makes shopping simple with smooth navigation, quick delivery, and access to the latest drops in one place. You can explore full collections, check availability, and shop comfortably from anywhere. We follow a transparent pricing model with no discounts or inflated tags. With a growing retail presence across India and a customer-first mindset, we focus on making fashion honest, accessible, and effortless for all.",8909404064101
"Apr 19, 2026 @ 16:00:40.237",36afb3f635c523e2f8bddb530d77526b,https://styleunion.in/collections/mens-shorts/products/structured-crew-neck-t-shirt-pfct00018?variant=47565991215353,Velocitee™ 26 – Airdry® – Ultra-Light Ventilated Running Tee - Polyamide with Efast,499,499,,Endurance,XS,"Product Details Fabric Type: 88% Polyamide, 12% Spandex Weave Type: Knit Pattern: Solid Length: Regular Length Neck/Collar Type: Crew Neck Sleeve Type: Raglan Sleeve (Half Sleeve) Fit: Regular Fit Description Built for performance, the VELOCITEE running tee is designed to support movement and comfort during high-intensity activities. The raglan sleeve construction enhances mobility, while engineered seams maintain structure and durability. Crafted with micro perforated fabric, it allows improved airflow and ventilation. The lightweight polyamide blend ensures a breathable feel, while stretchable construction supports unrestricted movement throughout your run. Key Features Raglan sleeve crew neck design Micro perforated fabric for ventilation Engineered seam construction Moisture control performance 360° stretch fabric What Makes It Stand Out Keeps you cool and dry during workouts Allows free and flexible movement Lightweight feel for long runs Comfortable against the skin for extended wear Made in India Manufactured and Marketed By:- NEXON OMNIVERSE LIMITED Address: D-202, Synthofine Estate, Off Aarey Road, Behind Virvani Ind.Estate, Goregaon East, Mumbai 400063 Disclaimer Product color may slightly vary due to photographic lighting sources on your monitor setting. Customer Care +91 7304053032 Customer Care Email id – sharewithus@styleunion.in 10:30 am to 6:30 pm from Monday to Friday Legal: compliance@nexonomniverse.com Franchise Enquiry Business Partner Form Style Union is a modern Indian fashion brand bringing everyday dressing a new sense of ease and confidence. We have 160+ stores across the country that offer a wide range of clothing for women, men, and kids, with styles made for real routines and changing days. We keep fashion practical and style-forward with weekly new launches across categories. Our online store makes shopping simple with smooth navigation, quick delivery, and access to the latest drops in one place. You can explore full collections, check availability, and shop comfortably from anywhere. We follow a transparent pricing model with no discounts or inflated tags. With a growing retail presence across India and a customer-first mindset, we focus on making fashion honest, accessible, and effortless for all.",8909001678572
"Apr 19, 2026 @ 16:00:40.382",cf5fcd20fb0c1e10db9c3273f180c513,https://styleunion.in/collections/mens-shorts/products/knitted-solid-flxtrack-air-pants-pflw00003?variant=47423827837177,Flxtrack – Airdry® – Built for Flexibility & Everyday Movement,799,799,,Taupe,S,"Product Details Fabric Type: Polyester Spandex(90% , 10% Spandex) Weave Type: Knit Pattern: Solid Length: Regular Length Fit: Regular Fit Pockets: Welt Pocket, 3 Waist Rise: Mid Rise Description Elevate your casual wardrobe with Flxtrack – Airdry® – built for flexibility & everyday movement, designed for men who value comfort and style. Crafted from a blend of polyester and spandex, these pants offer flexibility and breathability for everyday wear. Regular fit ensures a comfortable and relaxed silhouette, perfect for active lifestyles. Constructed with a durable knit fabric, providing both stretch and breathability for all-day wear. Features three welt pockets, offering ample storage for your essentials without compromising style. Mid rise waist design enhances comfort while maintaining a modern look suitable for various occasions. Pair with a simple tee and sneakers for a laid-back look, or dress them up with a button-up for a smart-casual ensemble. Wash and Care Machine Wash 30°C.Wash Dark Colours Separately. Do Not Bleach. Do Not Tumble Dry. Warm Iron. Do Not Dry Clean. Do Not Iron On Embellishment Made in India Manufactured and Marketed By:- NEXON OMNIVERSE LIMITED Address: D-202, Synthofine Estate, Off Aarey Road, Behind Virvani Ind.Estate, Goregaon East, Mumbai 400063 Disclaimer Product color may slightly vary due to photographic lighting sources on your monitor setting. Customer Care +91 7304053032 Customer Care Email id – sharewithus@styleunion.in 10:30 am to 6:30 pm from Monday to Friday Legal: compliance@nexonomniverse.com Franchise Enquiry Business Partner Form Style Union is a modern Indian fashion brand bringing everyday dressing a new sense of ease and confidence. We have 160+ stores across the country that offer a wide range of clothing for women, men, and kids, with styles made for real routines and changing days. We keep fashion practical and style-forward with weekly new launches across categories. Our online store makes shopping simple with smooth navigation, quick delivery, and access to the latest drops in one place. You can explore full collections, check availability, and shop comfortably from anywhere. We follow a transparent pricing model with no discounts or inflated tags. With a growing retail presence across India and a customer-first mindset, we focus on making fashion honest, accessible, and effortless for all.",8909404112123
"Apr 19, 2026 @ 16:00:41.653",70d1f9e6cf77e2664c03097e525c6cc1,https://styleunion.in/collections/mens-shorts/products/regular-fit-solid-shirt-collar-regular-length-shirt-smss00017?variant=46362676330745,Travelator™ Half Sleeve Shirt – Airdry® – 4 Way Ultra Stretch Fabric,699,699,,Black,S,"Product Details Fabric Type: Polyester (100% Elastomultiester) Weave Type: Knit Pattern: Solid Length: Regular Neck/Collar Type: Shirt Collar Sleeve Type: Half Sleeve Fit: Regular Fit Pockets: Patch Pocket, 1 Description Designed for everyday versatility, the Travelator™ Half Sleeve Shirt combines stretchable knit construction with a clean, solid look. The regular fit and shirt collar maintain a structured appearance, while the fabric allows ease of movement, making it suitable for both work and casual settings. Key Features 4-way ultra stretch fabric Wash & wear construction Zero top stitch finish Saville Row finish Patch pocket design What Makes It Stand Out Supports ease of movement throughout the day Maintains a clean and structured look Easy to maintain for regular use Works across formal and casual occasions Made in India Manufactured and Marketed By:- NEXON OMNIVERSE LIMITED Address: D-202, Synthofine Estate, Off Aarey Road, Behind Virvani Ind.Estate, Goregaon East, Mumbai 400063 Disclaimer Product color may slightly vary due to photographic lighting sources on your monitor setting. Customer Care +91 7304053032 Customer Care Email id – sharewithus@styleunion.in 10:30 am to 6:30 pm from Monday to Friday Legal: compliance@nexonomniverse.com Franchise Enquiry Business Partner Form Style Union is a modern Indian fashion brand bringing everyday dressing a new sense of ease and confidence. We have 160+ stores across the country that offer a wide range of clothing for women, men, and kids, with styles made for real routines and changing days. We keep fashion practical and style-forward with weekly new launches across categories. Our online store makes shopping simple with smooth navigation, quick delivery, and access to the latest drops in one place. You can explore full collections, check availability, and shop comfortably from anywhere. We follow a transparent pricing model with no discounts or inflated tags. With a growing retail presence across India and a customer-first mindset, we focus on making fashion honest, accessible, and effortless for all.",8909001584101
"Apr 19, 2026 @ 16:00:42.432",d0394ca6ac3b7e503c5bd820cb836d09,https://styleunion.in/collections/mens-shorts/products/travelator-mid-rise-trackpant-airdry-4-way-ultra-stretch-fabric-atlw00004?variant=47566923006201,Travelator™ Pant – Airdry® – 4 Way Ultra Stretch Fabric,1199,1199,,Cement,28,"Product Details Fabric Type: Bionic Polyester Weave type: Knit Pattern: Solid Length: Regular Length Fit: Regular Fit Waist Rise: Mid Rise Pockets: 5 Description Experience next-level comfort with these Airdry Trackpants, engineered for performance, travel, and everyday wear. Crafted using advanced AirDry technology, the fabric ensures rapid moisture evaporation, keeping you cool, dry, and fresh throughout the day. Designed with a lightweight and breathable polyester knit, these trackpants enhance airflow while maintaining a soft, skin-friendly feel. The built-in stretch allows effortless movement, making them ideal for active lifestyles, long travel hours, or all-day wear. The minimal solid design delivers a clean, modern look, while the regular fit provides a balanced silhouette that suits every body type. With its wrinkle-resistant and easy-care properties, this is a true wash-and-wear essential for today’s fast-paced routine. Airdry Technology for fast drying and moisture management Breathable & Lightweight Fabric for all-day freshness 4-Way Stretch Comfort for unrestricted movement Travel-Friendly & Wrinkle-Resistant for easy packing Wash & Wear Convenience for low maintenance Solid Minimal Design for versatile styling Regular Fit for a comfortable and modern silhouette Perfect for travel, workouts, or daily wear, these Airdry trackpants combine performance, style, and convenience in one essential piece. Wash and Care Machine Wash 30°C. Wash Dark Colours Separately. Do Not Bleach. Tumble Dry Low. Warm Iron. Do Not Dry Clean. Do Not Iron On Embellishment. Made in India Manufactured and Marketed By:- NEXON OMNIVERSE LIMITED Address: D-202, Synthofine Estate, Off Aarey Road, Behind Virvani Ind.Estate, Goregaon East, Mumbai 400063 Disclaimer Product color may slightly vary due to photographic lighting sources on your monitor setting. Customer Care +91 7304053032 Customer Care Email id – sharewithus@styleunion.in 10:30 am to 6:30 pm from Monday to Friday Legal: compliance@nexonomniverse.com Franchise Enquiry Business Partner Form Style Union is a modern Indian fashion brand bringing everyday dressing a new sense of ease and confidence. We have 160+ stores across the country that offer a wide range of clothing for women, men, and kids, with styles made for real routines and changing days. We keep fashion practical and style-forward with weekly new launches across categories. Our online store makes shopping simple with smooth navigation, quick delivery, and access to the latest drops in one place. You can explore full collections, check availability, and shop comfortably from anywhere. We follow a transparent pricing model with no discounts or inflated tags. With a growing retail presence across India and a customer-first mindset, we focus on making fashion honest, accessible, and effortless for all.",8909404062589
"Apr 19, 2026 @ 16:00:42.731",5eaa170d5566d5b9d122537bf081cbd2,https://styleunion.in/collections/mens-shorts/products/oversize-jacquard-hoodie-uplifter-sweatshirt-pfsws00001?variant=47423828001017,Uplifter – Airdry® – Sleeveless Hoodie with Stretch Training Fit,599,599,,White,XS,"Product Details Fabric Type: 80% Polyester, 20% Spandex Weave Type: Knit Pattern: Solid Length: Regular Length Neck/Collar Type: Hoodie Sleeve Type: Sleeveless Fit: Relaxed Fit Description Built for training and active movement, the Uplifter sleeveless hoodie combines a structured knit fabric with a relaxed fit for ease and flexibility. The sleeveless design allows unrestricted arm movement, while the adjustable hood toggle adds functional detail. Designed to support performance, it maintains a clean and athletic look throughout your workout. Key Features Sleeveless hoodie design Structured fabric construction Adjustable hood toggle Relaxed fit for comfort What Makes It Stand Out Allows free movement during workouts Comfortable for training sessions Lightweight feel for active use Soft touch for everyday wear Wash & Care Instructions Machine wash at 30°C Wash dark colours separately Do not bleach Tumble dry low Warm iron Do not dry clean Do not iron on embellishment Made in India Manufactured and Marketed By:- NEXON OMNIVERSE LIMITED Address: D-202, Synthofine Estate, Off Aarey Road, Behind Virvani Ind.Estate, Goregaon East, Mumbai 400063 Disclaimer Product color may slightly vary due to photographic lighting sources on your monitor setting. Customer Care +91 7304053032 Customer Care Email id – sharewithus@styleunion.in 10:30 am to 6:30 pm from Monday to Friday Legal: compliance@nexonomniverse.com Franchise Enquiry Business Partner Form Style Union is a modern Indian fashion brand bringing everyday dressing a new sense of ease and confidence. We have 160+ stores across the country that offer a wide range of clothing for women, men, and kids, with styles made for real routines and changing days. We keep fashion practical and style-forward with weekly new launches across categories. Our online store makes shopping simple with smooth navigation, quick delivery, and access to the latest drops in one place. You can explore full collections, check availability, and shop comfortably from anywhere. We follow a transparent pricing model with no discounts or inflated tags. With a growing retail presence across India and a customer-first mindset, we focus on making fashion honest, accessible, and effortless for all.",8909404064576
"Apr 19, 2026 @ 16:00:43.145",c17f7af71c81379c031f23f3cf3d845a,https://styleunion.in/collections/mens-sweatshirts/products/regular-fit-solid-sweatshirt-essws00001?variant=46284727877881,Essential Solid Sweatshirt,499,499,,Nutshell,XS,"Product Details Fabric Type: Cotton Polyester (60% Cotton, 40% Polyester) Weave Type: Knit Pattern: Solid Length: Regular Length Neck/Collar Type: Crew Neck Sleeve Type: Full Sleeve Fit: Regular Fit Description Experience the perfect blend of comfort and style with our Essential Solid Sweatshirt. Crafted for those who value quality and versatility, this sweatshirt is your go-to choice for any casual occasion. Comfortable Fabric: The cotton polyester blend ensures a soft touch against your skin while providing durability and breathability. Classic Crew Neck: Offers a timeless look that pairs effortlessly with any outfit, making it a wardrobe staple. Full Sleeve Design: Keeps you warm and cozy during cooler days, perfect for layering or wearing on its own. Solid Pattern: A versatile design that can be dressed up or down, suitable for both work and leisure. Whether you're heading out for a casual day with friends or relaxing at home, this sweatshirt adapts to your lifestyle, offering a relaxed fit that doesn't compromise on style. Wash and Care Machine wash cold with like colors. Tumble dry low. Do not bleach. Iron on low heat if needed. Made in India Manufactured and Marketed By:- NEXON OMNIVERSE LIMITED Address: D-202, Synthofine Estate, Off Aarey Road, Behind Virvani Ind.Estate, Goregaon East, Mumbai 400063 Disclaimer Product color may slightly vary due to photographic lighting sources on your monitor setting. Customer Care +91 7304053032 Customer Care Email id – sharewithus@styleunion.in 10:30 am to 6:30 pm from Monday to Friday Legal: compliance@nexonomniverse.com Franchise Enquiry Business Partner Form Style Union is a modern Indian fashion brand bringing everyday dressing a new sense of ease and confidence. We have 160+ stores across the country that offer a wide range of clothing for women, men, and kids, with styles made for real routines and changing days. We keep fashion practical and style-forward with weekly new launches across categories. Our online store makes shopping simple with smooth navigation, quick delivery, and access to the latest drops in one place. You can explore full collections, check availability, and shop comfortably from anywhere. We follow a transparent pricing model with no discounts or inflated tags. With a growing retail presence across India and a customer-first mindset, we focus on making fashion honest, accessible, and effortless for all.",8909001413388
"Apr 19, 2026 @ 16:00:44.176",e0239ef89a35aed4ae6bc36d9606f13e,https://styleunion.in/collections/mens-sweatshirts/products/regular-fit-graphic-sweatshirt-msss00042?variant=46286310965497,Regular Fit Graphic Sweatshirt,499,499,,Foxglove,S,"Product Details Fabric type: Cotton Polyester (60% Cotton, 40% Polyester) Weave type: Knit Pattern: Graphic Length: Regular Length Neck Type/ Collar: Crew Neck Theme: Modern Home Style: Popover Sweats M Sleeve Type: Full Sleeve Fit Type: Regular Fit Description These regular fit sweatshirt has regular length. Made from cotton polyester, it is soft and comfortable to wear. Fabric and Care Winter wear Machine Wash 40°C. Wash Dark Colours Separately. Do Not Bleach. Tumble Dry Low. Warm Iron. Do Not Dry Clean Made in India Manufactured and Marketed By:- NEXON OMNIVERSE LIMITED Address: D-202, Synthofine Estate, Off Aarey Road, Behind Virvani Ind.Estate, Goregaon East, Mumbai 400063 Disclaimer Product color may slightly vary due to photographic lighting sources on your monitor setting. Customer Care +91 7304053032 Customer Care Email id – sharewithus@styleunion.in 10:30 am to 6:30 pm from Monday to Friday Legal: compliance@nexonomniverse.com Franchise Enquiry Business Partner Form Style Union is a modern Indian fashion brand bringing everyday dressing a new sense of ease and confidence. We have 160+ stores across the country that offer a wide range of clothing for women, men, and kids, with styles made for real routines and changing days. We keep fashion practical and style-forward with weekly new launches across categories. Our online store makes shopping simple with smooth navigation, quick delivery, and access to the latest drops in one place. You can explore full collections, check availability, and shop comfortably from anywhere. We follow a transparent pricing model with no discounts or inflated tags. With a growing retail presence across India and a customer-first mindset, we focus on making fashion honest, accessible, and effortless for all.",8907546961821
"Apr 19, 2026 @ 16:00:45.069",b1078ceafcfecb52af6bcb8e59280242,https://styleunion.in/collections/mens-sweatshirts/products/regular-fit-graphic-sweatshirt-msss00037?variant=46287021572345,Regular Fit Graphic Sweatshirt,799,799,,Dusk,S,"Product Details Fabric type: Cotton Polyester (60% Cotton, 40% Polyester) Weave type: Knit Pattern: Graphic Length: Regular Length Neck Type/ Collar: Crew Neck Theme: Modern Home Style: Popover Sweats M Sleeve Type: Full Sleeve Fit Type: Regular Fit Description These regular fit sweatshirt has regular length. Made from cotton polyester, it is soft and comfortable to wear. Wash and Care Winter wear Machine Wash 40°C. Wash Dark Colours Separately. Do Not Bleach. Tumble Dry Low. Warm Iron. Do Not Dry Clean Made in India Manufactured and Marketed By:- NEXON OMNIVERSE LIMITED Address: D-202, Synthofine Estate, Off Aarey Road, Behind Virvani Ind.Estate, Goregaon East, Mumbai 400063 Disclaimer Product color may slightly vary due to photographic lighting sources on your monitor setting. Customer Care +91 7304053032 Customer Care Email id – sharewithus@styleunion.in 10:30 am to 6:30 pm from Monday to Friday Legal: compliance@nexonomniverse.com Franchise Enquiry Business Partner Form Style Union is a modern Indian fashion brand bringing everyday dressing a new sense of ease and confidence. We have 160+ stores across the country that offer a wide range of clothing for women, men, and kids, with styles made for real routines and changing days. We keep fashion practical and style-forward with weekly new launches across categories. Our online store makes shopping simple with smooth navigation, quick delivery, and access to the latest drops in one place. You can explore full collections, check availability, and shop comfortably from anywhere. We follow a transparent pricing model with no discounts or inflated tags. With a growing retail presence across India and a customer-first mindset, we focus on making fashion honest, accessible, and effortless for all.",8907546961678
"Apr 19, 2026 @ 16:00:45.465",710cfa8633c1d9e0606fd296419a1ca5,https://styleunion.in/collections/mens-sweatshirts/products/regular-fit-solid-sweatshirt-exsws00002?variant=46284758352121,UltraSoft Sweats™ - Ultra Soft Fleece for Warm and Comfort - Regular Fit Solid Sweatshirt,799,799,,Stormy Sea,S,"Product Details Fabric type: Cotton Polyester (60% Cotton, 40% Polyester) Weave type: Knit Pattern: Solid Length: Regular Length Neck Type/ Collar: Crew Neck Theme: Modern Home Style: Ultrasoft Fleece Sleeve Type: Full Sleeve Fit Type: Regular Fit Description Introducing the UltraSoft Sweats™ - designed with ultra-soft fleece to provide warmth and unparalleled comfort. This solid sweatshirt, crafted in a classic crew neck and full sleeves, combines the ease of a regular fit with a cozy, ultrasoft feel, making it an ideal choice for any modern home setting. Perfect for casual wear, these sweatshirts bring both style and comfort, offering the best of warmth and durability in one! Wash and Care Machine Wash 40°C. Wash Dark Colours Separately. Do Not Bleach. Tumble Dry Low. Warm Iron. Do Not Dry Clean Made in India Manufactured and Marketed By:- NEXON OMNIVERSE LIMITED Address: D-202, Synthofine Estate, Off Aarey Road, Behind Virvani Ind.Estate, Goregaon East, Mumbai 400063 Disclaimer Product color may slightly vary due to photographic lighting sources on your monitor setting. Customer Care +91 7304053032 Customer Care Email id – sharewithus@styleunion.in 10:30 am to 6:30 pm from Monday to Friday Legal: compliance@nexonomniverse.com Franchise Enquiry Business Partner Form Style Union is a modern Indian fashion brand bringing everyday dressing a new sense of ease and confidence. We have 160+ stores across the country that offer a wide range of clothing for women, men, and kids, with styles made for real routines and changing days. We keep fashion practical and style-forward with weekly new launches across categories. Our online store makes shopping simple with smooth navigation, quick delivery, and access to the latest drops in one place. You can explore full collections, check availability, and shop comfortably from anywhere. We follow a transparent pricing model with no discounts or inflated tags. With a growing retail presence across India and a customer-first mindset, we focus on making fashion honest, accessible, and effortless for all.",8909001380031
"Apr 19, 2026 @ 16:00:45.890",fed69220d43b8b2eea3c3780443335fc,https://styleunion.in/collections/mens-sweatshirts/products/regular-fit-graphic-sweatshirt-msss00043?variant=46287021310201,Regular Fit Graphic Sweatshirt,799,799,,Dress Blue,S,"Product Details Fabric type: Cotton Polyester (60% Cotton, 40% Polyester) Weave type: Knit Pattern: Graphic Length: Regular Length Neck Type/ Collar: Crew Neck Theme: Modern Home Style: Popover Sweats M Sleeve Type: Full Sleeve Fit Type: Regular Fit Description These regular fit sweatshirt has regular length. Made from cotton polyester, it is soft and comfortable to wear. Wash and Care Winter wear Machine Wash 40°C. Wash Dark Colours Separately. Do Not Bleach. Tumble Dry Low. Warm Iron. Do Not Dry Clean Made in India Manufactured and Marketed By:- NEXON OMNIVERSE LIMITED Address: D-202, Synthofine Estate, Off Aarey Road, Behind Virvani Ind.Estate, Goregaon East, Mumbai 400063 Disclaimer Product color may slightly vary due to photographic lighting sources on your monitor setting. Customer Care +91 7304053032 Customer Care Email id – sharewithus@styleunion.in 10:30 am to 6:30 pm from Monday to Friday Legal: compliance@nexonomniverse.com Franchise Enquiry Business Partner Form Style Union is a modern Indian fashion brand bringing everyday dressing a new sense of ease and confidence. We have 160+ stores across the country that offer a wide range of clothing for women, men, and kids, with styles made for real routines and changing days. We keep fashion practical and style-forward with weekly new launches across categories. Our online store makes shopping simple with smooth navigation, quick delivery, and access to the latest drops in one place. You can explore full collections, check availability, and shop comfortably from anywhere. We follow a transparent pricing model with no discounts or inflated tags. With a growing retail presence across India and a customer-first mindset, we focus on making fashion honest, accessible, and effortless for all.",8907546961777
"Apr 19, 2026 @ 16:00:46.961",0aa9e92e38d662c5f1ee5e804d644b52,https://styleunion.in/collections/mens-sweatshirts/products/regular-fit-graphic-sweatshirts-msss00050?variant=46285791232249,Varsity Baseball University Sweat-Jacket – University Inspired  - Regular Fit,1124,1124,,Dress Blue,L,"Product Details Fabric type: Cotton Polyester (54% Cotton, 46% Polyester) Weave type: Knit Pattern: Graphic Length: Regular Length Neck Type/ Collar: Band Neck Theme: Modern Smart Style: University Jacket Sleeve Type: Full Sleeve Fit Type: Regular Fit Pockets: Welt Pocket, 2 Occasion: Winter Wear Description Varsity Baseball Jacket – University Inspired Step up your style game with our Varsity Baseball Jacket, designed to capture the spirit of collegiate sports and timeless varsity fashion. Made from a durable blend of high-quality fabrics, this jacket offers both comfort and style. Featuring bold contrast sleeves, a ribbed collar, cuffs, and waistband, it’s the perfect mix of sporty elegance and streetwear flair. Designed with a classic university feel, the jacket is adorned with embroidered logos and patches for that authentic varsity look. The button-up front and soft inner lining provide a comfortable fit, making it ideal for layering or wearing on its own for a standout, sporty statement. Whether you're heading to class, a game, or a casual day out, this jacket brings the bold spirit of college athletics right into your wardrobe. Perfect for those who love a classic yet modern touch, this piece brings sophistication and attitude in one stylish package. Wash and Care Machine Wash 40°C. Wash Dark Colours Separately. Do Not Bleach. Tumble Dry Low. Warm Iron. Do Not Dry Clean Made in India Manufactured and Marketed By:- NEXON OMNIVERSE LIMITED Address: D-202, Synthofine Estate, Off Aarey Road, Behind Virvani Ind.Estate, Goregaon East, Mumbai 400063 Disclaimer Product color may slightly vary due to photographic lighting sources on your monitor setting. Customer Care +91 7304053032 Customer Care Email id – sharewithus@styleunion.in 10:30 am to 6:30 pm from Monday to Friday Legal: compliance@nexonomniverse.com Franchise Enquiry Business Partner Form Style Union is a modern Indian fashion brand bringing everyday dressing a new sense of ease and confidence. We have 160+ stores across the country that offer a wide range of clothing for women, men, and kids, with styles made for real routines and changing days. We keep fashion practical and style-forward with weekly new launches across categories. Our online store makes shopping simple with smooth navigation, quick delivery, and access to the latest drops in one place. You can explore full collections, check availability, and shop comfortably from anywhere. We follow a transparent pricing model with no discounts or inflated tags. With a growing retail presence across India and a customer-first mindset, we focus on making fashion honest, accessible, and effortless for all.",8909001032305
"Apr 19, 2026 @ 16:00:48.066",e15fee204c8be80aacdd78b39f5a26e5,https://styleunion.in/collections/mens-sweatshirts/products/regular-fit-graphic-sweatshirts-msss00047?variant=46285903823097,Regular Fit Graphic Sweatshirt,499,499,,Smoke Grey,L,"Product Details Fabric type: Cotton Polyester (60% Cotton,40% Polyester) Weave type: Knit Pattern: Graphic Length: Regular Length Neck Type/ Collar: Crew Neck Theme: Modern Home Style: Popover Sweats Sleeve Type: Full Sleeve Fit Type: Regular Fit Occasion: Winter Wear Description This modern home theme graphic pattern sweatshirts has a crew neck and full sleeve. Made from cotton polyester, it is soft and comfortable to wear. Wash and Care Machine Wash 40°C. Wash Dark Colours Separately. Do Not Bleach. Tumble Dry Low. Warm Iron. Do Not Dry Clean Made in India Manufactured and Marketed By:- NEXON OMNIVERSE LIMITED Address: D-202, Synthofine Estate, Off Aarey Road, Behind Virvani Ind.Estate, Goregaon East, Mumbai 400063 Disclaimer Product color may slightly vary due to photographic lighting sources on your monitor setting. Customer Care +91 7304053032 Customer Care Email id – sharewithus@styleunion.in 10:30 am to 6:30 pm from Monday to Friday Legal: compliance@nexonomniverse.com Franchise Enquiry Business Partner Form Style Union is a modern Indian fashion brand bringing everyday dressing a new sense of ease and confidence. We have 160+ stores across the country that offer a wide range of clothing for women, men, and kids, with styles made for real routines and changing days. We keep fashion practical and style-forward with weekly new launches across categories. Our online store makes shopping simple with smooth navigation, quick delivery, and access to the latest drops in one place. You can explore full collections, check availability, and shop comfortably from anywhere. We follow a transparent pricing model with no discounts or inflated tags. With a growing retail presence across India and a customer-first mindset, we focus on making fashion honest, accessible, and effortless for all.",8907546965195
"Apr 19, 2026 @ 16:00:48.305",f5e4810dab919791cc253ff904873ef7,https://styleunion.in/collections/mens-sweatshirts/products/regular-fit-solid-sweatshirt-msts00001?variant=46286017626361,Ultimate Travel Hoodie – Airdry® – 4 Way Stretch Comfort,999,999,,Chocolate Truffle,S,"Product Details Fabric Type: 51% Polyester, 42% Cotton, 7% Spandex Weave Type: Knit Pattern: Solid Length: Regular Length Neck/Collar Type: Hoodie Sleeve Type: Full Sleeve Fit: Regular Fit Pockets: Box Pocket Description Designed for everyday wear, the Air Dry Travel Hoodie combines a soft knit construction with stretchable fabric for ease of movement. The regular fit and hoodie design offer a balanced silhouette, while the fabric blend ensures comfort across different settings, from travel to casual outings. Key Features 4-way stretch fabric Soft fabric blend Hoodie design Box pocket for utility Full sleeve construction What Makes It Stand Out Supports ease of movement throughout the day Comfortable for extended wear Functional pocket for essentials Suitable for travel and casual use Wash & Care Instructions Machine wash at 30°C Wash dark colours separately Do not bleach Tumble dry low Warm iron Do not dry clean Do not iron on embellishment Made in India Manufactured and Marketed By:- NEXON OMNIVERSE LIMITED Address: D-202, Synthofine Estate, Off Aarey Road, Behind Virvani Ind.Estate, Goregaon East, Mumbai 400063 Disclaimer Product color may slightly vary due to photographic lighting sources on your monitor setting. Customer Care +91 7304053032 Customer Care Email id – sharewithus@styleunion.in 10:30 am to 6:30 pm from Monday to Friday Legal: compliance@nexonomniverse.com Franchise Enquiry Business Partner Form Style Union is a modern Indian fashion brand bringing everyday dressing a new sense of ease and confidence. We have 160+ stores across the country that offer a wide range of clothing for women, men, and kids, with styles made for real routines and changing days. We keep fashion practical and style-forward with weekly new launches across categories. Our online store makes shopping simple with smooth navigation, quick delivery, and access to the latest drops in one place. You can explore full collections, check availability, and shop comfortably from anywhere. We follow a transparent pricing model with no discounts or inflated tags. With a growing retail presence across India and a customer-first mindset, we focus on making fashion honest, accessible, and effortless for all.",8909001457160
"Apr 19, 2026 @ 16:00:48.432",99c9a6bb6fccf2b249410de7c8d93e6f,https://styleunion.in/collections/mens-sweatshirts/products/regular-fit-printed-sweatshirt-msss00029?variant=46284619546873,Regular Fit Printed Sweatshirt,999,999,,Forest Night,L,"Product Details Fabric type: Cotton Weave type: Knit Pattern: Printed Length: Regular Length Neck Type/ Collar: Hoodie Sleeve Type: Full Sleeve Fit Type: Regular Fit Pockets: 1, Kangaroo Pocket Description This printed pattern sweatshirt has a hoodie and full sleeve. Made from cotton, it is soft and comfortable to wear. Wash and Care Machine Wash 40°C. Wash Dark Colours Separately. Do Not Bleach. Tumble Dry Low. Warm Iron. Do Not Dryclean Made in India Manufactured and Marketed By:- NEXON OMNIVERSE LIMITED Address: D-202, Synthofine Estate, Off Aarey Road, Behind Virvani Ind.Estate, Goregaon East, Mumbai 400063 Disclaimer Product color may slightly vary due to photographic lighting sources on your monitor setting. Customer Care +91 7304053032 Customer Care Email id – sharewithus@styleunion.in 10:30 am to 6:30 pm from Monday to Friday Legal: compliance@nexonomniverse.com Franchise Enquiry Business Partner Form Style Union is a modern Indian fashion brand bringing everyday dressing a new sense of ease and confidence. We have 160+ stores across the country that offer a wide range of clothing for women, men, and kids, with styles made for real routines and changing days. We keep fashion practical and style-forward with weekly new launches across categories. Our online store makes shopping simple with smooth navigation, quick delivery, and access to the latest drops in one place. You can explore full collections, check availability, and shop comfortably from anywhere. We follow a transparent pricing model with no discounts or inflated tags. With a growing retail presence across India and a customer-first mindset, we focus on making fashion honest, accessible, and effortless for all.",8909001093641
"Apr 19, 2026 @ 16:00:49.289",6ad7190b3ef31115784d82c4d0093449,https://styleunion.in/collections/mens-sweatshirts/products/regular-fit-graphic-sweatshirt-msss00038?variant=46286062813433,Regular Fit Graphic Sweatshirt,499,499,,Grey Melange,S,"Product Details Fabric type: Cotton Polyester (60% Cotton, 40% Polyester) Weave type: Knit Pattern: Graphic Length: Regular Length Neck Type/ Collar: Crew Neck Theme: Modern Home Style: Popover Sweats M Sleeve Type: Full Sleeve Fit Type: Regular Fit Description These regular fit sweatshirt has regular length. Made from cotton polyester, it is soft and comfortable to wear. Fabric and Care Winter wear Machine Wash 40°C. Wash Dark Colours Separately. Do Not Bleach. Tumble Dry Low. Warm Iron. Do Not Dry Clean Made in India Manufactured and Marketed By:- NEXON OMNIVERSE LIMITED Address: D-202, Synthofine Estate, Off Aarey Road, Behind Virvani Ind.Estate, Goregaon East, Mumbai 400063 Disclaimer Product color may slightly vary due to photographic lighting sources on your monitor setting. Customer Care +91 7304053032 Customer Care Email id – sharewithus@styleunion.in 10:30 am to 6:30 pm from Monday to Friday Legal: compliance@nexonomniverse.com Franchise Enquiry Business Partner Form Style Union is a modern Indian fashion brand bringing everyday dressing a new sense of ease and confidence. We have 160+ stores across the country that offer a wide range of clothing for women, men, and kids, with styles made for real routines and changing days. We keep fashion practical and style-forward with weekly new launches across categories. Our online store makes shopping simple with smooth navigation, quick delivery, and access to the latest drops in one place. You can explore full collections, check availability, and shop comfortably from anywhere. We follow a transparent pricing model with no discounts or inflated tags. With a growing retail presence across India and a customer-first mindset, we focus on making fashion honest, accessible, and effortless for all.",8907546965072
"Apr 19, 2026 @ 16:00:50.348",08a43e897a4ea1a76a02148eaae332de,https://styleunion.in/collections/mens-sweatshirts/products/regular-fit-graphic-sweatshirt-msss00044?variant=46286310670585,Regular Fit Graphic Sweatshirt,499,499,,Purple Sage,S,"Product Details Fabric type: Cotton Polyester (60% Cotton, 40% Polyester) Weave type: Knit Pattern: Graphic Length: Regular Length Neck Type/ Collar: Crew Neck Theme: Modern Home Style: Popover Sweats M Sleeve Type: Full Sleeve Fit Type: Regular Fit Description These regular fit sweatshirt has regular length. Made from cotton polyester, it is soft and comfortable to wear. Fabric and Care Winter wear Machine Wash 40°C. Wash Dark Colours Separately. Do Not Bleach. Tumble Dry Low. Warm Iron. Do Not Dry Clean Made in India Manufactured and Marketed By:- NEXON OMNIVERSE LIMITED Address: D-202, Synthofine Estate, Off Aarey Road, Behind Virvani Ind.Estate, Goregaon East, Mumbai 400063 Disclaimer Product color may slightly vary due to photographic lighting sources on your monitor setting. Customer Care +91 7304053032 Customer Care Email id – sharewithus@styleunion.in 10:30 am to 6:30 pm from Monday to Friday Legal: compliance@nexonomniverse.com Franchise Enquiry Business Partner Form Style Union is a modern Indian fashion brand bringing everyday dressing a new sense of ease and confidence. We have 160+ stores across the country that offer a wide range of clothing for women, men, and kids, with styles made for real routines and changing days. We keep fashion practical and style-forward with weekly new launches across categories. Our online store makes shopping simple with smooth navigation, quick delivery, and access to the latest drops in one place. You can explore full collections, check availability, and shop comfortably from anywhere. We follow a transparent pricing model with no discounts or inflated tags. With a growing retail presence across India and a customer-first mindset, we focus on making fashion honest, accessible, and effortless for all.",8907546965324
"Apr 19, 2026 @ 16:00:50.604",d927f24b2ed60fe23772017d5b52c3c3,https://styleunion.in/collections/mens-sweatshirts/products/regular-fit-graphic-sweatshirt-msss00046?variant=46286864056569,Popover Sweats™ - Graphic Regular Fit Sweatshirt,499,499,,Anthra Melange,S,"Product Details Fabric type: Cotton Polyester (60% Cotton, 40% Polyester) Weave type: Knit Pattern: Graphic Length: Regular Length Neck Type/ Collar: Crew Neck Theme: Modern Home S tyle: Popover Sweats Sleeve Type: Full Sleeve Fit Type: Regular Fit Description Popover Sweats™ - Graphic Regular Fit Sweatshirt These regular fit sweatshirt has regular length. Soft and comfortable to wear. Wash and Care Winter wearMachine Wash 40°C. Wash Dark Colours Separately. Do Not Bleach. Tumble Dry Low. Warm Iron. Do Not Dry Clean Made in India Manufactured and Marketed By:- NEXON OMNIVERSE LIMITED Address: D-202, Synthofine Estate, Off Aarey Road, Behind Virvani Ind.Estate, Goregaon East, Mumbai 400063 Disclaimer Product color may slightly vary due to photographic lighting sources on your monitor setting. Customer Care +91 7304053032 Customer Care Email id – sharewithus@styleunion.in 10:30 am to 6:30 pm from Monday to Friday Legal: compliance@nexonomniverse.com Franchise Enquiry Business Partner Form Style Union is a modern Indian fashion brand bringing everyday dressing a new sense of ease and confidence. We have 160+ stores across the country that offer a wide range of clothing for women, men, and kids, with styles made for real routines and changing days. We keep fashion practical and style-forward with weekly new launches across categories. Our online store makes shopping simple with smooth navigation, quick delivery, and access to the latest drops in one place. You can explore full collections, check availability, and shop comfortably from anywhere. We follow a transparent pricing model with no discounts or inflated tags. With a growing retail presence across India and a customer-first mindset, we focus on making fashion honest, accessible, and effortless for all.",8907546965423
"Apr 19, 2026 @ 16:00:50.718",ac8dd9ac1bdcf67341ba9f92463b5e59,https://styleunion.in/collections/mens-sweatshirts/products/regular-fit-graphic-sweatshirt-msss00048?variant=46287020622073,Regular Fit Graphic Sweatshirt,499,499,,Stormy Sea,S,"Product Details Fabric type: Cotton Polyester (60% Cotton, 40% Polyester) Weave type: Knit Pattern: Graphic Length: Regular Length Neck Type/ Collar: Crew Neck Theme: Modern Home Style: Popover Sweats M Sleeve Type: Full Sleeve Fit Type: Regular Fit Description These regular fit sweatshirt has regular length. Made from cotton polyester, it is soft and comfortable to wear. Wash and Care Winter wear Machine Wash 40°C. Wash Dark Colours Separately. Do Not Bleach. Tumble Dry Low. Warm Iron. Do Not Dry Clean Made in India Manufactured and Marketed By:- NEXON OMNIVERSE LIMITED Address: D-202, Synthofine Estate, Off Aarey Road, Behind Virvani Ind.Estate, Goregaon East, Mumbai 400063 Disclaimer Product color may slightly vary due to photographic lighting sources on your monitor setting. Customer Care +91 7304053032 Customer Care Email id – sharewithus@styleunion.in 10:30 am to 6:30 pm from Monday to Friday Legal: compliance@nexonomniverse.com Franchise Enquiry Business Partner Form Style Union is a modern Indian fashion brand bringing everyday dressing a new sense of ease and confidence. We have 160+ stores across the country that offer a wide range of clothing for women, men, and kids, with styles made for real routines and changing days. We keep fashion practical and style-forward with weekly new launches across categories. Our online store makes shopping simple with smooth navigation, quick delivery, and access to the latest drops in one place. You can explore full collections, check availability, and shop comfortably from anywhere. We follow a transparent pricing model with no discounts or inflated tags. With a growing retail presence across India and a customer-first mindset, we focus on making fashion honest, accessible, and effortless for all.",8907546965225
"Apr 19, 2026 @ 16:00:51.612",dc7a4743cbe9c0095728b0293f527b1c,https://styleunion.in/collections/mens-sweatshirts/products/regular-fit-graphic-sweatshirt-msss00024?variant=46286311817465,Regular Fit Graphic Sweatshirt,799,799,,Porcelain,S,"Product Details Fabric type: Cotton Polyester (60% Cotton, 40% Polyester) Weave type: Knit Pattern: Graphic Length: Regular Length Neck Type/ Collar: Crew Neck Theme: Modern Home Style: Popover Sweats M Sleeve Type: Full Sleeve Fit Type: Regular Fit Description These regular fit sweatshirt has regular length. Made from cotton polyester, it is soft and comfortable to wear. Fabric and Care Winter wear Machine Wash 40°C. Wash Dark Colours Separately. Do Not Bleach. Tumble Dry Low. Warm Iron. Do Not Dry Clean Made in India Manufactured and Marketed By:- NEXON OMNIVERSE LIMITED Address: D-202, Synthofine Estate, Off Aarey Road, Behind Virvani Ind.Estate, Goregaon East, Mumbai 400063 Disclaimer Product color may slightly vary due to photographic lighting sources on your monitor setting. Customer Care +91 7304053032 Customer Care Email id – sharewithus@styleunion.in 10:30 am to 6:30 pm from Monday to Friday Legal: compliance@nexonomniverse.com Franchise Enquiry Business Partner Form Style Union is a modern Indian fashion brand bringing everyday dressing a new sense of ease and confidence. We have 160+ stores across the country that offer a wide range of clothing for women, men, and kids, with styles made for real routines and changing days. We keep fashion practical and style-forward with weekly new launches across categories. Our online store makes shopping simple with smooth navigation, quick delivery, and access to the latest drops in one place. You can explore full collections, check availability, and shop comfortably from anywhere. We follow a transparent pricing model with no discounts or inflated tags. With a growing retail presence across India and a customer-first mindset, we focus on making fashion honest, accessible, and effortless for all.",8907546961579
"Apr 19, 2026 @ 16:00:52.844",321676f931c71f7a55ae78f17071aac2,https://styleunion.in/collections/mens-sweatshirts/products/regular-fit-solid-sweatshirt-esut00001?variant=46284547195129,Zip Troyer - Solid Sweat Shirt With Zipped High Neck,999,999,,Off White,XL,"Product Details Fabric type: Cotton Polyester Weave type: Knitted Looper Pattern: Solid Length: Full Sleeve Theme: Solid Style: Zip Troyer Neck Sweat Fit Type: Regular Fit Occasion: Casual Wear Description The Classic Zip Troyer Wash and Care Machine Wash 30°C.Wash Dark Colours Separately. Do Not Bleach. Tumble Dry Low. Warm Iron. Do Not Dry Clean. Do Not Iron On Embellishment Made in India Manufactured and Marketed By:- NEXON OMNIVERSE LIMITED Address: D-202, Synthofine Estate, Off Aarey Road, Behind Virvani Ind.Estate, Goregaon East, Mumbai 400063 Disclaimer Product color may slightly vary due to photographic lighting sources on your monitor setting. Customer Care +91 7304053032 Customer Care Email id – sharewithus@styleunion.in 10:30 am to 6:30 pm from Monday to Friday Legal: compliance@nexonomniverse.com Franchise Enquiry Business Partner Form Style Union is a modern Indian fashion brand bringing everyday dressing a new sense of ease and confidence. We have 160+ stores across the country that offer a wide range of clothing for women, men, and kids, with styles made for real routines and changing days. We keep fashion practical and style-forward with weekly new launches across categories. Our online store makes shopping simple with smooth navigation, quick delivery, and access to the latest drops in one place. You can explore full collections, check availability, and shop comfortably from anywhere. We follow a transparent pricing model with no discounts or inflated tags. With a growing retail presence across India and a customer-first mindset, we focus on making fashion honest, accessible, and effortless for all.",8909001507339
"Apr 19, 2026 @ 16:00:53.084",7968e6ed2f04a4adc68a54592f921bef,https://styleunion.in/collections/mens-sweatshirts/products/regular-fit-graphic-sweatshirts-msss00053?variant=46285790970105,Regular Fit Graphic Sweatshirt,1124,1124,,Purple Plumeria,S,"Product Details Fabric type: Cotton Polyester (54% Cotton, 46% Polyester) Weave type: Knit Pattern: Graphic Length: Regular Length Neck Type/ Collar: V Neck Theme: Modern Smart Style: University Jacket Sleeve Type: Full Sleeve Fit Type: Regular Fit Pockets: Welt Pocket, 2 Occasion: Winter Wear Description This graphic pattern sweatshirts has a v neck and full sleeves. Made from cotton polyester, it is soft and comfortable to wear. Wash and Care Machine Wash 40°C. Wash Dark Colours Separately. Do Not Bleach. Tumble Dry Low. Warm Iron. Do Not Dry Clean Made in India Manufactured and Marketed By:- NEXON OMNIVERSE LIMITED Address: D-202, Synthofine Estate, Off Aarey Road, Behind Virvani Ind.Estate, Goregaon East, Mumbai 400063 Disclaimer Product color may slightly vary due to photographic lighting sources on your monitor setting. Customer Care +91 7304053032 Customer Care Email id – sharewithus@styleunion.in 10:30 am to 6:30 pm from Monday to Friday Legal: compliance@nexonomniverse.com Franchise Enquiry Business Partner Form Style Union is a modern Indian fashion brand bringing everyday dressing a new sense of ease and confidence. We have 160+ stores across the country that offer a wide range of clothing for women, men, and kids, with styles made for real routines and changing days. We keep fashion practical and style-forward with weekly new launches across categories. Our online store makes shopping simple with smooth navigation, quick delivery, and access to the latest drops in one place. You can explore full collections, check availability, and shop comfortably from anywhere. We follow a transparent pricing model with no discounts or inflated tags. With a growing retail presence across India and a customer-first mindset, we focus on making fashion honest, accessible, and effortless for all.",8909001033227
"Apr 19, 2026 @ 16:00:53.208",ce3e2eb5172974f282e2253ffad27bcd,https://styleunion.in/collections/mens-sweatshirts/products/high-neck-polair-sweatshirt-hxpl00001?variant=46983013597433,Heat-X Polair Fleece High Neck Sweatshirt- Comfort Stretch & Superior Heat Control,599,599,,Desert,S,"Product Details Fabric Type: 100% Polyester Weave Type: Knit Pattern: Solid Length: Regular Length Neck/Collar Type: High Neck Sleeve Type: Full Sleeve Fit: Regular Fit Pockets: Welt Pocket, 2 Description Experience unparalleled comfort and style with our High Neck Polyester Sweatshirt. Crafted from 100% polyester, this sweatshirt is designed to keep you cozy and warm, making it an essential addition to your wardrobe. The high neck design not only adds a touch of sophistication but also provides extra warmth during chilly days. Perfect for casual outings or lounging at home, this versatile piece is your go-to for effortless style. High Neck Design: Offers additional warmth and a stylish edge, perfect for cooler weather. Full Sleeve Coverage: Ensures complete warmth and comfort, making it ideal for layering. Welt Pockets: Conveniently placed for easy access and added functionality. Solid Pattern: A classic look that pairs well with any outfit, enhancing your wardrobe versatility. Whether you're heading out for a casual day or relaxing at home, this sweatshirt is designed to fit seamlessly into your lifestyle, providing both comfort and style. Wash and Care Machine Wash Cold Gentle Cycle. Wash Dark Color Separately. Do Not Bleach. Tumble Dry Low. Remove Promptly. Cool Iron. Do Not Iron On Embellishment. Do Not Use Fabric Softener. Do Not Dry Clean. Made in India Manufactured and Marketed By:- NEXON OMNIVERSE LIMITED Address: D-202, Synthofine Estate, Off Aarey Road, Behind Virvani Ind.Estate, Goregaon East, Mumbai 400063 Disclaimer Product color may slightly vary due to photographic lighting sources on your monitor setting. Customer Care +91 7304053032 Customer Care Email id – sharewithus@styleunion.in 10:30 am to 6:30 pm from Monday to Friday Legal: compliance@nexonomniverse.com Franchise Enquiry Business Partner Form Style Union is a modern Indian fashion brand bringing everyday dressing a new sense of ease and confidence. We have 160+ stores across the country that offer a wide range of clothing for women, men, and kids, with styles made for real routines and changing days. We keep fashion practical and style-forward with weekly new launches across categories. Our online store makes shopping simple with smooth navigation, quick delivery, and access to the latest drops in one place. You can explore full collections, check availability, and shop comfortably from anywhere. We follow a transparent pricing model with no discounts or inflated tags. With a growing retail presence across India and a customer-first mindset, we focus on making fashion honest, accessible, and effortless for all.",8909001980897
"Apr 19, 2026 @ 16:00:54.612",8f4575d65789472b001fffb7ba3a2e7e,https://styleunion.in/collections/mens-sweatshirts/products/structured-crew-neck-t-shirt-pfct00018?variant=47565991215353,Velocitee™ 26 – Airdry® – Ultra-Light Ventilated Running Tee - Polyamide with Efast,499,499,,Endurance,XS,"Product Details Fabric Type: 88% Polyamide, 12% Spandex Weave Type: Knit Pattern: Solid Length: Regular Length Neck/Collar Type: Crew Neck Sleeve Type: Raglan Sleeve (Half Sleeve) Fit: Regular Fit Description Built for performance, the VELOCITEE running tee is designed to support movement and comfort during high-intensity activities. The raglan sleeve construction enhances mobility, while engineered seams maintain structure and durability. Crafted with micro perforated fabric, it allows improved airflow and ventilation. The lightweight polyamide blend ensures a breathable feel, while stretchable construction supports unrestricted movement throughout your run. Key Features Raglan sleeve crew neck design Micro perforated fabric for ventilation Engineered seam construction Moisture control performance 360° stretch fabric What Makes It Stand Out Keeps you cool and dry during workouts Allows free and flexible movement Lightweight feel for long runs Comfortable against the skin for extended wear Made in India Manufactured and Marketed By:- NEXON OMNIVERSE LIMITED Address: D-202, Synthofine Estate, Off Aarey Road, Behind Virvani Ind.Estate, Goregaon East, Mumbai 400063 Disclaimer Product color may slightly vary due to photographic lighting sources on your monitor setting. Customer Care +91 7304053032 Customer Care Email id – sharewithus@styleunion.in 10:30 am to 6:30 pm from Monday to Friday Legal: compliance@nexonomniverse.com Franchise Enquiry Business Partner Form Style Union is a modern Indian fashion brand bringing everyday dressing a new sense of ease and confidence. We have 160+ stores across the country that offer a wide range of clothing for women, men, and kids, with styles made for real routines and changing days. We keep fashion practical and style-forward with weekly new launches across categories. Our online store makes shopping simple with smooth navigation, quick delivery, and access to the latest drops in one place. You can explore full collections, check availability, and shop comfortably from anywhere. We follow a transparent pricing model with no discounts or inflated tags. With a growing retail presence across India and a customer-first mindset, we focus on making fashion honest, accessible, and effortless for all.",8909001678572
"Apr 19, 2026 @ 16:00:55.281",fe8ec91ce4855e303c0af2d4de932717,https://styleunion.in/collections/mens-sweatshirts/products/regular-fit-graphic-sweatshirt?variant=46287085764857,Popover Sweats™ - Graphic Regular Fit Sweatshirt,799,799,,Hawthorn Rose,S,"Product Details Fabric type: Cotton Polyester (60% Cotton, 40% Polyester) Weave type: Knit Pattern: Graphic Length: Regular Neck Type/ Collar: Crew Neck Theme: Modern Home Style: Popover Sweats M Sleeve Type: Full Sleeve Fit Type: Regular Fit Description Popover Sweats™ - Graphic Regular Fit Sweatshirt has a crew neck and full sleeve. Made from cotton polyester , it is soft and comfortable to wear. Wash and Care Winter wearMachine Wash 40°C. Wash Dark Colours Separately. Do Not Bleach. Tumble Dry Low. Warm Iron. Do Not Dry Clean Made in India Manufactured and Marketed By:- NEXON OMNIVERSE LIMITED Address: D-202, Synthofine Estate, Off Aarey Road, Behind Virvani Ind.Estate, Goregaon East, Mumbai 400063 Disclaimer Product color may slightly vary due to photographic lighting sources on your monitor setting. Customer Care +91 7304053032 Customer Care Email id – sharewithus@styleunion.in 10:30 am to 6:30 pm from Monday to Friday Legal: compliance@nexonomniverse.com Franchise Enquiry Business Partner Form Style Union is a modern Indian fashion brand bringing everyday dressing a new sense of ease and confidence. We have 160+ stores across the country that offer a wide range of clothing for women, men, and kids, with styles made for real routines and changing days. We keep fashion practical and style-forward with weekly new launches across categories. Our online store makes shopping simple with smooth navigation, quick delivery, and access to the latest drops in one place. You can explore full collections, check availability, and shop comfortably from anywhere. We follow a transparent pricing model with no discounts or inflated tags. With a growing retail presence across India and a customer-first mindset, we focus on making fashion honest, accessible, and effortless for all.",8907546961722
"Apr 19, 2026 @ 16:00:55.422",ef2c37a53a2784bbce31fda2b9edc96b,https://styleunion.in/collections/mens-sweatshirts/products/regular-fit-solid-sweatshirt-msss00028?variant=46286235533561,Regular Fit Solid Sweatshirt,999,999,,Moonless Night,S,"Product Details Fabric type: Cotton Polyester (60% Cotton, 40% Polyester) Weave type: Knit Pattern: Solid Length: Regular Length Neck Type/ Collar: Hoodie Theme: Modern Street Style: Hoodie M Sleeve Type: Full Sleeve Fit Type: Regular Fit Pockets: Patch Pocket, 2 Description Stay cozy and stylish with this solid pattern sweatshirt, designed with a modern street theme. Crafted from a soft cotton-polyester blend, this regular fit sweatshirt ensures comfort while adding a trendy layer to your outfit. Soft & Comfortable: Made from a blend of 60% cotton and 40% polyester, this sweatshirt is soft against the skin, providing all-day comfort. Sweatshirt Neck: The classic sweatshirt design offers extra warmth and a sporty look, perfect for casual outings. Regular Length: Its standard length makes it versatile for pairing with various bottoms. Full Sleeve: The full sleeves provide added warmth, making it ideal for chilly days. Regular Fit: Designed for a comfortable fit that flatters a range of body types. Pockets: Features two patch pockets for convenient storage of essentials. Care Instructions: Machine Wash 40°C. Wash Dark Colours Separately. Do Not Bleach. Tumble Dry Low. Warm Iron. Do Not Dry Clean Fabric and Care Winter wearMachine Wash 40°C. Wash Dark Colours Separately. Do Not Bleach. Tumble Dry Low. Warm Iron. Do Not Dry Clean Made in India Manufactured and Marketed By:- NEXON OMNIVERSE LIMITED Address: D-202, Synthofine Estate, Off Aarey Road, Behind Virvani Ind.Estate, Goregaon East, Mumbai 400063 Disclaimer Product color may slightly vary due to photographic lighting sources on your monitor setting. Customer Care +91 7304053032 Customer Care Email id – sharewithus@styleunion.in 10:30 am to 6:30 pm from Monday to Friday Legal: compliance@nexonomniverse.com Franchise Enquiry Business Partner Form Style Union is a modern Indian fashion brand bringing everyday dressing a new sense of ease and confidence. We have 160+ stores across the country that offer a wide range of clothing for women, men, and kids, with styles made for real routines and changing days. We keep fashion practical and style-forward with weekly new launches across categories. Our online store makes shopping simple with smooth navigation, quick delivery, and access to the latest drops in one place. You can explore full collections, check availability, and shop comfortably from anywhere. We follow a transparent pricing model with no discounts or inflated tags. With a growing retail presence across India and a customer-first mindset, we focus on making fashion honest, accessible, and effortless for all.",8909001073728
"Apr 19, 2026 @ 16:00:55.548",17105aaf8b337d4638b93213c4d896cd,https://styleunion.in/collections/mens-sweatshirts/products/regular-fit-graphic-sweatshirts-msss00054?variant=46285790707961,Regular Fit Graphic Sweatshirt,1299,1299,,Moonless Night,S,"Product Details Fabric type: Cotton Polyester (54% Cotton, 46% Polyester) Weave type: Knit Pattern: Graphic Length: Regular Length Neck Type/ Collar: V Neck Theme: Modern Smart Style: University Jacket Sleeve Type: Full Sleeve Fit Type: Regular Fit Pockets: Welt Pocket, 2 Occasion: Winter Wear Description This graphic pattern sweatshirts has a v neck and full sleeves. Made from cotton polyester, it is soft and comfortable to wear. Wash and Care Machine Wash 40°C. Wash Dark Colours Separately. Do Not Bleach. Tumble Dry Low. Warm Iron. Do Not Dry Clean Made in India Manufactured and Marketed By:- NEXON OMNIVERSE LIMITED Address: D-202, Synthofine Estate, Off Aarey Road, Behind Virvani Ind.Estate, Goregaon East, Mumbai 400063 Disclaimer Product color may slightly vary due to photographic lighting sources on your monitor setting. Customer Care +91 7304053032 Customer Care Email id – sharewithus@styleunion.in 10:30 am to 6:30 pm from Monday to Friday Legal: compliance@nexonomniverse.com Franchise Enquiry Business Partner Form Style Union is a modern Indian fashion brand bringing everyday dressing a new sense of ease and confidence. We have 160+ stores across the country that offer a wide range of clothing for women, men, and kids, with styles made for real routines and changing days. We keep fashion practical and style-forward with weekly new launches across categories. Our online store makes shopping simple with smooth navigation, quick delivery, and access to the latest drops in one place. You can explore full collections, check availability, and shop comfortably from anywhere. We follow a transparent pricing model with no discounts or inflated tags. With a growing retail presence across India and a customer-first mindset, we focus on making fashion honest, accessible, and effortless for all.",8909001033272
"Apr 19, 2026 @ 16:00:57.656",c78db7ba51fa4db7aa847103b2b49ce5,https://styleunion.in/collections/mens-sweatshirts/products/regular-fit-solid-shirt-collar-regular-length-shirt-smss00017?variant=46362676330745,Travelator™ Half Sleeve Shirt – Airdry® – 4 Way Ultra Stretch Fabric,699,699,,Black,S,"Product Details Fabric Type: Polyester (100% Elastomultiester) Weave Type: Knit Pattern: Solid Length: Regular Neck/Collar Type: Shirt Collar Sleeve Type: Half Sleeve Fit: Regular Fit Pockets: Patch Pocket, 1 Description Designed for everyday versatility, the Travelator™ Half Sleeve Shirt combines stretchable knit construction with a clean, solid look. The regular fit and shirt collar maintain a structured appearance, while the fabric allows ease of movement, making it suitable for both work and casual settings. Key Features 4-way ultra stretch fabric Wash & wear construction Zero top stitch finish Saville Row finish Patch pocket design What Makes It Stand Out Supports ease of movement throughout the day Maintains a clean and structured look Easy to maintain for regular use Works across formal and casual occasions Made in India Manufactured and Marketed By:- NEXON OMNIVERSE LIMITED Address: D-202, Synthofine Estate, Off Aarey Road, Behind Virvani Ind.Estate, Goregaon East, Mumbai 400063 Disclaimer Product color may slightly vary due to photographic lighting sources on your monitor setting. Customer Care +91 7304053032 Customer Care Email id – sharewithus@styleunion.in 10:30 am to 6:30 pm from Monday to Friday Legal: compliance@nexonomniverse.com Franchise Enquiry Business Partner Form Style Union is a modern Indian fashion brand bringing everyday dressing a new sense of ease and confidence. We have 160+ stores across the country that offer a wide range of clothing for women, men, and kids, with styles made for real routines and changing days. We keep fashion practical and style-forward with weekly new launches across categories. Our online store makes shopping simple with smooth navigation, quick delivery, and access to the latest drops in one place. You can explore full collections, check availability, and shop comfortably from anywhere. We follow a transparent pricing model with no discounts or inflated tags. With a growing retail presence across India and a customer-first mindset, we focus on making fashion honest, accessible, and effortless for all.",8909001584101
"Apr 19, 2026 @ 16:00:58.277",73753fdae2085628022f1a2bd58ebb8e,https://styleunion.in/collections/mens-sweatshirts/products/above-knee-air-dry-sprinter-shorts-pfst00003?variant=47330911486201,Sprinter – Airdry® – Running Shorts with Inner Support,699,699,,Balsam,XS,"Product Details Fabric Type: 90% Polyester, 10% Spandex Weave Type: Knit Pattern: Solid Length: Above Knee Fit: Regular Fit Waist Rise: Mid Rise Pockets: Welt Pocket, 2 Description Built for performance-focused movement, the Sprinter Running Shorts are designed to support you through every stride. The lightweight knit construction combined with stretch fabric allows ease of motion, while the inner brief provides added support during runs and high-intensity sessions. Reflective detailing enhances visibility, making it suitable for both day and low-light conditions. Key Features Inner brief for support Reflective details Engineered seam construction Lightweight knit fabric Stretchable for movement What Makes It Stand Out Designed for running and active use Supports movement with built-in compression Helps maintain comfort during extended wear Suitable for training and outdoor runs Wash & Care Instructions Machine wash at 30°C Wash dark colours separately Do not bleach Tumble dry low Warm iron Do not dry clean Do not iron on embellishments Made in India Manufactured and Marketed By:- NEXON OMNIVERSE LIMITED Address: D-202, Synthofine Estate, Off Aarey Road, Behind Virvani Ind.Estate, Goregaon East, Mumbai 400063 Disclaimer Product color may slightly vary due to photographic lighting sourc Customer Care +91 7304053032 Customer Care Email id – sharewithus@styleunion.in 10:30 am to 6:30 pm from Monday to Friday Legal: compliance@nexonomniverse.com Franchise Enquiry Business Partner Form Style Union is a modern Indian fashion brand bringing everyday dressing a new sense of ease and confidence. We have 160+ stores across the country that offer a wide range of clothing for women, men, and kids, with styles made for real routines and changing days. We keep fashion practical and style-forward with weekly new launches across categories. Our online store makes shopping simple with smooth navigation, quick delivery, and access to the latest drops in one place. You can explore full collections, check availability, and shop comfortably from anywhere. We follow a transparent pricing model with no discounts or inflated tags. With a growing retail presence across India and a customer-first mindset, we focus on making fashion honest, accessible, and effortless for all.",8909404049757
"Apr 19, 2026 @ 16:00:58.434",3673bc87b2424296022e50470cd92633,https://styleunion.in/collections/mens-sweatshirts/products/airess-oversize-solid-t-shirt-atct00004?variant=47184556491001,Airess – Airdry® – Oversized Tee with Superior Drape,499,499,,Beige,XS,"Product Details Fabric Type: 80% Cotton, 20% Polyester Weave Type: Knit Fit: Oversized Neck: Crew Neck Sleeve: Short Sleeve Pattern: Solid Description AIRESS is designed for everyday comfort with a relaxed, oversized silhouette. Made from a cotton-polyester blend, it offers a soft feel with added durability. The breathable fabric helps keep you comfortable through the day, while the drop shoulder and wider neck rib create a laid-back, easy fit. Built for all-day wear, whether you're stepping out or staying in. Key Features Soft cotton blend with a smooth feel Breathable fabric for everyday comfort Oversized fit for a relaxed look Drop shoulder design for ease of movement Durable construction with shape retention What Makes It Stand Out Oversized silhouette with a structured drape Wider neck rib for a distinct look Balanced fabric blend for comfort and durability Easy to style across casual settings Wash & Care Instructions Machine wash at 30°C Wash dark colours separately Do not bleach Tumble dry low Warm iron Do not dry clean Made in India Manufactured and Marketed By:- NEXON OMNIVERSE LIMITED Address: D-202, Synthofine Estate, Off Aarey Road, Behind Virvani Ind.Estate, Goregaon East, Mumbai 400063 Disclaimer Product color may slightly vary due to photographic lighting sources on your monitor setting. Customer Care +91 7304053032 Customer Care Email id – sharewithus@styleunion.in 10:30 am to 6:30 pm from Monday to Friday Legal: compliance@nexonomniverse.com Franchise Enquiry Business Partner Form Style Union is a modern Indian fashion brand bringing everyday dressing a new sense of ease and confidence. We have 160+ stores across the country that offer a wide range of clothing for women, men, and kids, with styles made for real routines and changing days. We keep fashion practical and style-forward with weekly new launches across categories. Our online store makes shopping simple with smooth navigation, quick delivery, and access to the latest drops in one place. You can explore full collections, check availability, and shop comfortably from anywhere. We follow a transparent pricing model with no discounts or inflated tags. With a growing retail presence across India and a customer-first mindset, we focus on making fashion honest, accessible, and effortless for all.",8909404064101
"Apr 19, 2026 @ 16:00:58.592",6fc8b0d2aa486f0d58273740898111b2,https://styleunion.in/collections/mens-sweatshirts/products/solid-mid-rise-aero-shorts-atst00002?variant=47423823905017,Aeroshorts – Airdry® – All Day Comfort Shorts with Relaxed Fit,599,599,,Taupe,XS,"Product Details Fabric Type : 49% Polyester, 46% Modal, 5% Spandex Fit : Relaxed fit Length : Longer inseam Pockets : Patch pocket at back Design Detail : Paneling at front Description Aero shorts are designed with a relaxed fit and longer inseam for ease of movement and all-day comfort. Featuring front paneling for added structure and a patch pocket at the back, these shorts combine functionality with a clean look. Built with a polyester-modal-spandex blend, they offer a soft touch and flexible feel for everyday wear. Key Features Relaxed fit & All-day comfort Longer inseam Paneling at front & Patch pocket at back Quick-dry fabric Breathable & Stretchable Feels soft on touch Superior drape What Makes It Stand Out Aero shorts are built for comfort and ease. The relaxed fit and soft-touch fabric support all-day wear, while the stretchable construction allows flexibility in movement. Wash & Care Instructions Machine wash cold with similar colors Do not bleach Tumble dry low or hang to dry Do not iron directly on trims Do not dry clean Made in India Manufactured and Marketed By:- NEXON OMNIVERSE LIMITED Address: D-202, Synthofine Estate, Off Aarey Road, Behind Virvani Ind.Estate, Goregaon East, Mumbai 400063 Disclaimer Product color may slightly vary due to photographic lighting sources on your monitor setting. Customer Care +91 7304053032 Customer Care Email id – sharewithus@styleunion.in 10:30 am to 6:30 pm from Monday to Friday Legal: compliance@nexonomniverse.com Franchise Enquiry Business Partner Form Style Union is a modern Indian fashion brand bringing everyday dressing a new sense of ease and confidence. We have 160+ stores across the country that offer a wide range of clothing for women, men, and kids, with styles made for real routines and changing days. We keep fashion practical and style-forward with weekly new launches across categories. Our online store makes shopping simple with smooth navigation, quick delivery, and access to the latest drops in one place. You can explore full collections, check availability, and shop comfortably from anywhere. We follow a transparent pricing model with no discounts or inflated tags. With a growing retail presence across India and a customer-first mindset, we focus on making fashion honest, accessible, and effortless for all.",8909404064972
"Apr 19, 2026 @ 16:01:00.668",6e5460a1acb2034f1fb5562c7e9a03ed,https://styleunion.in/collections/mens-sweatshirts/products/travelator-mid-rise-trackpant-airdry-4-way-ultra-stretch-fabric-atlw00004?variant=47566923006201,Travelator™ Pant – Airdry® – 4 Way Ultra Stretch Fabric,1199,1199,,Cement,28,"Product Details Fabric Type: Bionic Polyester Weave type: Knit Pattern: Solid Length: Regular Length Fit: Regular Fit Waist Rise: Mid Rise Pockets: 5 Description Experience next-level comfort with these Airdry Trackpants, engineered for performance, travel, and everyday wear. Crafted using advanced AirDry technology, the fabric ensures rapid moisture evaporation, keeping you cool, dry, and fresh throughout the day. Designed with a lightweight and breathable polyester knit, these trackpants enhance airflow while maintaining a soft, skin-friendly feel. The built-in stretch allows effortless movement, making them ideal for active lifestyles, long travel hours, or all-day wear. The minimal solid design delivers a clean, modern look, while the regular fit provides a balanced silhouette that suits every body type. With its wrinkle-resistant and easy-care properties, this is a true wash-and-wear essential for today’s fast-paced routine. Airdry Technology for fast drying and moisture management Breathable & Lightweight Fabric for all-day freshness 4-Way Stretch Comfort for unrestricted movement Travel-Friendly & Wrinkle-Resistant for easy packing Wash & Wear Convenience for low maintenance Solid Minimal Design for versatile styling Regular Fit for a comfortable and modern silhouette Perfect for travel, workouts, or daily wear, these Airdry trackpants combine performance, style, and convenience in one essential piece. Wash and Care Machine Wash 30°C. Wash Dark Colours Separately. Do Not Bleach. Tumble Dry Low. Warm Iron. Do Not Dry Clean. Do Not Iron On Embellishment. Made in India Manufactured and Marketed By:- NEXON OMNIVERSE LIMITED Address: D-202, Synthofine Estate, Off Aarey Road, Behind Virvani Ind.Estate, Goregaon East, Mumbai 400063 Disclaimer Product color may slightly vary due to photographic lighting sources on your monitor setting. Customer Care +91 7304053032 Customer Care Email id – sharewithus@styleunion.in 10:30 am to 6:30 pm from Monday to Friday Legal: compliance@nexonomniverse.com Franchise Enquiry Business Partner Form Style Union is a modern Indian fashion brand bringing everyday dressing a new sense of ease and confidence. We have 160+ stores across the country that offer a wide range of clothing for women, men, and kids, with styles made for real routines and changing days. We keep fashion practical and style-forward with weekly new launches across categories. Our online store makes shopping simple with smooth navigation, quick delivery, and access to the latest drops in one place. You can explore full collections, check availability, and shop comfortably from anywhere. We follow a transparent pricing model with no discounts or inflated tags. With a growing retail presence across India and a customer-first mindset, we focus on making fashion honest, accessible, and effortless for all.",8909404062589
"Apr 19, 2026 @ 16:01:00.795",a8daeac612c283da24351e06ac4aee47,https://styleunion.in/collections/mens-sweatshirts/products/oversize-jacquard-hoodie-uplifter-sweatshirt-pfsws00001?variant=47423828001017,Uplifter – Airdry® – Sleeveless Hoodie with Stretch Training Fit,599,599,,White,XS,"Product Details Fabric Type: 80% Polyester, 20% Spandex Weave Type: Knit Pattern: Solid Length: Regular Length Neck/Collar Type: Hoodie Sleeve Type: Sleeveless Fit: Relaxed Fit Description Built for training and active movement, the Uplifter sleeveless hoodie combines a structured knit fabric with a relaxed fit for ease and flexibility. The sleeveless design allows unrestricted arm movement, while the adjustable hood toggle adds functional detail. Designed to support performance, it maintains a clean and athletic look throughout your workout. Key Features Sleeveless hoodie design Structured fabric construction Adjustable hood toggle Relaxed fit for comfort What Makes It Stand Out Allows free movement during workouts Comfortable for training sessions Lightweight feel for active use Soft touch for everyday wear Wash & Care Instructions Machine wash at 30°C Wash dark colours separately Do not bleach Tumble dry low Warm iron Do not dry clean Do not iron on embellishment Made in India Manufactured and Marketed By:- NEXON OMNIVERSE LIMITED Address: D-202, Synthofine Estate, Off Aarey Road, Behind Virvani Ind.Estate, Goregaon East, Mumbai 400063 Disclaimer Product color may slightly vary due to photographic lighting sources on your monitor setting. Customer Care +91 7304053032 Customer Care Email id – sharewithus@styleunion.in 10:30 am to 6:30 pm from Monday to Friday Legal: compliance@nexonomniverse.com Franchise Enquiry Business Partner Form Style Union is a modern Indian fashion brand bringing everyday dressing a new sense of ease and confidence. We have 160+ stores across the country that offer a wide range of clothing for women, men, and kids, with styles made for real routines and changing days. We keep fashion practical and style-forward with weekly new launches across categories. Our online store makes shopping simple with smooth navigation, quick delivery, and access to the latest drops in one place. You can explore full collections, check availability, and shop comfortably from anywhere. We follow a transparent pricing model with no discounts or inflated tags. With a growing retail presence across India and a customer-first mindset, we focus on making fashion honest, accessible, and effortless for all.",8909404064576
"Apr 19, 2026 @ 16:01:01.141",aad3e01365e77d221a357e081f454f6c,https://styleunion.in/collections/womens-sweatshirts/products/airess-oversize-solid-t-shirt-atct00004?variant=47184556491001,Airess – Airdry® – Oversized Tee with Superior Drape,499,499,,Beige,XS,"Product Details Fabric Type: 80% Cotton, 20% Polyester Weave Type: Knit Fit: Oversized Neck: Crew Neck Sleeve: Short Sleeve Pattern: Solid Description AIRESS is designed for everyday comfort with a relaxed, oversized silhouette. Made from a cotton-polyester blend, it offers a soft feel with added durability. The breathable fabric helps keep you comfortable through the day, while the drop shoulder and wider neck rib create a laid-back, easy fit. Built for all-day wear, whether you're stepping out or staying in. Key Features Soft cotton blend with a smooth feel Breathable fabric for everyday comfort Oversized fit for a relaxed look Drop shoulder design for ease of movement Durable construction with shape retention What Makes It Stand Out Oversized silhouette with a structured drape Wider neck rib for a distinct look Balanced fabric blend for comfort and durability Easy to style across casual settings Wash & Care Instructions Machine wash at 30°C Wash dark colours separately Do not bleach Tumble dry low Warm iron Do not dry clean Made in India Manufactured and Marketed By:- NEXON OMNIVERSE LIMITED Address: D-202, Synthofine Estate, Off Aarey Road, Behind Virvani Ind.Estate, Goregaon East, Mumbai 400063 Disclaimer Product color may slightly vary due to photographic lighting sources on your monitor setting. Customer Care +91 7304053032 Customer Care Email id – sharewithus@styleunion.in 10:30 am to 6:30 pm from Monday to Friday Legal: compliance@nexonomniverse.com Franchise Enquiry Business Partner Form Style Union is a modern Indian fashion brand bringing everyday dressing a new sense of ease and confidence. We have 160+ stores across the country that offer a wide range of clothing for women, men, and kids, with styles made for real routines and changing days. We keep fashion practical and style-forward with weekly new launches across categories. Our online store makes shopping simple with smooth navigation, quick delivery, and access to the latest drops in one place. You can explore full collections, check availability, and shop comfortably from anywhere. We follow a transparent pricing model with no discounts or inflated tags. With a growing retail presence across India and a customer-first mindset, we focus on making fashion honest, accessible, and effortless for all.",8909404064101
"Apr 19, 2026 @ 16:01:01.276",f82ebc976ea46d6402a372de5a7d6762,https://styleunion.in/collections/mens-sweatshirts/products/knitted-solid-flxtrack-air-pants-pflw00003?variant=47423827837177,Flxtrack – Airdry® – Built for Flexibility & Everyday Movement,799,799,,Taupe,S,"Product Details Fabric Type: Polyester Spandex(90% , 10% Spandex) Weave Type: Knit Pattern: Solid Length: Regular Length Fit: Regular Fit Pockets: Welt Pocket, 3 Waist Rise: Mid Rise Description Elevate your casual wardrobe with Flxtrack – Airdry® – built for flexibility & everyday movement, designed for men who value comfort and style. Crafted from a blend of polyester and spandex, these pants offer flexibility and breathability for everyday wear. Regular fit ensures a comfortable and relaxed silhouette, perfect for active lifestyles. Constructed with a durable knit fabric, providing both stretch and breathability for all-day wear. Features three welt pockets, offering ample storage for your essentials without compromising style. Mid rise waist design enhances comfort while maintaining a modern look suitable for various occasions. Pair with a simple tee and sneakers for a laid-back look, or dress them up with a button-up for a smart-casual ensemble. Wash and Care Machine Wash 30°C.Wash Dark Colours Separately. Do Not Bleach. Do Not Tumble Dry. Warm Iron. Do Not Dry Clean. Do Not Iron On Embellishment Made in India Manufactured and Marketed By:- NEXON OMNIVERSE LIMITED Address: D-202, Synthofine Estate, Off Aarey Road, Behind Virvani Ind.Estate, Goregaon East, Mumbai 400063 Disclaimer Product color may slightly vary due to photographic lighting sources on your monitor setting. Customer Care +91 7304053032 Customer Care Email id – sharewithus@styleunion.in 10:30 am to 6:30 pm from Monday to Friday Legal: compliance@nexonomniverse.com Franchise Enquiry Business Partner Form Style Union is a modern Indian fashion brand bringing everyday dressing a new sense of ease and confidence. We have 160+ stores across the country that offer a wide range of clothing for women, men, and kids, with styles made for real routines and changing days. We keep fashion practical and style-forward with weekly new launches across categories. Our online store makes shopping simple with smooth navigation, quick delivery, and access to the latest drops in one place. You can explore full collections, check availability, and shop comfortably from anywhere. We follow a transparent pricing model with no discounts or inflated tags. With a growing retail presence across India and a customer-first mindset, we focus on making fashion honest, accessible, and effortless for all.",8909404112123
"Apr 19, 2026 @ 16:01:03.298",a7b8a518f6d640070f075049d7aee1e3,https://styleunion.in/collections/womens-sweatshirts/products/above-knee-air-dry-sprinter-shorts-pfst00003?variant=47330911486201,Sprinter – Airdry® – Running Shorts with Inner Support,699,699,,Balsam,XS,"Product Details Fabric Type: 90% Polyester, 10% Spandex Weave Type: Knit Pattern: Solid Length: Above Knee Fit: Regular Fit Waist Rise: Mid Rise Pockets: Welt Pocket, 2 Description Built for performance-focused movement, the Sprinter Running Shorts are designed to support you through every stride. The lightweight knit construction combined with stretch fabric allows ease of motion, while the inner brief provides added support during runs and high-intensity sessions. Reflective detailing enhances visibility, making it suitable for both day and low-light conditions. Key Features Inner brief for support Reflective details Engineered seam construction Lightweight knit fabric Stretchable for movement What Makes It Stand Out Designed for running and active use Supports movement with built-in compression Helps maintain comfort during extended wear Suitable for training and outdoor runs Wash & Care Instructions Machine wash at 30°C Wash dark colours separately Do not bleach Tumble dry low Warm iron Do not dry clean Do not iron on embellishments Made in India Manufactured and Marketed By:- NEXON OMNIVERSE LIMITED Address: D-202, Synthofine Estate, Off Aarey Road, Behind Virvani Ind.Estate, Goregaon East, Mumbai 400063 Disclaimer Product color may slightly vary due to photographic lighting sourc Customer Care +91 7304053032 Customer Care Email id – sharewithus@styleunion.in 10:30 am to 6:30 pm from Monday to Friday Legal: compliance@nexonomniverse.com Franchise Enquiry Business Partner Form Style Union is a modern Indian fashion brand bringing everyday dressing a new sense of ease and confidence. We have 160+ stores across the country that offer a wide range of clothing for women, men, and kids, with styles made for real routines and changing days. We keep fashion practical and style-forward with weekly new launches across categories. Our online store makes shopping simple with smooth navigation, quick delivery, and access to the latest drops in one place. You can explore full collections, check availability, and shop comfortably from anywhere. We follow a transparent pricing model with no discounts or inflated tags. With a growing retail presence across India and a customer-first mindset, we focus on making fashion honest, accessible, and effortless for all.",8909404049757
"Apr 19, 2026 @ 16:01:03.628",ac55c140d3c03a9ad9db13630bd68b80,https://styleunion.in/collections/womens-sweatshirts/products/solid-mid-rise-aero-shorts-atst00002?variant=47423823905017,Aeroshorts – Airdry® – All Day Comfort Shorts with Relaxed Fit,599,599,,Taupe,XS,"Product Details Fabric Type : 49% Polyester, 46% Modal, 5% Spandex Fit : Relaxed fit Length : Longer inseam Pockets : Patch pocket at back Design Detail : Paneling at front Description Aero shorts are designed with a relaxed fit and longer inseam for ease of movement and all-day comfort. Featuring front paneling for added structure and a patch pocket at the back, these shorts combine functionality with a clean look. Built with a polyester-modal-spandex blend, they offer a soft touch and flexible feel for everyday wear. Key Features Relaxed fit & All-day comfort Longer inseam Paneling at front & Patch pocket at back Quick-dry fabric Breathable & Stretchable Feels soft on touch Superior drape What Makes It Stand Out Aero shorts are built for comfort and ease. The relaxed fit and soft-touch fabric support all-day wear, while the stretchable construction allows flexibility in movement. Wash & Care Instructions Machine wash cold with similar colors Do not bleach Tumble dry low or hang to dry Do not iron directly on trims Do not dry clean Made in India Manufactured and Marketed By:- NEXON OMNIVERSE LIMITED Address: D-202, Synthofine Estate, Off Aarey Road, Behind Virvani Ind.Estate, Goregaon East, Mumbai 400063 Disclaimer Product color may slightly vary due to photographic lighting sources on your monitor setting. Customer Care +91 7304053032 Customer Care Email id – sharewithus@styleunion.in 10:30 am to 6:30 pm from Monday to Friday Legal: compliance@nexonomniverse.com Franchise Enquiry Business Partner Form Style Union is a modern Indian fashion brand bringing everyday dressing a new sense of ease and confidence. We have 160+ stores across the country that offer a wide range of clothing for women, men, and kids, with styles made for real routines and changing days. We keep fashion practical and style-forward with weekly new launches across categories. Our online store makes shopping simple with smooth navigation, quick delivery, and access to the latest drops in one place. You can explore full collections, check availability, and shop comfortably from anywhere. We follow a transparent pricing model with no discounts or inflated tags. With a growing retail presence across India and a customer-first mindset, we focus on making fashion honest, accessible, and effortless for all.",8909404064972
"Apr 19, 2026 @ 16:01:03.794",0c1e649ed767fbe18fb6e5ab61532d87,https://styleunion.in/collections/womens-sweatshirts/products/structured-crew-neck-t-shirt-pfct00018?variant=47565991215353,Velocitee™ 26 – Airdry® – Ultra-Light Ventilated Running Tee - Polyamide with Efast,499,499,,Endurance,XS,"Product Details Fabric Type: 88% Polyamide, 12% Spandex Weave Type: Knit Pattern: Solid Length: Regular Length Neck/Collar Type: Crew Neck Sleeve Type: Raglan Sleeve (Half Sleeve) Fit: Regular Fit Description Built for performance, the VELOCITEE running tee is designed to support movement and comfort during high-intensity activities. The raglan sleeve construction enhances mobility, while engineered seams maintain structure and durability. Crafted with micro perforated fabric, it allows improved airflow and ventilation. The lightweight polyamide blend ensures a breathable feel, while stretchable construction supports unrestricted movement throughout your run. Key Features Raglan sleeve crew neck design Micro perforated fabric for ventilation Engineered seam construction Moisture control performance 360° stretch fabric What Makes It Stand Out Keeps you cool and dry during workouts Allows free and flexible movement Lightweight feel for long runs Comfortable against the skin for extended wear Made in India Manufactured and Marketed By:- NEXON OMNIVERSE LIMITED Address: D-202, Synthofine Estate, Off Aarey Road, Behind Virvani Ind.Estate, Goregaon East, Mumbai 400063 Disclaimer Product color may slightly vary due to photographic lighting sources on your monitor setting. Customer Care +91 7304053032 Customer Care Email id – sharewithus@styleunion.in 10:30 am to 6:30 pm from Monday to Friday Legal: compliance@nexonomniverse.com Franchise Enquiry Business Partner Form Style Union is a modern Indian fashion brand bringing everyday dressing a new sense of ease and confidence. We have 160+ stores across the country that offer a wide range of clothing for women, men, and kids, with styles made for real routines and changing days. We keep fashion practical and style-forward with weekly new launches across categories. Our online store makes shopping simple with smooth navigation, quick delivery, and access to the latest drops in one place. You can explore full collections, check availability, and shop comfortably from anywhere. We follow a transparent pricing model with no discounts or inflated tags. With a growing retail presence across India and a customer-first mindset, we focus on making fashion honest, accessible, and effortless for all.",8909001678572
"Apr 19, 2026 @ 16:01:04.119",b90fbd4447b952d83bcbde1e323f6086,https://styleunion.in/collections/womens-sweatshirts/products/travelator-mid-rise-trackpant-airdry-4-way-ultra-stretch-fabric-atlw00004?variant=47566923006201,Travelator™ Pant – Airdry® – 4 Way Ultra Stretch Fabric,1199,1199,,Cement,28,"Product Details Fabric Type: Bionic Polyester Weave type: Knit Pattern: Solid Length: Regular Length Fit: Regular Fit Waist Rise: Mid Rise Pockets: 5 Description Experience next-level comfort with these Airdry Trackpants, engineered for performance, travel, and everyday wear. Crafted using advanced AirDry technology, the fabric ensures rapid moisture evaporation, keeping you cool, dry, and fresh throughout the day. Designed with a lightweight and breathable polyester knit, these trackpants enhance airflow while maintaining a soft, skin-friendly feel. The built-in stretch allows effortless movement, making them ideal for active lifestyles, long travel hours, or all-day wear. The minimal solid design delivers a clean, modern look, while the regular fit provides a balanced silhouette that suits every body type. With its wrinkle-resistant and easy-care properties, this is a true wash-and-wear essential for today’s fast-paced routine. Airdry Technology for fast drying and moisture management Breathable & Lightweight Fabric for all-day freshness 4-Way Stretch Comfort for unrestricted movement Travel-Friendly & Wrinkle-Resistant for easy packing Wash & Wear Convenience for low maintenance Solid Minimal Design for versatile styling Regular Fit for a comfortable and modern silhouette Perfect for travel, workouts, or daily wear, these Airdry trackpants combine performance, style, and convenience in one essential piece. Wash and Care Machine Wash 30°C. Wash Dark Colours Separately. Do Not Bleach. Tumble Dry Low. Warm Iron. Do Not Dry Clean. Do Not Iron On Embellishment. Made in India Manufactured and Marketed By:- NEXON OMNIVERSE LIMITED Address: D-202, Synthofine Estate, Off Aarey Road, Behind Virvani Ind.Estate, Goregaon East, Mumbai 400063 Disclaimer Product color may slightly vary due to photographic lighting sources on your monitor setting. Customer Care +91 7304053032 Customer Care Email id – sharewithus@styleunion.in 10:30 am to 6:30 pm from Monday to Friday Legal: compliance@nexonomniverse.com Franchise Enquiry Business Partner Form Style Union is a modern Indian fashion brand bringing everyday dressing a new sense of ease and confidence. We have 160+ stores across the country that offer a wide range of clothing for women, men, and kids, with styles made for real routines and changing days. We keep fashion practical and style-forward with weekly new launches across categories. Our online store makes shopping simple with smooth navigation, quick delivery, and access to the latest drops in one place. You can explore full collections, check availability, and shop comfortably from anywhere. We follow a transparent pricing model with no discounts or inflated tags. With a growing retail presence across India and a customer-first mindset, we focus on making fashion honest, accessible, and effortless for all.",8909404062589
"Apr 19, 2026 @ 16:01:05.978",565a6f5f2f26a56734bbcba04ef0e840,https://styleunion.in/collections/womens-sweatshirts/products/regular-fit-solid-shirt-collar-regular-length-shirt-smss00017?variant=46362676330745,Travelator™ Half Sleeve Shirt – Airdry® – 4 Way Ultra Stretch Fabric,699,699,,Black,S,"Product Details Fabric Type: Polyester (100% Elastomultiester) Weave Type: Knit Pattern: Solid Length: Regular Neck/Collar Type: Shirt Collar Sleeve Type: Half Sleeve Fit: Regular Fit Pockets: Patch Pocket, 1 Description Designed for everyday versatility, the Travelator™ Half Sleeve Shirt combines stretchable knit construction with a clean, solid look. The regular fit and shirt collar maintain a structured appearance, while the fabric allows ease of movement, making it suitable for both work and casual settings. Key Features 4-way ultra stretch fabric Wash & wear construction Zero top stitch finish Saville Row finish Patch pocket design What Makes It Stand Out Supports ease of movement throughout the day Maintains a clean and structured look Easy to maintain for regular use Works across formal and casual occasions Made in India Manufactured and Marketed By:- NEXON OMNIVERSE LIMITED Address: D-202, Synthofine Estate, Off Aarey Road, Behind Virvani Ind.Estate, Goregaon East, Mumbai 400063 Disclaimer Product color may slightly vary due to photographic lighting sources on your monitor setting. Customer Care +91 7304053032 Customer Care Email id – sharewithus@styleunion.in 10:30 am to 6:30 pm from Monday to Friday Legal: compliance@nexonomniverse.com Franchise Enquiry Business Partner Form Style Union is a modern Indian fashion brand bringing everyday dressing a new sense of ease and confidence. We have 160+ stores across the country that offer a wide range of clothing for women, men, and kids, with styles made for real routines and changing days. We keep fashion practical and style-forward with weekly new launches across categories. Our online store makes shopping simple with smooth navigation, quick delivery, and access to the latest drops in one place. You can explore full collections, check availability, and shop comfortably from anywhere. We follow a transparent pricing model with no discounts or inflated tags. With a growing retail presence across India and a customer-first mindset, we focus on making fashion honest, accessible, and effortless for all.",8909001584101
"Apr 19, 2026 @ 16:01:06.140",3d0e5c7fd6766c416c229fd9165399c6,https://styleunion.in/collections/mens-jeans/products/straight-fit-classic-knitted-full-length-jeans-udadv00025?variant=46284293406969,Straight Fit Classic Knitted Full Length Jeans,1592,1592,,Indigo,28,"Product Details Fabric: Cotton Polyester Fabric Composition: 80% Cotton, 20% Polyester Weave Type: Woven Pattern: Solid Length: Full Length Fit: Straight Fit Waist Rise: Mid Rise Pockets: 5 Description Experience timeless style and unmatched comfort with these Straight Fit Vintage Towel Washed Jeans. Designed for versatility, these jeans are perfect for both casual outings and semi-formal occasions. The vintage towel wash adds a unique, lived-in look, making them a standout addition to your wardrobe. Straight Fit: Offers a modern, tailored silhouette that complements all body types. Mid Rise Waist: Provides a comfortable fit that sits just below the waist. Five Pockets: Combines style and functionality with ample storage space. Full Length: Ensures a polished and complete look. Wash and Care Machine Wash at 40°C. Wash dark colours separately. Do not bleach. Tumble dry on low heat. Warm iron. Do not dry clean. Do not iron on embellishment. Made in India Manufactured and Marketed By:- NEXON OMNIVERSE LIMITED Address: D-202, Synthofine Estate, Off Aarey Road, Behind Virvani Ind.Estate, Goregaon East, Mumbai 400063 Disclaimer Denim has a natural character to fade over time, influenced by general wear and tear, washing and sunlight. Each pair fades uniquely creating a personalised look. To minimise fading, wash inside out and limit exposure to sunlight. However, some fading is inevitable and should be embraced as part of denim’s natural fading process. UNION OF DENIMS Customer Care +91 7304053032 Customer Care Email id – sharewithus@styleunion.in 10:30 am to 6:30 pm from Monday to Friday Legal: compliance@nexonomniverse.com Franchise Enquiry Business Partner Form Style Union is a modern Indian fashion brand bringing everyday dressing a new sense of ease and confidence. We have 160+ stores across the country that offer a wide range of clothing for women, men, and kids, with styles made for real routines and changing days. We keep fashion practical and style-forward with weekly new launches across categories. Our online store makes shopping simple with smooth navigation, quick delivery, and access to the latest drops in one place. You can explore full collections, check availability, and shop comfortably from anywhere. We follow a transparent pricing model with no discounts or inflated tags. With a growing retail presence across India and a customer-first mindset, we focus on making fashion honest, accessible, and effortless for all.",8909001375976
"Apr 19, 2026 @ 16:01:06.270",902415bd4fda6f82aff425e0084dc5d3,https://styleunion.in/collections/womens-sweatshirts/products/oversize-jacquard-hoodie-uplifter-sweatshirt-pfsws00001?variant=47423828001017,Uplifter – Airdry® – Sleeveless Hoodie with Stretch Training Fit,599,599,,White,XS,"Product Details Fabric Type: 80% Polyester, 20% Spandex Weave Type: Knit Pattern: Solid Length: Regular Length Neck/Collar Type: Hoodie Sleeve Type: Sleeveless Fit: Relaxed Fit Description Built for training and active movement, the Uplifter sleeveless hoodie combines a structured knit fabric with a relaxed fit for ease and flexibility. The sleeveless design allows unrestricted arm movement, while the adjustable hood toggle adds functional detail. Designed to support performance, it maintains a clean and athletic look throughout your workout. Key Features Sleeveless hoodie design Structured fabric construction Adjustable hood toggle Relaxed fit for comfort What Makes It Stand Out Allows free movement during workouts Comfortable for training sessions Lightweight feel for active use Soft touch for everyday wear Wash & Care Instructions Machine wash at 30°C Wash dark colours separately Do not bleach Tumble dry low Warm iron Do not dry clean Do not iron on embellishment Made in India Manufactured and Marketed By:- NEXON OMNIVERSE LIMITED Address: D-202, Synthofine Estate, Off Aarey Road, Behind Virvani Ind.Estate, Goregaon East, Mumbai 400063 Disclaimer Product color may slightly vary due to photographic lighting sources on your monitor setting. Customer Care +91 7304053032 Customer Care Email id – sharewithus@styleunion.in 10:30 am to 6:30 pm from Monday to Friday Legal: compliance@nexonomniverse.com Franchise Enquiry Business Partner Form Style Union is a modern Indian fashion brand bringing everyday dressing a new sense of ease and confidence. We have 160+ stores across the country that offer a wide range of clothing for women, men, and kids, with styles made for real routines and changing days. We keep fashion practical and style-forward with weekly new launches across categories. Our online store makes shopping simple with smooth navigation, quick delivery, and access to the latest drops in one place. You can explore full collections, check availability, and shop comfortably from anywhere. We follow a transparent pricing model with no discounts or inflated tags. With a growing retail presence across India and a customer-first mindset, we focus on making fashion honest, accessible, and effortless for all.",8909404064576
"Apr 19, 2026 @ 16:01:06.820",4a85ef75ad6cda346f1d1cc587c0133e,https://styleunion.in/collections/mens-jeans/products/skinny-fit-whisker-wash-full-length-jeans-udess00002?variant=46284236423417,Union of Denim® Whisker Washed With E-Fast® Stretch Skinny Fit Jeans,999,999,,Charcoal,28,"Product Details Fabric Type: 98% Cotton, 2% Spandex Weave Type: Woven Pattern: Stone Wash Length: Full Length Fit: Skinny Fit Waist Rise: Mid Rise Pockets: 5 Description Experience the perfect blend of comfort and style with the Union of Denim® Whisker Washed Skinny Fit Jeans. These jeans are designed to move with you, thanks to the E-Fast® Stretch technology, ensuring you never feel restricted. The stone wash pattern adds a rugged, yet sophisticated look, making these jeans versatile for any occasion. Whether you're heading to a casual outing or a night out, these jeans will keep you looking sharp and feeling comfortable. Comfortable Stretch: The 2% Spandex blend provides just the right amount of stretch, allowing for ease of movement without compromising on style. Modern Skinny Fit: Tailored to fit close to the body, these jeans offer a sleek and contemporary silhouette. Mid Rise Waist: Sits comfortably at the waist, providing a secure fit that complements your natural shape. Durable Fabric: Made with 98% cotton, these jeans are both breathable and durable, perfect for everyday wear. Versatile Style: The stone wash finish gives a unique, edgy look that pairs well with both casual and street topwear. Imagine yourself wearing these jeans on a weekend getaway, a casual day at work, or a night out with friends. Their adaptability makes them a staple in any wardrobe. Wash and Care Machine Wash 40°C. Wash Dark Colours Separately. Do Not Bleach. Tumble Dry Low. Warm Iron. Do Not Dry Clean. Do Not Iron On Embellishment. Made in India Manufactured and Marketed By:- NEXON OMNIVERSE LIMITED Address: D-202, Synthofine Estate, Off Aarey Road, Behind Virvani Ind.Estate, Goregaon East, Mumbai 400063 Disclaimer Denim has a natural character to fade over time, influenced by general wear and tear, washing and sunlight. Each pair fades uniquely creating a personalised look. To minimise fading, wash inside out and limit exposure to sunlight. However, some fading is inevitable and should be embraced as part of denim’s natural fading process. UNION OF DENIMS Customer Care +91 7304053032 Customer Care Email id – sharewithus@styleunion.in 10:30 am to 6:30 pm from Monday to Friday Legal: compliance@nexonomniverse.com Franchise Enquiry Business Partner Form Style Union is a modern Indian fashion brand bringing everyday dressing a new sense of ease and confidence. We have 160+ stores across the country that offer a wide range of clothing for women, men, and kids, with styles made for real routines and changing days. We keep fashion practical and style-forward with weekly new launches across categories. Our online store makes shopping simple with smooth navigation, quick delivery, and access to the latest drops in one place. You can explore full collections, check availability, and shop comfortably from anywhere. We follow a transparent pricing model with no discounts or inflated tags. With a growing retail presence across India and a customer-first mindset, we focus on making fashion honest, accessible, and effortless for all.",8909001427439
"Apr 19, 2026 @ 16:01:08.400",2bdc4198ec0970b7d8f873d3219a5653,https://styleunion.in/collections/mens-jeans/products/straight-fit-classic-knitted-full-length-jeans-udadv00023?variant=46284293603577,Union of Denim® - Adv XXII - Knitted Structure Denim - Straight Fit Classic Full Length Jeans,1592,1592,,Indigo,28,"Product Details Fabric: Cotton Polyester Fabric Composition: 80% Cotton, 20% Polyester Weave Type: Woven Pattern: Solid Length: Full Length Fit: Straight Fit Waist Rise: Mid Rise Pockets: 5 Description Experience the perfect blend of comfort and style with these classic straight-fit jeans. Crafted from a durable cotton-polyester blend, they offer a versatile look suitable for any occasion. The mid-rise waist and full-length design ensure a flattering fit, while the five pockets add functionality without compromising on style. Whether you're dressing up or down, these jeans are a wardrobe essential. Straight Fit: Modern and tailored for a sleek silhouette. Durable Fabric: Made from 80% cotton and 20% polyester for long-lasting wear. Functional Design: Features five pockets for added convenience. Wash and Care Machine wash at 40°C. Wash dark colors separately. Do not bleach. Tumble dry on low heat. Warm iron. Do not dry clean. Do not iron on embellishment. Made in India Manufactured and Marketed By:- NEXON OMNIVERSE LIMITED Address: D-202, Synthofine Estate, Off Aarey Road, Behind Virvani Ind.Estate, Goregaon East, Mumbai 400063 Disclaimer Denim has a natural character to fade over time, influenced by general wear and tear, washing and sunlight. Each pair fades uniquely creating a personalised look. To minimise fading, wash inside out and limit exposure to sunlight. However, some fading is inevitable and should be embraced as part of denim’s natural fading process. UNION OF DENIMS Customer Care +91 7304053032 Customer Care Email id – sharewithus@styleunion.in 10:30 am to 6:30 pm from Monday to Friday Legal: compliance@nexonomniverse.com Franchise Enquiry Business Partner Form Style Union is a modern Indian fashion brand bringing everyday dressing a new sense of ease and confidence. We have 160+ stores across the country that offer a wide range of clothing for women, men, and kids, with styles made for real routines and changing days. We keep fashion practical and style-forward with weekly new launches across categories. Our online store makes shopping simple with smooth navigation, quick delivery, and access to the latest drops in one place. You can explore full collections, check availability, and shop comfortably from anywhere. We follow a transparent pricing model with no discounts or inflated tags. With a growing retail presence across India and a customer-first mindset, we focus on making fashion honest, accessible, and effortless for all.",8909001378175
"Apr 19, 2026 @ 16:01:08.567",e674e1bf15976ce79635e79e9a7cb632,https://styleunion.in/collections/womens-sweatshirts/products/knitted-solid-flxtrack-air-pants-pflw00003?variant=47423827837177,Flxtrack – Airdry® – Built for Flexibility & Everyday Movement,799,799,,Taupe,S,"Product Details Fabric Type: Polyester Spandex(90% , 10% Spandex) Weave Type: Knit Pattern: Solid Length: Regular Length Fit: Regular Fit Pockets: Welt Pocket, 3 Waist Rise: Mid Rise Description Elevate your casual wardrobe with Flxtrack – Airdry® – built for flexibility & everyday movement, designed for men who value comfort and style. Crafted from a blend of polyester and spandex, these pants offer flexibility and breathability for everyday wear. Regular fit ensures a comfortable and relaxed silhouette, perfect for active lifestyles. Constructed with a durable knit fabric, providing both stretch and breathability for all-day wear. Features three welt pockets, offering ample storage for your essentials without compromising style. Mid rise waist design enhances comfort while maintaining a modern look suitable for various occasions. Pair with a simple tee and sneakers for a laid-back look, or dress them up with a button-up for a smart-casual ensemble. Wash and Care Machine Wash 30°C.Wash Dark Colours Separately. Do Not Bleach. Do Not Tumble Dry. Warm Iron. Do Not Dry Clean. Do Not Iron On Embellishment Made in India Manufactured and Marketed By:- NEXON OMNIVERSE LIMITED Address: D-202, Synthofine Estate, Off Aarey Road, Behind Virvani Ind.Estate, Goregaon East, Mumbai 400063 Disclaimer Product color may slightly vary due to photographic lighting sources on your monitor setting. Customer Care +91 7304053032 Customer Care Email id – sharewithus@styleunion.in 10:30 am to 6:30 pm from Monday to Friday Legal: compliance@nexonomniverse.com Franchise Enquiry Business Partner Form Style Union is a modern Indian fashion brand bringing everyday dressing a new sense of ease and confidence. We have 160+ stores across the country that offer a wide range of clothing for women, men, and kids, with styles made for real routines and changing days. We keep fashion practical and style-forward with weekly new launches across categories. Our online store makes shopping simple with smooth navigation, quick delivery, and access to the latest drops in one place. You can explore full collections, check availability, and shop comfortably from anywhere. We follow a transparent pricing model with no discounts or inflated tags. With a growing retail presence across India and a customer-first mindset, we focus on making fashion honest, accessible, and effortless for all.",8909404112123
"Apr 19, 2026 @ 16:01:08.698",88730a2650581e3653955fb00ef7aa04,https://styleunion.in/collections/mens-jeans/products/skinny-fit-classic-washed-jeans-udadv00004?variant=46284334563577,Union of Denim® - Adv XII Authentic Indigo Denim With E-Fast® Stretch - Skinny Fit  Jeans,1217,1217,,Grey Tint,30,"Product Details Fabric type: Cotton Polyester E-Fast® Stretch Weave type: Woven Pattern: Solid Length: Full Length Theme: Adv Series Fit Type: Skinny Fit Rise Style: Mid Rise Pockets: 5 Description These solid pattern skinny fit jeans has full length, mid rise waist. Made from cotton polyester, it is soft and comfortable to wear. Wash and Care Machine Wash 40°C.Wash Dark Colours Separately.Do Not Bleach. Tumble Dry Low. Warm Iron. Do Not Dry Clean. Do Not Iron On Embellishment Made in India Manufactured and Marketed By:- NEXON OMNIVERSE LIMITED Address: D-202, Synthofine Estate, Off Aarey Road, Behind Virvani Ind.Estate, Goregaon East, Mumbai 400063 Disclaimer Denim has a natural character to fade over time, influenced by general wear and tear, washing and sunlight. Each pair fades uniquely creating a personalised look. To minimise fading, wash inside out and limit exposure to sunlight. However, some fading is inevitable and should be embraced as part of denim’s natural fading process. UNION OF DENIMS Customer Care +91 7304053032 Customer Care Email id – sharewithus@styleunion.in 10:30 am to 6:30 pm from Monday to Friday Legal: compliance@nexonomniverse.com Franchise Enquiry Business Partner Form Style Union is a modern Indian fashion brand bringing everyday dressing a new sense of ease and confidence. We have 160+ stores across the country that offer a wide range of clothing for women, men, and kids, with styles made for real routines and changing days. We keep fashion practical and style-forward with weekly new launches across categories. Our online store makes shopping simple with smooth navigation, quick delivery, and access to the latest drops in one place. You can explore full collections, check availability, and shop comfortably from anywhere. We follow a transparent pricing model with no discounts or inflated tags. With a growing retail presence across India and a customer-first mindset, we focus on making fashion honest, accessible, and effortless for all.",8909001381885
"Apr 19, 2026 @ 16:01:09.320",62f635a81cf4de8ed0746152f2b405d4,https://styleunion.in/collections/mens-jeans/products/skinny-fit-jeans-udadv00008?variant=46284334334201,Union of Denim® - Adv XXII Colored Denim - Skinny Fit Jeans,1592,1592,,Sage Green,28,"Product Details Fabric type: Cotton E-Fast® Stretch (98% Cotton, 2% Spandex) Weave type: Knit Pattern: Solid Length: Full Length Theme: Adv Series Fit Type: Skinny Fit Rise Style: Mid Rise Pockets: 5 Description These solid pattern skinny fit jeans has full length, mid rise waist. Made from polyester spandex, it is soft and comfortable to wear. Wash and Care Machine Wash 40°C.Wash Dark Colours Separately.Do Not Bleach. Tumble Dry Low. Warm Iron. Do Not Dry Clean. Do Not Iron On Embellishment Made in India Manufactured and Marketed By:- NEXON OMNIVERSE LIMITED Address: D-202, Synthofine Estate, Off Aarey Road, Behind Virvani Ind.Estate, Goregaon East, Mumbai 400063 Disclaimer Denim has a natural character to fade over time, influenced by general wear and tear, washing and sunlight. Each pair fades uniquely creating a personalised look. To minimise fading, wash inside out and limit exposure to sunlight. However, some fading is inevitable and should be embraced as part of denim’s natural fading process. UNION OF DENIMS Customer Care +91 7304053032 Customer Care Email id – sharewithus@styleunion.in 10:30 am to 6:30 pm from Monday to Friday Legal: compliance@nexonomniverse.com Franchise Enquiry Business Partner Form Style Union is a modern Indian fashion brand bringing everyday dressing a new sense of ease and confidence. We have 160+ stores across the country that offer a wide range of clothing for women, men, and kids, with styles made for real routines and changing days. We keep fashion practical and style-forward with weekly new launches across categories. Our online store makes shopping simple with smooth navigation, quick delivery, and access to the latest drops in one place. You can explore full collections, check availability, and shop comfortably from anywhere. We follow a transparent pricing model with no discounts or inflated tags. With a growing retail presence across India and a customer-first mindset, we focus on making fashion honest, accessible, and effortless for all.",8909001453131
"Apr 19, 2026 @ 16:01:11.009",49d2812e3c568ae5b46f305fdc9b48f3,https://styleunion.in/collections/mens-jeans/products/straight-fit-3d-whisker-jeans-udadv00029?variant=46284355109113,Union of Denim® - Grey Stone Rinsed - 3D Whisker Jeans - Straight Fit,1311,1311,,Grey,34,"Product Details Fabric type: Cotton Polyester (80% Cotton, 20% Polyester) Weave type: Woven Pattern: Solid Length: Full Length Theme: Adv Series Fit Type: Straight Fit Rise Style: Mid Rise Pockets: 5 Description These solid pattern straight fit jeans has full length, mid rise waist. Made from cotton polyester, it is soft and comfortable to wear. Wash and Care Machine Wash 40°C.Wash Dark Colours Separately.Do Not Bleach. Tumble Dry Low. Warm Iron. Do Not Dry Clean. Do Not Iron On Embellishment Made in India Manufactured and Marketed By:- NEXON OMNIVERSE LIMITED Address: D-202, Synthofine Estate, Off Aarey Road, Behind Virvani Ind.Estate, Goregaon East, Mumbai 400063 Disclaimer Denim has a natural character to fade over time, influenced by general wear and tear, washing and sunlight. Each pair fades uniquely creating a personalised look. To minimise fading, wash inside out and limit exposure to sunlight. However, some fading is inevitable and should be embraced as part of denim’s natural fading process. UNION OF DENIMS Customer Care +91 7304053032 Customer Care Email id – sharewithus@styleunion.in 10:30 am to 6:30 pm from Monday to Friday Legal: compliance@nexonomniverse.com Franchise Enquiry Business Partner Form Style Union is a modern Indian fashion brand bringing everyday dressing a new sense of ease and confidence. We have 160+ stores across the country that offer a wide range of clothing for women, men, and kids, with styles made for real routines and changing days. We keep fashion practical and style-forward with weekly new launches across categories. Our online store makes shopping simple with smooth navigation, quick delivery, and access to the latest drops in one place. You can explore full collections, check availability, and shop comfortably from anywhere. We follow a transparent pricing model with no discounts or inflated tags. With a growing retail presence across India and a customer-first mindset, we focus on making fashion honest, accessible, and effortless for all.",8909001385890
"Apr 19, 2026 @ 16:01:11.170",56991efa49c533de1796cf6b4c8a612a,https://styleunion.in/collections/mens-jeans/products/solid-full-length-jeans-udeco00003?variant=46284455477497,Union of Denim® - Original Black Denim Pre-Wash With Whiskers - Straight Fit Jeans With E-Fast Stretch,1217,1217,,Black,28,"Product Details Fabric type: Cotton Polyester E-Fast Stretch Weave type: Woven Pattern: Solid Length: Full Length Fit Type: Straight Fit Rise Style: Mid Rise Pockets: 5 Description Union of Denim® - Original Black Denim Pre-Wash with Whiskers - Straight Fit Jeans with E-Fast Stretch. Made from cotton polyester, it is soft and comfortable to wear. Wash and Care Machine Wash 40°C.Wash Dark Colours Separately.Do Not Bleach. Tumble Dry Low. Warm Iron. Do Not Dry Clean. Do Not Iron On Embellishment Made in India Manufactured and Marketed By:- NEXON OMNIVERSE LIMITED Address: D-202, Synthofine Estate, Off Aarey Road, Behind Virvani Ind.Estate, Goregaon East, Mumbai 400063 Disclaimer Denim has a natural character to fade over time, influenced by general wear and tear, washing and sunlight. Each pair fades uniquely creating a personalised look. To minimise fading, wash inside out and limit exposure to sunlight. However, some fading is inevitable and should be embraced as part of denim’s natural fading process. UNION OF DENIMS Customer Care +91 7304053032 Customer Care Email id – sharewithus@styleunion.in 10:30 am to 6:30 pm from Monday to Friday Legal: compliance@nexonomniverse.com Franchise Enquiry Business Partner Form Style Union is a modern Indian fashion brand bringing everyday dressing a new sense of ease and confidence. We have 160+ stores across the country that offer a wide range of clothing for women, men, and kids, with styles made for real routines and changing days. We keep fashion practical and style-forward with weekly new launches across categories. Our online store makes shopping simple with smooth navigation, quick delivery, and access to the latest drops in one place. You can explore full collections, check availability, and shop comfortably from anywhere. We follow a transparent pricing model with no discounts or inflated tags. With a growing retail presence across India and a customer-first mindset, we focus on making fashion honest, accessible, and effortless for all.",8909001388693
"Apr 19, 2026 @ 16:01:11.297",1015b87207e1f071a7624c77a688a18d,https://styleunion.in/collections/mens-jeans/products/skinny-fit-stone-washed-jeans-udadv00027?variant=46284333056249,Union of Denim® - Adv XXII Stone Wash With E-Fast® Stretch Skinny Fit Jeans,1311,1311,,Stone,34,"Product Details Fabric type: Cotton Polyester E-Fast® Stretch Weave type: Woven Pattern: Solid Length: Full Length Theme: Adv Series Fit Type: Skinny Fit Rise Style: Mid Rise Pockets: 5 Description These solid pattern skinny fit jeans has full length, mid rise waist. Made from cotton polyester, it is soft and comfortable to wear. Wash and Care Machine Wash 40°C.Wash Dark Colours Separately.Do Not Bleach. Tumble Dry Low. Warm Iron. Do Not Dry Clean. Do Not Iron On Embellishment Made in India Manufactured and Marketed By:- NEXON OMNIVERSE LIMITED Address: D-202, Synthofine Estate, Off Aarey Road, Behind Virvani Ind.Estate, Goregaon East, Mumbai 400063 Disclaimer Denim has a natural character to fade over time, influenced by general wear and tear, washing and sunlight. Each pair fades uniquely creating a personalised look. To minimise fading, wash inside out and limit exposure to sunlight. However, some fading is inevitable and should be embraced as part of denim’s natural fading process. UNION OF DENIMS Customer Care +91 7304053032 Customer Care Email id – sharewithus@styleunion.in 10:30 am to 6:30 pm from Monday to Friday Legal: compliance@nexonomniverse.com Franchise Enquiry Business Partner Form Style Union is a modern Indian fashion brand bringing everyday dressing a new sense of ease and confidence. We have 160+ stores across the country that offer a wide range of clothing for women, men, and kids, with styles made for real routines and changing days. We keep fashion practical and style-forward with weekly new launches across categories. Our online store makes shopping simple with smooth navigation, quick delivery, and access to the latest drops in one place. You can explore full collections, check availability, and shop comfortably from anywhere. We follow a transparent pricing model with no discounts or inflated tags. With a growing retail presence across India and a customer-first mindset, we focus on making fashion honest, accessible, and effortless for all.",8909001384657
"Apr 19, 2026 @ 16:01:11.910",dffb0562858e712004681bd01b88cfce,https://styleunion.in/collections/mens-jeans/products/slim-fit-towel-washed-jeans-udadv00015?variant=46284514427129,Union of Denim® - Origin Indigo Denim Towel Wash - Slim Fit Jeans With E-Fast Stretch,1299,1299,,Mid Stone,34,"Product Details Fabric type: Cotton Polyester (80% Cotton, 20% Polyester) Weave type: Woven Pattern: Solid Length: Cropped Length Fit Type: Slim Fit Rise Style: Mid Rise Pockets: 5 Description Union of Denim® - Origin Indigo Denim Towel Wash - Slim Fit Jeans with E-Fast Stretch has cropped length, mid rise waist. Wash and Care Machine Wash 40°C.Wash Dark Colours Separately.Do Not Bleach. Tumble Dry Low. Warm Iron. Do Not Dry Clean. Do Not Iron On Embellishment Made in India Manufactured and Marketed By:- NEXON OMNIVERSE LIMITED Address: D-202, Synthofine Estate, Off Aarey Road, Behind Virvani Ind.Estate, Goregaon East, Mumbai 400063 Disclaimer Denim has a natural character to fade over time, influenced by general wear and tear, washing and sunlight. Each pair fades uniquely creating a personalised look. To minimise fading, wash inside out and limit exposure to sunlight. However, some fading is inevitable and should be embraced as part of denim’s natural fading process. UNION OF DENIMS Customer Care +91 7304053032 Customer Care Email id – sharewithus@styleunion.in 10:30 am to 6:30 pm from Monday to Friday Legal: compliance@nexonomniverse.com Franchise Enquiry Business Partner Form Style Union is a modern Indian fashion brand bringing everyday dressing a new sense of ease and confidence. We have 160+ stores across the country that offer a wide range of clothing for women, men, and kids, with styles made for real routines and changing days. We keep fashion practical and style-forward with weekly new launches across categories. Our online store makes shopping simple with smooth navigation, quick delivery, and access to the latest drops in one place. You can explore full collections, check availability, and shop comfortably from anywhere. We follow a transparent pricing model with no discounts or inflated tags. With a growing retail presence across India and a customer-first mindset, we focus on making fashion honest, accessible, and effortless for all.",8909001375747
"Apr 19, 2026 @ 16:01:13.515",760d3783a7abc3acc7be6a6392ea783c,https://styleunion.in/collections/mens-jeans/products/skinny-fit-ice-washed-bleached-jeans-udadv00026?variant=46284513706233,Skinny Fit Ice Washed Bleached Jeans,1592,1592,,Light Grey,28,"Product Details Fabric type: Cotton Polyester (80% Cotton, 20% Polyester) Weave type: Woven Pattern: Solid Length: Full Length Fit Type: Skinny Fit Rise Style: Mid Rise Pockets: 5 Description These solid pattern skinny fit jeans has full length, mid rise waist. Made from cotton polyester, it is soft and comfortable to wear. Wash and Care Machine Wash 40°C.Wash Dark Colours Separately.Do Not Bleach. Tumble Dry Low. Warm Iron. Do Not Dry Clean. Do Not Iron On Embellishment Made in India Manufactured and Marketed By:- NEXON OMNIVERSE LIMITED Address: D-202, Synthofine Estate, Off Aarey Road, Behind Virvani Ind.Estate, Goregaon East, Mumbai 400063 Disclaimer Denim has a natural character to fade over time, influenced by general wear and tear, washing and sunlight. Each pair fades uniquely creating a personalised look. To minimise fading, wash inside out and limit exposure to sunlight. However, some fading is inevitable and should be embraced as part of denim’s natural fading process. UNION OF DENIMS Customer Care +91 7304053032 Customer Care Email id – sharewithus@styleunion.in 10:30 am to 6:30 pm from Monday to Friday Legal: compliance@nexonomniverse.com Franchise Enquiry Business Partner Form Style Union is a modern Indian fashion brand bringing everyday dressing a new sense of ease and confidence. We have 160+ stores across the country that offer a wide range of clothing for women, men, and kids, with styles made for real routines and changing days. We keep fashion practical and style-forward with weekly new launches across categories. Our online store makes shopping simple with smooth navigation, quick delivery, and access to the latest drops in one place. You can explore full collections, check availability, and shop comfortably from anywhere. We follow a transparent pricing model with no discounts or inflated tags. With a growing retail presence across India and a customer-first mindset, we focus on making fashion honest, accessible, and effortless for all.",8909001384916
"Apr 19, 2026 @ 16:01:13.642",fd59623fc213f95259c86bda0fee5cbd,https://styleunion.in/collections/mens-jeans/products/skinny-fit-ice-washed-bleached-jeans-udadv00014?variant=46284514558201,Skinny Fit Ice Washed Bleached Jeans,1592,1592,,Ice,30,"Product Details Fabric type: Cotton Polyester (80% Cotton, 20% Polyester) Weave type: Woven Pattern: Solid Length: Full Length Fit Type: Skinny Fit Rise Style: Mid Rise Pockets: 5 Description These solid pattern skinny fit jeans has full length, mid rise waist. Made from cotton polyester, it is soft and comfortable to wear. Wash and Care Machine Wash 40°C.Wash Dark Colours Separately.Do Not Bleach. Tumble Dry Low. Warm Iron. Do Not Dry Clean. Do Not Iron On Embellishment Made in India Manufactured and Marketed By:- NEXON OMNIVERSE LIMITED Address: D-202, Synthofine Estate, Off Aarey Road, Behind Virvani Ind.Estate, Goregaon East, Mumbai 400063 Disclaimer Denim has a natural character to fade over time, influenced by general wear and tear, washing and sunlight. Each pair fades uniquely creating a personalised look. To minimise fading, wash inside out and limit exposure to sunlight. However, some fading is inevitable and should be embraced as part of denim’s natural fading process. UNION OF DENIMS Customer Care +91 7304053032 Customer Care Email id – sharewithus@styleunion.in 10:30 am to 6:30 pm from Monday to Friday Legal: compliance@nexonomniverse.com Franchise Enquiry Business Partner Form Style Union is a modern Indian fashion brand bringing everyday dressing a new sense of ease and confidence. We have 160+ stores across the country that offer a wide range of clothing for women, men, and kids, with styles made for real routines and changing days. We keep fashion practical and style-forward with weekly new launches across categories. Our online store makes shopping simple with smooth navigation, quick delivery, and access to the latest drops in one place. You can explore full collections, check availability, and shop comfortably from anywhere. We follow a transparent pricing model with no discounts or inflated tags. With a growing retail presence across India and a customer-first mindset, we focus on making fashion honest, accessible, and effortless for all.",8909001372012
"Apr 19, 2026 @ 16:01:13.758",0fbbc8f396621a5978890cc02cda537d,https://styleunion.in/collections/mens-jeans/products/slim-fit-vintage-look-jeans-udadv00012?variant=46284514853113,"Union Of Denim Extra Stretch Indigo ""Knit"" Fabric  Vintage Wash Soft Feel Jeans - Straight Slim Fit",599,599,,Stone,34,"Product Details Fabric type: Cotton Polyester (80% Cotton, 20% Polyester) Weave type: Woven Pattern: Solid Length: Cropped Length Fit Type: Slim Fit Rise Style: Mid Rise Pockets: 5 Description These solid pattern slim fit jeans has cropped length, mid rise waist. Made from cotton polyester, it is soft and comfortable to wear. Wash and Care Machine Wash 40°C.Wash Dark Colours Separately.Do Not Bleach. Tumble Dry Low. Warm Iron. Do Not Dry Clean. Do Not Iron On Embellishment Made in India Manufactured and Marketed By:- NEXON OMNIVERSE LIMITED Address: D-202, Synthofine Estate, Off Aarey Road, Behind Virvani Ind.Estate, Goregaon East, Mumbai 400063 Disclaimer Denim has a natural character to fade over time, influenced by general wear and tear, washing and sunlight. Each pair fades uniquely creating a personalised look. To minimise fading, wash inside out and limit exposure to sunlight. However, some fading is inevitable and should be embraced as part of denim’s natural fading process. UNION OF DENIMS Customer Care +91 7304053032 Customer Care Email id – sharewithus@styleunion.in 10:30 am to 6:30 pm from Monday to Friday Legal: compliance@nexonomniverse.com Franchise Enquiry Business Partner Form Style Union is a modern Indian fashion brand bringing everyday dressing a new sense of ease and confidence. We have 160+ stores across the country that offer a wide range of clothing for women, men, and kids, with styles made for real routines and changing days. We keep fashion practical and style-forward with weekly new launches across categories. Our online store makes shopping simple with smooth navigation, quick delivery, and access to the latest drops in one place. You can explore full collections, check availability, and shop comfortably from anywhere. We follow a transparent pricing model with no discounts or inflated tags. With a growing retail presence across India and a customer-first mindset, we focus on making fashion honest, accessible, and effortless for all.",8909001383070
"Apr 19, 2026 @ 16:01:14.394",6dbaad31569ad2075271cefc9142f122,https://styleunion.in/collections/mens-jeans/products/solid-full-length-jeans-udadv00019?variant=46284455706873,Union of Denim® - Origin Tinted With 3D Whisker Jeans With E-fast® Stretch - Skinny Fit,1217,1217,,Green Tint,28,"Product Details Fabric type: Cotton Polyester E-fast® Stretch Weave type: Woven Pattern: Solid Length: Full Length Fit Type: Skinny Fit Rise Style: Mid Rise Pockets: 5 Description Union of Denim® - Origin Tinted with 3D Whisker Jeans with E-fast® Stretch - Skinny Fit Wash and Care Machine Wash 40°C.Wash Dark Colours Separately.Do Not Bleach. Tumble Dry Low. Warm Iron. Do Not Dry Clean. Do Not Iron On Embellishment Made in India Manufactured and Marketed By:- NEXON OMNIVERSE LIMITED Address: D-202, Synthofine Estate, Off Aarey Road, Behind Virvani Ind.Estate, Goregaon East, Mumbai 400063 Disclaimer Denim has a natural character to fade over time, influenced by general wear and tear, washing and sunlight. Each pair fades uniquely creating a personalised look. To minimise fading, wash inside out and limit exposure to sunlight. However, some fading is inevitable and should be embraced as part of denim’s natural fading process. UNION OF DENIMS Customer Care +91 7304053032 Customer Care Email id – sharewithus@styleunion.in 10:30 am to 6:30 pm from Monday to Friday Legal: compliance@nexonomniverse.com Franchise Enquiry Business Partner Form Style Union is a modern Indian fashion brand bringing everyday dressing a new sense of ease and confidence. We have 160+ stores across the country that offer a wide range of clothing for women, men, and kids, with styles made for real routines and changing days. We keep fashion practical and style-forward with weekly new launches across categories. Our online store makes shopping simple with smooth navigation, quick delivery, and access to the latest drops in one place. You can explore full collections, check availability, and shop comfortably from anywhere. We follow a transparent pricing model with no discounts or inflated tags. With a growing retail presence across India and a customer-first mindset, we focus on making fashion honest, accessible, and effortless for all.",8909001385708
"Apr 19, 2026 @ 16:01:16.241",c7bba035a4fd3dd57387188ca34e9cdc,https://styleunion.in/collections/mens-jeans/products/skinny-comfort-light-fade-jeans-udess00001?variant=46284632359161,Union of Denim® - Cotton E-Fast Indigo Denim Stone Sky Fade Vintage Wash - Skinny Fit Jeans !! Great Value,999,999,,Brown Tint,28,"Product Details Fabric Type: Cotton Elastane (98% Cotton, 2% Elastane) Weave Type: Woven Pattern: Stone Wash Length: Full Length Fit: Skinny Fit Waist Rise: Mid Rise Pockets: 5 Description Discover the perfect blend of style and comfort with our Skinny Stone Wash Jeans. Crafted from a premium cotton elastane blend, these jeans offer a snug fit that moves with you, ensuring all-day comfort without compromising on style. The vintage stone wash pattern adds a touch of timeless appeal, making these jeans a versatile addition to any wardrobe. Comfortable Fit: The skinny fit design provides a modern, stylish look that hugs your body, enhancing your silhouette. Flexible Fabric: With 2% elastane, these jeans offer just the right amount of stretch, allowing for ease of movement and a perfect fit every time. Timeless Style: The stone wash pattern gives a vintage vibe, perfect for casual outings or a night out. Practical Design: Featuring 5 pockets, these jeans offer ample space for your essentials, combining functionality with fashion. Whether you're heading to a casual lunch or a night out, these jeans are your go-to choice for a sleek and stylish look. Wash and Care Machine Wash 40°C. Wash Dark Colours Separately. Do Not Bleach. Tumble Dry Low. Warm Iron. Do Not Dryclean. Made in India Manufactured and Marketed By:- NEXON OMNIVERSE LIMITED Address: D-202, Synthofine Estate, Off Aarey Road, Behind Virvani Ind.Estate, Goregaon East, Mumbai 400063 Disclaimer Denim has a natural character to fade over time, influenced by general wear and tear, washing and sunlight. Each pair fades uniquely creating a personalised look. To minimise fading, wash inside out and limit exposure to sunlight. However, some fading is inevitable and should be embraced as part of denim’s natural fading process. UNION OF DENIMS Customer Care +91 7304053032 Customer Care Email id – sharewithus@styleunion.in 10:30 am to 6:30 pm from Monday to Friday Legal: compliance@nexonomniverse.com Franchise Enquiry Business Partner Form Style Union is a modern Indian fashion brand bringing everyday dressing a new sense of ease and confidence. We have 160+ stores across the country that offer a wide range of clothing for women, men, and kids, with styles made for real routines and changing days. We keep fashion practical and style-forward with weekly new launches across categories. Our online store makes shopping simple with smooth navigation, quick delivery, and access to the latest drops in one place. You can explore full collections, check availability, and shop comfortably from anywhere. We follow a transparent pricing model with no discounts or inflated tags. With a growing retail presence across India and a customer-first mindset, we focus on making fashion honest, accessible, and effortless for all.",8909001389393
"Apr 19, 2026 @ 16:01:16.393",4d1cddcd71882040cbf83ed6a15086d5,https://styleunion.in/collections/mens-jeans/products/tapered-fit-fade-acid-crop-length-jeans-udcls00002?variant=46284632850681,Union of Denim® - Tapered Fit Fade Acid Crop Length Jeans,799,799,,Grey,28,"Product Details Fabric type: Cotton Polyester E-Fast® Stretch Weave type: Woven Pattern: Fade Acid Length: Crop Length Theme: Origin Style: Jeans Fit Type: Tapered Fit Rise Style: Mid Rise Pockets: 5 Description Union of Denim® - Tapered Fit Fade Acid Crop Length Jeans * WoW Price * These fade acid pattern tapered fit jeans has crop length, mid rise waist. Made from cotton polyester, enabling maximum comfort. Wash and Care Machine Wash 40°C. Wash Dark Colours Separately. Do Not Bleach. Tumble Dry Low. Warm Iron. Do Not Dry Clean. Do Not Iron On Embellishment Made in India Manufactured and Marketed By:- NEXON OMNIVERSE LIMITED Address: D-202, Synthofine Estate, Off Aarey Road, Behind Virvani Ind.Estate, Goregaon East, Mumbai 400063 Disclaimer Denim has a natural character to fade over time, influenced by general wear and tear, washing and sunlight. Each pair fades uniquely creating a personalised look. To minimise fading, wash inside out and limit exposure to sunlight. However, some fading is inevitable and should be embraced as part of denim’s natural fading process. UNION OF DENIMS Customer Care +91 7304053032 Customer Care Email id – sharewithus@styleunion.in 10:30 am to 6:30 pm from Monday to Friday Legal: compliance@nexonomniverse.com Franchise Enquiry Business Partner Form Style Union is a modern Indian fashion brand bringing everyday dressing a new sense of ease and confidence. We have 160+ stores across the country that offer a wide range of clothing for women, men, and kids, with styles made for real routines and changing days. We keep fashion practical and style-forward with weekly new launches across categories. Our online store makes shopping simple with smooth navigation, quick delivery, and access to the latest drops in one place. You can explore full collections, check availability, and shop comfortably from anywhere. We follow a transparent pricing model with no discounts or inflated tags. With a growing retail presence across India and a customer-first mindset, we focus on making fashion honest, accessible, and effortless for all.",8909001364130
"Apr 19, 2026 @ 16:01:16.522",f2e60b9a886777a0d8063fe982c67303,https://styleunion.in/collections/mens-jeans/products/straight-fit-clasic-washed-3d-whiskers-jeans-udadv00011?variant=46284514984185,Union of Denim® - Original Straight Fit Clasic Washed 3D Whiskers Jeans,1699,1699,,Jet Black,30,"Product Details Fabric type: Cotton Polyester E-Fast Stretch Weave type: Woven Pattern: Solid Length: Full Length Fit Type: Straight Fit Rise Style: Mid Rise Pockets: 5 Description Union of Denim® - Original Straight Fit Clasic Washed 3D Whiskers Jeans These solid pattern straight fit jeans has full length, mid rise waist. Made from cotton polyester, it is soft and comfortable to wear. Wash and Care Machine Wash 40°C.Wash Dark Colours Separately.Do Not Bleach. Tumble Dry Low. Warm Iron. Do Not Dry Clean. Do Not Iron On Embellishment Made in India Manufactured and Marketed By:- NEXON OMNIVERSE LIMITED Address: D-202, Synthofine Estate, Off Aarey Road, Behind Virvani Ind.Estate, Goregaon East, Mumbai 400063 Disclaimer Denim has a natural character to fade over time, influenced by general wear and tear, washing and sunlight. Each pair fades uniquely creating a personalised look. To minimise fading, wash inside out and limit exposure to sunlight. However, some fading is inevitable and should be embraced as part of denim’s natural fading process. UNION OF DENIMS Customer Care +91 7304053032 Customer Care Email id – sharewithus@styleunion.in 10:30 am to 6:30 pm from Monday to Friday Legal: compliance@nexonomniverse.com Franchise Enquiry Business Partner Form Style Union is a modern Indian fashion brand bringing everyday dressing a new sense of ease and confidence. We have 160+ stores across the country that offer a wide range of clothing for women, men, and kids, with styles made for real routines and changing days. We keep fashion practical and style-forward with weekly new launches across categories. Our online store makes shopping simple with smooth navigation, quick delivery, and access to the latest drops in one place. You can explore full collections, check availability, and shop comfortably from anywhere. We follow a transparent pricing model with no discounts or inflated tags. With a growing retail presence across India and a customer-first mindset, we focus on making fashion honest, accessible, and effortless for all.",8909001382332
"Apr 19, 2026 @ 16:01:16.942",a85d8e8a093d28bfb7a82de10fc8e59a,https://styleunion.in/collections/mens-jeans/products/slim-fit-bleached-towel-look-jeans-udadv00005?variant=46284515213561,Slim Fit Bleached Towel Look Jeans,1217,1217,,Light Grey,30,"Product Details Fabric type: Cotton Polyester (80% Cotton, 20% Polyester) Weave type: Woven Pattern: Solid Length: Cropped Length Fit Type: Slim Fit Rise Style: Mid Rise Pockets: 5 Description These solid pattern slim fit jeans has cropped length, mid rise waist. Made from cotton polyester, it is soft and comfortable to wear. Wash and Care Machine Wash 40°C.Wash Dark Colours Separately.Do Not Bleach. Tumble Dry Low. Warm Iron. Do Not Dry Clean. Do Not Iron On Embellishment Made in India Manufactured and Marketed By:- NEXON OMNIVERSE LIMITED Address: D-202, Synthofine Estate, Off Aarey Road, Behind Virvani Ind.Estate, Goregaon East, Mumbai 400063 Disclaimer Denim has a natural character to fade over time, influenced by general wear and tear, washing and sunlight. Each pair fades uniquely creating a personalised look. To minimise fading, wash inside out and limit exposure to sunlight. However, some fading is inevitable and should be embraced as part of denim’s natural fading process. UNION OF DENIMS Customer Care +91 7304053032 Customer Care Email id – sharewithus@styleunion.in 10:30 am to 6:30 pm from Monday to Friday Legal: compliance@nexonomniverse.com Franchise Enquiry Business Partner Form Style Union is a modern Indian fashion brand bringing everyday dressing a new sense of ease and confidence. We have 160+ stores across the country that offer a wide range of clothing for women, men, and kids, with styles made for real routines and changing days. We keep fashion practical and style-forward with weekly new launches across categories. Our online store makes shopping simple with smooth navigation, quick delivery, and access to the latest drops in one place. You can explore full collections, check availability, and shop comfortably from anywhere. We follow a transparent pricing model with no discounts or inflated tags. With a growing retail presence across India and a customer-first mindset, we focus on making fashion honest, accessible, and effortless for all.",8909001382714
"Apr 19, 2026 @ 16:01:18.577",77cff5efb7c41ab35ceb46b5b280344f,https://styleunion.in/collections/mens-jeans/products/slim-fit-jeans-udadv00002?variant=46284358910201,Union of Denim® - Adv XXII Towel Indigo With E-Fast® Stretch - Slim Fit Jeans,1217,1217,,Stone,28,"Product Details Fabric type: Cotton Polyester E-Fast® Stretch Weave type: Woven Pattern: Solid Length: Cropped Length Theme: Adv Series Fit Type: Slim Fit Rise Style: Mid Rise Pockets: 5 Description These solid pattern slim fit jeans has cropped length, mid rise waist. Made from cotton polyester, it is soft and comfortable to wear. Wash and Care Machine Wash 40°C.Wash Dark Colours Separately. Do Not Bleach. Tumble Dry Low. Warm Iron. Do Not Dry Clean. Do Not Iron On Embellishment Made in India Manufactured and Marketed By:- NEXON OMNIVERSE LIMITED Address: D-202, Synthofine Estate, Off Aarey Road, Behind Virvani Ind.Estate, Goregaon East, Mumbai 400063 Disclaimer Denim has a natural character to fade over time, influenced by general wear and tear, washing and sunlight. Each pair fades uniquely creating a personalised look. To minimise fading, wash inside out and limit exposure to sunlight. However, some fading is inevitable and should be embraced as part of denim’s natural fading process. UNION OF DENIMS Customer Care +91 7304053032 Customer Care Email id – sharewithus@styleunion.in 10:30 am to 6:30 pm from Monday to Friday Legal: compliance@nexonomniverse.com Franchise Enquiry Business Partner Form Style Union is a modern Indian fashion brand bringing everyday dressing a new sense of ease and confidence. We have 160+ stores across the country that offer a wide range of clothing for women, men, and kids, with styles made for real routines and changing days. We keep fashion practical and style-forward with weekly new launches across categories. Our online store makes shopping simple with smooth navigation, quick delivery, and access to the latest drops in one place. You can explore full collections, check availability, and shop comfortably from anywhere. We follow a transparent pricing model with no discounts or inflated tags. With a growing retail presence across India and a customer-first mindset, we focus on making fashion honest, accessible, and effortless for all.",8909001373729
"Apr 19, 2026 @ 16:01:18.815",29d8ef8a3636620331eee8c75abc563d,https://styleunion.in/collections/mens-jeans/products/regular-fit-solid-mid-rise-jeans-mfj00133?variant=46284861276409,Anti Fit Jeans,999,999,,Black,28,"Product Details Fabric type: Cotton Weave type: Knit Pattern: Solid Length: Full Length Theme: Art Edit Style: Jeans Fit Type: Regular Fit Rise Style: Mid Rise Pockets: 5 Occasion: Casual Wear Description Introduce a splash of style to your casual collection with this jeans, designed with a modern street theme. Crafted from soft cotton, this anti fit t-shirt promises exceptional comfort while making a bold statement with its solid pattern. Soft & Comfortable: Made from high-quality cotton, this jeans is soft against the skin, ensuring all-day comfort. Graphic Pattern: The solid design adds a trendy touch, perfect for showcasing your unique style. Care Instructions: Machine Wash 40°C. Wash Dark Colours Separately. Do Not Bleach. Tumble Dry Low. Warm Iron. Do Not Dry Clean. Wash and Care Machine Wash 40°C. Wash Dark Colours Separately.Do Not Bleach. Tumble Dry Low. Warm Iron. Do Not Dry Clean. Do Not Iron On Embellishment Made in India Manufactured and Marketed By:- NEXON OMNIVERSE LIMITED Address: D-202, Synthofine Estate, Off Aarey Road, Behind Virvani Ind.Estate, Goregaon East, Mumbai 400063 Disclaimer Denim has a natural character to fade over time, influenced by general wear and tear, washing and sunlight. Each pair fades uniquely creating a personalised look. To minimise fading, wash inside out and limit exposure to sunlight. However, some fading is inevitable and should be embraced as part of denim’s natural fading process. UNION OF DENIMS Customer Care +91 7304053032 Customer Care Email id – sharewithus@styleunion.in 10:30 am to 6:30 pm from Monday to Friday Legal: compliance@nexonomniverse.com Franchise Enquiry Business Partner Form Style Union is a modern Indian fashion brand bringing everyday dressing a new sense of ease and confidence. We have 160+ stores across the country that offer a wide range of clothing for women, men, and kids, with styles made for real routines and changing days. We keep fashion practical and style-forward with weekly new launches across categories. Our online store makes shopping simple with smooth navigation, quick delivery, and access to the latest drops in one place. You can explore full collections, check availability, and shop comfortably from anywhere. We follow a transparent pricing model with no discounts or inflated tags. With a growing retail presence across India and a customer-first mindset, we focus on making fashion honest, accessible, and effortless for all.",8909001186695
"Apr 19, 2026 @ 16:01:19.219",5537301c5f1e8a1fd742d86d76ed5eb9,https://styleunion.in/collections/mens-jeans/products/structured-crew-neck-t-shirt-pfct00018?variant=47565991215353,Velocitee™ 26 – Airdry® – Ultra-Light Ventilated Running Tee - Polyamide with Efast,499,499,,Endurance,XS,"Product Details Fabric Type: 88% Polyamide, 12% Spandex Weave Type: Knit Pattern: Solid Length: Regular Length Neck/Collar Type: Crew Neck Sleeve Type: Raglan Sleeve (Half Sleeve) Fit: Regular Fit Description Built for performance, the VELOCITEE running tee is designed to support movement and comfort during high-intensity activities. The raglan sleeve construction enhances mobility, while engineered seams maintain structure and durability. Crafted with micro perforated fabric, it allows improved airflow and ventilation. The lightweight polyamide blend ensures a breathable feel, while stretchable construction supports unrestricted movement throughout your run. Key Features Raglan sleeve crew neck design Micro perforated fabric for ventilation Engineered seam construction Moisture control performance 360° stretch fabric What Makes It Stand Out Keeps you cool and dry during workouts Allows free and flexible movement Lightweight feel for long runs Comfortable against the skin for extended wear Made in India Manufactured and Marketed By:- NEXON OMNIVERSE LIMITED Address: D-202, Synthofine Estate, Off Aarey Road, Behind Virvani Ind.Estate, Goregaon East, Mumbai 400063 Disclaimer Product color may slightly vary due to photographic lighting sources on your monitor setting. Customer Care +91 7304053032 Customer Care Email id – sharewithus@styleunion.in 10:30 am to 6:30 pm from Monday to Friday Legal: compliance@nexonomniverse.com Franchise Enquiry Business Partner Form Style Union is a modern Indian fashion brand bringing everyday dressing a new sense of ease and confidence. We have 160+ stores across the country that offer a wide range of clothing for women, men, and kids, with styles made for real routines and changing days. We keep fashion practical and style-forward with weekly new launches across categories. Our online store makes shopping simple with smooth navigation, quick delivery, and access to the latest drops in one place. You can explore full collections, check availability, and shop comfortably from anywhere. We follow a transparent pricing model with no discounts or inflated tags. With a growing retail presence across India and a customer-first mindset, we focus on making fashion honest, accessible, and effortless for all.",8909001678572
"Apr 19, 2026 @ 16:01:19.500",da4f86ca5a1bf83b8b17bc86478bfe32,https://styleunion.in/collections/mens-jeans/products/above-knee-air-dry-sprinter-shorts-pfst00003?variant=47330911486201,Sprinter – Airdry® – Running Shorts with Inner Support,699,699,,Balsam,XS,"Product Details Fabric Type: 90% Polyester, 10% Spandex Weave Type: Knit Pattern: Solid Length: Above Knee Fit: Regular Fit Waist Rise: Mid Rise Pockets: Welt Pocket, 2 Description Built for performance-focused movement, the Sprinter Running Shorts are designed to support you through every stride. The lightweight knit construction combined with stretch fabric allows ease of motion, while the inner brief provides added support during runs and high-intensity sessions. Reflective detailing enhances visibility, making it suitable for both day and low-light conditions. Key Features Inner brief for support Reflective details Engineered seam construction Lightweight knit fabric Stretchable for movement What Makes It Stand Out Designed for running and active use Supports movement with built-in compression Helps maintain comfort during extended wear Suitable for training and outdoor runs Wash & Care Instructions Machine wash at 30°C Wash dark colours separately Do not bleach Tumble dry low Warm iron Do not dry clean Do not iron on embellishments Made in India Manufactured and Marketed By:- NEXON OMNIVERSE LIMITED Address: D-202, Synthofine Estate, Off Aarey Road, Behind Virvani Ind.Estate, Goregaon East, Mumbai 400063 Disclaimer Product color may slightly vary due to photographic lighting sourc Customer Care +91 7304053032 Customer Care Email id – sharewithus@styleunion.in 10:30 am to 6:30 pm from Monday to Friday Legal: compliance@nexonomniverse.com Franchise Enquiry Business Partner Form Style Union is a modern Indian fashion brand bringing everyday dressing a new sense of ease and confidence. We have 160+ stores across the country that offer a wide range of clothing for women, men, and kids, with styles made for real routines and changing days. We keep fashion practical and style-forward with weekly new launches across categories. Our online store makes shopping simple with smooth navigation, quick delivery, and access to the latest drops in one place. You can explore full collections, check availability, and shop comfortably from anywhere. We follow a transparent pricing model with no discounts or inflated tags. With a growing retail presence across India and a customer-first mindset, we focus on making fashion honest, accessible, and effortless for all.",8909404049757
"Apr 19, 2026 @ 16:01:21.247",aaed8606cac2320ba6d6805c184b43f5,https://styleunion.in/collections/mens-jeans/products/knitted-solid-flxtrack-air-pants-pflw00003?variant=47423827837177,Flxtrack – Airdry® – Built for Flexibility & Everyday Movement,799,799,,Taupe,S,"Product Details Fabric Type: Polyester Spandex(90% , 10% Spandex) Weave Type: Knit Pattern: Solid Length: Regular Length Fit: Regular Fit Pockets: Welt Pocket, 3 Waist Rise: Mid Rise Description Elevate your casual wardrobe with Flxtrack – Airdry® – built for flexibility & everyday movement, designed for men who value comfort and style. Crafted from a blend of polyester and spandex, these pants offer flexibility and breathability for everyday wear. Regular fit ensures a comfortable and relaxed silhouette, perfect for active lifestyles. Constructed with a durable knit fabric, providing both stretch and breathability for all-day wear. Features three welt pockets, offering ample storage for your essentials without compromising style. Mid rise waist design enhances comfort while maintaining a modern look suitable for various occasions. Pair with a simple tee and sneakers for a laid-back look, or dress them up with a button-up for a smart-casual ensemble. Wash and Care Machine Wash 30°C.Wash Dark Colours Separately. Do Not Bleach. Do Not Tumble Dry. Warm Iron. Do Not Dry Clean. Do Not Iron On Embellishment Made in India Manufactured and Marketed By:- NEXON OMNIVERSE LIMITED Address: D-202, Synthofine Estate, Off Aarey Road, Behind Virvani Ind.Estate, Goregaon East, Mumbai 400063 Disclaimer Product color may slightly vary due to photographic lighting sources on your monitor setting. Customer Care +91 7304053032 Customer Care Email id – sharewithus@styleunion.in 10:30 am to 6:30 pm from Monday to Friday Legal: compliance@nexonomniverse.com Franchise Enquiry Business Partner Form Style Union is a modern Indian fashion brand bringing everyday dressing a new sense of ease and confidence. We have 160+ stores across the country that offer a wide range of clothing for women, men, and kids, with styles made for real routines and changing days. We keep fashion practical and style-forward with weekly new launches across categories. Our online store makes shopping simple with smooth navigation, quick delivery, and access to the latest drops in one place. You can explore full collections, check availability, and shop comfortably from anywhere. We follow a transparent pricing model with no discounts or inflated tags. With a growing retail presence across India and a customer-first mindset, we focus on making fashion honest, accessible, and effortless for all.",8909404112123
"Apr 19, 2026 @ 16:01:21.432",7450fa07009e0339d4a5ab745b4d7154,https://styleunion.in/collections/mens-jeans/products/regular-fit-solid-shirt-collar-regular-length-shirt-smss00017?variant=46362676330745,Travelator™ Half Sleeve Shirt – Airdry® – 4 Way Ultra Stretch Fabric,699,699,,Black,S,"Product Details Fabric Type: Polyester (100% Elastomultiester) Weave Type: Knit Pattern: Solid Length: Regular Neck/Collar Type: Shirt Collar Sleeve Type: Half Sleeve Fit: Regular Fit Pockets: Patch Pocket, 1 Description Designed for everyday versatility, the Travelator™ Half Sleeve Shirt combines stretchable knit construction with a clean, solid look. The regular fit and shirt collar maintain a structured appearance, while the fabric allows ease of movement, making it suitable for both work and casual settings. Key Features 4-way ultra stretch fabric Wash & wear construction Zero top stitch finish Saville Row finish Patch pocket design What Makes It Stand Out Supports ease of movement throughout the day Maintains a clean and structured look Easy to maintain for regular use Works across formal and casual occasions Made in India Manufactured and Marketed By:- NEXON OMNIVERSE LIMITED Address: D-202, Synthofine Estate, Off Aarey Road, Behind Virvani Ind.Estate, Goregaon East, Mumbai 400063 Disclaimer Product color may slightly vary due to photographic lighting sources on your monitor setting. Customer Care +91 7304053032 Customer Care Email id – sharewithus@styleunion.in 10:30 am to 6:30 pm from Monday to Friday Legal: compliance@nexonomniverse.com Franchise Enquiry Business Partner Form Style Union is a modern Indian fashion brand bringing everyday dressing a new sense of ease and confidence. We have 160+ stores across the country that offer a wide range of clothing for women, men, and kids, with styles made for real routines and changing days. We keep fashion practical and style-forward with weekly new launches across categories. Our online store makes shopping simple with smooth navigation, quick delivery, and access to the latest drops in one place. You can explore full collections, check availability, and shop comfortably from anywhere. We follow a transparent pricing model with no discounts or inflated tags. With a growing retail presence across India and a customer-first mindset, we focus on making fashion honest, accessible, and effortless for all.",8909001584101
"Apr 19, 2026 @ 16:01:21.680",ae259aa843b9b2c16909f670d1810cf2,https://styleunion.in/collections/mens-jeans/products/skinny-comfort-solid-mid-rise-jeans-mfj00115?variant=46284813500665,Union of Denim® - Adv XXII Stone Blue Wash Authentic Denim With E-fast® Stretch - Skinny Comfort Fit Jeans,799,799,,Stone Blue,28,"Product Details Fabric type: Cotton Polyester E-fast® Stretch (82% Cotton, 16% Polyester, 2% E-fast® Stretch) Weave type: Woven Pattern: Solid Length: Cropped Length Theme: Adv Series Style: Jeans Fit Type: Skinny Comfort Rise Style: Mid Rise Pockets: 5 Occasion: Casual Wear Description Union of Denim® - Adv XXII Stone Blue Wash Authentic Denim with E-fast® Stretch - Skinny Comfort Fit Jeans Elevate your denim game with Union of Denim®'s Adv XXII Stone Blue Wash jeans. Crafted from premium, authentic denim, these jeans offer an unbeatable combination of classic style and modern innovation. The stone blue wash gives the jeans a timeless, worn-in look, while maintaining a sophisticated and versatile appeal that’s perfect for every occasion. Designed with E-fast® Stretch technology, these jeans adapt to your every move, providing ultimate flexibility and comfort without compromising on shape. The high-performance stretch ensures they fit like a glove, offering a skinny, tapered silhouette that flatters while allowing for complete freedom of movement. Whether you're dressing up for a night out or keeping it casual during the day, the Adv XXII Stone Blue Wash jeans are the perfect foundation for any outfit. The signature Union of Denim® detailing, including the branded leather patch and metal rivets, adds a touch of authenticity, while the skinny comfort fit ensures a flattering and streamlined look. Authentic Denim Construction : Premium quality denim with a stone blue wash for a timeless, worn-in appearance. E-fast® Stretch Technology : Offers superior comfort, flexibility, and shape retention, ensuring a perfect fit all day long. Skinny Comfort Fit : Slim, modern silhouette with added comfort for an all-day, effortless wear. Versatile Style : Ideal for casual wear or a more polished look when paired with your favourite shirt or jacket. Durable & Functional : Crafted with durable stitching, metal rivets, and a leather logo patch for added authenticity and longevity. Upgrade your denim collection with these high-performance jeans that fuse comfort, style, and durability in one. Experience the perfect balance of classic craftsmanship and innovative technology with Union of Denim®'s Adv XXII Stone Blue Wash jeans. Wash and Care Machine Wash 40°C. Wash Dark Colours Separately. Do Not Bleach. Tumble Dry Low. Warm Iron. Do Not Dry Clean. Do Not Iron On Embellishment Made in India Manufactured and Marketed By:- NEXON OMNIVERSE LIMITED Address: D-202, Synthofine Estate, Off Aarey Road, Behind Virvani Ind.Estate, Goregaon East, Mumbai 400063 Disclaimer Denim has a natural character to fade over time, influenced by general wear and tear, washing and sunlight. Each pair fades uniquely creating a personalised look. To minimise fading, wash inside out and limit exposure to sunlight. However, some fading is inevitable and should be embraced as part of denim’s natural fading process. UNION OF DENIMS Customer Care +91 7304053032 Customer Care Email id – sharewithus@styleunion.in 10:30 am to 6:30 pm from Monday to Friday Legal: compliance@nexonomniverse.com Franchise Enquiry Business Partner Form Style Union is a modern Indian fashion brand bringing everyday dressing a new sense of ease and confidence. We have 160+ stores across the country that offer a wide range of clothing for women, men, and kids, with styles made for real routines and changing days. We keep fashion practical and style-forward with weekly new launches across categories. Our online store makes shopping simple with smooth navigation, quick delivery, and access to the latest drops in one place. You can explore full collections, check availability, and shop comfortably from anywhere. We follow a transparent pricing model with no discounts or inflated tags. With a growing retail presence across India and a customer-first mindset, we focus on making fashion honest, accessible, and effortless for all.",8909001153222
"Apr 19, 2026 @ 16:01:21.900",ccc28b07dcaebf60c8f4eda9b7102b0c,https://styleunion.in/collections/mens-jeans/products/oversize-jacquard-hoodie-uplifter-sweatshirt-pfsws00001?variant=47423828001017,Uplifter – Airdry® – Sleeveless Hoodie with Stretch Training Fit,599,599,,White,XS,"Product Details Fabric Type: 80% Polyester, 20% Spandex Weave Type: Knit Pattern: Solid Length: Regular Length Neck/Collar Type: Hoodie Sleeve Type: Sleeveless Fit: Relaxed Fit Description Built for training and active movement, the Uplifter sleeveless hoodie combines a structured knit fabric with a relaxed fit for ease and flexibility. The sleeveless design allows unrestricted arm movement, while the adjustable hood toggle adds functional detail. Designed to support performance, it maintains a clean and athletic look throughout your workout. Key Features Sleeveless hoodie design Structured fabric construction Adjustable hood toggle Relaxed fit for comfort What Makes It Stand Out Allows free movement during workouts Comfortable for training sessions Lightweight feel for active use Soft touch for everyday wear Wash & Care Instructions Machine wash at 30°C Wash dark colours separately Do not bleach Tumble dry low Warm iron Do not dry clean Do not iron on embellishment Made in India Manufactured and Marketed By:- NEXON OMNIVERSE LIMITED Address: D-202, Synthofine Estate, Off Aarey Road, Behind Virvani Ind.Estate, Goregaon East, Mumbai 400063 Disclaimer Product color may slightly vary due to photographic lighting sources on your monitor setting. Customer Care +91 7304053032 Customer Care Email id – sharewithus@styleunion.in 10:30 am to 6:30 pm from Monday to Friday Legal: compliance@nexonomniverse.com Franchise Enquiry Business Partner Form Style Union is a modern Indian fashion brand bringing everyday dressing a new sense of ease and confidence. We have 160+ stores across the country that offer a wide range of clothing for women, men, and kids, with styles made for real routines and changing days. We keep fashion practical and style-forward with weekly new launches across categories. Our online store makes shopping simple with smooth navigation, quick delivery, and access to the latest drops in one place. You can explore full collections, check availability, and shop comfortably from anywhere. We follow a transparent pricing model with no discounts or inflated tags. With a growing retail presence across India and a customer-first mindset, we focus on making fashion honest, accessible, and effortless for all.",8909404064576
"Apr 19, 2026 @ 16:01:23.744",3bd2720d2f0aa5d3b1b729930dddead9,https://styleunion.in/collections/mens-jeans/products/solid-mid-rise-aero-shorts-atst00002?variant=47423823905017,Aeroshorts – Airdry® – All Day Comfort Shorts with Relaxed Fit,599,599,,Taupe,XS,"Product Details Fabric Type : 49% Polyester, 46% Modal, 5% Spandex Fit : Relaxed fit Length : Longer inseam Pockets : Patch pocket at back Design Detail : Paneling at front Description Aero shorts are designed with a relaxed fit and longer inseam for ease of movement and all-day comfort. Featuring front paneling for added structure and a patch pocket at the back, these shorts combine functionality with a clean look. Built with a polyester-modal-spandex blend, they offer a soft touch and flexible feel for everyday wear. Key Features Relaxed fit & All-day comfort Longer inseam Paneling at front & Patch pocket at back Quick-dry fabric Breathable & Stretchable Feels soft on touch Superior drape What Makes It Stand Out Aero shorts are built for comfort and ease. The relaxed fit and soft-touch fabric support all-day wear, while the stretchable construction allows flexibility in movement. Wash & Care Instructions Machine wash cold with similar colors Do not bleach Tumble dry low or hang to dry Do not iron directly on trims Do not dry clean Made in India Manufactured and Marketed By:- NEXON OMNIVERSE LIMITED Address: D-202, Synthofine Estate, Off Aarey Road, Behind Virvani Ind.Estate, Goregaon East, Mumbai 400063 Disclaimer Product color may slightly vary due to photographic lighting sources on your monitor setting. Customer Care +91 7304053032 Customer Care Email id – sharewithus@styleunion.in 10:30 am to 6:30 pm from Monday to Friday Legal: compliance@nexonomniverse.com Franchise Enquiry Business Partner Form Style Union is a modern Indian fashion brand bringing everyday dressing a new sense of ease and confidence. We have 160+ stores across the country that offer a wide range of clothing for women, men, and kids, with styles made for real routines and changing days. We keep fashion practical and style-forward with weekly new launches across categories. Our online store makes shopping simple with smooth navigation, quick delivery, and access to the latest drops in one place. You can explore full collections, check availability, and shop comfortably from anywhere. We follow a transparent pricing model with no discounts or inflated tags. With a growing retail presence across India and a customer-first mindset, we focus on making fashion honest, accessible, and effortless for all.",8909404064972
"Apr 19, 2026 @ 16:01:24.184",a8d32ce26d692d872cab891ba550d3b1,https://styleunion.in/collections/mens-jeans/products/travelator-mid-rise-trackpant-airdry-4-way-ultra-stretch-fabric-atlw00004?variant=47566923006201,Travelator™ Pant – Airdry® – 4 Way Ultra Stretch Fabric,1199,1199,,Cement,28,"Product Details Fabric Type: Bionic Polyester Weave type: Knit Pattern: Solid Length: Regular Length Fit: Regular Fit Waist Rise: Mid Rise Pockets: 5 Description Experience next-level comfort with these Airdry Trackpants, engineered for performance, travel, and everyday wear. Crafted using advanced AirDry technology, the fabric ensures rapid moisture evaporation, keeping you cool, dry, and fresh throughout the day. Designed with a lightweight and breathable polyester knit, these trackpants enhance airflow while maintaining a soft, skin-friendly feel. The built-in stretch allows effortless movement, making them ideal for active lifestyles, long travel hours, or all-day wear. The minimal solid design delivers a clean, modern look, while the regular fit provides a balanced silhouette that suits every body type. With its wrinkle-resistant and easy-care properties, this is a true wash-and-wear essential for today’s fast-paced routine. Airdry Technology for fast drying and moisture management Breathable & Lightweight Fabric for all-day freshness 4-Way Stretch Comfort for unrestricted movement Travel-Friendly & Wrinkle-Resistant for easy packing Wash & Wear Convenience for low maintenance Solid Minimal Design for versatile styling Regular Fit for a comfortable and modern silhouette Perfect for travel, workouts, or daily wear, these Airdry trackpants combine performance, style, and convenience in one essential piece. Wash and Care Machine Wash 30°C. Wash Dark Colours Separately. Do Not Bleach. Tumble Dry Low. Warm Iron. Do Not Dry Clean. Do Not Iron On Embellishment. Made in India Manufactured and Marketed By:- NEXON OMNIVERSE LIMITED Address: D-202, Synthofine Estate, Off Aarey Road, Behind Virvani Ind.Estate, Goregaon East, Mumbai 400063 Disclaimer Product color may slightly vary due to photographic lighting sources on your monitor setting. Customer Care +91 7304053032 Customer Care Email id – sharewithus@styleunion.in 10:30 am to 6:30 pm from Monday to Friday Legal: compliance@nexonomniverse.com Franchise Enquiry Business Partner Form Style Union is a modern Indian fashion brand bringing everyday dressing a new sense of ease and confidence. We have 160+ stores across the country that offer a wide range of clothing for women, men, and kids, with styles made for real routines and changing days. We keep fashion practical and style-forward with weekly new launches across categories. Our online store makes shopping simple with smooth navigation, quick delivery, and access to the latest drops in one place. You can explore full collections, check availability, and shop comfortably from anywhere. We follow a transparent pricing model with no discounts or inflated tags. With a growing retail presence across India and a customer-first mindset, we focus on making fashion honest, accessible, and effortless for all.",8909404062589
"Apr 19, 2026 @ 16:01:24.351",ce6b7d63474bf509ad3592e653a98c83,https://styleunion.in/collections/mens-jeans/products/airess-oversize-solid-t-shirt-atct00004?variant=47184556491001,Airess – Airdry® – Oversized Tee with Superior Drape,499,499,,Beige,XS,"Product Details Fabric Type: 80% Cotton, 20% Polyester Weave Type: Knit Fit: Oversized Neck: Crew Neck Sleeve: Short Sleeve Pattern: Solid Description AIRESS is designed for everyday comfort with a relaxed, oversized silhouette. Made from a cotton-polyester blend, it offers a soft feel with added durability. The breathable fabric helps keep you comfortable through the day, while the drop shoulder and wider neck rib create a laid-back, easy fit. Built for all-day wear, whether you're stepping out or staying in. Key Features Soft cotton blend with a smooth feel Breathable fabric for everyday comfort Oversized fit for a relaxed look Drop shoulder design for ease of movement Durable construction with shape retention What Makes It Stand Out Oversized silhouette with a structured drape Wider neck rib for a distinct look Balanced fabric blend for comfort and durability Easy to style across casual settings Wash & Care Instructions Machine wash at 30°C Wash dark colours separately Do not bleach Tumble dry low Warm iron Do not dry clean Made in India Manufactured and Marketed By:- NEXON OMNIVERSE LIMITED Address: D-202, Synthofine Estate, Off Aarey Road, Behind Virvani Ind.Estate, Goregaon East, Mumbai 400063 Disclaimer Product color may slightly vary due to photographic lighting sources on your monitor setting. Customer Care +91 7304053032 Customer Care Email id – sharewithus@styleunion.in 10:30 am to 6:30 pm from Monday to Friday Legal: compliance@nexonomniverse.com Franchise Enquiry Business Partner Form Style Union is a modern Indian fashion brand bringing everyday dressing a new sense of ease and confidence. We have 160+ stores across the country that offer a wide range of clothing for women, men, and kids, with styles made for real routines and changing days. We keep fashion practical and style-forward with weekly new launches across categories. Our online store makes shopping simple with smooth navigation, quick delivery, and access to the latest drops in one place. You can explore full collections, check availability, and shop comfortably from anywhere. We follow a transparent pricing model with no discounts or inflated tags. With a growing retail presence across India and a customer-first mindset, we focus on making fashion honest, accessible, and effortless for all.",8909404064101
"Apr 19, 2026 @ 16:01:24.480",2bfa5bca72acf770f409ddb099dc79fe,https://styleunion.in/collections/womens-t-shirts/products/slim-fit-solid-short-length-t-shirt-ywet00077?variant=46314089709817,Betty T-Shirt Made With Comfortable Fabric,399,399,,Rosewood,M,"Product Details Fabric Type: 95% Cotton, 5% Elastane Weave Type: Knit Pattern: Solid Length: Short Length Neck/Collar Type: Polo Neck Sleeve Type: Short Sleeve Fit: Slim Fit Description Experience the perfect blend of comfort and style with our Slim Fit Short Sleeve T-Shirt. Crafted from a soft and stretchy cotton elastane blend, this t-shirt offers a modern, stylish, and tailored fit that enhances your silhouette while providing all-day comfort. Whether you're heading to a casual brunch or a relaxed day out, this versatile piece seamlessly fits into any wardrobe. Comfortable Fabric: The cotton elastane blend ensures a soft touch against your skin, allowing for easy movement and breathability. Stylish Polo Neck: Adds a touch of sophistication, making it suitable for both casual and semi-formal occasions. Slim Fit Design: Offers a contemporary look that flatters your figure, perfect for those who prefer a more tailored appearance. Solid Pattern: A classic design that pairs effortlessly with any outfit, providing endless styling possibilities. Embrace the effortless elegance of this t-shirt, ideal for pairing with jeans or skirts for a chic and polished look. Wash and Care Machine Wash 40°C. Wash Dark Colours Separately. Do Not Bleach. Tumble Dry Low. Do Not Iron On Embellishment. Warm Iron. Do Not Dry Clean. Made in India Manufactured and Marketed By:- NEXON OMNIVERSE LIMITED Address: D-202, Synthofine Estate, Off Aarey Road, Behind Virvani Ind.Estate, Goregaon East, Mumbai 400063 Disclaimer Product color may slightly vary due to photographic lighting sources on your monitor setting. Customer Care +91 7304053032 Customer Care Email id – sharewithus@styleunion.in 10:30 am to 6:30 pm from Monday to Friday Legal: compliance@nexonomniverse.com Franchise Enquiry Business Partner Form Style Union is a modern Indian fashion brand bringing everyday dressing a new sense of ease and confidence. We have 160+ stores across the country that offer a wide range of clothing for women, men, and kids, with styles made for real routines and changing days. We keep fashion practical and style-forward with weekly new launches across categories. Our online store makes shopping simple with smooth navigation, quick delivery, and access to the latest drops in one place. You can explore full collections, check availability, and shop comfortably from anywhere. We follow a transparent pricing model with no discounts or inflated tags. With a growing retail presence across India and a customer-first mindset, we focus on making fashion honest, accessible, and effortless for all.",8909001712788
"Apr 19, 2026 @ 16:01:25.901",ebd66338726ee95e4d9b93b6157986fb,https://styleunion.in/collections/mens-jeans/products/skinny-fit-ice-washed-bleached-jeans-udadv00014?variant=46284514525433,Skinny Fit Ice Washed Bleached Jeans,1592,1592,,Ice,28,"Product Details Fabric type: Cotton Polyester (80% Cotton, 20% Polyester) Weave type: Woven Pattern: Solid Length: Full Length Fit Type: Skinny Fit Rise Style: Mid Rise Pockets: 5 Description These solid pattern skinny fit jeans has full length, mid rise waist. Made from cotton polyester, it is soft and comfortable to wear. Wash and Care Machine Wash 40°C.Wash Dark Colours Separately.Do Not Bleach. Tumble Dry Low. Warm Iron. Do Not Dry Clean. Do Not Iron On Embellishment Made in India Manufactured and Marketed By:- NEXON OMNIVERSE LIMITED Address: D-202, Synthofine Estate, Off Aarey Road, Behind Virvani Ind.Estate, Goregaon East, Mumbai 400063 Disclaimer Denim has a natural character to fade over time, influenced by general wear and tear, washing and sunlight. Each pair fades uniquely creating a personalised look. To minimise fading, wash inside out and limit exposure to sunlight. However, some fading is inevitable and should be embraced as part of denim’s natural fading process. UNION OF DENIMS Customer Care +91 7304053032 Customer Care Email id – sharewithus@styleunion.in 10:30 am to 6:30 pm from Monday to Friday Legal: compliance@nexonomniverse.com Franchise Enquiry Business Partner Form Style Union is a modern Indian fashion brand bringing everyday dressing a new sense of ease and confidence. We have 160+ stores across the country that offer a wide range of clothing for women, men, and kids, with styles made for real routines and changing days. We keep fashion practical and style-forward with weekly new launches across categories. Our online store makes shopping simple with smooth navigation, quick delivery, and access to the latest drops in one place. You can explore full collections, check availability, and shop comfortably from anywhere. We follow a transparent pricing model with no discounts or inflated tags. With a growing retail presence across India and a customer-first mindset, we focus on making fashion honest, accessible, and effortless for all.",8909001376461
